solid OpenSCAD_Model
  facet normal 0.321599 -0.939818 0.115395
    outer loop
      vertex 52.0353 -19.2762 12
      vertex 52.5307 0.559738 172.17
      vertex 52.0353 0.392794 172.191
    endloop
  endfacet
  facet normal 0.321561 -0.939831 0.115397
    outer loop
      vertex 52.5307 0.559738 172.17
      vertex 52.0353 -19.2762 12
      vertex 52.5307 -19.1067 12
    endloop
  endfacet
  facet normal 0.0656047 -0.990408 0.121606
    outer loop
      vertex 51 -19.4135 12
      vertex 51.5221 0.291489 172.203
      vertex 51 0.257519 172.208
    endloop
  endfacet
  facet normal 0.0654461 -0.990418 0.121608
    outer loop
      vertex 51.5221 0.291489 172.203
      vertex 51 -19.4135 12
      vertex 51.5221 -19.379 12
    endloop
  endfacet
  facet normal -0.195002 0.973492 -0.11953
    outer loop
      vertex -52.0353 20.7496 12
      vertex -51.5221 39.9254 167.337
      vertex -51.5221 20.8524 12
    endloop
  endfacet
  facet normal -0.194953 0.973502 -0.119531
    outer loop
      vertex -51.5221 39.9254 167.337
      vertex -52.0353 20.7496 12
      vertex -52.0353 39.8241 167.349
    endloop
  endfacet
  facet normal 0.194963 -0.9735 0.119531
    outer loop
      vertex 51.5221 -19.379 12
      vertex 52.0353 0.392794 172.191
      vertex 51.5221 0.291489 172.203
    endloop
  endfacet
  facet normal 0.195002 -0.973492 0.11953
    outer loop
      vertex 52.0353 0.392794 172.191
      vertex 51.5221 -19.379 12
      vertex 52.0353 -19.2762 12
    endloop
  endfacet
  facet normal 0.442085 0.890287 -0.109314
    outer loop
      vertex 53 20.347 12
      vertex 52.5307 39.6571 167.37
      vertex 53 39.4275 167.398
    endloop
  endfacet
  facet normal 0.44218 0.890241 -0.109308
    outer loop
      vertex 52.5307 39.6571 167.37
      vertex 53 20.347 12
      vertex 52.5307 20.5801 12
    endloop
  endfacet
  facet normal -0.997861 0.0648879 -0.00796721
    outer loop
      vertex -54.9658 17.3829 12
      vertex -55 35.9892 167.82
      vertex -54.9658 36.5074 167.757
    endloop
  endfacet
  facet normal -0.997861 0.06488 -0.00796626
    outer loop
      vertex -55 35.9892 167.82
      vertex -54.9658 17.3829 12
      vertex -55 16.8569 12
    endloop
  endfacet
  facet normal -0.321561 -0.939831 0.115397
    outer loop
      vertex -52.0353 -19.2762 12
      vertex -52.5307 0.559738 172.17
      vertex -52.5307 -19.1067 12
    endloop
  endfacet
  facet normal -0.321599 -0.939818 0.115395
    outer loop
      vertex -52.5307 0.559738 172.17
      vertex -52.0353 -19.2762 12
      vertex -52.0353 0.392794 172.191
    endloop
  endfacet
  facet normal 0 -0.992546 0.121868
    outer loop
      vertex -51 0.257519 172.208
      vertex 0 -1.93613 154.342
      vertex 51 0.257519 172.208
    endloop
  endfacet
  facet normal -2.08997e-06 -0.992547 0.121862
    outer loop
      vertex -51 0.257519 172.208
      vertex -0.783156 -1.94239 154.291
      vertex 0 -1.93613 154.342
    endloop
  endfacet
  facet normal -2.5456e-06 -0.992547 0.121861
    outer loop
      vertex -51 0.257519 172.208
      vertex -1.55291 -1.96105 154.139
      vertex -0.783156 -1.94239 154.291
    endloop
  endfacet
  facet normal -5.45359e-05 -0.992564 0.121721
    outer loop
      vertex -51 0.257519 172.208
      vertex -2.2961 -1.99179 153.888
      vertex -1.55291 -1.96105 154.139
    endloop
  endfacet
  facet normal 3.92903e-05 -0.992534 0.121967
    outer loop
      vertex -51 0.257519 172.208
      vertex -3 -2.03409 153.544
      vertex -2.2961 -1.99179 153.888
    endloop
  endfacet
  facet normal -1.39031e-05 -0.992551 0.121832
    outer loop
      vertex -51 0.257519 172.208
      vertex -3.65257 -2.08723 153.111
      vertex -3 -2.03409 153.544
    endloop
  endfacet
  facet normal -2.09966e-05 -0.992553 0.121815
    outer loop
      vertex -51 0.257519 172.208
      vertex -4.24264 -2.1503 152.597
      vertex -3.65257 -2.08723 153.111
    endloop
  endfacet
  facet normal 4.37465e-05 -0.992534 0.121967
    outer loop
      vertex -51 0.257519 172.208
      vertex -4.76012 -2.22221 152.012
      vertex -4.24264 -2.1503 152.597
    endloop
  endfacet
  facet normal -1.73196e-05 -0.992551 0.121829
    outer loop
      vertex -51 0.257519 172.208
      vertex -5.19615 -2.30174 151.364
      vertex -4.76012 -2.22221 152.012
    endloop
  endfacet
  facet normal -2.33576e-05 -0.992553 0.121816
    outer loop
      vertex -51 0.257519 172.208
      vertex -5.54328 -2.38752 150.665
      vertex -5.19615 -2.30174 151.364
    endloop
  endfacet
  facet normal 4.47568e-05 -0.992535 0.121957
    outer loop
      vertex -51 0.257519 172.208
      vertex -5.79555 -2.47809 149.928
      vertex -5.54328 -2.38752 150.665
    endloop
  endfacet
  facet normal 2.13231e-06 -0.992546 0.121872
    outer loop
      vertex -51 0.257519 172.208
      vertex -5.94867 -2.5719 149.164
      vertex -5.79555 -2.47809 149.928
    endloop
  endfacet
  facet normal -4.76156e-05 -0.992558 0.121776
    outer loop
      vertex -51 0.257519 172.208
      vertex -6 -2.66735 148.386
      vertex -5.94867 -2.5719 149.164
    endloop
  endfacet
  facet normal 2.78995e-05 -0.99254 0.121917
    outer loop
      vertex -51 0.257519 172.208
      vertex -5.94867 -2.76279 147.609
      vertex -6 -2.66735 148.386
    endloop
  endfacet
  facet normal 3.75982e-06 -0.992546 0.121873
    outer loop
      vertex -51 0.257519 172.208
      vertex -5.79555 -2.8566 146.845
      vertex -5.94867 -2.76279 147.609
    endloop
  endfacet
  facet normal -4.02327e-05 -0.992555 0.121796
    outer loop
      vertex -51 0.257519 172.208
      vertex -5.54328 -2.94717 146.107
      vertex -5.79555 -2.8566 146.845
    endloop
  endfacet
  facet normal 9.0672e-05 -0.992528 0.122021
    outer loop
      vertex -51 0.257519 172.208
      vertex -5.19615 -3.03295 145.409
      vertex -5.54328 -2.94717 146.107
    endloop
  endfacet
  facet normal -4.96088e-05 -0.992557 0.121785
    outer loop
      vertex -51 0.257519 172.208
      vertex -4.76012 -3.11248 144.761
      vertex -5.19615 -3.03295 145.409
    endloop
  endfacet
  facet normal 1.2941e-06 -0.992546 0.121869
    outer loop
      vertex -51 -19.4135 12
      vertex -4.76012 -3.11248 144.761
      vertex -51 0.257519 172.208
    endloop
  endfacet
  facet normal 5.75465e-05 -0.992549 0.12185
    outer loop
      vertex -4.76012 -3.11248 144.761
      vertex -51 -19.4135 12
      vertex -4.24264 -3.18439 144.175
    endloop
  endfacet
  facet normal -0.000104567 -0.992542 0.121906
    outer loop
      vertex -4.24264 -3.18439 144.175
      vertex -51 -19.4135 12
      vertex -3.65257 -3.24746 143.662
    endloop
  endfacet
  facet normal 1.48594e-05 -0.992547 0.121864
    outer loop
      vertex -0.783156 -3.39231 142.482
      vertex -51 -19.4135 12
      vertex 0 -3.39856 142.431
    endloop
  endfacet
  facet normal 3.91942e-06 -0.992546 0.121868
    outer loop
      vertex -1.55291 -3.37365 142.634
      vertex -51 -19.4135 12
      vertex -0.783156 -3.39231 142.482
    endloop
  endfacet
  facet normal -6.37799e-05 -0.992543 0.121893
    outer loop
      vertex -2.2961 -3.3429 142.884
      vertex -51 -19.4135 12
      vertex -1.55291 -3.37365 142.634
    endloop
  endfacet
  facet normal 7.25632e-05 -0.992549 0.121843
    outer loop
      vertex -3 -3.3006 143.229
      vertex -51 -19.4135 12
      vertex -2.2961 -3.3429 142.884
    endloop
  endfacet
  facet normal 3.14929e-05 -0.992548 0.121858
    outer loop
      vertex -3.65257 -3.24746 143.662
      vertex -51 -19.4135 12
      vertex -3 -3.3006 143.229
    endloop
  endfacet
  facet normal 2.08997e-06 -0.992547 0.121862
    outer loop
      vertex 0.783156 -1.94239 154.291
      vertex 51 0.257519 172.208
      vertex 0 -1.93613 154.342
    endloop
  endfacet
  facet normal 2.5456e-06 -0.992547 0.121861
    outer loop
      vertex 1.55291 -1.96105 154.139
      vertex 51 0.257519 172.208
      vertex 0.783156 -1.94239 154.291
    endloop
  endfacet
  facet normal 5.45359e-05 -0.992564 0.121721
    outer loop
      vertex 2.2961 -1.99179 153.888
      vertex 51 0.257519 172.208
      vertex 1.55291 -1.96105 154.139
    endloop
  endfacet
  facet normal -3.92903e-05 -0.992534 0.121967
    outer loop
      vertex 3 -2.03409 153.544
      vertex 51 0.257519 172.208
      vertex 2.2961 -1.99179 153.888
    endloop
  endfacet
  facet normal 1.39031e-05 -0.992551 0.121832
    outer loop
      vertex 3.65257 -2.08723 153.111
      vertex 51 0.257519 172.208
      vertex 3 -2.03409 153.544
    endloop
  endfacet
  facet normal 2.09966e-05 -0.992553 0.121815
    outer loop
      vertex 4.24264 -2.1503 152.597
      vertex 51 0.257519 172.208
      vertex 3.65257 -2.08723 153.111
    endloop
  endfacet
  facet normal -4.37465e-05 -0.992534 0.121967
    outer loop
      vertex 4.76012 -2.22221 152.012
      vertex 51 0.257519 172.208
      vertex 4.24264 -2.1503 152.597
    endloop
  endfacet
  facet normal 1.73196e-05 -0.992551 0.121829
    outer loop
      vertex 5.19615 -2.30174 151.364
      vertex 51 0.257519 172.208
      vertex 4.76012 -2.22221 152.012
    endloop
  endfacet
  facet normal 2.33576e-05 -0.992553 0.121816
    outer loop
      vertex 5.54328 -2.38752 150.665
      vertex 51 0.257519 172.208
      vertex 5.19615 -2.30174 151.364
    endloop
  endfacet
  facet normal -4.47568e-05 -0.992535 0.121957
    outer loop
      vertex 5.79555 -2.47809 149.928
      vertex 51 0.257519 172.208
      vertex 5.54328 -2.38752 150.665
    endloop
  endfacet
  facet normal -2.13231e-06 -0.992546 0.121872
    outer loop
      vertex 5.94867 -2.5719 149.164
      vertex 51 0.257519 172.208
      vertex 5.79555 -2.47809 149.928
    endloop
  endfacet
  facet normal 4.76156e-05 -0.992558 0.121776
    outer loop
      vertex 6 -2.66735 148.386
      vertex 51 0.257519 172.208
      vertex 5.94867 -2.5719 149.164
    endloop
  endfacet
  facet normal -2.78995e-05 -0.99254 0.121917
    outer loop
      vertex 5.94867 -2.76279 147.609
      vertex 51 0.257519 172.208
      vertex 6 -2.66735 148.386
    endloop
  endfacet
  facet normal -3.75982e-06 -0.992546 0.121873
    outer loop
      vertex 5.79555 -2.8566 146.845
      vertex 51 0.257519 172.208
      vertex 5.94867 -2.76279 147.609
    endloop
  endfacet
  facet normal 4.02327e-05 -0.992555 0.121796
    outer loop
      vertex 5.54328 -2.94717 146.107
      vertex 51 0.257519 172.208
      vertex 5.79555 -2.8566 146.845
    endloop
  endfacet
  facet normal -9.0672e-05 -0.992528 0.122021
    outer loop
      vertex 5.19615 -3.03295 145.409
      vertex 51 0.257519 172.208
      vertex 5.54328 -2.94717 146.107
    endloop
  endfacet
  facet normal 4.96088e-05 -0.992557 0.121785
    outer loop
      vertex 4.76012 -3.11248 144.761
      vertex 51 0.257519 172.208
      vertex 5.19615 -3.03295 145.409
    endloop
  endfacet
  facet normal -5.75465e-05 -0.992549 0.12185
    outer loop
      vertex 51 -19.4135 12
      vertex 4.76012 -3.11248 144.761
      vertex 4.24264 -3.18439 144.175
    endloop
  endfacet
  facet normal 0.000104567 -0.992542 0.121906
    outer loop
      vertex 51 -19.4135 12
      vertex 4.24264 -3.18439 144.175
      vertex 3.65257 -3.24746 143.662
    endloop
  endfacet
  facet normal -3.14929e-05 -0.992548 0.121858
    outer loop
      vertex 51 -19.4135 12
      vertex 3.65257 -3.24746 143.662
      vertex 3 -3.3006 143.229
    endloop
  endfacet
  facet normal 0 -0.992546 0.12187
    outer loop
      vertex 51 -19.4135 12
      vertex 0 -3.39856 142.431
      vertex -51 -19.4135 12
    endloop
  endfacet
  facet normal -1.48594e-05 -0.992547 0.121864
    outer loop
      vertex 0 -3.39856 142.431
      vertex 51 -19.4135 12
      vertex 0.783156 -3.39231 142.482
    endloop
  endfacet
  facet normal -3.91942e-06 -0.992546 0.121868
    outer loop
      vertex 0.783156 -3.39231 142.482
      vertex 51 -19.4135 12
      vertex 1.55291 -3.37365 142.634
    endloop
  endfacet
  facet normal 6.37799e-05 -0.992543 0.121893
    outer loop
      vertex 1.55291 -3.37365 142.634
      vertex 51 -19.4135 12
      vertex 2.2961 -3.3429 142.884
    endloop
  endfacet
  facet normal -7.25632e-05 -0.992549 0.121843
    outer loop
      vertex 2.2961 -3.3429 142.884
      vertex 51 -19.4135 12
      vertex 3 -3.3006 143.229
    endloop
  endfacet
  facet normal -1.2941e-06 -0.992546 0.121869
    outer loop
      vertex 4.76012 -3.11248 144.761
      vertex 51 -19.4135 12
      vertex 51 0.257519 172.208
    endloop
  endfacet
  facet normal 0.0654294 0.990419 -0.121608
    outer loop
      vertex 51.5221 20.8524 12
      vertex 51 39.9594 167.333
      vertex 51.5221 39.9254 167.337
    endloop
  endfacet
  facet normal 0.0654461 0.990418 -0.121608
    outer loop
      vertex 51 39.9594 167.333
      vertex 51.5221 20.8524 12
      vertex 51 20.8869 12
    endloop
  endfacet
  facet normal 0.321695 0.939786 -0.115391
    outer loop
      vertex 52.5307 20.5801 12
      vertex 52.0353 39.8241 167.349
      vertex 52.5307 39.6571 167.37
    endloop
  endfacet
  facet normal 0.321561 0.939831 -0.115397
    outer loop
      vertex 52.0353 39.8241 167.349
      vertex 52.5307 20.5801 12
      vertex 52.0353 20.7496 12
    endloop
  endfacet
  facet normal 0 0.992546 -0.121871
    outer loop
      vertex 51 39.9594 167.333
      vertex 0 37.7657 149.467
      vertex -51 39.9594 167.333
    endloop
  endfacet
  facet normal -6.63692e-05 0.992569 -0.121684
    outer loop
      vertex 51 39.9594 167.333
      vertex 0.783156 37.7595 149.416
      vertex 0 37.7657 149.467
    endloop
  endfacet
  facet normal 3.07193e-05 0.992536 -0.121952
    outer loop
      vertex 51 39.9594 167.333
      vertex 1.55291 37.7408 149.264
      vertex 0.783156 37.7595 149.416
    endloop
  endfacet
  facet normal 2.62852e-06 0.992545 -0.121877
    outer loop
      vertex 51 39.9594 167.333
      vertex 2.2961 37.7101 149.014
      vertex 1.55291 37.7408 149.264
    endloop
  endfacet
  facet normal -3.7259e-05 0.992558 -0.121772
    outer loop
      vertex 51 39.9594 167.333
      vertex 3 37.6678 148.669
      vertex 2.2961 37.7101 149.014
    endloop
  endfacet
  facet normal 1.9933e-05 0.99254 -0.121917
    outer loop
      vertex 51 39.9594 167.333
      vertex 3.65257 37.6146 148.236
      vertex 3 37.6678 148.669
    endloop
  endfacet
  facet normal 5.96866e-05 0.992528 -0.122014
    outer loop
      vertex 51 39.9594 167.333
      vertex 4.24264 37.5515 147.723
      vertex 3.65257 37.6146 148.236
    endloop
  endfacet
  facet normal -2.82955e-05 0.992554 -0.121808
    outer loop
      vertex 51 39.9594 167.333
      vertex 4.76012 37.4796 147.137
      vertex 4.24264 37.5515 147.723
    endloop
  endfacet
  facet normal -3.4009e-05 0.992555 -0.121795
    outer loop
      vertex 51 39.9594 167.333
      vertex 5.19615 37.4001 146.489
      vertex 4.76012 37.4796 147.137
    endloop
  endfacet
  facet normal 5.12333e-05 0.992533 -0.121979
    outer loop
      vertex 51 39.9594 167.333
      vertex 5.54328 37.3143 145.791
      vertex 5.19615 37.4001 146.489
    endloop
  endfacet
  facet normal -6.44912e-05 0.992562 -0.121739
    outer loop
      vertex 51 39.9594 167.333
      vertex 5.79555 37.2238 145.053
      vertex 5.54328 37.3143 145.791
    endloop
  endfacet
  facet normal 5.47587e-05 0.992533 -0.121977
    outer loop
      vertex 51 39.9594 167.333
      vertex 5.94867 37.1299 144.289
      vertex 5.79555 37.2238 145.053
    endloop
  endfacet
  facet normal -3.39829e-06 0.992547 -0.121865
    outer loop
      vertex 51 39.9594 167.333
      vertex 6 37.0345 143.512
      vertex 5.94867 37.1299 144.289
    endloop
  endfacet
  facet normal -8.95644e-05 0.992566 -0.121705
    outer loop
      vertex 51 39.9594 167.333
      vertex 5.94867 36.9391 142.734
      vertex 6 37.0345 143.512
    endloop
  endfacet
  facet normal 7.56687e-05 0.99253 -0.122003
    outer loop
      vertex 51 39.9594 167.333
      vertex 5.79555 36.8452 141.97
      vertex 5.94867 36.9391 142.734
    endloop
  endfacet
  facet normal 6.86221e-06 0.992545 -0.121882
    outer loop
      vertex 51 39.9594 167.333
      vertex 5.54328 36.7547 141.233
      vertex 5.79555 36.8452 141.97
    endloop
  endfacet
  facet normal -3.08199e-05 0.992553 -0.121817
    outer loop
      vertex 51 39.9594 167.333
      vertex 5.19615 36.6689 140.534
      vertex 5.54328 36.7547 141.233
    endloop
  endfacet
  facet normal -9.50607e-05 0.992566 -0.121709
    outer loop
      vertex 51 39.9594 167.333
      vertex 4.76012 36.5894 139.886
      vertex 5.19615 36.6689 140.534
    endloop
  endfacet
  facet normal 1.47827e-06 0.992546 -0.121869
    outer loop
      vertex 51 20.8869 12
      vertex 4.76012 36.5894 139.886
      vertex 51 39.9594 167.333
    endloop
  endfacet
  facet normal -9.62522e-05 0.992542 -0.121904
    outer loop
      vertex 4.76012 36.5894 139.886
      vertex 51 20.8869 12
      vertex 4.24264 36.5175 139.301
    endloop
  endfacet
  facet normal 1.43682e-05 0.992547 -0.121864
    outer loop
      vertex 4.24264 36.5175 139.301
      vertex 51 20.8869 12
      vertex 3.65257 36.4544 138.787
    endloop
  endfacet
  facet normal 7.65986e-05 0.99255 -0.121839
    outer loop
      vertex 0.783156 36.3095 137.607
      vertex 51 20.8869 12
      vertex 0 36.3033 137.556
    endloop
  endfacet
  facet normal -4.39159e-05 0.992544 -0.121887
    outer loop
      vertex 1.55291 36.3282 137.759
      vertex 51 20.8869 12
      vertex 0.783156 36.3095 137.607
    endloop
  endfacet
  facet normal 0.000140295 0.992553 -0.121815
    outer loop
      vertex 2.2961 36.3589 138.01
      vertex 51 20.8869 12
      vertex 1.55291 36.3282 137.759
    endloop
  endfacet
  facet normal -7.3933e-05 0.992543 -0.121897
    outer loop
      vertex 3 36.4012 138.354
      vertex 51 20.8869 12
      vertex 2.2961 36.3589 138.01
    endloop
  endfacet
  facet normal -4.17337e-05 0.992544 -0.121885
    outer loop
      vertex 3.65257 36.4544 138.787
      vertex 51 20.8869 12
      vertex 3 36.4012 138.354
    endloop
  endfacet
  facet normal 6.63692e-05 0.992569 -0.121684
    outer loop
      vertex -0.783156 37.7595 149.416
      vertex -51 39.9594 167.333
      vertex 0 37.7657 149.467
    endloop
  endfacet
  facet normal -3.07193e-05 0.992536 -0.121952
    outer loop
      vertex -1.55291 37.7408 149.264
      vertex -51 39.9594 167.333
      vertex -0.783156 37.7595 149.416
    endloop
  endfacet
  facet normal -2.62852e-06 0.992545 -0.121877
    outer loop
      vertex -2.2961 37.7101 149.014
      vertex -51 39.9594 167.333
      vertex -1.55291 37.7408 149.264
    endloop
  endfacet
  facet normal 3.7259e-05 0.992558 -0.121772
    outer loop
      vertex -3 37.6678 148.669
      vertex -51 39.9594 167.333
      vertex -2.2961 37.7101 149.014
    endloop
  endfacet
  facet normal -1.9933e-05 0.99254 -0.121917
    outer loop
      vertex -3.65257 37.6146 148.236
      vertex -51 39.9594 167.333
      vertex -3 37.6678 148.669
    endloop
  endfacet
  facet normal -5.96866e-05 0.992528 -0.122014
    outer loop
      vertex -4.24264 37.5515 147.723
      vertex -51 39.9594 167.333
      vertex -3.65257 37.6146 148.236
    endloop
  endfacet
  facet normal 2.82955e-05 0.992554 -0.121808
    outer loop
      vertex -4.76012 37.4796 147.137
      vertex -51 39.9594 167.333
      vertex -4.24264 37.5515 147.723
    endloop
  endfacet
  facet normal 3.4009e-05 0.992555 -0.121795
    outer loop
      vertex -5.19615 37.4001 146.489
      vertex -51 39.9594 167.333
      vertex -4.76012 37.4796 147.137
    endloop
  endfacet
  facet normal -5.12333e-05 0.992533 -0.121979
    outer loop
      vertex -5.54328 37.3143 145.791
      vertex -51 39.9594 167.333
      vertex -5.19615 37.4001 146.489
    endloop
  endfacet
  facet normal 6.44912e-05 0.992562 -0.121739
    outer loop
      vertex -5.79555 37.2238 145.053
      vertex -51 39.9594 167.333
      vertex -5.54328 37.3143 145.791
    endloop
  endfacet
  facet normal -5.47587e-05 0.992533 -0.121977
    outer loop
      vertex -5.94867 37.1299 144.289
      vertex -51 39.9594 167.333
      vertex -5.79555 37.2238 145.053
    endloop
  endfacet
  facet normal 3.39829e-06 0.992547 -0.121865
    outer loop
      vertex -6 37.0345 143.512
      vertex -51 39.9594 167.333
      vertex -5.94867 37.1299 144.289
    endloop
  endfacet
  facet normal 8.95644e-05 0.992566 -0.121705
    outer loop
      vertex -5.94867 36.9391 142.734
      vertex -51 39.9594 167.333
      vertex -6 37.0345 143.512
    endloop
  endfacet
  facet normal -7.56687e-05 0.99253 -0.122003
    outer loop
      vertex -5.79555 36.8452 141.97
      vertex -51 39.9594 167.333
      vertex -5.94867 36.9391 142.734
    endloop
  endfacet
  facet normal -6.86221e-06 0.992545 -0.121882
    outer loop
      vertex -5.54328 36.7547 141.233
      vertex -51 39.9594 167.333
      vertex -5.79555 36.8452 141.97
    endloop
  endfacet
  facet normal 3.08199e-05 0.992553 -0.121817
    outer loop
      vertex -5.19615 36.6689 140.534
      vertex -51 39.9594 167.333
      vertex -5.54328 36.7547 141.233
    endloop
  endfacet
  facet normal 9.50607e-05 0.992566 -0.121709
    outer loop
      vertex -4.76012 36.5894 139.886
      vertex -51 39.9594 167.333
      vertex -5.19615 36.6689 140.534
    endloop
  endfacet
  facet normal 9.62522e-05 0.992542 -0.121904
    outer loop
      vertex -51 20.8869 12
      vertex -4.76012 36.5894 139.886
      vertex -4.24264 36.5175 139.301
    endloop
  endfacet
  facet normal -1.43682e-05 0.992547 -0.121864
    outer loop
      vertex -51 20.8869 12
      vertex -4.24264 36.5175 139.301
      vertex -3.65257 36.4544 138.787
    endloop
  endfacet
  facet normal 4.17337e-05 0.992544 -0.121885
    outer loop
      vertex -51 20.8869 12
      vertex -3.65257 36.4544 138.787
      vertex -3 36.4012 138.354
    endloop
  endfacet
  facet normal 0 0.992546 -0.12187
    outer loop
      vertex -51 20.8869 12
      vertex 0 36.3033 137.556
      vertex 51 20.8869 12
    endloop
  endfacet
  facet normal -7.65986e-05 0.99255 -0.121839
    outer loop
      vertex 0 36.3033 137.556
      vertex -51 20.8869 12
      vertex -0.783156 36.3095 137.607
    endloop
  endfacet
  facet normal 4.39159e-05 0.992544 -0.121887
    outer loop
      vertex -0.783156 36.3095 137.607
      vertex -51 20.8869 12
      vertex -1.55291 36.3282 137.759
    endloop
  endfacet
  facet normal -0.000140295 0.992553 -0.121815
    outer loop
      vertex -1.55291 36.3282 137.759
      vertex -51 20.8869 12
      vertex -2.2961 36.3589 138.01
    endloop
  endfacet
  facet normal 7.3933e-05 0.992543 -0.121897
    outer loop
      vertex -2.2961 36.3589 138.01
      vertex -51 20.8869 12
      vertex -3 36.4012 138.354
    endloop
  endfacet
  facet normal -1.47827e-06 0.992546 -0.121869
    outer loop
      vertex -4.76012 36.5894 139.886
      vertex -51 20.8869 12
      vertex -51 39.9594 167.333
    endloop
  endfacet
  facet normal -0.751691 0.6546 -0.0803745
    outer loop
      vertex -53.8284 19.7065 12
      vertex -54.1734 38.4061 167.523
      vertex -53.8284 38.7965 167.476
    endloop
  endfacet
  facet normal -0.751797 0.654479 -0.0803603
    outer loop
      vertex -54.1734 38.4061 167.523
      vertex -53.8284 19.7065 12
      vertex -54.1734 19.3102 12
    endloop
  endfacet
  facet normal -1 0 0
    outer loop
      vertex -55 26.5 0
      vertex -55 16.8569 12
      vertex -55 26.5 12
    endloop
  endfacet
  facet normal -1 0 0
    outer loop
      vertex -55 16.8569 12
      vertex -55 -15.3834 12
      vertex -55 4.2277 171.72
    endloop
  endfacet
  facet normal -1 0 0
    outer loop
      vertex -55 26.5 0
      vertex -55 -15.3834 12
      vertex -55 16.8569 12
    endloop
  endfacet
  facet normal -1 0 0
    outer loop
      vertex -55 -26.5 0
      vertex -55 -15.3834 12
      vertex -55 26.5 0
    endloop
  endfacet
  facet normal -1 -0 0
    outer loop
      vertex -55 -15.3834 12
      vertex -55 -26.5 0
      vertex -55 -26.5 12
    endloop
  endfacet
  facet normal -1 -0 0
    outer loop
      vertex -55 35.9892 167.82
      vertex -55 16.8569 12
      vertex -55 4.2277 171.72
    endloop
  endfacet
  facet normal -0.195002 -0.973492 0.11953
    outer loop
      vertex -51.5221 -19.379 12
      vertex -52.0353 0.392794 172.191
      vertex -52.0353 -19.2762 12
    endloop
  endfacet
  facet normal -0.194963 -0.9735 0.119531
    outer loop
      vertex -52.0353 0.392794 172.191
      vertex -51.5221 -19.379 12
      vertex -51.5221 0.291489 172.203
    endloop
  endfacet
  facet normal 0.194953 0.973502 -0.119531
    outer loop
      vertex 52.0353 20.7496 12
      vertex 51.5221 39.9254 167.337
      vertex 52.0353 39.8241 167.349
    endloop
  endfacet
  facet normal 0.195002 0.973492 -0.11953
    outer loop
      vertex 51.5221 39.9254 167.337
      vertex 52.0353 20.7496 12
      vertex 51.5221 20.8524 12
    endloop
  endfacet
  facet normal -0.0654294 0.990419 -0.121608
    outer loop
      vertex -51 20.8869 12
      vertex -51.5221 39.9254 167.337
      vertex -51 39.9594 167.333
    endloop
  endfacet
  facet normal -0.0654461 0.990418 -0.121608
    outer loop
      vertex -51.5221 39.9254 167.337
      vertex -51 20.8869 12
      vertex -51.5221 20.8524 12
    endloop
  endfacet
  facet normal 0.997861 0.0648879 -0.00796721
    outer loop
      vertex 55 35.9892 167.82
      vertex 54.9658 17.3829 12
      vertex 54.9658 36.5074 167.757
    endloop
  endfacet
  facet normal 0.997861 0.06488 -0.00796626
    outer loop
      vertex 54.9658 17.3829 12
      vertex 55 35.9892 167.82
      vertex 55 16.8569 12
    endloop
  endfacet
  facet normal 1 0 0
    outer loop
      vertex 55 35.9892 167.82
      vertex 55 4.2277 171.72
      vertex 55 16.8569 12
    endloop
  endfacet
  facet normal 1 -0 0
    outer loop
      vertex 55 16.8569 12
      vertex 55 26.5 0
      vertex 55 26.5 12
    endloop
  endfacet
  facet normal 1 0 0
    outer loop
      vertex 55 -15.3834 12
      vertex 55 16.8569 12
      vertex 55 4.2277 171.72
    endloop
  endfacet
  facet normal 1 -0 0
    outer loop
      vertex 55 -15.3834 12
      vertex 55 26.5 0
      vertex 55 16.8569 12
    endloop
  endfacet
  facet normal 1 0 0
    outer loop
      vertex 55 -26.5 0
      vertex 55 -15.3834 12
      vertex 55 -26.5 12
    endloop
  endfacet
  facet normal 1 0 0
    outer loop
      vertex 55 -15.3834 12
      vertex 55 -26.5 0
      vertex 55 26.5 0
    endloop
  endfacet
  facet normal -0.555648 0.82522 -0.101324
    outer loop
      vertex -53.435 20.0541 12
      vertex -53 39.4275 167.398
      vertex -53 20.347 12
    endloop
  endfacet
  facet normal -0.555645 0.825222 -0.101325
    outer loop
      vertex -53 39.4275 167.398
      vertex -53.435 20.0541 12
      vertex -53.435 39.1389 167.433
    endloop
  endfacet
  facet normal -0.659353 0.74623 -0.0916256
    outer loop
      vertex -53.8284 19.7065 12
      vertex -53.435 39.1389 167.433
      vertex -53.435 20.0541 12
    endloop
  endfacet
  facet normal -0.659438 0.746155 -0.0916161
    outer loop
      vertex -53.435 39.1389 167.433
      vertex -53.8284 19.7065 12
      vertex -53.8284 38.7965 167.476
    endloop
  endfacet
  facet normal -0.946919 0.319075 -0.0391774
    outer loop
      vertex -54.6955 18.3991 12
      vertex -54.8637 37.0167 167.694
      vertex -54.6955 37.5085 167.634
    endloop
  endfacet
  facet normal -0.946926 0.319056 -0.0391751
    outer loop
      vertex -54.8637 37.0167 167.694
      vertex -54.6955 18.3991 12
      vertex -54.8637 17.8999 12
    endloop
  endfacet
  facet normal -0.980777 0.193676 -0.0237804
    outer loop
      vertex -54.8637 17.8999 12
      vertex -54.9658 36.5074 167.757
      vertex -54.8637 37.0167 167.694
    endloop
  endfacet
  facet normal -0.980775 0.193689 -0.0237819
    outer loop
      vertex -54.9658 36.5074 167.757
      vertex -54.8637 17.8999 12
      vertex -54.9658 17.3829 12
    endloop
  endfacet
  facet normal -0.831456 0.551449 -0.0677097
    outer loop
      vertex -54.1734 19.3102 12
      vertex -54.4641 37.9743 167.576
      vertex -54.1734 38.4061 167.523
    endloop
  endfacet
  facet normal -0.831452 0.551456 -0.0677105
    outer loop
      vertex -54.4641 37.9743 167.576
      vertex -54.1734 19.3102 12
      vertex -54.4641 18.8719 12
    endloop
  endfacet
  facet normal -0.997862 -0.0648716 0.00796521
    outer loop
      vertex -55 -15.3834 12
      vertex -54.9658 3.70949 171.784
      vertex -55 4.2277 171.72
    endloop
  endfacet
  facet normal -0.997862 -0.0648677 0.00796474
    outer loop
      vertex -54.9658 3.70949 171.784
      vertex -55 -15.3834 12
      vertex -54.9658 -15.9095 12
    endloop
  endfacet
  facet normal -0.00114838 0.120611 0.992699
    outer loop
      vertex 51 39.9594 167.333
      vertex 55 35.9892 167.82
      vertex 54.9658 36.5074 167.757
    endloop
  endfacet
  facet normal 0.000124449 0.121875 0.992545
    outer loop
      vertex 55 35.9892 167.82
      vertex 51 39.9594 167.333
      vertex 55 4.2277 171.72
    endloop
  endfacet
  facet normal 0.000912338 0.122944 0.992413
    outer loop
      vertex 51 39.9594 167.333
      vertex 54.9658 36.5074 167.757
      vertex 54.8637 37.0167 167.694
    endloop
  endfacet
  facet normal 0.000124285 0.121875 0.992545
    outer loop
      vertex 51 0.257519 172.208
      vertex 55 4.2277 171.72
      vertex 51 39.9594 167.333
    endloop
  endfacet
  facet normal -0.000690739 0.12087 0.992668
    outer loop
      vertex 51 39.9594 167.333
      vertex 54.8637 37.0167 167.694
      vertex 54.6955 37.5085 167.634
    endloop
  endfacet
  facet normal -0.000617436 0.122611 0.992455
    outer loop
      vertex 55 4.2277 171.72
      vertex 51 0.257519 172.208
      vertex 54.9658 3.70949 171.784
    endloop
  endfacet
  facet normal 0.00167323 0.124381 0.992233
    outer loop
      vertex 51 39.9594 167.333
      vertex 54.6955 37.5085 167.634
      vertex 54.4641 37.9743 167.576
    endloop
  endfacet
  facet normal 0.00115621 0.120603 0.9927
    outer loop
      vertex 54.9658 3.70949 171.784
      vertex 51 0.257519 172.208
      vertex 54.8637 3.20014 171.846
    endloop
  endfacet
  facet normal 0.000305624 0.12203 0.992526
    outer loop
      vertex 51 39.9594 167.333
      vertex 54.4641 37.9743 167.576
      vertex 54.1734 38.4061 167.523
    endloop
  endfacet
  facet normal -0.00104722 0.123453 0.99235
    outer loop
      vertex 54.8637 3.20014 171.846
      vertex 51 0.257519 172.208
      vertex 54.6955 2.70838 171.907
    endloop
  endfacet
  facet normal -0.0016539 0.118085 0.993002
    outer loop
      vertex 51 39.9594 167.333
      vertex 54.1734 38.4061 167.523
      vertex 53.8284 38.7965 167.476
    endloop
  endfacet
  facet normal 0.000428048 0.121262 0.99262
    outer loop
      vertex 54.6955 2.70838 171.907
      vertex 51 0.257519 172.208
      vertex 54.4641 2.24261 171.964
    endloop
  endfacet
  facet normal 0.00202184 0.126892 0.991915
    outer loop
      vertex 51 39.9594 167.333
      vertex 53.8284 38.7965 167.476
      vertex 53.435 39.1389 167.433
    endloop
  endfacet
  facet normal 0.000161381 0.121721 0.992564
    outer loop
      vertex 54.4641 2.24261 171.964
      vertex 51 0.257519 172.208
      vertex 54.1734 1.81081 172.017
    endloop
  endfacet
  facet normal -0.000409093 0.119785 0.9928
    outer loop
      vertex 51 39.9594 167.333
      vertex 53.435 39.1389 167.433
      vertex 53 39.4275 167.398
    endloop
  endfacet
  facet normal 2.53818e-05 0.121994 0.992531
    outer loop
      vertex 54.1734 1.81081 172.017
      vertex 51 0.257519 172.208
      vertex 53.8284 1.42036 172.065
    endloop
  endfacet
  facet normal -0.000145886 0.120761 0.992682
    outer loop
      vertex 51 39.9594 167.333
      vertex 53 39.4275 167.398
      vertex 52.5307 39.6571 167.37
    endloop
  endfacet
  facet normal 0.000246164 0.121465 0.992596
    outer loop
      vertex 53.8284 1.42036 172.065
      vertex 51 0.257519 172.208
      vertex 53.435 1.07794 172.107
    endloop
  endfacet
  facet normal 0.00158572 0.129395 0.991592
    outer loop
      vertex 51 39.9594 167.333
      vertex 52.5307 39.6571 167.37
      vertex 52.0353 39.8241 167.349
    endloop
  endfacet
  facet normal 0.00122084 0.118615 0.99294
    outer loop
      vertex 53.435 1.07794 172.107
      vertex 51 0.257519 172.208
      vertex 53 0.789428 172.142
    endloop
  endfacet
  facet normal 7.84547e-05 0.118029 0.99301
    outer loop
      vertex 51 39.9594 167.333
      vertex 52.0353 39.8241 167.349
      vertex 51.5221 39.9254 167.337
    endloop
  endfacet
  facet normal 0.00125963 0.118471 0.992957
    outer loop
      vertex 53 0.789428 172.142
      vertex 51 0.257519 172.208
      vertex 52.5307 0.559738 172.17
    endloop
  endfacet
  facet normal -2.5568e-05 0.124882 0.992172
    outer loop
      vertex 52.5307 0.559738 172.17
      vertex 51 0.257519 172.208
      vertex 52.0353 0.392794 172.191
    endloop
  endfacet
  facet normal 0.00277373 0.103763 0.994598
    outer loop
      vertex 52.0353 0.392794 172.191
      vertex 51 0.257519 172.208
      vertex 51.5221 0.291489 172.203
    endloop
  endfacet
  facet normal -0 0.121875 0.992545
    outer loop
      vertex -51 39.9594 167.333
      vertex 51 0.257519 172.208
      vertex 51 39.9594 167.333
    endloop
  endfacet
  facet normal 0 0.121875 0.992545
    outer loop
      vertex -51 39.9594 167.333
      vertex -51 0.257519 172.208
      vertex 51 0.257519 172.208
    endloop
  endfacet
  facet normal -0.000347026 0.122096 0.992518
    outer loop
      vertex -55 35.9892 167.82
      vertex -51 39.9594 167.333
      vertex -51.5221 39.9254 167.337
    endloop
  endfacet
  facet normal -0.000124431 0.121875 0.992545
    outer loop
      vertex -51 39.9594 167.333
      vertex -55 35.9892 167.82
      vertex -51 0.257519 172.208
    endloop
  endfacet
  facet normal -0.00100777 0.122671 0.992447
    outer loop
      vertex -55 35.9892 167.82
      vertex -51.5221 39.9254 167.337
      vertex -52.0353 39.8241 167.349
    endloop
  endfacet
  facet normal -0.000124266 0.121875 0.992545
    outer loop
      vertex -55 4.2277 171.72
      vertex -51 0.257519 172.208
      vertex -55 35.9892 167.82
    endloop
  endfacet
  facet normal 0.00132564 0.120894 0.992665
    outer loop
      vertex -55 35.9892 167.82
      vertex -52.0353 39.8241 167.349
      vertex -52.5307 39.6571 167.37
    endloop
  endfacet
  facet normal -0.00167777 0.120333 0.992732
    outer loop
      vertex -51 0.257519 172.208
      vertex -55 4.2277 171.72
      vertex -51.5221 0.291489 172.203
    endloop
  endfacet
  facet normal -0.000532026 0.122126 0.992514
    outer loop
      vertex -55 35.9892 167.82
      vertex -52.5307 39.6571 167.37
      vertex -53 39.4275 167.398
    endloop
  endfacet
  facet normal 0.00100914 0.122672 0.992447
    outer loop
      vertex -51.5221 0.291489 172.203
      vertex -55 4.2277 171.72
      vertex -52.0353 0.392794 172.191
    endloop
  endfacet
  facet normal -0.00156539 0.122718 0.99244
    outer loop
      vertex -55 35.9892 167.82
      vertex -53 39.4275 167.398
      vertex -53.435 39.1389 167.433
    endloop
  endfacet
  facet normal -0.00134421 0.120879 0.992666
    outer loop
      vertex -52.0353 0.392794 172.191
      vertex -55 4.2277 171.72
      vertex -52.5307 0.559738 172.17
    endloop
  endfacet
  facet normal 0.00413395 0.119927 0.992774
    outer loop
      vertex -55 35.9892 167.82
      vertex -53.435 39.1389 167.433
      vertex -53.8284 38.7965 167.476
    endloop
  endfacet
  facet normal 0.000565448 0.122146 0.992512
    outer loop
      vertex -52.5307 0.559738 172.17
      vertex -55 4.2277 171.72
      vertex -53 0.789428 172.142
    endloop
  endfacet
  facet normal -0.00457118 0.123506 0.992333
    outer loop
      vertex -55 35.9892 167.82
      vertex -53.8284 38.7965 167.476
      vertex -54.1734 38.4061 167.523
    endloop
  endfacet
  facet normal 0.00152605 0.122696 0.992443
    outer loop
      vertex -53 0.789428 172.142
      vertex -55 4.2277 171.72
      vertex -53.435 1.07794 172.107
    endloop
  endfacet
  facet normal -0.000427538 0.122111 0.992516
    outer loop
      vertex -55 35.9892 167.82
      vertex -54.1734 38.4061 167.523
      vertex -54.4641 37.9743 167.576
    endloop
  endfacet
  facet normal 0.000319845 0.122106 0.992517
    outer loop
      vertex -53.435 1.07794 172.107
      vertex -55 4.2277 171.72
      vertex -53.8284 1.42036 172.065
    endloop
  endfacet
  facet normal 0.00700826 0.120131 0.992733
    outer loop
      vertex -55 35.9892 167.82
      vertex -54.4641 37.9743 167.576
      vertex -54.6955 37.5085 167.634
    endloop
  endfacet
  facet normal -9.14116e-05 0.121937 0.992538
    outer loop
      vertex -53.8284 1.42036 172.065
      vertex -55 4.2277 171.72
      vertex -54.1734 1.81081 172.017
    endloop
  endfacet
  facet normal -0.0029721 0.122104 0.992513
    outer loop
      vertex -55 35.9892 167.82
      vertex -54.6955 37.5085 167.634
      vertex -54.8637 37.0167 167.694
    endloop
  endfacet
  facet normal 0.000429063 0.122112 0.992516
    outer loop
      vertex -54.1734 1.81081 172.017
      vertex -55 4.2277 171.72
      vertex -54.4641 2.24261 171.964
    endloop
  endfacet
  facet normal 0.0156833 0.119651 0.992692
    outer loop
      vertex -55 35.9892 167.82
      vertex -54.8637 37.0167 167.694
      vertex -54.9658 36.5074 167.757
    endloop
  endfacet
  facet normal 0.00235522 0.122624 0.99245
    outer loop
      vertex -54.4641 2.24261 171.964
      vertex -55 4.2277 171.72
      vertex -54.6955 2.70838 171.907
    endloop
  endfacet
  facet normal -0.0067491 0.120824 0.992651
    outer loop
      vertex -54.6955 2.70838 171.907
      vertex -55 4.2277 171.72
      vertex -54.8637 3.20014 171.846
    endloop
  endfacet
  facet normal 0.0131236 0.123413 0.992269
    outer loop
      vertex -54.8637 3.20014 171.846
      vertex -55 4.2277 171.72
      vertex -54.9658 3.70949 171.784
    endloop
  endfacet
  facet normal -0.0656047 -0.990408 0.121607
    outer loop
      vertex -51.5221 -19.379 12
      vertex -51 0.257519 172.208
      vertex -51.5221 0.291489 172.203
    endloop
  endfacet
  facet normal -0.0654461 -0.990418 0.121608
    outer loop
      vertex -51 0.257519 172.208
      vertex -51.5221 -19.379 12
      vertex -51 -19.4135 12
    endloop
  endfacet
  facet normal 0.831456 0.551449 -0.0677097
    outer loop
      vertex 54.4641 37.9743 167.576
      vertex 54.1734 19.3102 12
      vertex 54.1734 38.4061 167.523
    endloop
  endfacet
  facet normal 0.831452 0.551456 -0.0677105
    outer loop
      vertex 54.1734 19.3102 12
      vertex 54.4641 37.9743 167.576
      vertex 54.4641 18.8719 12
    endloop
  endfacet
  facet normal 0.831456 -0.551449 0.0677094
    outer loop
      vertex 54.1734 1.81081 172.017
      vertex 54.4641 -17.3985 12
      vertex 54.4641 2.24261 171.964
    endloop
  endfacet
  facet normal 0.831452 -0.551456 0.0677102
    outer loop
      vertex 54.4641 -17.3985 12
      vertex 54.1734 1.81081 172.017
      vertex 54.1734 -17.8368 12
    endloop
  endfacet
  facet normal 0.980772 -0.193702 0.0237836
    outer loop
      vertex 54.8637 3.20014 171.846
      vertex 54.9658 -15.9095 12
      vertex 54.9658 3.70949 171.784
    endloop
  endfacet
  facet normal 0.980775 -0.193689 0.023782
    outer loop
      vertex 54.9658 -15.9095 12
      vertex 54.8637 3.20014 171.846
      vertex 54.8637 -16.4265 12
    endloop
  endfacet
  facet normal 0.659328 -0.746251 0.091628
    outer loop
      vertex 53.435 -18.5807 12
      vertex 53.8284 1.42036 172.065
      vertex 53.435 1.07794 172.107
    endloop
  endfacet
  facet normal 0.659353 -0.74623 0.0916252
    outer loop
      vertex 53.8284 1.42036 172.065
      vertex 53.435 -18.5807 12
      vertex 53.8284 -18.2331 12
    endloop
  endfacet
  facet normal 0.442223 -0.89022 0.109305
    outer loop
      vertex 52.5307 -19.1067 12
      vertex 53 0.789428 172.142
      vertex 52.5307 0.559738 172.17
    endloop
  endfacet
  facet normal 0.44218 -0.890241 0.109308
    outer loop
      vertex 53 0.789428 172.142
      vertex 52.5307 -19.1067 12
      vertex 53 -18.8736 12
    endloop
  endfacet
  facet normal -0.44218 0.890241 -0.109308
    outer loop
      vertex -53 20.347 12
      vertex -52.5307 39.6571 167.37
      vertex -52.5307 20.5801 12
    endloop
  endfacet
  facet normal -0.442085 0.890287 -0.109314
    outer loop
      vertex -52.5307 39.6571 167.37
      vertex -53 20.347 12
      vertex -53 39.4275 167.398
    endloop
  endfacet
  facet normal -0.321561 0.939831 -0.115397
    outer loop
      vertex -52.5307 20.5801 12
      vertex -52.0353 39.8241 167.349
      vertex -52.0353 20.7496 12
    endloop
  endfacet
  facet normal -0.321695 0.939786 -0.115391
    outer loop
      vertex -52.0353 39.8241 167.349
      vertex -52.5307 20.5801 12
      vertex -52.5307 39.6571 167.37
    endloop
  endfacet
  facet normal -0.896934 0.438869 -0.0538865
    outer loop
      vertex -54.4641 18.8719 12
      vertex -54.6955 37.5085 167.634
      vertex -54.4641 37.9743 167.576
    endloop
  endfacet
  facet normal -0.896889 0.43896 -0.0538973
    outer loop
      vertex -54.6955 37.5085 167.634
      vertex -54.4641 18.8719 12
      vertex -54.6955 18.3991 12
    endloop
  endfacet
  facet normal -0.980772 -0.193702 0.0237836
    outer loop
      vertex -54.9658 -15.9095 12
      vertex -54.8637 3.20014 171.846
      vertex -54.9658 3.70949 171.784
    endloop
  endfacet
  facet normal -0.980775 -0.193689 0.023782
    outer loop
      vertex -54.8637 3.20014 171.846
      vertex -54.9658 -15.9095 12
      vertex -54.8637 -16.4265 12
    endloop
  endfacet
  facet normal -0.896877 -0.438983 0.0539002
    outer loop
      vertex -54.6955 -16.9257 12
      vertex -54.4641 2.24261 171.964
      vertex -54.6955 2.70838 171.907
    endloop
  endfacet
  facet normal -0.896889 -0.43896 0.0538975
    outer loop
      vertex -54.4641 2.24261 171.964
      vertex -54.6955 -16.9257 12
      vertex -54.4641 -17.3985 12
    endloop
  endfacet
  facet normal -0.751833 -0.654438 0.0803549
    outer loop
      vertex -54.1734 -17.8368 12
      vertex -53.8284 1.42036 172.065
      vertex -54.1734 1.81081 172.017
    endloop
  endfacet
  facet normal -0.751797 -0.654479 0.0803597
    outer loop
      vertex -53.8284 1.42036 172.065
      vertex -54.1734 -17.8368 12
      vertex -53.8284 -18.2331 12
    endloop
  endfacet
  facet normal -0.555648 -0.82522 0.101324
    outer loop
      vertex -53 -18.8736 12
      vertex -53.435 1.07794 172.107
      vertex -53.435 -18.5807 12
    endloop
  endfacet
  facet normal -0.55553 -0.825299 0.101334
    outer loop
      vertex -53.435 1.07794 172.107
      vertex -53 -18.8736 12
      vertex -53 0.789428 172.142
    endloop
  endfacet
  facet normal 0.659438 0.746155 -0.0916161
    outer loop
      vertex 53.8284 19.7065 12
      vertex 53.435 39.1389 167.433
      vertex 53.8284 38.7965 167.476
    endloop
  endfacet
  facet normal 0.659353 0.74623 -0.0916256
    outer loop
      vertex 53.435 39.1389 167.433
      vertex 53.8284 19.7065 12
      vertex 53.435 20.0541 12
    endloop
  endfacet
  facet normal 0.946919 0.319075 -0.0391774
    outer loop
      vertex 54.8637 37.0167 167.694
      vertex 54.6955 18.3991 12
      vertex 54.6955 37.5085 167.634
    endloop
  endfacet
  facet normal 0.946926 0.319056 -0.0391751
    outer loop
      vertex 54.6955 18.3991 12
      vertex 54.8637 37.0167 167.694
      vertex 54.8637 17.8999 12
    endloop
  endfacet
  facet normal 0.980777 0.193676 -0.0237804
    outer loop
      vertex 54.9658 36.5074 167.757
      vertex 54.8637 17.8999 12
      vertex 54.8637 37.0167 167.694
    endloop
  endfacet
  facet normal 0.980775 0.193689 -0.0237819
    outer loop
      vertex 54.8637 17.8999 12
      vertex 54.9658 36.5074 167.757
      vertex 54.9658 17.3829 12
    endloop
  endfacet
  facet normal 0.896934 0.438869 -0.0538865
    outer loop
      vertex 54.6955 37.5085 167.634
      vertex 54.4641 18.8719 12
      vertex 54.4641 37.9743 167.576
    endloop
  endfacet
  facet normal 0.896889 0.43896 -0.0538973
    outer loop
      vertex 54.4641 18.8719 12
      vertex 54.6955 37.5085 167.634
      vertex 54.6955 18.3991 12
    endloop
  endfacet
  facet normal 0.751691 0.6546 -0.0803745
    outer loop
      vertex 54.1734 38.4061 167.523
      vertex 53.8284 19.7065 12
      vertex 53.8284 38.7965 167.476
    endloop
  endfacet
  facet normal 0.751797 0.654479 -0.0803603
    outer loop
      vertex 53.8284 19.7065 12
      vertex 54.1734 38.4061 167.523
      vertex 54.1734 19.3102 12
    endloop
  endfacet
  facet normal 0.555645 0.825222 -0.101325
    outer loop
      vertex 53.435 20.0541 12
      vertex 53 39.4275 167.398
      vertex 53.435 39.1389 167.433
    endloop
  endfacet
  facet normal 0.555648 0.82522 -0.101324
    outer loop
      vertex 53 39.4275 167.398
      vertex 53.435 20.0541 12
      vertex 53 20.347 12
    endloop
  endfacet
  facet normal 0.896877 -0.438983 0.0539002
    outer loop
      vertex 54.4641 2.24261 171.964
      vertex 54.6955 -16.9257 12
      vertex 54.6955 2.70838 171.907
    endloop
  endfacet
  facet normal 0.896889 -0.43896 0.0538975
    outer loop
      vertex 54.6955 -16.9257 12
      vertex 54.4641 2.24261 171.964
      vertex 54.4641 -17.3985 12
    endloop
  endfacet
  facet normal 0.997862 -0.0648716 0.00796521
    outer loop
      vertex 54.9658 3.70949 171.784
      vertex 55 -15.3834 12
      vertex 55 4.2277 171.72
    endloop
  endfacet
  facet normal 0.997862 -0.0648677 0.00796474
    outer loop
      vertex 55 -15.3834 12
      vertex 54.9658 3.70949 171.784
      vertex 54.9658 -15.9095 12
    endloop
  endfacet
  facet normal 0.751833 -0.654438 0.0803549
    outer loop
      vertex 53.8284 1.42036 172.065
      vertex 54.1734 -17.8368 12
      vertex 54.1734 1.81081 172.017
    endloop
  endfacet
  facet normal 0.751797 -0.654479 0.0803597
    outer loop
      vertex 54.1734 -17.8368 12
      vertex 53.8284 1.42036 172.065
      vertex 53.8284 -18.2331 12
    endloop
  endfacet
  facet normal 0.55553 -0.825299 0.101334
    outer loop
      vertex 53 -18.8736 12
      vertex 53.435 1.07794 172.107
      vertex 53 0.789428 172.142
    endloop
  endfacet
  facet normal 0.555648 -0.82522 0.101324
    outer loop
      vertex 53.435 1.07794 172.107
      vertex 53 -18.8736 12
      vertex 53.435 -18.5807 12
    endloop
  endfacet
  facet normal -0.946936 -0.319028 0.0391717
    outer loop
      vertex -54.8637 -16.4265 12
      vertex -54.6955 2.70838 171.907
      vertex -54.8637 3.20014 171.846
    endloop
  endfacet
  facet normal -0.946926 -0.319056 0.0391751
    outer loop
      vertex -54.6955 2.70838 171.907
      vertex -54.8637 -16.4265 12
      vertex -54.6955 -16.9257 12
    endloop
  endfacet
  facet normal -0.831456 -0.551449 0.0677094
    outer loop
      vertex -54.4641 -17.3985 12
      vertex -54.1734 1.81081 172.017
      vertex -54.4641 2.24261 171.964
    endloop
  endfacet
  facet normal -0.831452 -0.551456 0.0677102
    outer loop
      vertex -54.1734 1.81081 172.017
      vertex -54.4641 -17.3985 12
      vertex -54.1734 -17.8368 12
    endloop
  endfacet
  facet normal -0.659353 -0.74623 0.0916252
    outer loop
      vertex -53.435 -18.5807 12
      vertex -53.8284 1.42036 172.065
      vertex -53.8284 -18.2331 12
    endloop
  endfacet
  facet normal -0.659328 -0.746251 0.091628
    outer loop
      vertex -53.8284 1.42036 172.065
      vertex -53.435 -18.5807 12
      vertex -53.435 1.07794 172.107
    endloop
  endfacet
  facet normal -0.44218 -0.890241 0.109308
    outer loop
      vertex -52.5307 -19.1067 12
      vertex -53 0.789428 172.142
      vertex -53 -18.8736 12
    endloop
  endfacet
  facet normal -0.442223 -0.89022 0.109305
    outer loop
      vertex -53 0.789428 172.142
      vertex -52.5307 -19.1067 12
      vertex -52.5307 0.559738 172.17
    endloop
  endfacet
  facet normal 0.946936 -0.319028 0.0391717
    outer loop
      vertex 54.6955 2.70838 171.907
      vertex 54.8637 -16.4265 12
      vertex 54.8637 3.20014 171.846
    endloop
  endfacet
  facet normal 0.946926 -0.319056 0.0391751
    outer loop
      vertex 54.8637 -16.4265 12
      vertex 54.6955 2.70838 171.907
      vertex 54.6955 -16.9257 12
    endloop
  endfacet
  facet normal -0.997857 -0.00797415 -0.0649412
    outer loop
      vertex 6 37.0345 143.512
      vertex 5.94867 -2.5719 149.164
      vertex 5.94867 37.1299 144.289
    endloop
  endfacet
  facet normal -0.997863 -0.00796242 -0.064859
    outer loop
      vertex 5.94867 -2.5719 149.164
      vertex 6 37.0345 143.512
      vertex 6 -2.66735 148.386
    endloop
  endfacet
  facet normal -0.980783 -0.0237777 -0.193645
    outer loop
      vertex 5.94867 37.1299 144.289
      vertex 5.79555 -2.47809 149.928
      vertex 5.79555 37.2238 145.053
    endloop
  endfacet
  facet normal -0.980783 -0.0237781 -0.193648
    outer loop
      vertex 5.79555 -2.47809 149.928
      vertex 5.94867 37.1299 144.289
      vertex 5.94867 -2.5719 149.164
    endloop
  endfacet
  facet normal 0.0654691 -0.121613 -0.990416
    outer loop
      vertex -0.783156 37.7595 149.416
      vertex 0 -1.93613 154.342
      vertex -0.783156 -1.94239 154.291
    endloop
  endfacet
  facet normal 0.0654598 -0.121614 -0.990417
    outer loop
      vertex 0 -1.93613 154.342
      vertex -0.783156 37.7595 149.416
      vertex 0 37.7657 149.467
    endloop
  endfacet
  facet normal -0.659618 -0.0915829 -0.746001
    outer loop
      vertex 3.65257 -2.08723 153.111
      vertex 4.24264 37.5515 147.723
      vertex 4.24264 -2.1503 152.597
    endloop
  endfacet
  facet normal -0.658905 -0.0916775 -0.746619
    outer loop
      vertex 4.24264 37.5515 147.723
      vertex 3.65257 -2.08723 153.111
      vertex 3.65257 37.6146 148.236
    endloop
  endfacet
  facet normal 0.752018 -0.0803168 -0.654231
    outer loop
      vertex -4.24264 -2.1503 152.597
      vertex -4.76012 37.4796 147.137
      vertex -4.24264 37.5515 147.723
    endloop
  endfacet
  facet normal 0.751468 -0.0804094 -0.654851
    outer loop
      vertex -4.76012 37.4796 147.137
      vertex -4.24264 -2.1503 152.597
      vertex -4.76012 -2.22221 152.012
    endloop
  endfacet
  facet normal 0.441741 -0.109339 -0.890455
    outer loop
      vertex -3 37.6678 148.669
      vertex -2.2961 -1.99179 153.888
      vertex -3 -2.03409 153.544
    endloop
  endfacet
  facet normal 0.442758 -0.109256 -0.88996
    outer loop
      vertex -2.2961 -1.99179 153.888
      vertex -3 37.6678 148.669
      vertex -2.2961 37.7101 149.014
    endloop
  endfacet
  facet normal -0.19513 0.119532 0.973466
    outer loop
      vertex 0.783156 36.3095 137.607
      vertex 1.55291 -3.37365 142.634
      vertex 1.55291 36.3282 137.759
    endloop
  endfacet
  facet normal -0.195124 0.119532 0.973467
    outer loop
      vertex 1.55291 -3.37365 142.634
      vertex 0.783156 36.3095 137.607
      vertex 0.783156 -3.39231 142.482
    endloop
  endfacet
  facet normal -0.896709 -0.0539444 -0.439321
    outer loop
      vertex 5.54328 37.3143 145.791
      vertex 5.19615 -2.30174 151.364
      vertex 5.19615 37.4001 146.489
    endloop
  endfacet
  facet normal -0.896956 -0.0538725 -0.438826
    outer loop
      vertex 5.19615 -2.30174 151.364
      vertex 5.54328 37.3143 145.791
      vertex 5.54328 -2.38752 150.665
    endloop
  endfacet
  facet normal -0.322121 -0.115355 -0.939644
    outer loop
      vertex 1.55291 -1.96105 154.139
      vertex 2.2961 37.7101 149.014
      vertex 2.2961 -1.99179 153.888
    endloop
  endfacet
  facet normal -0.320981 -0.115426 -0.940026
    outer loop
      vertex 2.2961 37.7101 149.014
      vertex 1.55291 -1.96105 154.139
      vertex 1.55291 37.7408 149.264
    endloop
  endfacet
  facet normal 0.831585 -0.0676891 -0.551257
    outer loop
      vertex -4.76012 -2.22221 152.012
      vertex -5.19615 37.4001 146.489
      vertex -4.76012 37.4796 147.137
    endloop
  endfacet
  facet normal 0.831586 -0.0676888 -0.551255
    outer loop
      vertex -5.19615 37.4001 146.489
      vertex -4.76012 -2.22221 152.012
      vertex -5.19615 -2.30174 151.364
    endloop
  endfacet
  facet normal 0.659618 -0.0915829 -0.746001
    outer loop
      vertex -4.24264 37.5515 147.723
      vertex -3.65257 -2.08723 153.111
      vertex -4.24264 -2.1503 152.597
    endloop
  endfacet
  facet normal 0.658905 -0.0916775 -0.746619
    outer loop
      vertex -3.65257 -2.08723 153.111
      vertex -4.24264 37.5515 147.723
      vertex -3.65257 37.6146 148.236
    endloop
  endfacet
  facet normal 0.322121 -0.115355 -0.939644
    outer loop
      vertex -2.2961 37.7101 149.014
      vertex -1.55291 -1.96105 154.139
      vertex -2.2961 -1.99179 153.888
    endloop
  endfacet
  facet normal 0.320981 -0.115426 -0.940026
    outer loop
      vertex -1.55291 -1.96105 154.139
      vertex -2.2961 37.7101 149.014
      vertex -1.55291 37.7408 149.264
    endloop
  endfacet
  facet normal -0.946847 0.0392051 0.319285
    outer loop
      vertex 5.54328 36.7547 141.233
      vertex 5.79555 -2.8566 146.845
      vertex 5.79555 36.8452 141.97
    endloop
  endfacet
  facet normal -0.946979 0.0391498 0.318901
    outer loop
      vertex 5.79555 -2.8566 146.845
      vertex 5.54328 36.7547 141.233
      vertex 5.54328 -2.94717 146.107
    endloop
  endfacet
  facet normal 0.65962 0.0915825 0.745999
    outer loop
      vertex -4.24264 -3.18439 144.175
      vertex -3.65257 36.4544 138.787
      vertex -4.24264 36.5175 139.301
    endloop
  endfacet
  facet normal 0.658903 0.0916777 0.746621
    outer loop
      vertex -3.65257 36.4544 138.787
      vertex -4.24264 -3.18439 144.175
      vertex -3.65257 -3.24746 143.662
    endloop
  endfacet
  facet normal -0.946978 -0.0391503 -0.318904
    outer loop
      vertex 5.79555 37.2238 145.053
      vertex 5.54328 -2.38752 150.665
      vertex 5.54328 37.3143 145.791
    endloop
  endfacet
  facet normal -0.946849 -0.0392047 -0.319282
    outer loop
      vertex 5.54328 -2.38752 150.665
      vertex 5.79555 37.2238 145.053
      vertex 5.79555 -2.47809 149.928
    endloop
  endfacet
  facet normal -0.752018 -0.0803168 -0.654231
    outer loop
      vertex 4.76012 37.4796 147.137
      vertex 4.24264 -2.1503 152.597
      vertex 4.24264 37.5515 147.723
    endloop
  endfacet
  facet normal -0.751468 -0.0804094 -0.654851
    outer loop
      vertex 4.24264 -2.1503 152.597
      vertex 4.76012 37.4796 147.137
      vertex 4.76012 -2.22221 152.012
    endloop
  endfacet
  facet normal -0.0654691 -0.121613 -0.990416
    outer loop
      vertex 0 -1.93613 154.342
      vertex 0.783156 37.7595 149.416
      vertex 0.783156 -1.94239 154.291
    endloop
  endfacet
  facet normal -0.0654598 -0.121614 -0.990417
    outer loop
      vertex 0.783156 37.7595 149.416
      vertex 0 -1.93613 154.342
      vertex 0 37.7657 149.467
    endloop
  endfacet
  facet normal -0.55576 -0.10132 -0.825146
    outer loop
      vertex 3 -2.03409 153.544
      vertex 3.65257 37.6146 148.236
      vertex 3.65257 -2.08723 153.111
    endloop
  endfacet
  facet normal -0.555766 -0.101319 -0.825141
    outer loop
      vertex 3.65257 37.6146 148.236
      vertex 3 -2.03409 153.544
      vertex 3 37.6678 148.669
    endloop
  endfacet
  facet normal 0.946978 -0.0391503 -0.318904
    outer loop
      vertex -5.54328 -2.38752 150.665
      vertex -5.79555 37.2238 145.053
      vertex -5.54328 37.3143 145.791
    endloop
  endfacet
  facet normal 0.946849 -0.0392047 -0.319282
    outer loop
      vertex -5.79555 37.2238 145.053
      vertex -5.54328 -2.38752 150.665
      vertex -5.79555 -2.47809 149.928
    endloop
  endfacet
  facet normal 0.896709 -0.0539444 -0.439321
    outer loop
      vertex -5.19615 -2.30174 151.364
      vertex -5.54328 37.3143 145.791
      vertex -5.19615 37.4001 146.489
    endloop
  endfacet
  facet normal 0.896956 -0.0538725 -0.438826
    outer loop
      vertex -5.54328 37.3143 145.791
      vertex -5.19615 -2.30174 151.364
      vertex -5.54328 -2.38752 150.665
    endloop
  endfacet
  facet normal 0.997857 -0.00797415 -0.0649412
    outer loop
      vertex -5.94867 -2.5719 149.164
      vertex -6 37.0345 143.512
      vertex -5.94867 37.1299 144.289
    endloop
  endfacet
  facet normal 0.997863 -0.00796242 -0.064859
    outer loop
      vertex -6 37.0345 143.512
      vertex -5.94867 -2.5719 149.164
      vertex -6 -2.66735 148.386
    endloop
  endfacet
  facet normal 0.997863 0.00796248 0.0648595
    outer loop
      vertex -6 -2.66735 148.386
      vertex -5.94867 36.9391 142.734
      vertex -6 37.0345 143.512
    endloop
  endfacet
  facet normal 0.997857 0.00797408 0.0649408
    outer loop
      vertex -5.94867 36.9391 142.734
      vertex -6 -2.66735 148.386
      vertex -5.94867 -2.76279 147.609
    endloop
  endfacet
  facet normal 0.195124 -0.119532 -0.973467
    outer loop
      vertex -1.55291 37.7408 149.264
      vertex -0.783156 -1.94239 154.291
      vertex -1.55291 -1.96105 154.139
    endloop
  endfacet
  facet normal 0.19513 -0.119532 -0.973466
    outer loop
      vertex -0.783156 -1.94239 154.291
      vertex -1.55291 37.7408 149.264
      vertex -0.783156 37.7595 149.416
    endloop
  endfacet
  facet normal -0.441741 0.109339 0.890455
    outer loop
      vertex 2.2961 36.3589 138.01
      vertex 3 -3.3006 143.229
      vertex 3 36.4012 138.354
    endloop
  endfacet
  facet normal -0.442758 0.109256 0.88996
    outer loop
      vertex 3 -3.3006 143.229
      vertex 2.2961 36.3589 138.01
      vertex 2.2961 -3.3429 142.884
    endloop
  endfacet
  facet normal -0.751468 0.0804093 0.654851
    outer loop
      vertex 4.24264 36.5175 139.301
      vertex 4.76012 -3.11248 144.761
      vertex 4.76012 36.5894 139.886
    endloop
  endfacet
  facet normal -0.752019 0.0803165 0.65423
    outer loop
      vertex 4.76012 -3.11248 144.761
      vertex 4.24264 36.5175 139.301
      vertex 4.24264 -3.18439 144.175
    endloop
  endfacet
  facet normal 0.19513 0.119532 0.973466
    outer loop
      vertex -1.55291 -3.37365 142.634
      vertex -0.783156 36.3095 137.607
      vertex -1.55291 36.3282 137.759
    endloop
  endfacet
  facet normal 0.195124 0.119532 0.973467
    outer loop
      vertex -0.783156 36.3095 137.607
      vertex -1.55291 -3.37365 142.634
      vertex -0.783156 -3.39231 142.482
    endloop
  endfacet
  facet normal 0.555766 0.101319 0.825141
    outer loop
      vertex -3.65257 -3.24746 143.662
      vertex -3 36.4012 138.354
      vertex -3.65257 36.4544 138.787
    endloop
  endfacet
  facet normal 0.55576 0.10132 0.825146
    outer loop
      vertex -3 36.4012 138.354
      vertex -3.65257 -3.24746 143.662
      vertex -3 -3.3006 143.229
    endloop
  endfacet
  facet normal 0.831585 0.067689 0.551257
    outer loop
      vertex -5.19615 -3.03295 145.409
      vertex -4.76012 36.5894 139.886
      vertex -5.19615 36.6689 140.534
    endloop
  endfacet
  facet normal 0.831586 0.0676887 0.551255
    outer loop
      vertex -4.76012 36.5894 139.886
      vertex -5.19615 -3.03295 145.409
      vertex -4.76012 -3.11248 144.761
    endloop
  endfacet
  facet normal 0.896956 0.0538723 0.438824
    outer loop
      vertex -5.54328 -2.94717 146.107
      vertex -5.19615 36.6689 140.534
      vertex -5.54328 36.7547 141.233
    endloop
  endfacet
  facet normal 0.896708 0.0539445 0.439322
    outer loop
      vertex -5.19615 36.6689 140.534
      vertex -5.54328 -2.94717 146.107
      vertex -5.19615 -3.03295 145.409
    endloop
  endfacet
  facet normal 0.980783 0.0237777 0.193645
    outer loop
      vertex -5.94867 -2.76279 147.609
      vertex -5.79555 36.8452 141.97
      vertex -5.94867 36.9391 142.734
    endloop
  endfacet
  facet normal 0.980783 0.0237781 0.193648
    outer loop
      vertex -5.79555 36.8452 141.97
      vertex -5.94867 -2.76279 147.609
      vertex -5.79555 -2.8566 146.845
    endloop
  endfacet
  facet normal -0.831585 -0.0676891 -0.551257
    outer loop
      vertex 5.19615 37.4001 146.489
      vertex 4.76012 -2.22221 152.012
      vertex 4.76012 37.4796 147.137
    endloop
  endfacet
  facet normal -0.831586 -0.0676888 -0.551255
    outer loop
      vertex 4.76012 -2.22221 152.012
      vertex 5.19615 37.4001 146.489
      vertex 5.19615 -2.30174 151.364
    endloop
  endfacet
  facet normal -0.195124 -0.119532 -0.973467
    outer loop
      vertex 0.783156 -1.94239 154.291
      vertex 1.55291 37.7408 149.264
      vertex 1.55291 -1.96105 154.139
    endloop
  endfacet
  facet normal -0.19513 -0.119532 -0.973466
    outer loop
      vertex 1.55291 37.7408 149.264
      vertex 0.783156 -1.94239 154.291
      vertex 0.783156 37.7595 149.416
    endloop
  endfacet
  facet normal -0.441741 -0.109339 -0.890455
    outer loop
      vertex 2.2961 -1.99179 153.888
      vertex 3 37.6678 148.669
      vertex 3 -2.03409 153.544
    endloop
  endfacet
  facet normal -0.442758 -0.109256 -0.88996
    outer loop
      vertex 3 37.6678 148.669
      vertex 2.2961 -1.99179 153.888
      vertex 2.2961 37.7101 149.014
    endloop
  endfacet
  facet normal 0.980783 -0.0237777 -0.193645
    outer loop
      vertex -5.79555 -2.47809 149.928
      vertex -5.94867 37.1299 144.289
      vertex -5.79555 37.2238 145.053
    endloop
  endfacet
  facet normal 0.980783 -0.0237781 -0.193648
    outer loop
      vertex -5.94867 37.1299 144.289
      vertex -5.79555 -2.47809 149.928
      vertex -5.94867 -2.5719 149.164
    endloop
  endfacet
  facet normal 0.55576 -0.10132 -0.825146
    outer loop
      vertex -3.65257 37.6146 148.236
      vertex -3 -2.03409 153.544
      vertex -3.65257 -2.08723 153.111
    endloop
  endfacet
  facet normal 0.555766 -0.101319 -0.825141
    outer loop
      vertex -3 -2.03409 153.544
      vertex -3.65257 37.6146 148.236
      vertex -3 37.6678 148.669
    endloop
  endfacet
  facet normal -0.322115 0.115356 0.939646
    outer loop
      vertex 1.55291 36.3282 137.759
      vertex 2.2961 -3.3429 142.884
      vertex 2.2961 36.3589 138.01
    endloop
  endfacet
  facet normal -0.320988 0.115426 0.940023
    outer loop
      vertex 2.2961 -3.3429 142.884
      vertex 1.55291 36.3282 137.759
      vertex 1.55291 -3.37365 142.634
    endloop
  endfacet
  facet normal -0.555766 0.101319 0.825141
    outer loop
      vertex 3 36.4012 138.354
      vertex 3.65257 -3.24746 143.662
      vertex 3.65257 36.4544 138.787
    endloop
  endfacet
  facet normal -0.55576 0.10132 0.825146
    outer loop
      vertex 3.65257 -3.24746 143.662
      vertex 3 36.4012 138.354
      vertex 3 -3.3006 143.229
    endloop
  endfacet
  facet normal -0.65962 0.0915825 0.745999
    outer loop
      vertex 3.65257 36.4544 138.787
      vertex 4.24264 -3.18439 144.175
      vertex 4.24264 36.5175 139.301
    endloop
  endfacet
  facet normal -0.658903 0.0916777 0.746621
    outer loop
      vertex 4.24264 -3.18439 144.175
      vertex 3.65257 36.4544 138.787
      vertex 3.65257 -3.24746 143.662
    endloop
  endfacet
  facet normal -0.831585 0.067689 0.551257
    outer loop
      vertex 4.76012 36.5894 139.886
      vertex 5.19615 -3.03295 145.409
      vertex 5.19615 36.6689 140.534
    endloop
  endfacet
  facet normal -0.831586 0.0676887 0.551255
    outer loop
      vertex 5.19615 -3.03295 145.409
      vertex 4.76012 36.5894 139.886
      vertex 4.76012 -3.11248 144.761
    endloop
  endfacet
  facet normal -0.896956 0.0538723 0.438824
    outer loop
      vertex 5.19615 36.6689 140.534
      vertex 5.54328 -2.94717 146.107
      vertex 5.54328 36.7547 141.233
    endloop
  endfacet
  facet normal -0.896708 0.0539445 0.439322
    outer loop
      vertex 5.54328 -2.94717 146.107
      vertex 5.19615 36.6689 140.534
      vertex 5.19615 -3.03295 145.409
    endloop
  endfacet
  facet normal 0.441741 0.109339 0.890455
    outer loop
      vertex -3 -3.3006 143.229
      vertex -2.2961 36.3589 138.01
      vertex -3 36.4012 138.354
    endloop
  endfacet
  facet normal 0.442758 0.109256 0.88996
    outer loop
      vertex -2.2961 36.3589 138.01
      vertex -3 -3.3006 143.229
      vertex -2.2961 -3.3429 142.884
    endloop
  endfacet
  facet normal 0.322115 0.115356 0.939646
    outer loop
      vertex -2.2961 -3.3429 142.884
      vertex -1.55291 36.3282 137.759
      vertex -2.2961 36.3589 138.01
    endloop
  endfacet
  facet normal 0.320988 0.115426 0.940023
    outer loop
      vertex -1.55291 36.3282 137.759
      vertex -2.2961 -3.3429 142.884
      vertex -1.55291 -3.37365 142.634
    endloop
  endfacet
  facet normal 0.0654598 0.121614 0.990417
    outer loop
      vertex -0.783156 -3.39231 142.482
      vertex 0 36.3033 137.556
      vertex -0.783156 36.3095 137.607
    endloop
  endfacet
  facet normal 0.0654676 0.121613 0.990416
    outer loop
      vertex 0 36.3033 137.556
      vertex -0.783156 -3.39231 142.482
      vertex 0 -3.39856 142.431
    endloop
  endfacet
  facet normal -0.0654598 0.121614 0.990417
    outer loop
      vertex 0 36.3033 137.556
      vertex 0.783156 -3.39231 142.482
      vertex 0.783156 36.3095 137.607
    endloop
  endfacet
  facet normal -0.0654676 0.121613 0.990416
    outer loop
      vertex 0.783156 -3.39231 142.482
      vertex 0 36.3033 137.556
      vertex 0 -3.39856 142.431
    endloop
  endfacet
  facet normal 0.751468 0.0804093 0.654851
    outer loop
      vertex -4.76012 -3.11248 144.761
      vertex -4.24264 36.5175 139.301
      vertex -4.76012 36.5894 139.886
    endloop
  endfacet
  facet normal 0.752019 0.0803165 0.65423
    outer loop
      vertex -4.24264 36.5175 139.301
      vertex -4.76012 -3.11248 144.761
      vertex -4.24264 -3.18439 144.175
    endloop
  endfacet
  facet normal 0.946847 0.0392051 0.319285
    outer loop
      vertex -5.79555 -2.8566 146.845
      vertex -5.54328 36.7547 141.233
      vertex -5.79555 36.8452 141.97
    endloop
  endfacet
  facet normal 0.946979 0.0391498 0.318901
    outer loop
      vertex -5.54328 36.7547 141.233
      vertex -5.79555 -2.8566 146.845
      vertex -5.54328 -2.94717 146.107
    endloop
  endfacet
  facet normal -0.980783 0.0237777 0.193645
    outer loop
      vertex 5.79555 36.8452 141.97
      vertex 5.94867 -2.76279 147.609
      vertex 5.94867 36.9391 142.734
    endloop
  endfacet
  facet normal -0.980783 0.0237781 0.193648
    outer loop
      vertex 5.94867 -2.76279 147.609
      vertex 5.79555 36.8452 141.97
      vertex 5.79555 -2.8566 146.845
    endloop
  endfacet
  facet normal -0.997863 0.00796248 0.0648595
    outer loop
      vertex 5.94867 36.9391 142.734
      vertex 6 -2.66735 148.386
      vertex 6 37.0345 143.512
    endloop
  endfacet
  facet normal -0.997857 0.00797408 0.0649408
    outer loop
      vertex 6 -2.66735 148.386
      vertex 5.94867 36.9391 142.734
      vertex 5.94867 -2.76279 147.609
    endloop
  endfacet
  facet normal 0 -1 0
    outer loop
      vertex -49 -32.5 0
      vertex 49 -32.5 12
      vertex -49 -32.5 12
    endloop
  endfacet
  facet normal 0 -1 -0
    outer loop
      vertex 49 -32.5 12
      vertex -49 -32.5 0
      vertex 49 -32.5 0
    endloop
  endfacet
  facet normal 0.0653605 -0.997862 0
    outer loop
      vertex 49 -32.5 0
      vertex 49.7832 -32.4487 12
      vertex 49 -32.5 12
    endloop
  endfacet
  facet normal 0.0653605 -0.997862 0
    outer loop
      vertex 49.7832 -32.4487 12
      vertex 49 -32.5 0
      vertex 49.7832 -32.4487 0
    endloop
  endfacet
  facet normal 0.195209 -0.980762 0
    outer loop
      vertex 49.7832 -32.4487 0
      vertex 50.5529 -32.2955 12
      vertex 49.7832 -32.4487 12
    endloop
  endfacet
  facet normal 0.195209 -0.980762 0
    outer loop
      vertex 50.5529 -32.2955 12
      vertex 49.7832 -32.4487 0
      vertex 50.5529 -32.2955 0
    endloop
  endfacet
  facet normal -0.0653605 0.997862 0
    outer loop
      vertex -49 32.5 0
      vertex -49.7832 32.4487 12
      vertex -49 32.5 12
    endloop
  endfacet
  facet normal -0.0653605 0.997862 0
    outer loop
      vertex -49.7832 32.4487 12
      vertex -49 32.5 0
      vertex -49.7832 32.4487 0
    endloop
  endfacet
  facet normal -0.0653605 -0.997862 0
    outer loop
      vertex -49.7832 -32.4487 0
      vertex -49 -32.5 12
      vertex -49.7832 -32.4487 12
    endloop
  endfacet
  facet normal -0.0653605 -0.997862 -0
    outer loop
      vertex -49 -32.5 12
      vertex -49.7832 -32.4487 0
      vertex -49 -32.5 0
    endloop
  endfacet
  facet normal 0 1 -0
    outer loop
      vertex 49 32.5 0
      vertex -49 32.5 12
      vertex 49 32.5 12
    endloop
  endfacet
  facet normal 0 1 0
    outer loop
      vertex -49 32.5 12
      vertex 49 32.5 0
      vertex -49 32.5 0
    endloop
  endfacet
  facet normal 0.321345 0.946962 -0
    outer loop
      vertex 51.2961 32.0433 0
      vertex 50.5529 32.2955 12
      vertex 51.2961 32.0433 12
    endloop
  endfacet
  facet normal 0.321345 0.946962 0
    outer loop
      vertex 50.5529 32.2955 12
      vertex 51.2961 32.0433 0
      vertex 50.5529 32.2955 0
    endloop
  endfacet
  facet normal -0.321345 0.946962 0
    outer loop
      vertex -50.5529 32.2955 0
      vertex -51.2961 32.0433 12
      vertex -50.5529 32.2955 12
    endloop
  endfacet
  facet normal -0.321345 0.946962 0
    outer loop
      vertex -51.2961 32.0433 12
      vertex -50.5529 32.2955 0
      vertex -51.2961 32.0433 0
    endloop
  endfacet
  facet normal 0 0 1
    outer loop
      vertex 55 26.5 12
      vertex 54.9658 17.3829 12
      vertex 55 16.8569 12
    endloop
  endfacet
  facet normal 0 0 1
    outer loop
      vertex 51 20.8869 12
      vertex 55 26.5 12
      vertex 54.9487 27.2832 12
    endloop
  endfacet
  facet normal 0 0 1
    outer loop
      vertex 55 26.5 12
      vertex 54.8637 17.8999 12
      vertex 54.9658 17.3829 12
    endloop
  endfacet
  facet normal 0 0 1
    outer loop
      vertex 51 20.8869 12
      vertex 54.9487 27.2832 12
      vertex 54.7955 28.0529 12
    endloop
  endfacet
  facet normal 0 0 1
    outer loop
      vertex 55 26.5 12
      vertex 54.6955 18.3991 12
      vertex 54.8637 17.8999 12
    endloop
  endfacet
  facet normal 0 0 1
    outer loop
      vertex 51 20.8869 12
      vertex 54.7955 28.0529 12
      vertex 54.5433 28.7961 12
    endloop
  endfacet
  facet normal 0 0 1
    outer loop
      vertex 55 26.5 12
      vertex 54.4641 18.8719 12
      vertex 54.6955 18.3991 12
    endloop
  endfacet
  facet normal 0 0 1
    outer loop
      vertex 51 20.8869 12
      vertex 54.5433 28.7961 12
      vertex 54.1962 29.5 12
    endloop
  endfacet
  facet normal 0 0 1
    outer loop
      vertex 55 26.5 12
      vertex 54.1734 19.3102 12
      vertex 54.4641 18.8719 12
    endloop
  endfacet
  facet normal 0 0 1
    outer loop
      vertex 55 26.5 12
      vertex 53.8284 19.7065 12
      vertex 54.1734 19.3102 12
    endloop
  endfacet
  facet normal 0 0 1
    outer loop
      vertex 51 20.8869 12
      vertex 54.1962 29.5 12
      vertex 53.7601 30.1526 12
    endloop
  endfacet
  facet normal 0 0 1
    outer loop
      vertex 55 26.5 12
      vertex 53.435 20.0541 12
      vertex 53.8284 19.7065 12
    endloop
  endfacet
  facet normal 0 0 1
    outer loop
      vertex 51 20.8869 12
      vertex 53.7601 30.1526 12
      vertex 53.2426 30.7426 12
    endloop
  endfacet
  facet normal 0 0 1
    outer loop
      vertex 55 26.5 12
      vertex 53 20.347 12
      vertex 53.435 20.0541 12
    endloop
  endfacet
  facet normal 0 0 1
    outer loop
      vertex 51 20.8869 12
      vertex 53.2426 30.7426 12
      vertex 52.6526 31.2601 12
    endloop
  endfacet
  facet normal 0 0 1
    outer loop
      vertex 55 26.5 12
      vertex 52.5307 20.5801 12
      vertex 53 20.347 12
    endloop
  endfacet
  facet normal 0 0 1
    outer loop
      vertex 55 26.5 12
      vertex 52.0353 20.7496 12
      vertex 52.5307 20.5801 12
    endloop
  endfacet
  facet normal 0 0 1
    outer loop
      vertex 51 20.8869 12
      vertex 52.6526 31.2601 12
      vertex 52 31.6962 12
    endloop
  endfacet
  facet normal 0 0 1
    outer loop
      vertex 55 26.5 12
      vertex 51.5221 20.8524 12
      vertex 52.0353 20.7496 12
    endloop
  endfacet
  facet normal 0 0 1
    outer loop
      vertex 51 20.8869 12
      vertex 52 31.6962 12
      vertex 51.2961 32.0433 12
    endloop
  endfacet
  facet normal 0 0 1
    outer loop
      vertex 55 26.5 12
      vertex 51 20.8869 12
      vertex 51.5221 20.8524 12
    endloop
  endfacet
  facet normal 0 0 1
    outer loop
      vertex 50.5529 32.2955 12
      vertex 51 20.8869 12
      vertex 51.2961 32.0433 12
    endloop
  endfacet
  facet normal 0 0 1
    outer loop
      vertex 49.7832 32.4487 12
      vertex 51 20.8869 12
      vertex 50.5529 32.2955 12
    endloop
  endfacet
  facet normal 0 0 1
    outer loop
      vertex 49 32.5 12
      vertex 51 20.8869 12
      vertex 49.7832 32.4487 12
    endloop
  endfacet
  facet normal -0 0 1
    outer loop
      vertex -49 32.5 12
      vertex 51 20.8869 12
      vertex 49 32.5 12
    endloop
  endfacet
  facet normal 0 0 1
    outer loop
      vertex -51 20.8869 12
      vertex -49 32.5 12
      vertex -49.7832 32.4487 12
    endloop
  endfacet
  facet normal 0 0 1
    outer loop
      vertex -51 20.8869 12
      vertex -49.7832 32.4487 12
      vertex -50.5529 32.2955 12
    endloop
  endfacet
  facet normal 0 0 1
    outer loop
      vertex -49 32.5 12
      vertex -51 20.8869 12
      vertex 51 20.8869 12
    endloop
  endfacet
  facet normal -0 0 1
    outer loop
      vertex -51.2961 32.0433 12
      vertex -51 20.8869 12
      vertex -50.5529 32.2955 12
    endloop
  endfacet
  facet normal -0 0 1
    outer loop
      vertex -55 26.5 12
      vertex -51 20.8869 12
      vertex -51.2961 32.0433 12
    endloop
  endfacet
  facet normal 0 0 1
    outer loop
      vertex -55 26.5 12
      vertex -51.2961 32.0433 12
      vertex -52 31.6962 12
    endloop
  endfacet
  facet normal 0 0 1
    outer loop
      vertex -51 20.8869 12
      vertex -55 26.5 12
      vertex -51.5221 20.8524 12
    endloop
  endfacet
  facet normal 0 0 1
    outer loop
      vertex -51.5221 20.8524 12
      vertex -55 26.5 12
      vertex -52.0353 20.7496 12
    endloop
  endfacet
  facet normal 0 0 1
    outer loop
      vertex -55 26.5 12
      vertex -52 31.6962 12
      vertex -52.6526 31.2601 12
    endloop
  endfacet
  facet normal 0 0 1
    outer loop
      vertex -52.0353 20.7496 12
      vertex -55 26.5 12
      vertex -52.5307 20.5801 12
    endloop
  endfacet
  facet normal 0 0 1
    outer loop
      vertex -55 26.5 12
      vertex -52.6526 31.2601 12
      vertex -53.2426 30.7426 12
    endloop
  endfacet
  facet normal 0 0 1
    outer loop
      vertex -52.5307 20.5801 12
      vertex -55 26.5 12
      vertex -53 20.347 12
    endloop
  endfacet
  facet normal 0 0 1
    outer loop
      vertex -55 26.5 12
      vertex -53.2426 30.7426 12
      vertex -53.7601 30.1526 12
    endloop
  endfacet
  facet normal 0 0 1
    outer loop
      vertex -53 20.347 12
      vertex -55 26.5 12
      vertex -53.435 20.0541 12
    endloop
  endfacet
  facet normal 0 0 1
    outer loop
      vertex -53.435 20.0541 12
      vertex -55 26.5 12
      vertex -53.8284 19.7065 12
    endloop
  endfacet
  facet normal 0 0 1
    outer loop
      vertex -55 26.5 12
      vertex -53.7601 30.1526 12
      vertex -54.1962 29.5 12
    endloop
  endfacet
  facet normal 0 0 1
    outer loop
      vertex -53.8284 19.7065 12
      vertex -55 26.5 12
      vertex -54.1734 19.3102 12
    endloop
  endfacet
  facet normal 0 0 1
    outer loop
      vertex -55 26.5 12
      vertex -54.1962 29.5 12
      vertex -54.5433 28.7961 12
    endloop
  endfacet
  facet normal 0 0 1
    outer loop
      vertex -54.1734 19.3102 12
      vertex -55 26.5 12
      vertex -54.4641 18.8719 12
    endloop
  endfacet
  facet normal 0 0 1
    outer loop
      vertex -55 26.5 12
      vertex -54.5433 28.7961 12
      vertex -54.7955 28.0529 12
    endloop
  endfacet
  facet normal 0 0 1
    outer loop
      vertex -54.4641 18.8719 12
      vertex -55 26.5 12
      vertex -54.6955 18.3991 12
    endloop
  endfacet
  facet normal 0 0 1
    outer loop
      vertex -55 26.5 12
      vertex -54.7955 28.0529 12
      vertex -54.9487 27.2832 12
    endloop
  endfacet
  facet normal 0 0 1
    outer loop
      vertex -54.6955 18.3991 12
      vertex -55 26.5 12
      vertex -54.8637 17.8999 12
    endloop
  endfacet
  facet normal 0 0 1
    outer loop
      vertex -54.8637 17.8999 12
      vertex -55 26.5 12
      vertex -54.9658 17.3829 12
    endloop
  endfacet
  facet normal 0 0 1
    outer loop
      vertex -54.9658 17.3829 12
      vertex -55 26.5 12
      vertex -55 16.8569 12
    endloop
  endfacet
  facet normal -0 0 1
    outer loop
      vertex 54.9658 -15.9095 12
      vertex 55 -26.5 12
      vertex 55 -15.3834 12
    endloop
  endfacet
  facet normal -0 0 1
    outer loop
      vertex 54.8637 -16.4265 12
      vertex 55 -26.5 12
      vertex 54.9658 -15.9095 12
    endloop
  endfacet
  facet normal -0 0 1
    outer loop
      vertex 54.6955 -16.9257 12
      vertex 55 -26.5 12
      vertex 54.8637 -16.4265 12
    endloop
  endfacet
  facet normal -0 0 1
    outer loop
      vertex 54.4641 -17.3985 12
      vertex 55 -26.5 12
      vertex 54.6955 -16.9257 12
    endloop
  endfacet
  facet normal -0 0 1
    outer loop
      vertex 54.1734 -17.8368 12
      vertex 55 -26.5 12
      vertex 54.4641 -17.3985 12
    endloop
  endfacet
  facet normal -0 0 1
    outer loop
      vertex 53.8284 -18.2331 12
      vertex 55 -26.5 12
      vertex 54.1734 -17.8368 12
    endloop
  endfacet
  facet normal -0 0 1
    outer loop
      vertex 53.435 -18.5807 12
      vertex 55 -26.5 12
      vertex 53.8284 -18.2331 12
    endloop
  endfacet
  facet normal -0 0 1
    outer loop
      vertex 53 -18.8736 12
      vertex 55 -26.5 12
      vertex 53.435 -18.5807 12
    endloop
  endfacet
  facet normal -0 0 1
    outer loop
      vertex 52.5307 -19.1067 12
      vertex 55 -26.5 12
      vertex 53 -18.8736 12
    endloop
  endfacet
  facet normal -0 0 1
    outer loop
      vertex 52.0353 -19.2762 12
      vertex 55 -26.5 12
      vertex 52.5307 -19.1067 12
    endloop
  endfacet
  facet normal -0 0 1
    outer loop
      vertex 51.5221 -19.379 12
      vertex 55 -26.5 12
      vertex 52.0353 -19.2762 12
    endloop
  endfacet
  facet normal -0 0 1
    outer loop
      vertex 51 -19.4135 12
      vertex 55 -26.5 12
      vertex 51.5221 -19.379 12
    endloop
  endfacet
  facet normal 0 0 1
    outer loop
      vertex 49 -32.5 12
      vertex 55 -26.5 12
      vertex 51 -19.4135 12
    endloop
  endfacet
  facet normal 0 0 1
    outer loop
      vertex 55 -26.5 12
      vertex 49 -32.5 12
      vertex 54.9487 -27.2832 12
    endloop
  endfacet
  facet normal 0 0 1
    outer loop
      vertex 54.9487 -27.2832 12
      vertex 49 -32.5 12
      vertex 54.7955 -28.0529 12
    endloop
  endfacet
  facet normal 0 0 1
    outer loop
      vertex 54.7955 -28.0529 12
      vertex 49 -32.5 12
      vertex 54.5433 -28.7961 12
    endloop
  endfacet
  facet normal 0 0 1
    outer loop
      vertex 54.5433 -28.7961 12
      vertex 49 -32.5 12
      vertex 54.1962 -29.5 12
    endloop
  endfacet
  facet normal 0 0 1
    outer loop
      vertex 54.1962 -29.5 12
      vertex 49 -32.5 12
      vertex 53.7601 -30.1526 12
    endloop
  endfacet
  facet normal 0 0 1
    outer loop
      vertex 53.7601 -30.1526 12
      vertex 49 -32.5 12
      vertex 53.2426 -30.7426 12
    endloop
  endfacet
  facet normal 0 0 1
    outer loop
      vertex 53.2426 -30.7426 12
      vertex 49 -32.5 12
      vertex 52.6526 -31.2601 12
    endloop
  endfacet
  facet normal 0 0 1
    outer loop
      vertex 52.6526 -31.2601 12
      vertex 49 -32.5 12
      vertex 52 -31.6962 12
    endloop
  endfacet
  facet normal 0 0 1
    outer loop
      vertex 52 -31.6962 12
      vertex 49 -32.5 12
      vertex 51.2961 -32.0433 12
    endloop
  endfacet
  facet normal 0 0 1
    outer loop
      vertex 51.2961 -32.0433 12
      vertex 49 -32.5 12
      vertex 50.5529 -32.2955 12
    endloop
  endfacet
  facet normal 0 0 1
    outer loop
      vertex 50.5529 -32.2955 12
      vertex 49 -32.5 12
      vertex 49.7832 -32.4487 12
    endloop
  endfacet
  facet normal 0 0 1
    outer loop
      vertex 51 -19.4135 12
      vertex -49 -32.5 12
      vertex 49 -32.5 12
    endloop
  endfacet
  facet normal -0 0 1
    outer loop
      vertex -51 -19.4135 12
      vertex -49 -32.5 12
      vertex 51 -19.4135 12
    endloop
  endfacet
  facet normal -0 0 1
    outer loop
      vertex -55 -26.5 12
      vertex -49 -32.5 12
      vertex -51 -19.4135 12
    endloop
  endfacet
  facet normal 0 0 1
    outer loop
      vertex -49 -32.5 12
      vertex -55 -26.5 12
      vertex -49.7832 -32.4487 12
    endloop
  endfacet
  facet normal 0 0 1
    outer loop
      vertex -49.7832 -32.4487 12
      vertex -55 -26.5 12
      vertex -50.5529 -32.2955 12
    endloop
  endfacet
  facet normal 0 0 1
    outer loop
      vertex -55 -26.5 12
      vertex -51 -19.4135 12
      vertex -51.5221 -19.379 12
    endloop
  endfacet
  facet normal 0 0 1
    outer loop
      vertex -50.5529 -32.2955 12
      vertex -55 -26.5 12
      vertex -51.2961 -32.0433 12
    endloop
  endfacet
  facet normal 0 0 1
    outer loop
      vertex -55 -26.5 12
      vertex -51.5221 -19.379 12
      vertex -52.0353 -19.2762 12
    endloop
  endfacet
  facet normal 0 0 1
    outer loop
      vertex -55 -26.5 12
      vertex -52.0353 -19.2762 12
      vertex -52.5307 -19.1067 12
    endloop
  endfacet
  facet normal 0 0 1
    outer loop
      vertex -51.2961 -32.0433 12
      vertex -55 -26.5 12
      vertex -52 -31.6962 12
    endloop
  endfacet
  facet normal 0 0 1
    outer loop
      vertex -55 -26.5 12
      vertex -52.5307 -19.1067 12
      vertex -53 -18.8736 12
    endloop
  endfacet
  facet normal 0 0 1
    outer loop
      vertex -52 -31.6962 12
      vertex -55 -26.5 12
      vertex -52.6526 -31.2601 12
    endloop
  endfacet
  facet normal 0 0 1
    outer loop
      vertex -55 -26.5 12
      vertex -53 -18.8736 12
      vertex -53.435 -18.5807 12
    endloop
  endfacet
  facet normal 0 0 1
    outer loop
      vertex -52.6526 -31.2601 12
      vertex -55 -26.5 12
      vertex -53.2426 -30.7426 12
    endloop
  endfacet
  facet normal 0 0 1
    outer loop
      vertex -55 -26.5 12
      vertex -53.435 -18.5807 12
      vertex -53.8284 -18.2331 12
    endloop
  endfacet
  facet normal 0 0 1
    outer loop
      vertex -55 -26.5 12
      vertex -53.8284 -18.2331 12
      vertex -54.1734 -17.8368 12
    endloop
  endfacet
  facet normal 0 0 1
    outer loop
      vertex -53.2426 -30.7426 12
      vertex -55 -26.5 12
      vertex -53.7601 -30.1526 12
    endloop
  endfacet
  facet normal 0 0 1
    outer loop
      vertex -55 -26.5 12
      vertex -54.1734 -17.8368 12
      vertex -54.4641 -17.3985 12
    endloop
  endfacet
  facet normal 0 0 1
    outer loop
      vertex -53.7601 -30.1526 12
      vertex -55 -26.5 12
      vertex -54.1962 -29.5 12
    endloop
  endfacet
  facet normal 0 0 1
    outer loop
      vertex -55 -26.5 12
      vertex -54.4641 -17.3985 12
      vertex -54.6955 -16.9257 12
    endloop
  endfacet
  facet normal 0 0 1
    outer loop
      vertex -54.1962 -29.5 12
      vertex -55 -26.5 12
      vertex -54.5433 -28.7961 12
    endloop
  endfacet
  facet normal 0 0 1
    outer loop
      vertex -55 -26.5 12
      vertex -54.6955 -16.9257 12
      vertex -54.8637 -16.4265 12
    endloop
  endfacet
  facet normal 0 0 1
    outer loop
      vertex -54.5433 -28.7961 12
      vertex -55 -26.5 12
      vertex -54.7955 -28.0529 12
    endloop
  endfacet
  facet normal 0 0 1
    outer loop
      vertex -55 -26.5 12
      vertex -54.8637 -16.4265 12
      vertex -54.9658 -15.9095 12
    endloop
  endfacet
  facet normal 0 0 1
    outer loop
      vertex -55 -26.5 12
      vertex -54.9658 -15.9095 12
      vertex -55 -15.3834 12
    endloop
  endfacet
  facet normal 0 0 1
    outer loop
      vertex -54.7955 -28.0529 12
      vertex -55 -26.5 12
      vertex -54.9487 -27.2832 12
    endloop
  endfacet
  facet normal -0.195209 -0.980762 0
    outer loop
      vertex -50.5529 -32.2955 0
      vertex -49.7832 -32.4487 12
      vertex -50.5529 -32.2955 12
    endloop
  endfacet
  facet normal -0.195209 -0.980762 -0
    outer loop
      vertex -49.7832 -32.4487 12
      vertex -50.5529 -32.2955 0
      vertex -49.7832 -32.4487 0
    endloop
  endfacet
  facet normal -0.442263 -0.896885 0
    outer loop
      vertex -52 -31.6962 0
      vertex -51.2961 -32.0433 12
      vertex -52 -31.6962 12
    endloop
  endfacet
  facet normal -0.442263 -0.896885 -0
    outer loop
      vertex -51.2961 -32.0433 12
      vertex -52 -31.6962 0
      vertex -51.2961 -32.0433 0
    endloop
  endfacet
  facet normal 0.442263 0.896885 -0
    outer loop
      vertex 52 31.6962 0
      vertex 51.2961 32.0433 12
      vertex 52 31.6962 12
    endloop
  endfacet
  facet normal 0.442263 0.896885 0
    outer loop
      vertex 51.2961 32.0433 12
      vertex 52 31.6962 0
      vertex 51.2961 32.0433 0
    endloop
  endfacet
  facet normal 0.195209 0.980762 -0
    outer loop
      vertex 50.5529 32.2955 0
      vertex 49.7832 32.4487 12
      vertex 50.5529 32.2955 12
    endloop
  endfacet
  facet normal 0.195209 0.980762 0
    outer loop
      vertex 49.7832 32.4487 12
      vertex 50.5529 32.2955 0
      vertex 49.7832 32.4487 0
    endloop
  endfacet
  facet normal -0.997862 0.0653605 0
    outer loop
      vertex -55 26.5 0
      vertex -54.9487 27.2832 12
      vertex -54.9487 27.2832 0
    endloop
  endfacet
  facet normal -0.997862 0.0653605 0
    outer loop
      vertex -54.9487 27.2832 12
      vertex -55 26.5 0
      vertex -55 26.5 12
    endloop
  endfacet
  facet normal -0.997862 -0.0653605 0
    outer loop
      vertex -54.9487 -27.2832 0
      vertex -55 -26.5 12
      vertex -55 -26.5 0
    endloop
  endfacet
  facet normal -0.997862 -0.0653605 0
    outer loop
      vertex -55 -26.5 12
      vertex -54.9487 -27.2832 0
      vertex -54.9487 -27.2832 12
    endloop
  endfacet
  facet normal -0.321345 -0.946962 0
    outer loop
      vertex -51.2961 -32.0433 0
      vertex -50.5529 -32.2955 12
      vertex -51.2961 -32.0433 12
    endloop
  endfacet
  facet normal -0.321345 -0.946962 -0
    outer loop
      vertex -50.5529 -32.2955 12
      vertex -51.2961 -32.0433 0
      vertex -50.5529 -32.2955 0
    endloop
  endfacet
  facet normal 0.321345 -0.946962 0
    outer loop
      vertex 50.5529 -32.2955 0
      vertex 51.2961 -32.0433 12
      vertex 50.5529 -32.2955 12
    endloop
  endfacet
  facet normal 0.321345 -0.946962 0
    outer loop
      vertex 51.2961 -32.0433 12
      vertex 50.5529 -32.2955 0
      vertex 51.2961 -32.0433 0
    endloop
  endfacet
  facet normal 0.0653605 0.997862 -0
    outer loop
      vertex 49.7832 32.4487 0
      vertex 49 32.5 12
      vertex 49.7832 32.4487 12
    endloop
  endfacet
  facet normal 0.0653605 0.997862 0
    outer loop
      vertex 49 32.5 12
      vertex 49.7832 32.4487 0
      vertex 49 32.5 0
    endloop
  endfacet
  facet normal -0.195209 0.980762 0
    outer loop
      vertex -49.7832 32.4487 0
      vertex -50.5529 32.2955 12
      vertex -49.7832 32.4487 12
    endloop
  endfacet
  facet normal -0.195209 0.980762 0
    outer loop
      vertex -50.5529 32.2955 12
      vertex -49.7832 32.4487 0
      vertex -50.5529 32.2955 0
    endloop
  endfacet
  facet normal -0.555611 0.831442 0
    outer loop
      vertex -52 31.6962 0
      vertex -52.6526 31.2601 12
      vertex -52 31.6962 12
    endloop
  endfacet
  facet normal -0.555611 0.831442 0
    outer loop
      vertex -52.6526 31.2601 12
      vertex -52 31.6962 0
      vertex -52.6526 31.2601 0
    endloop
  endfacet
  facet normal -0.442263 0.896885 0
    outer loop
      vertex -51.2961 32.0433 0
      vertex -52 31.6962 12
      vertex -51.2961 32.0433 12
    endloop
  endfacet
  facet normal -0.442263 0.896885 0
    outer loop
      vertex -52 31.6962 12
      vertex -51.2961 32.0433 0
      vertex -52 31.6962 0
    endloop
  endfacet
  facet normal -0.659406 0.751787 0
    outer loop
      vertex -52.6526 31.2601 0
      vertex -53.2426 30.7426 12
      vertex -52.6526 31.2601 12
    endloop
  endfacet
  facet normal -0.659406 0.751787 0
    outer loop
      vertex -53.2426 30.7426 12
      vertex -52.6526 31.2601 0
      vertex -53.2426 30.7426 0
    endloop
  endfacet
  facet normal -0.896885 0.442263 0
    outer loop
      vertex -54.5433 28.7961 0
      vertex -54.1962 29.5 12
      vertex -54.1962 29.5 0
    endloop
  endfacet
  facet normal -0.896885 0.442263 0
    outer loop
      vertex -54.1962 29.5 12
      vertex -54.5433 28.7961 0
      vertex -54.5433 28.7961 12
    endloop
  endfacet
  facet normal -0.896885 -0.442263 0
    outer loop
      vertex -54.1962 -29.5 0
      vertex -54.5433 -28.7961 12
      vertex -54.5433 -28.7961 0
    endloop
  endfacet
  facet normal -0.896885 -0.442263 0
    outer loop
      vertex -54.5433 -28.7961 12
      vertex -54.1962 -29.5 0
      vertex -54.1962 -29.5 12
    endloop
  endfacet
  facet normal -0.831442 -0.555611 0
    outer loop
      vertex -53.7601 -30.1526 0
      vertex -54.1962 -29.5 12
      vertex -54.1962 -29.5 0
    endloop
  endfacet
  facet normal -0.831442 -0.555611 0
    outer loop
      vertex -54.1962 -29.5 12
      vertex -53.7601 -30.1526 0
      vertex -53.7601 -30.1526 12
    endloop
  endfacet
  facet normal 0.442263 -0.896885 0
    outer loop
      vertex 51.2961 -32.0433 0
      vertex 52 -31.6962 12
      vertex 51.2961 -32.0433 12
    endloop
  endfacet
  facet normal 0.442263 -0.896885 0
    outer loop
      vertex 52 -31.6962 12
      vertex 51.2961 -32.0433 0
      vertex 52 -31.6962 0
    endloop
  endfacet
  facet normal -0.831442 0.555611 0
    outer loop
      vertex -54.1962 29.5 0
      vertex -53.7601 30.1526 12
      vertex -53.7601 30.1526 0
    endloop
  endfacet
  facet normal -0.831442 0.555611 0
    outer loop
      vertex -53.7601 30.1526 12
      vertex -54.1962 29.5 0
      vertex -54.1962 29.5 12
    endloop
  endfacet
  facet normal -0.751787 0.659406 0
    outer loop
      vertex -53.7601 30.1526 0
      vertex -53.2426 30.7426 12
      vertex -53.2426 30.7426 0
    endloop
  endfacet
  facet normal -0.751787 0.659406 0
    outer loop
      vertex -53.2426 30.7426 12
      vertex -53.7601 30.1526 0
      vertex -53.7601 30.1526 12
    endloop
  endfacet
  facet normal -0.980762 0.195209 0
    outer loop
      vertex -54.9487 27.2832 0
      vertex -54.7955 28.0529 12
      vertex -54.7955 28.0529 0
    endloop
  endfacet
  facet normal -0.980762 0.195209 0
    outer loop
      vertex -54.7955 28.0529 12
      vertex -54.9487 27.2832 0
      vertex -54.9487 27.2832 12
    endloop
  endfacet
  facet normal -0.946962 0.321345 0
    outer loop
      vertex -54.7955 28.0529 0
      vertex -54.5433 28.7961 12
      vertex -54.5433 28.7961 0
    endloop
  endfacet
  facet normal -0.946962 0.321345 0
    outer loop
      vertex -54.5433 28.7961 12
      vertex -54.7955 28.0529 0
      vertex -54.7955 28.0529 12
    endloop
  endfacet
  facet normal 0 0 -1
    outer loop
      vertex 49 -32.5 0
      vertex 55 -26.5 0
      vertex 54.9487 -27.2832 0
    endloop
  endfacet
  facet normal -0 0 -1
    outer loop
      vertex 55 -26.5 0
      vertex 49 -32.5 0
      vertex 55 26.5 0
    endloop
  endfacet
  facet normal 0 0 -1
    outer loop
      vertex 49 -32.5 0
      vertex 54.9487 -27.2832 0
      vertex 54.7955 -28.0529 0
    endloop
  endfacet
  facet normal 0 0 -1
    outer loop
      vertex 49 32.5 0
      vertex 55 26.5 0
      vertex 49 -32.5 0
    endloop
  endfacet
  facet normal 0 0 -1
    outer loop
      vertex 49 -32.5 0
      vertex 54.7955 -28.0529 0
      vertex 54.5433 -28.7961 0
    endloop
  endfacet
  facet normal 0 0 -1
    outer loop
      vertex 55 26.5 0
      vertex 49 32.5 0
      vertex 54.9487 27.2832 0
    endloop
  endfacet
  facet normal 0 0 -1
    outer loop
      vertex 49 -32.5 0
      vertex 54.5433 -28.7961 0
      vertex 54.1962 -29.5 0
    endloop
  endfacet
  facet normal 0 0 -1
    outer loop
      vertex 54.9487 27.2832 0
      vertex 49 32.5 0
      vertex 54.7955 28.0529 0
    endloop
  endfacet
  facet normal 0 0 -1
    outer loop
      vertex 49 -32.5 0
      vertex 54.1962 -29.5 0
      vertex 53.7601 -30.1526 0
    endloop
  endfacet
  facet normal 0 0 -1
    outer loop
      vertex 54.7955 28.0529 0
      vertex 49 32.5 0
      vertex 54.5433 28.7961 0
    endloop
  endfacet
  facet normal 0 0 -1
    outer loop
      vertex 49 -32.5 0
      vertex 53.7601 -30.1526 0
      vertex 53.2426 -30.7426 0
    endloop
  endfacet
  facet normal 0 0 -1
    outer loop
      vertex 54.5433 28.7961 0
      vertex 49 32.5 0
      vertex 54.1962 29.5 0
    endloop
  endfacet
  facet normal 0 0 -1
    outer loop
      vertex 49 -32.5 0
      vertex 53.2426 -30.7426 0
      vertex 52.6526 -31.2601 0
    endloop
  endfacet
  facet normal 0 0 -1
    outer loop
      vertex 54.1962 29.5 0
      vertex 49 32.5 0
      vertex 53.7601 30.1526 0
    endloop
  endfacet
  facet normal 0 0 -1
    outer loop
      vertex 49 -32.5 0
      vertex 52.6526 -31.2601 0
      vertex 52 -31.6962 0
    endloop
  endfacet
  facet normal 0 0 -1
    outer loop
      vertex 53.7601 30.1526 0
      vertex 49 32.5 0
      vertex 53.2426 30.7426 0
    endloop
  endfacet
  facet normal 0 0 -1
    outer loop
      vertex 49 -32.5 0
      vertex 52 -31.6962 0
      vertex 51.2961 -32.0433 0
    endloop
  endfacet
  facet normal 0 0 -1
    outer loop
      vertex 53.2426 30.7426 0
      vertex 49 32.5 0
      vertex 52.6526 31.2601 0
    endloop
  endfacet
  facet normal 0 0 -1
    outer loop
      vertex 49 -32.5 0
      vertex 51.2961 -32.0433 0
      vertex 50.5529 -32.2955 0
    endloop
  endfacet
  facet normal 0 0 -1
    outer loop
      vertex 52.6526 31.2601 0
      vertex 49 32.5 0
      vertex 52 31.6962 0
    endloop
  endfacet
  facet normal 0 0 -1
    outer loop
      vertex 49 -32.5 0
      vertex 50.5529 -32.2955 0
      vertex 49.7832 -32.4487 0
    endloop
  endfacet
  facet normal 0 0 -1
    outer loop
      vertex 52 31.6962 0
      vertex 49 32.5 0
      vertex 51.2961 32.0433 0
    endloop
  endfacet
  facet normal 0 0 -1
    outer loop
      vertex 51.2961 32.0433 0
      vertex 49 32.5 0
      vertex 50.5529 32.2955 0
    endloop
  endfacet
  facet normal 0 0 -1
    outer loop
      vertex 50.5529 32.2955 0
      vertex 49 32.5 0
      vertex 49.7832 32.4487 0
    endloop
  endfacet
  facet normal 0 0 -1
    outer loop
      vertex -49 -32.5 0
      vertex 49 32.5 0
      vertex 49 -32.5 0
    endloop
  endfacet
  facet normal 0 0 -1
    outer loop
      vertex -49 -32.5 0
      vertex -49 32.5 0
      vertex 49 32.5 0
    endloop
  endfacet
  facet normal 0 0 -1
    outer loop
      vertex -55 -26.5 0
      vertex -49 -32.5 0
      vertex -49.7832 -32.4487 0
    endloop
  endfacet
  facet normal 0 0 -1
    outer loop
      vertex -49 -32.5 0
      vertex -55 -26.5 0
      vertex -49 32.5 0
    endloop
  endfacet
  facet normal 0 0 -1
    outer loop
      vertex -55 -26.5 0
      vertex -49.7832 -32.4487 0
      vertex -50.5529 -32.2955 0
    endloop
  endfacet
  facet normal 0 0 -1
    outer loop
      vertex -55 26.5 0
      vertex -49 32.5 0
      vertex -55 -26.5 0
    endloop
  endfacet
  facet normal 0 0 -1
    outer loop
      vertex -55 -26.5 0
      vertex -50.5529 -32.2955 0
      vertex -51.2961 -32.0433 0
    endloop
  endfacet
  facet normal 0 0 -1
    outer loop
      vertex -49 32.5 0
      vertex -55 26.5 0
      vertex -49.7832 32.4487 0
    endloop
  endfacet
  facet normal 0 0 -1
    outer loop
      vertex -55 -26.5 0
      vertex -51.2961 -32.0433 0
      vertex -52 -31.6962 0
    endloop
  endfacet
  facet normal 0 0 -1
    outer loop
      vertex -49.7832 32.4487 0
      vertex -55 26.5 0
      vertex -50.5529 32.2955 0
    endloop
  endfacet
  facet normal 0 0 -1
    outer loop
      vertex -55 -26.5 0
      vertex -52 -31.6962 0
      vertex -52.6526 -31.2601 0
    endloop
  endfacet
  facet normal 0 0 -1
    outer loop
      vertex -50.5529 32.2955 0
      vertex -55 26.5 0
      vertex -51.2961 32.0433 0
    endloop
  endfacet
  facet normal 0 0 -1
    outer loop
      vertex -55 -26.5 0
      vertex -52.6526 -31.2601 0
      vertex -53.2426 -30.7426 0
    endloop
  endfacet
  facet normal 0 0 -1
    outer loop
      vertex -51.2961 32.0433 0
      vertex -55 26.5 0
      vertex -52 31.6962 0
    endloop
  endfacet
  facet normal 0 0 -1
    outer loop
      vertex -55 -26.5 0
      vertex -53.2426 -30.7426 0
      vertex -53.7601 -30.1526 0
    endloop
  endfacet
  facet normal 0 0 -1
    outer loop
      vertex -52 31.6962 0
      vertex -55 26.5 0
      vertex -52.6526 31.2601 0
    endloop
  endfacet
  facet normal 0 0 -1
    outer loop
      vertex -55 -26.5 0
      vertex -53.7601 -30.1526 0
      vertex -54.1962 -29.5 0
    endloop
  endfacet
  facet normal 0 0 -1
    outer loop
      vertex -52.6526 31.2601 0
      vertex -55 26.5 0
      vertex -53.2426 30.7426 0
    endloop
  endfacet
  facet normal 0 0 -1
    outer loop
      vertex -55 -26.5 0
      vertex -54.1962 -29.5 0
      vertex -54.5433 -28.7961 0
    endloop
  endfacet
  facet normal 0 0 -1
    outer loop
      vertex -53.2426 30.7426 0
      vertex -55 26.5 0
      vertex -53.7601 30.1526 0
    endloop
  endfacet
  facet normal 0 0 -1
    outer loop
      vertex -55 -26.5 0
      vertex -54.5433 -28.7961 0
      vertex -54.7955 -28.0529 0
    endloop
  endfacet
  facet normal 0 0 -1
    outer loop
      vertex -53.7601 30.1526 0
      vertex -55 26.5 0
      vertex -54.1962 29.5 0
    endloop
  endfacet
  facet normal 0 0 -1
    outer loop
      vertex -55 -26.5 0
      vertex -54.7955 -28.0529 0
      vertex -54.9487 -27.2832 0
    endloop
  endfacet
  facet normal 0 0 -1
    outer loop
      vertex -54.1962 29.5 0
      vertex -55 26.5 0
      vertex -54.5433 28.7961 0
    endloop
  endfacet
  facet normal 0 0 -1
    outer loop
      vertex -54.5433 28.7961 0
      vertex -55 26.5 0
      vertex -54.7955 28.0529 0
    endloop
  endfacet
  facet normal 0 0 -1
    outer loop
      vertex -54.7955 28.0529 0
      vertex -55 26.5 0
      vertex -54.9487 27.2832 0
    endloop
  endfacet
  facet normal -0.980762 -0.195209 0
    outer loop
      vertex -54.7955 -28.0529 0
      vertex -54.9487 -27.2832 12
      vertex -54.9487 -27.2832 0
    endloop
  endfacet
  facet normal -0.980762 -0.195209 0
    outer loop
      vertex -54.9487 -27.2832 12
      vertex -54.7955 -28.0529 0
      vertex -54.7955 -28.0529 12
    endloop
  endfacet
  facet normal -0.751787 -0.659406 0
    outer loop
      vertex -53.2426 -30.7426 0
      vertex -53.7601 -30.1526 12
      vertex -53.7601 -30.1526 0
    endloop
  endfacet
  facet normal -0.751787 -0.659406 0
    outer loop
      vertex -53.7601 -30.1526 12
      vertex -53.2426 -30.7426 0
      vertex -53.2426 -30.7426 12
    endloop
  endfacet
  facet normal -0.555611 -0.831442 0
    outer loop
      vertex -52.6526 -31.2601 0
      vertex -52 -31.6962 12
      vertex -52.6526 -31.2601 12
    endloop
  endfacet
  facet normal -0.555611 -0.831442 -0
    outer loop
      vertex -52 -31.6962 12
      vertex -52.6526 -31.2601 0
      vertex -52 -31.6962 0
    endloop
  endfacet
  facet normal -0.659406 -0.751787 0
    outer loop
      vertex -53.2426 -30.7426 0
      vertex -52.6526 -31.2601 12
      vertex -53.2426 -30.7426 12
    endloop
  endfacet
  facet normal -0.659406 -0.751787 -0
    outer loop
      vertex -52.6526 -31.2601 12
      vertex -53.2426 -30.7426 0
      vertex -52.6526 -31.2601 0
    endloop
  endfacet
  facet normal 0.896885 0.442263 0
    outer loop
      vertex 54.5433 28.7961 12
      vertex 54.1962 29.5 0
      vertex 54.1962 29.5 12
    endloop
  endfacet
  facet normal 0.896885 0.442263 0
    outer loop
      vertex 54.1962 29.5 0
      vertex 54.5433 28.7961 12
      vertex 54.5433 28.7961 0
    endloop
  endfacet
  facet normal 0.997862 -0.0653605 0
    outer loop
      vertex 54.9487 -27.2832 12
      vertex 55 -26.5 0
      vertex 55 -26.5 12
    endloop
  endfacet
  facet normal 0.997862 -0.0653605 0
    outer loop
      vertex 55 -26.5 0
      vertex 54.9487 -27.2832 12
      vertex 54.9487 -27.2832 0
    endloop
  endfacet
  facet normal 0.659406 -0.751787 0
    outer loop
      vertex 52.6526 -31.2601 0
      vertex 53.2426 -30.7426 12
      vertex 52.6526 -31.2601 12
    endloop
  endfacet
  facet normal 0.659406 -0.751787 0
    outer loop
      vertex 53.2426 -30.7426 12
      vertex 52.6526 -31.2601 0
      vertex 53.2426 -30.7426 0
    endloop
  endfacet
  facet normal 0.751787 -0.659406 0
    outer loop
      vertex 53.2426 -30.7426 12
      vertex 53.7601 -30.1526 0
      vertex 53.7601 -30.1526 12
    endloop
  endfacet
  facet normal 0.751787 -0.659406 0
    outer loop
      vertex 53.7601 -30.1526 0
      vertex 53.2426 -30.7426 12
      vertex 53.2426 -30.7426 0
    endloop
  endfacet
  facet normal -0.946962 -0.321345 0
    outer loop
      vertex -54.5433 -28.7961 0
      vertex -54.7955 -28.0529 12
      vertex -54.7955 -28.0529 0
    endloop
  endfacet
  facet normal -0.946962 -0.321345 0
    outer loop
      vertex -54.7955 -28.0529 12
      vertex -54.5433 -28.7961 0
      vertex -54.5433 -28.7961 12
    endloop
  endfacet
  facet normal 0.946962 0.321345 0
    outer loop
      vertex 54.7955 28.0529 12
      vertex 54.5433 28.7961 0
      vertex 54.5433 28.7961 12
    endloop
  endfacet
  facet normal 0.946962 0.321345 0
    outer loop
      vertex 54.5433 28.7961 0
      vertex 54.7955 28.0529 12
      vertex 54.7955 28.0529 0
    endloop
  endfacet
  facet normal 0.980762 0.195209 0
    outer loop
      vertex 54.9487 27.2832 12
      vertex 54.7955 28.0529 0
      vertex 54.7955 28.0529 12
    endloop
  endfacet
  facet normal 0.980762 0.195209 0
    outer loop
      vertex 54.7955 28.0529 0
      vertex 54.9487 27.2832 12
      vertex 54.9487 27.2832 0
    endloop
  endfacet
  facet normal 0.997862 0.0653605 0
    outer loop
      vertex 55 26.5 12
      vertex 54.9487 27.2832 0
      vertex 54.9487 27.2832 12
    endloop
  endfacet
  facet normal 0.997862 0.0653605 0
    outer loop
      vertex 54.9487 27.2832 0
      vertex 55 26.5 12
      vertex 55 26.5 0
    endloop
  endfacet
  facet normal 0.751787 0.659406 0
    outer loop
      vertex 53.7601 30.1526 12
      vertex 53.2426 30.7426 0
      vertex 53.2426 30.7426 12
    endloop
  endfacet
  facet normal 0.751787 0.659406 0
    outer loop
      vertex 53.2426 30.7426 0
      vertex 53.7601 30.1526 12
      vertex 53.7601 30.1526 0
    endloop
  endfacet
  facet normal 0.831442 0.555611 0
    outer loop
      vertex 54.1962 29.5 12
      vertex 53.7601 30.1526 0
      vertex 53.7601 30.1526 12
    endloop
  endfacet
  facet normal 0.831442 0.555611 0
    outer loop
      vertex 53.7601 30.1526 0
      vertex 54.1962 29.5 12
      vertex 54.1962 29.5 0
    endloop
  endfacet
  facet normal 0.555611 0.831442 -0
    outer loop
      vertex 52.6526 31.2601 0
      vertex 52 31.6962 12
      vertex 52.6526 31.2601 12
    endloop
  endfacet
  facet normal 0.555611 0.831442 0
    outer loop
      vertex 52 31.6962 12
      vertex 52.6526 31.2601 0
      vertex 52 31.6962 0
    endloop
  endfacet
  facet normal 0.659406 0.751787 -0
    outer loop
      vertex 53.2426 30.7426 0
      vertex 52.6526 31.2601 12
      vertex 53.2426 30.7426 12
    endloop
  endfacet
  facet normal 0.659406 0.751787 0
    outer loop
      vertex 52.6526 31.2601 12
      vertex 53.2426 30.7426 0
      vertex 52.6526 31.2601 0
    endloop
  endfacet
  facet normal 0.555611 -0.831442 0
    outer loop
      vertex 52 -31.6962 0
      vertex 52.6526 -31.2601 12
      vertex 52 -31.6962 12
    endloop
  endfacet
  facet normal 0.555611 -0.831442 0
    outer loop
      vertex 52.6526 -31.2601 12
      vertex 52 -31.6962 0
      vertex 52.6526 -31.2601 0
    endloop
  endfacet
  facet normal 0.896885 -0.442263 0
    outer loop
      vertex 54.1962 -29.5 12
      vertex 54.5433 -28.7961 0
      vertex 54.5433 -28.7961 12
    endloop
  endfacet
  facet normal 0.896885 -0.442263 0
    outer loop
      vertex 54.5433 -28.7961 0
      vertex 54.1962 -29.5 12
      vertex 54.1962 -29.5 0
    endloop
  endfacet
  facet normal 0.831442 -0.555611 0
    outer loop
      vertex 53.7601 -30.1526 12
      vertex 54.1962 -29.5 0
      vertex 54.1962 -29.5 12
    endloop
  endfacet
  facet normal 0.831442 -0.555611 0
    outer loop
      vertex 54.1962 -29.5 0
      vertex 53.7601 -30.1526 12
      vertex 53.7601 -30.1526 0
    endloop
  endfacet
  facet normal 0.980762 -0.195209 0
    outer loop
      vertex 54.7955 -28.0529 12
      vertex 54.9487 -27.2832 0
      vertex 54.9487 -27.2832 12
    endloop
  endfacet
  facet normal 0.980762 -0.195209 0
    outer loop
      vertex 54.9487 -27.2832 0
      vertex 54.7955 -28.0529 12
      vertex 54.7955 -28.0529 0
    endloop
  endfacet
  facet normal 0.946962 -0.321345 0
    outer loop
      vertex 54.5433 -28.7961 12
      vertex 54.7955 -28.0529 0
      vertex 54.7955 -28.0529 12
    endloop
  endfacet
  facet normal 0.946962 -0.321345 0
    outer loop
      vertex 54.7955 -28.0529 0
      vertex 54.5433 -28.7961 12
      vertex 54.5433 -28.7961 0
    endloop
  endfacet
endsolid OpenSCAD_Model
