solid OpenSCAD_Model
  facet normal 0 1 -0
    outer loop
      vertex 5 -18.7 0
      vertex -5 -18.7 3
      vertex 5 -18.7 3
    endloop
  endfacet
  facet normal 0 1 0
    outer loop
      vertex -5 -18.7 3
      vertex 5 -18.7 0
      vertex -5 -18.7 0
    endloop
  endfacet
  facet normal -0.321525 -0.946901 0
    outer loop
      vertex 5.43999 -15.3579 0
      vertex 5.65056 -15.4294 3
      vertex 5.43999 -15.3579 3
    endloop
  endfacet
  facet normal -0.321525 -0.946901 -0
    outer loop
      vertex 5.65056 -15.4294 3
      vertex 5.43999 -15.3579 0
      vertex 5.65056 -15.4294 0
    endloop
  endfacet
  facet normal -0.980779 0.195122 0
    outer loop
      vertex 6.64207 -17.44 0
      vertex 6.68546 -17.2219 3
      vertex 6.68546 -17.2219 0
    endloop
  endfacet
  facet normal -0.980779 0.195122 0
    outer loop
      vertex 6.68546 -17.2219 3
      vertex 6.64207 -17.44 0
      vertex 6.64207 -17.44 3
    endloop
  endfacet
  facet normal 0 -1 0
    outer loop
      vertex -5 -15.3 0
      vertex 5 -15.3 3
      vertex -5 -15.3 3
    endloop
  endfacet
  facet normal 0 -1 -0
    outer loop
      vertex 5 -15.3 3
      vertex -5 -15.3 0
      vertex 5 -15.3 0
    endloop
  endfacet
  facet normal -0.0652086 -0.997872 0
    outer loop
      vertex 5 -15.3 0
      vertex 5.22189 -15.3145 3
      vertex 5 -15.3 3
    endloop
  endfacet
  facet normal -0.0652086 -0.997872 -0
    outer loop
      vertex 5.22189 -15.3145 3
      vertex 5 -15.3 0
      vertex 5.22189 -15.3145 0
    endloop
  endfacet
  facet normal 0.946943 -0.321403 0
    outer loop
      vertex -6.64207 -16.56 3
      vertex -6.57059 -16.3494 0
      vertex -6.57059 -16.3494 3
    endloop
  endfacet
  facet normal 0.946943 -0.321403 0
    outer loop
      vertex -6.57059 -16.3494 0
      vertex -6.64207 -16.56 3
      vertex -6.64207 -16.56 0
    endloop
  endfacet
  facet normal -0.659291 0.751888 0
    outer loop
      vertex 6.20208 -18.2021 0
      vertex 6.03489 -18.3487 3
      vertex 6.20208 -18.2021 3
    endloop
  endfacet
  facet normal -0.659291 0.751888 0
    outer loop
      vertex 6.03489 -18.3487 3
      vertex 6.20208 -18.2021 0
      vertex 6.03489 -18.3487 0
    endloop
  endfacet
  facet normal -0.831483 0.555551 0
    outer loop
      vertex 6.3487 -18.0349 0
      vertex 6.47224 -17.85 3
      vertex 6.47224 -17.85 0
    endloop
  endfacet
  facet normal -0.831483 0.555551 0
    outer loop
      vertex 6.47224 -17.85 3
      vertex 6.3487 -18.0349 0
      vertex 6.3487 -18.0349 3
    endloop
  endfacet
  facet normal -0.195165 -0.98077 0
    outer loop
      vertex 5.22189 -15.3145 0
      vertex 5.43999 -15.3579 3
      vertex 5.22189 -15.3145 3
    endloop
  endfacet
  facet normal -0.195165 -0.98077 -0
    outer loop
      vertex 5.43999 -15.3579 3
      vertex 5.22189 -15.3145 0
      vertex 5.43999 -15.3579 0
    endloop
  endfacet
  facet normal 0.321525 0.946901 -0
    outer loop
      vertex -5.43999 -18.6421 0
      vertex -5.65056 -18.5706 3
      vertex -5.43999 -18.6421 3
    endloop
  endfacet
  facet normal 0.321525 0.946901 0
    outer loop
      vertex -5.65056 -18.5706 3
      vertex -5.43999 -18.6421 0
      vertex -5.65056 -18.5706 0
    endloop
  endfacet
  facet normal 0.321525 -0.946901 0
    outer loop
      vertex -5.65056 -15.4294 0
      vertex -5.43999 -15.3579 3
      vertex -5.65056 -15.4294 3
    endloop
  endfacet
  facet normal 0.321525 -0.946901 0
    outer loop
      vertex -5.43999 -15.3579 3
      vertex -5.65056 -15.4294 0
      vertex -5.43999 -15.3579 0
    endloop
  endfacet
  facet normal -0.946943 -0.321403 0
    outer loop
      vertex 6.64207 -16.56 0
      vertex 6.57059 -16.3494 3
      vertex 6.57059 -16.3494 0
    endloop
  endfacet
  facet normal -0.946943 -0.321403 0
    outer loop
      vertex 6.57059 -16.3494 3
      vertex 6.64207 -16.56 0
      vertex 6.64207 -16.56 3
    endloop
  endfacet
  facet normal -0.946943 0.321403 0
    outer loop
      vertex 6.57059 -17.6506 0
      vertex 6.64207 -17.44 3
      vertex 6.64207 -17.44 0
    endloop
  endfacet
  facet normal -0.946943 0.321403 0
    outer loop
      vertex 6.64207 -17.44 3
      vertex 6.57059 -17.6506 0
      vertex 6.57059 -17.6506 3
    endloop
  endfacet
  facet normal -0.321525 0.946901 0
    outer loop
      vertex 5.65056 -18.5706 0
      vertex 5.43999 -18.6421 3
      vertex 5.65056 -18.5706 3
    endloop
  endfacet
  facet normal -0.321525 0.946901 0
    outer loop
      vertex 5.43999 -18.6421 3
      vertex 5.65056 -18.5706 0
      vertex 5.43999 -18.6421 0
    endloop
  endfacet
  facet normal -0.442459 0.896789 0
    outer loop
      vertex 5.85 -18.4722 0
      vertex 5.65056 -18.5706 3
      vertex 5.85 -18.4722 3
    endloop
  endfacet
  facet normal -0.442459 0.896789 0
    outer loop
      vertex 5.65056 -18.5706 3
      vertex 5.85 -18.4722 0
      vertex 5.65056 -18.5706 0
    endloop
  endfacet
  facet normal 0.195165 0.98077 -0
    outer loop
      vertex -5.22189 -18.6855 0
      vertex -5.43999 -18.6421 3
      vertex -5.22189 -18.6855 3
    endloop
  endfacet
  facet normal 0.195165 0.98077 0
    outer loop
      vertex -5.43999 -18.6421 3
      vertex -5.22189 -18.6855 0
      vertex -5.43999 -18.6421 0
    endloop
  endfacet
  facet normal 0.555447 -0.831552 0
    outer loop
      vertex -6.03489 -15.6513 0
      vertex -5.85 -15.5278 3
      vertex -6.03489 -15.6513 3
    endloop
  endfacet
  facet normal 0.555447 -0.831552 0
    outer loop
      vertex -5.85 -15.5278 3
      vertex -6.03489 -15.6513 0
      vertex -5.85 -15.5278 0
    endloop
  endfacet
  facet normal -0.99786 0.0653848 0
    outer loop
      vertex 6.68546 -17.2219 0
      vertex 6.7 -17 3
      vertex 6.7 -17 0
    endloop
  endfacet
  facet normal -0.99786 0.0653848 0
    outer loop
      vertex 6.7 -17 3
      vertex 6.68546 -17.2219 0
      vertex 6.68546 -17.2219 3
    endloop
  endfacet
  facet normal -0.751863 -0.659319 0
    outer loop
      vertex 6.3487 -15.9651 0
      vertex 6.20208 -15.7979 3
      vertex 6.20208 -15.7979 0
    endloop
  endfacet
  facet normal -0.751863 -0.659319 0
    outer loop
      vertex 6.20208 -15.7979 3
      vertex 6.3487 -15.9651 0
      vertex 6.3487 -15.9651 3
    endloop
  endfacet
  facet normal -0.659291 -0.751888 0
    outer loop
      vertex 6.03489 -15.6513 0
      vertex 6.20208 -15.7979 3
      vertex 6.03489 -15.6513 3
    endloop
  endfacet
  facet normal -0.659291 -0.751888 -0
    outer loop
      vertex 6.20208 -15.7979 3
      vertex 6.03489 -15.6513 0
      vertex 6.20208 -15.7979 0
    endloop
  endfacet
  facet normal -0.442459 -0.896789 0
    outer loop
      vertex 5.65056 -15.4294 0
      vertex 5.85 -15.5278 3
      vertex 5.65056 -15.4294 3
    endloop
  endfacet
  facet normal -0.442459 -0.896789 -0
    outer loop
      vertex 5.85 -15.5278 3
      vertex 5.65056 -15.4294 0
      vertex 5.85 -15.5278 0
    endloop
  endfacet
  facet normal -0.751863 0.659319 0
    outer loop
      vertex 6.20208 -18.2021 0
      vertex 6.3487 -18.0349 3
      vertex 6.3487 -18.0349 0
    endloop
  endfacet
  facet normal -0.751863 0.659319 0
    outer loop
      vertex 6.3487 -18.0349 3
      vertex 6.20208 -18.2021 0
      vertex 6.20208 -18.2021 3
    endloop
  endfacet
  facet normal -0.555447 0.831552 0
    outer loop
      vertex 6.03489 -18.3487 0
      vertex 5.85 -18.4722 3
      vertex 6.03489 -18.3487 3
    endloop
  endfacet
  facet normal -0.555447 0.831552 0
    outer loop
      vertex 5.85 -18.4722 3
      vertex 6.03489 -18.3487 0
      vertex 5.85 -18.4722 0
    endloop
  endfacet
  facet normal -0.195165 0.98077 0
    outer loop
      vertex 5.43999 -18.6421 0
      vertex 5.22189 -18.6855 3
      vertex 5.43999 -18.6421 3
    endloop
  endfacet
  facet normal -0.195165 0.98077 0
    outer loop
      vertex 5.22189 -18.6855 3
      vertex 5.43999 -18.6421 0
      vertex 5.22189 -18.6855 0
    endloop
  endfacet
  facet normal -0.0652086 0.997872 0
    outer loop
      vertex 5.22189 -18.6855 0
      vertex 5 -18.7 3
      vertex 5.22189 -18.6855 3
    endloop
  endfacet
  facet normal -0.0652086 0.997872 0
    outer loop
      vertex 5 -18.7 3
      vertex 5.22189 -18.6855 0
      vertex 5 -18.7 0
    endloop
  endfacet
  facet normal 0.195165 -0.98077 0
    outer loop
      vertex -5.43999 -15.3579 0
      vertex -5.22189 -15.3145 3
      vertex -5.43999 -15.3579 3
    endloop
  endfacet
  facet normal 0.195165 -0.98077 0
    outer loop
      vertex -5.22189 -15.3145 3
      vertex -5.43999 -15.3579 0
      vertex -5.22189 -15.3145 0
    endloop
  endfacet
  facet normal 0.0652086 -0.997872 0
    outer loop
      vertex -5.22189 -15.3145 0
      vertex -5 -15.3 3
      vertex -5.22189 -15.3145 3
    endloop
  endfacet
  facet normal 0.0652086 -0.997872 0
    outer loop
      vertex -5 -15.3 3
      vertex -5.22189 -15.3145 0
      vertex -5 -15.3 0
    endloop
  endfacet
  facet normal 0.831483 -0.555551 0
    outer loop
      vertex -6.47224 -16.15 3
      vertex -6.3487 -15.9651 0
      vertex -6.3487 -15.9651 3
    endloop
  endfacet
  facet normal 0.831483 -0.555551 0
    outer loop
      vertex -6.3487 -15.9651 0
      vertex -6.47224 -16.15 3
      vertex -6.47224 -16.15 0
    endloop
  endfacet
  facet normal 0.99786 -0.0653848 0
    outer loop
      vertex -6.7 -17 3
      vertex -6.68546 -16.7781 0
      vertex -6.68546 -16.7781 3
    endloop
  endfacet
  facet normal 0.99786 -0.0653848 0
    outer loop
      vertex -6.68546 -16.7781 0
      vertex -6.7 -17 3
      vertex -6.7 -17 0
    endloop
  endfacet
  facet normal 0.99786 0.0653848 0
    outer loop
      vertex -6.68546 -17.2219 3
      vertex -6.7 -17 0
      vertex -6.7 -17 3
    endloop
  endfacet
  facet normal 0.99786 0.0653848 0
    outer loop
      vertex -6.7 -17 0
      vertex -6.68546 -17.2219 3
      vertex -6.68546 -17.2219 0
    endloop
  endfacet
  facet normal 0.980779 -0.195122 0
    outer loop
      vertex -6.68546 -16.7781 3
      vertex -6.64207 -16.56 0
      vertex -6.64207 -16.56 3
    endloop
  endfacet
  facet normal 0.980779 -0.195122 0
    outer loop
      vertex -6.64207 -16.56 0
      vertex -6.68546 -16.7781 3
      vertex -6.68546 -16.7781 0
    endloop
  endfacet
  facet normal 0.751863 0.659319 0
    outer loop
      vertex -6.20208 -18.2021 3
      vertex -6.3487 -18.0349 0
      vertex -6.3487 -18.0349 3
    endloop
  endfacet
  facet normal 0.751863 0.659319 0
    outer loop
      vertex -6.3487 -18.0349 0
      vertex -6.20208 -18.2021 3
      vertex -6.20208 -18.2021 0
    endloop
  endfacet
  facet normal 0.0652086 0.997872 -0
    outer loop
      vertex -5 -18.7 0
      vertex -5.22189 -18.6855 3
      vertex -5 -18.7 3
    endloop
  endfacet
  facet normal 0.0652086 0.997872 0
    outer loop
      vertex -5.22189 -18.6855 3
      vertex -5 -18.7 0
      vertex -5.22189 -18.6855 0
    endloop
  endfacet
  facet normal 0.442459 -0.896789 0
    outer loop
      vertex -5.85 -15.5278 0
      vertex -5.65056 -15.4294 3
      vertex -5.85 -15.5278 3
    endloop
  endfacet
  facet normal 0.442459 -0.896789 0
    outer loop
      vertex -5.65056 -15.4294 3
      vertex -5.85 -15.5278 0
      vertex -5.65056 -15.4294 0
    endloop
  endfacet
  facet normal -0.980779 -0.195122 0
    outer loop
      vertex 6.68546 -16.7781 0
      vertex 6.64207 -16.56 3
      vertex 6.64207 -16.56 0
    endloop
  endfacet
  facet normal -0.980779 -0.195122 0
    outer loop
      vertex 6.64207 -16.56 3
      vertex 6.68546 -16.7781 0
      vertex 6.68546 -16.7781 3
    endloop
  endfacet
  facet normal -0.99786 -0.0653848 0
    outer loop
      vertex 6.7 -17 0
      vertex 6.68546 -16.7781 3
      vertex 6.68546 -16.7781 0
    endloop
  endfacet
  facet normal -0.99786 -0.0653848 0
    outer loop
      vertex 6.68546 -16.7781 3
      vertex 6.7 -17 0
      vertex 6.7 -17 3
    endloop
  endfacet
  facet normal -0.831483 -0.555551 0
    outer loop
      vertex 6.47224 -16.15 0
      vertex 6.3487 -15.9651 3
      vertex 6.3487 -15.9651 0
    endloop
  endfacet
  facet normal -0.831483 -0.555551 0
    outer loop
      vertex 6.3487 -15.9651 3
      vertex 6.47224 -16.15 0
      vertex 6.47224 -16.15 3
    endloop
  endfacet
  facet normal -0.896843 -0.442349 0
    outer loop
      vertex 6.57059 -16.3494 0
      vertex 6.47224 -16.15 3
      vertex 6.47224 -16.15 0
    endloop
  endfacet
  facet normal -0.896843 -0.442349 0
    outer loop
      vertex 6.47224 -16.15 3
      vertex 6.57059 -16.3494 0
      vertex 6.57059 -16.3494 3
    endloop
  endfacet
  facet normal -0.555447 -0.831552 0
    outer loop
      vertex 5.85 -15.5278 0
      vertex 6.03489 -15.6513 3
      vertex 5.85 -15.5278 3
    endloop
  endfacet
  facet normal -0.555447 -0.831552 -0
    outer loop
      vertex 6.03489 -15.6513 3
      vertex 5.85 -15.5278 0
      vertex 6.03489 -15.6513 0
    endloop
  endfacet
  facet normal -0.896843 0.442349 0
    outer loop
      vertex 6.47224 -17.85 0
      vertex 6.57059 -17.6506 3
      vertex 6.57059 -17.6506 0
    endloop
  endfacet
  facet normal -0.896843 0.442349 0
    outer loop
      vertex 6.57059 -17.6506 3
      vertex 6.47224 -17.85 0
      vertex 6.47224 -17.85 3
    endloop
  endfacet
  facet normal 0.751863 -0.659319 0
    outer loop
      vertex -6.3487 -15.9651 3
      vertex -6.20208 -15.7979 0
      vertex -6.20208 -15.7979 3
    endloop
  endfacet
  facet normal 0.751863 -0.659319 0
    outer loop
      vertex -6.20208 -15.7979 0
      vertex -6.3487 -15.9651 3
      vertex -6.3487 -15.9651 0
    endloop
  endfacet
  facet normal 0.659291 -0.751888 0
    outer loop
      vertex -6.20208 -15.7979 0
      vertex -6.03489 -15.6513 3
      vertex -6.20208 -15.7979 3
    endloop
  endfacet
  facet normal 0.659291 -0.751888 0
    outer loop
      vertex -6.03489 -15.6513 3
      vertex -6.20208 -15.7979 0
      vertex -6.03489 -15.6513 0
    endloop
  endfacet
  facet normal 0.896843 -0.442349 0
    outer loop
      vertex -6.57059 -16.3494 3
      vertex -6.47224 -16.15 0
      vertex -6.47224 -16.15 3
    endloop
  endfacet
  facet normal 0.896843 -0.442349 0
    outer loop
      vertex -6.47224 -16.15 0
      vertex -6.57059 -16.3494 3
      vertex -6.57059 -16.3494 0
    endloop
  endfacet
  facet normal 0.980779 0.195122 0
    outer loop
      vertex -6.64207 -17.44 3
      vertex -6.68546 -17.2219 0
      vertex -6.68546 -17.2219 3
    endloop
  endfacet
  facet normal 0.980779 0.195122 0
    outer loop
      vertex -6.68546 -17.2219 0
      vertex -6.64207 -17.44 3
      vertex -6.64207 -17.44 0
    endloop
  endfacet
  facet normal 0.896843 0.442349 0
    outer loop
      vertex -6.47224 -17.85 3
      vertex -6.57059 -17.6506 0
      vertex -6.57059 -17.6506 3
    endloop
  endfacet
  facet normal 0.896843 0.442349 0
    outer loop
      vertex -6.57059 -17.6506 0
      vertex -6.47224 -17.85 3
      vertex -6.47224 -17.85 0
    endloop
  endfacet
  facet normal 0.555447 0.831552 -0
    outer loop
      vertex -5.85 -18.4722 0
      vertex -6.03489 -18.3487 3
      vertex -5.85 -18.4722 3
    endloop
  endfacet
  facet normal 0.555447 0.831552 0
    outer loop
      vertex -6.03489 -18.3487 3
      vertex -5.85 -18.4722 0
      vertex -6.03489 -18.3487 0
    endloop
  endfacet
  facet normal 0.659291 0.751888 -0
    outer loop
      vertex -6.03489 -18.3487 0
      vertex -6.20208 -18.2021 3
      vertex -6.03489 -18.3487 3
    endloop
  endfacet
  facet normal 0.659291 0.751888 0
    outer loop
      vertex -6.20208 -18.2021 3
      vertex -6.03489 -18.3487 0
      vertex -6.20208 -18.2021 0
    endloop
  endfacet
  facet normal 0.946943 0.321403 0
    outer loop
      vertex -6.57059 -17.6506 3
      vertex -6.64207 -17.44 0
      vertex -6.64207 -17.44 3
    endloop
  endfacet
  facet normal 0.946943 0.321403 0
    outer loop
      vertex -6.64207 -17.44 0
      vertex -6.57059 -17.6506 3
      vertex -6.57059 -17.6506 0
    endloop
  endfacet
  facet normal 0.442459 0.896789 -0
    outer loop
      vertex -5.65056 -18.5706 0
      vertex -5.85 -18.4722 3
      vertex -5.65056 -18.5706 3
    endloop
  endfacet
  facet normal 0.442459 0.896789 0
    outer loop
      vertex -5.85 -18.4722 3
      vertex -5.65056 -18.5706 0
      vertex -5.85 -18.4722 0
    endloop
  endfacet
  facet normal 0.831483 0.555551 0
    outer loop
      vertex -6.3487 -18.0349 3
      vertex -6.47224 -17.85 0
      vertex -6.47224 -17.85 3
    endloop
  endfacet
  facet normal 0.831483 0.555551 0
    outer loop
      vertex -6.47224 -17.85 0
      vertex -6.3487 -18.0349 3
      vertex -6.3487 -18.0349 0
    endloop
  endfacet
  facet normal 0 1 -0
    outer loop
      vertex 5 15.3 0
      vertex -5 15.3 3
      vertex 5 15.3 3
    endloop
  endfacet
  facet normal 0 1 0
    outer loop
      vertex -5 15.3 3
      vertex 5 15.3 0
      vertex -5 15.3 0
    endloop
  endfacet
  facet normal -0.321525 -0.946901 0
    outer loop
      vertex 5.43999 18.6421 0
      vertex 5.65056 18.5706 3
      vertex 5.43999 18.6421 3
    endloop
  endfacet
  facet normal -0.321525 -0.946901 -0
    outer loop
      vertex 5.65056 18.5706 3
      vertex 5.43999 18.6421 0
      vertex 5.65056 18.5706 0
    endloop
  endfacet
  facet normal -0.980779 0.195122 0
    outer loop
      vertex 6.64207 16.56 0
      vertex 6.68546 16.7781 3
      vertex 6.68546 16.7781 0
    endloop
  endfacet
  facet normal -0.980779 0.195122 0
    outer loop
      vertex 6.68546 16.7781 3
      vertex 6.64207 16.56 0
      vertex 6.64207 16.56 3
    endloop
  endfacet
  facet normal 0 -1 0
    outer loop
      vertex -5 18.7 0
      vertex 5 18.7 3
      vertex -5 18.7 3
    endloop
  endfacet
  facet normal 0 -1 -0
    outer loop
      vertex 5 18.7 3
      vertex -5 18.7 0
      vertex 5 18.7 0
    endloop
  endfacet
  facet normal -0.0652086 -0.997872 0
    outer loop
      vertex 5 18.7 0
      vertex 5.22189 18.6855 3
      vertex 5 18.7 3
    endloop
  endfacet
  facet normal -0.0652086 -0.997872 -0
    outer loop
      vertex 5.22189 18.6855 3
      vertex 5 18.7 0
      vertex 5.22189 18.6855 0
    endloop
  endfacet
  facet normal 0.946943 -0.321403 0
    outer loop
      vertex -6.64207 17.44 3
      vertex -6.57059 17.6506 0
      vertex -6.57059 17.6506 3
    endloop
  endfacet
  facet normal 0.946943 -0.321403 0
    outer loop
      vertex -6.57059 17.6506 0
      vertex -6.64207 17.44 3
      vertex -6.64207 17.44 0
    endloop
  endfacet
  facet normal -0.659291 0.751888 0
    outer loop
      vertex 6.20208 15.7979 0
      vertex 6.03489 15.6513 3
      vertex 6.20208 15.7979 3
    endloop
  endfacet
  facet normal -0.659291 0.751888 0
    outer loop
      vertex 6.03489 15.6513 3
      vertex 6.20208 15.7979 0
      vertex 6.03489 15.6513 0
    endloop
  endfacet
  facet normal 0.0652086 0.997872 -0
    outer loop
      vertex -5 15.3 0
      vertex -5.22189 15.3145 3
      vertex -5 15.3 3
    endloop
  endfacet
  facet normal 0.0652086 0.997872 0
    outer loop
      vertex -5.22189 15.3145 3
      vertex -5 15.3 0
      vertex -5.22189 15.3145 0
    endloop
  endfacet
  facet normal -0.195165 -0.98077 0
    outer loop
      vertex 5.22189 18.6855 0
      vertex 5.43999 18.6421 3
      vertex 5.22189 18.6855 3
    endloop
  endfacet
  facet normal -0.195165 -0.98077 -0
    outer loop
      vertex 5.43999 18.6421 3
      vertex 5.22189 18.6855 0
      vertex 5.43999 18.6421 0
    endloop
  endfacet
  facet normal 0.321525 0.946901 -0
    outer loop
      vertex -5.43999 15.3579 0
      vertex -5.65056 15.4294 3
      vertex -5.43999 15.3579 3
    endloop
  endfacet
  facet normal 0.321525 0.946901 0
    outer loop
      vertex -5.65056 15.4294 3
      vertex -5.43999 15.3579 0
      vertex -5.65056 15.4294 0
    endloop
  endfacet
  facet normal 0.321525 -0.946901 0
    outer loop
      vertex -5.65056 18.5706 0
      vertex -5.43999 18.6421 3
      vertex -5.65056 18.5706 3
    endloop
  endfacet
  facet normal 0.321525 -0.946901 0
    outer loop
      vertex -5.43999 18.6421 3
      vertex -5.65056 18.5706 0
      vertex -5.43999 18.6421 0
    endloop
  endfacet
  facet normal -0.946943 -0.321403 0
    outer loop
      vertex 6.64207 17.44 0
      vertex 6.57059 17.6506 3
      vertex 6.57059 17.6506 0
    endloop
  endfacet
  facet normal -0.946943 -0.321403 0
    outer loop
      vertex 6.57059 17.6506 3
      vertex 6.64207 17.44 0
      vertex 6.64207 17.44 3
    endloop
  endfacet
  facet normal -0.946943 0.321403 0
    outer loop
      vertex 6.57059 16.3494 0
      vertex 6.64207 16.56 3
      vertex 6.64207 16.56 0
    endloop
  endfacet
  facet normal -0.946943 0.321403 0
    outer loop
      vertex 6.64207 16.56 3
      vertex 6.57059 16.3494 0
      vertex 6.57059 16.3494 3
    endloop
  endfacet
  facet normal -0.321525 0.946901 0
    outer loop
      vertex 5.65056 15.4294 0
      vertex 5.43999 15.3579 3
      vertex 5.65056 15.4294 3
    endloop
  endfacet
  facet normal -0.321525 0.946901 0
    outer loop
      vertex 5.43999 15.3579 3
      vertex 5.65056 15.4294 0
      vertex 5.43999 15.3579 0
    endloop
  endfacet
  facet normal -0.442459 0.896789 0
    outer loop
      vertex 5.85 15.5278 0
      vertex 5.65056 15.4294 3
      vertex 5.85 15.5278 3
    endloop
  endfacet
  facet normal -0.442459 0.896789 0
    outer loop
      vertex 5.65056 15.4294 3
      vertex 5.85 15.5278 0
      vertex 5.65056 15.4294 0
    endloop
  endfacet
  facet normal -0.0652086 0.997872 0
    outer loop
      vertex 5.22189 15.3145 0
      vertex 5 15.3 3
      vertex 5.22189 15.3145 3
    endloop
  endfacet
  facet normal -0.0652086 0.997872 0
    outer loop
      vertex 5 15.3 3
      vertex 5.22189 15.3145 0
      vertex 5 15.3 0
    endloop
  endfacet
  facet normal 0.195165 0.98077 -0
    outer loop
      vertex -5.22189 15.3145 0
      vertex -5.43999 15.3579 3
      vertex -5.22189 15.3145 3
    endloop
  endfacet
  facet normal 0.195165 0.98077 0
    outer loop
      vertex -5.43999 15.3579 3
      vertex -5.22189 15.3145 0
      vertex -5.43999 15.3579 0
    endloop
  endfacet
  facet normal 0.555447 -0.831552 0
    outer loop
      vertex -6.03489 18.3487 0
      vertex -5.85 18.4722 3
      vertex -6.03489 18.3487 3
    endloop
  endfacet
  facet normal 0.555447 -0.831552 0
    outer loop
      vertex -5.85 18.4722 3
      vertex -6.03489 18.3487 0
      vertex -5.85 18.4722 0
    endloop
  endfacet
  facet normal -0.99786 0.0653848 0
    outer loop
      vertex 6.68546 16.7781 0
      vertex 6.7 17 3
      vertex 6.7 17 0
    endloop
  endfacet
  facet normal -0.99786 0.0653848 0
    outer loop
      vertex 6.7 17 3
      vertex 6.68546 16.7781 0
      vertex 6.68546 16.7781 3
    endloop
  endfacet
  facet normal -0.751863 -0.659319 0
    outer loop
      vertex 6.3487 18.0349 0
      vertex 6.20208 18.2021 3
      vertex 6.20208 18.2021 0
    endloop
  endfacet
  facet normal -0.751863 -0.659319 0
    outer loop
      vertex 6.20208 18.2021 3
      vertex 6.3487 18.0349 0
      vertex 6.3487 18.0349 3
    endloop
  endfacet
  facet normal -0.659291 -0.751888 0
    outer loop
      vertex 6.03489 18.3487 0
      vertex 6.20208 18.2021 3
      vertex 6.03489 18.3487 3
    endloop
  endfacet
  facet normal -0.659291 -0.751888 -0
    outer loop
      vertex 6.20208 18.2021 3
      vertex 6.03489 18.3487 0
      vertex 6.20208 18.2021 0
    endloop
  endfacet
  facet normal -0.442459 -0.896789 0
    outer loop
      vertex 5.65056 18.5706 0
      vertex 5.85 18.4722 3
      vertex 5.65056 18.5706 3
    endloop
  endfacet
  facet normal -0.442459 -0.896789 -0
    outer loop
      vertex 5.85 18.4722 3
      vertex 5.65056 18.5706 0
      vertex 5.85 18.4722 0
    endloop
  endfacet
  facet normal -0.751863 0.659319 0
    outer loop
      vertex 6.20208 15.7979 0
      vertex 6.3487 15.9651 3
      vertex 6.3487 15.9651 0
    endloop
  endfacet
  facet normal -0.751863 0.659319 0
    outer loop
      vertex 6.3487 15.9651 3
      vertex 6.20208 15.7979 0
      vertex 6.20208 15.7979 3
    endloop
  endfacet
  facet normal -0.555447 0.831552 0
    outer loop
      vertex 6.03489 15.6513 0
      vertex 5.85 15.5278 3
      vertex 6.03489 15.6513 3
    endloop
  endfacet
  facet normal -0.555447 0.831552 0
    outer loop
      vertex 5.85 15.5278 3
      vertex 6.03489 15.6513 0
      vertex 5.85 15.5278 0
    endloop
  endfacet
  facet normal -0.195165 0.98077 0
    outer loop
      vertex 5.43999 15.3579 0
      vertex 5.22189 15.3145 3
      vertex 5.43999 15.3579 3
    endloop
  endfacet
  facet normal -0.195165 0.98077 0
    outer loop
      vertex 5.22189 15.3145 3
      vertex 5.43999 15.3579 0
      vertex 5.22189 15.3145 0
    endloop
  endfacet
  facet normal 0.195165 -0.98077 0
    outer loop
      vertex -5.43999 18.6421 0
      vertex -5.22189 18.6855 3
      vertex -5.43999 18.6421 3
    endloop
  endfacet
  facet normal 0.195165 -0.98077 0
    outer loop
      vertex -5.22189 18.6855 3
      vertex -5.43999 18.6421 0
      vertex -5.22189 18.6855 0
    endloop
  endfacet
  facet normal 0.0652086 -0.997872 0
    outer loop
      vertex -5.22189 18.6855 0
      vertex -5 18.7 3
      vertex -5.22189 18.6855 3
    endloop
  endfacet
  facet normal 0.0652086 -0.997872 0
    outer loop
      vertex -5 18.7 3
      vertex -5.22189 18.6855 0
      vertex -5 18.7 0
    endloop
  endfacet
  facet normal 0.831483 -0.555551 0
    outer loop
      vertex -6.47224 17.85 3
      vertex -6.3487 18.0349 0
      vertex -6.3487 18.0349 3
    endloop
  endfacet
  facet normal 0.831483 -0.555551 0
    outer loop
      vertex -6.3487 18.0349 0
      vertex -6.47224 17.85 3
      vertex -6.47224 17.85 0
    endloop
  endfacet
  facet normal 0.99786 -0.0653848 0
    outer loop
      vertex -6.7 17 3
      vertex -6.68546 17.2219 0
      vertex -6.68546 17.2219 3
    endloop
  endfacet
  facet normal 0.99786 -0.0653848 0
    outer loop
      vertex -6.68546 17.2219 0
      vertex -6.7 17 3
      vertex -6.7 17 0
    endloop
  endfacet
  facet normal 0.99786 0.0653848 0
    outer loop
      vertex -6.68546 16.7781 3
      vertex -6.7 17 0
      vertex -6.7 17 3
    endloop
  endfacet
  facet normal 0.99786 0.0653848 0
    outer loop
      vertex -6.7 17 0
      vertex -6.68546 16.7781 3
      vertex -6.68546 16.7781 0
    endloop
  endfacet
  facet normal 0.980779 -0.195122 0
    outer loop
      vertex -6.68546 17.2219 3
      vertex -6.64207 17.44 0
      vertex -6.64207 17.44 3
    endloop
  endfacet
  facet normal 0.980779 -0.195122 0
    outer loop
      vertex -6.64207 17.44 0
      vertex -6.68546 17.2219 3
      vertex -6.68546 17.2219 0
    endloop
  endfacet
  facet normal 0.751863 0.659319 0
    outer loop
      vertex -6.20208 15.7979 3
      vertex -6.3487 15.9651 0
      vertex -6.3487 15.9651 3
    endloop
  endfacet
  facet normal 0.751863 0.659319 0
    outer loop
      vertex -6.3487 15.9651 0
      vertex -6.20208 15.7979 3
      vertex -6.20208 15.7979 0
    endloop
  endfacet
  facet normal 0.442459 -0.896789 0
    outer loop
      vertex -5.85 18.4722 0
      vertex -5.65056 18.5706 3
      vertex -5.85 18.4722 3
    endloop
  endfacet
  facet normal 0.442459 -0.896789 0
    outer loop
      vertex -5.65056 18.5706 3
      vertex -5.85 18.4722 0
      vertex -5.65056 18.5706 0
    endloop
  endfacet
  facet normal -0.980779 -0.195122 0
    outer loop
      vertex 6.68546 17.2219 0
      vertex 6.64207 17.44 3
      vertex 6.64207 17.44 0
    endloop
  endfacet
  facet normal -0.980779 -0.195122 0
    outer loop
      vertex 6.64207 17.44 3
      vertex 6.68546 17.2219 0
      vertex 6.68546 17.2219 3
    endloop
  endfacet
  facet normal -0.99786 -0.0653848 0
    outer loop
      vertex 6.7 17 0
      vertex 6.68546 17.2219 3
      vertex 6.68546 17.2219 0
    endloop
  endfacet
  facet normal -0.99786 -0.0653848 0
    outer loop
      vertex 6.68546 17.2219 3
      vertex 6.7 17 0
      vertex 6.7 17 3
    endloop
  endfacet
  facet normal -0.831483 -0.555551 0
    outer loop
      vertex 6.47224 17.85 0
      vertex 6.3487 18.0349 3
      vertex 6.3487 18.0349 0
    endloop
  endfacet
  facet normal -0.831483 -0.555551 0
    outer loop
      vertex 6.3487 18.0349 3
      vertex 6.47224 17.85 0
      vertex 6.47224 17.85 3
    endloop
  endfacet
  facet normal -0.896843 -0.442349 0
    outer loop
      vertex 6.57059 17.6506 0
      vertex 6.47224 17.85 3
      vertex 6.47224 17.85 0
    endloop
  endfacet
  facet normal -0.896843 -0.442349 0
    outer loop
      vertex 6.47224 17.85 3
      vertex 6.57059 17.6506 0
      vertex 6.57059 17.6506 3
    endloop
  endfacet
  facet normal -0.555447 -0.831552 0
    outer loop
      vertex 5.85 18.4722 0
      vertex 6.03489 18.3487 3
      vertex 5.85 18.4722 3
    endloop
  endfacet
  facet normal -0.555447 -0.831552 -0
    outer loop
      vertex 6.03489 18.3487 3
      vertex 5.85 18.4722 0
      vertex 6.03489 18.3487 0
    endloop
  endfacet
  facet normal -0.896843 0.442349 0
    outer loop
      vertex 6.47224 16.15 0
      vertex 6.57059 16.3494 3
      vertex 6.57059 16.3494 0
    endloop
  endfacet
  facet normal -0.896843 0.442349 0
    outer loop
      vertex 6.57059 16.3494 3
      vertex 6.47224 16.15 0
      vertex 6.47224 16.15 3
    endloop
  endfacet
  facet normal -0.831483 0.555551 0
    outer loop
      vertex 6.3487 15.9651 0
      vertex 6.47224 16.15 3
      vertex 6.47224 16.15 0
    endloop
  endfacet
  facet normal -0.831483 0.555551 0
    outer loop
      vertex 6.47224 16.15 3
      vertex 6.3487 15.9651 0
      vertex 6.3487 15.9651 3
    endloop
  endfacet
  facet normal 0.751863 -0.659319 0
    outer loop
      vertex -6.3487 18.0349 3
      vertex -6.20208 18.2021 0
      vertex -6.20208 18.2021 3
    endloop
  endfacet
  facet normal 0.751863 -0.659319 0
    outer loop
      vertex -6.20208 18.2021 0
      vertex -6.3487 18.0349 3
      vertex -6.3487 18.0349 0
    endloop
  endfacet
  facet normal 0.659291 -0.751888 0
    outer loop
      vertex -6.20208 18.2021 0
      vertex -6.03489 18.3487 3
      vertex -6.20208 18.2021 3
    endloop
  endfacet
  facet normal 0.659291 -0.751888 0
    outer loop
      vertex -6.03489 18.3487 3
      vertex -6.20208 18.2021 0
      vertex -6.03489 18.3487 0
    endloop
  endfacet
  facet normal 0.896843 -0.442349 0
    outer loop
      vertex -6.57059 17.6506 3
      vertex -6.47224 17.85 0
      vertex -6.47224 17.85 3
    endloop
  endfacet
  facet normal 0.896843 -0.442349 0
    outer loop
      vertex -6.47224 17.85 0
      vertex -6.57059 17.6506 3
      vertex -6.57059 17.6506 0
    endloop
  endfacet
  facet normal 0.980779 0.195122 0
    outer loop
      vertex -6.64207 16.56 3
      vertex -6.68546 16.7781 0
      vertex -6.68546 16.7781 3
    endloop
  endfacet
  facet normal 0.980779 0.195122 0
    outer loop
      vertex -6.68546 16.7781 0
      vertex -6.64207 16.56 3
      vertex -6.64207 16.56 0
    endloop
  endfacet
  facet normal 0.896843 0.442349 0
    outer loop
      vertex -6.47224 16.15 3
      vertex -6.57059 16.3494 0
      vertex -6.57059 16.3494 3
    endloop
  endfacet
  facet normal 0.896843 0.442349 0
    outer loop
      vertex -6.57059 16.3494 0
      vertex -6.47224 16.15 3
      vertex -6.47224 16.15 0
    endloop
  endfacet
  facet normal 0.555447 0.831552 -0
    outer loop
      vertex -5.85 15.5278 0
      vertex -6.03489 15.6513 3
      vertex -5.85 15.5278 3
    endloop
  endfacet
  facet normal 0.555447 0.831552 0
    outer loop
      vertex -6.03489 15.6513 3
      vertex -5.85 15.5278 0
      vertex -6.03489 15.6513 0
    endloop
  endfacet
  facet normal 0.659291 0.751888 -0
    outer loop
      vertex -6.03489 15.6513 0
      vertex -6.20208 15.7979 3
      vertex -6.03489 15.6513 3
    endloop
  endfacet
  facet normal 0.659291 0.751888 0
    outer loop
      vertex -6.20208 15.7979 3
      vertex -6.03489 15.6513 0
      vertex -6.20208 15.7979 0
    endloop
  endfacet
  facet normal 0.946943 0.321403 0
    outer loop
      vertex -6.57059 16.3494 3
      vertex -6.64207 16.56 0
      vertex -6.64207 16.56 3
    endloop
  endfacet
  facet normal 0.946943 0.321403 0
    outer loop
      vertex -6.64207 16.56 0
      vertex -6.57059 16.3494 3
      vertex -6.57059 16.3494 0
    endloop
  endfacet
  facet normal 0.442459 0.896789 -0
    outer loop
      vertex -5.65056 15.4294 0
      vertex -5.85 15.5278 3
      vertex -5.65056 15.4294 3
    endloop
  endfacet
  facet normal 0.442459 0.896789 0
    outer loop
      vertex -5.85 15.5278 3
      vertex -5.65056 15.4294 0
      vertex -5.85 15.5278 0
    endloop
  endfacet
  facet normal 0.831483 0.555551 0
    outer loop
      vertex -6.3487 15.9651 3
      vertex -6.47224 16.15 0
      vertex -6.47224 16.15 3
    endloop
  endfacet
  facet normal 0.831483 0.555551 0
    outer loop
      vertex -6.47224 16.15 0
      vertex -6.3487 15.9651 3
      vertex -6.3487 15.9651 0
    endloop
  endfacet
  facet normal -1 0 0
    outer loop
      vertex -26.3 -5 0
      vertex -26.3 5 3
      vertex -26.3 5 0
    endloop
  endfacet
  facet normal -1 -0 0
    outer loop
      vertex -26.3 5 3
      vertex -26.3 -5 0
      vertex -26.3 -5 3
    endloop
  endfacet
  facet normal -0.997872 0.0652086 0
    outer loop
      vertex -26.3145 -5.22189 0
      vertex -26.3 -5 3
      vertex -26.3 -5 0
    endloop
  endfacet
  facet normal -0.997872 0.0652086 0
    outer loop
      vertex -26.3 -5 3
      vertex -26.3145 -5.22189 0
      vertex -26.3145 -5.22189 3
    endloop
  endfacet
  facet normal -0.0653848 0.99786 0
    outer loop
      vertex -27.7781 -6.68546 0
      vertex -28 -6.7 3
      vertex -27.7781 -6.68546 3
    endloop
  endfacet
  facet normal -0.0653848 0.99786 0
    outer loop
      vertex -28 -6.7 3
      vertex -27.7781 -6.68546 0
      vertex -28 -6.7 0
    endloop
  endfacet
  facet normal -0.0653848 -0.99786 0
    outer loop
      vertex -28 6.7 0
      vertex -27.7781 6.68546 3
      vertex -28 6.7 3
    endloop
  endfacet
  facet normal -0.0653848 -0.99786 -0
    outer loop
      vertex -27.7781 6.68546 3
      vertex -28 6.7 0
      vertex -27.7781 6.68546 0
    endloop
  endfacet
  facet normal -0.997872 -0.0652086 0
    outer loop
      vertex -26.3 5 0
      vertex -26.3145 5.22189 3
      vertex -26.3145 5.22189 0
    endloop
  endfacet
  facet normal -0.997872 -0.0652086 0
    outer loop
      vertex -26.3145 5.22189 3
      vertex -26.3 5 0
      vertex -26.3 5 3
    endloop
  endfacet
  facet normal 0.997872 0.0652086 0
    outer loop
      vertex -29.6855 -5.22189 3
      vertex -29.7 -5 0
      vertex -29.7 -5 3
    endloop
  endfacet
  facet normal 0.997872 0.0652086 0
    outer loop
      vertex -29.7 -5 0
      vertex -29.6855 -5.22189 3
      vertex -29.6855 -5.22189 0
    endloop
  endfacet
  facet normal -0.751888 0.659291 0
    outer loop
      vertex -26.7979 -6.20208 0
      vertex -26.6513 -6.03489 3
      vertex -26.6513 -6.03489 0
    endloop
  endfacet
  facet normal -0.751888 0.659291 0
    outer loop
      vertex -26.6513 -6.03489 3
      vertex -26.7979 -6.20208 0
      vertex -26.7979 -6.20208 3
    endloop
  endfacet
  facet normal 0.321403 0.946943 -0
    outer loop
      vertex -28.44 -6.64207 0
      vertex -28.6506 -6.57059 3
      vertex -28.44 -6.64207 3
    endloop
  endfacet
  facet normal 0.321403 0.946943 0
    outer loop
      vertex -28.6506 -6.57059 3
      vertex -28.44 -6.64207 0
      vertex -28.6506 -6.57059 0
    endloop
  endfacet
  facet normal -0.751888 -0.659291 0
    outer loop
      vertex -26.6513 6.03489 0
      vertex -26.7979 6.20208 3
      vertex -26.7979 6.20208 0
    endloop
  endfacet
  facet normal -0.751888 -0.659291 0
    outer loop
      vertex -26.7979 6.20208 3
      vertex -26.6513 6.03489 0
      vertex -26.6513 6.03489 3
    endloop
  endfacet
  facet normal -0.659319 0.751863 0
    outer loop
      vertex -26.7979 -6.20208 0
      vertex -26.9651 -6.3487 3
      vertex -26.7979 -6.20208 3
    endloop
  endfacet
  facet normal -0.659319 0.751863 0
    outer loop
      vertex -26.9651 -6.3487 3
      vertex -26.7979 -6.20208 0
      vertex -26.9651 -6.3487 0
    endloop
  endfacet
  facet normal -0.946901 0.321525 0
    outer loop
      vertex -26.4294 -5.65056 0
      vertex -26.3579 -5.43999 3
      vertex -26.3579 -5.43999 0
    endloop
  endfacet
  facet normal -0.946901 0.321525 0
    outer loop
      vertex -26.3579 -5.43999 3
      vertex -26.4294 -5.65056 0
      vertex -26.4294 -5.65056 3
    endloop
  endfacet
  facet normal 0.195122 0.980779 -0
    outer loop
      vertex -28.2219 -6.68546 0
      vertex -28.44 -6.64207 3
      vertex -28.2219 -6.68546 3
    endloop
  endfacet
  facet normal 0.195122 0.980779 0
    outer loop
      vertex -28.44 -6.64207 3
      vertex -28.2219 -6.68546 0
      vertex -28.44 -6.64207 0
    endloop
  endfacet
  facet normal -0.946901 -0.321525 0
    outer loop
      vertex -26.3579 5.43999 0
      vertex -26.4294 5.65056 3
      vertex -26.4294 5.65056 0
    endloop
  endfacet
  facet normal -0.946901 -0.321525 0
    outer loop
      vertex -26.4294 5.65056 3
      vertex -26.3579 5.43999 0
      vertex -26.3579 5.43999 3
    endloop
  endfacet
  facet normal 0.98077 -0.195165 0
    outer loop
      vertex -29.6855 5.22189 3
      vertex -29.6421 5.43999 0
      vertex -29.6421 5.43999 3
    endloop
  endfacet
  facet normal 0.98077 -0.195165 0
    outer loop
      vertex -29.6421 5.43999 0
      vertex -29.6855 5.22189 3
      vertex -29.6855 5.22189 0
    endloop
  endfacet
  facet normal -0.98077 0.195165 0
    outer loop
      vertex -26.3579 -5.43999 0
      vertex -26.3145 -5.22189 3
      vertex -26.3145 -5.22189 0
    endloop
  endfacet
  facet normal -0.98077 0.195165 0
    outer loop
      vertex -26.3145 -5.22189 3
      vertex -26.3579 -5.43999 0
      vertex -26.3579 -5.43999 3
    endloop
  endfacet
  facet normal 0.0653848 0.99786 -0
    outer loop
      vertex -28 -6.7 0
      vertex -28.2219 -6.68546 3
      vertex -28 -6.7 3
    endloop
  endfacet
  facet normal 0.0653848 0.99786 0
    outer loop
      vertex -28.2219 -6.68546 3
      vertex -28 -6.7 0
      vertex -28.2219 -6.68546 0
    endloop
  endfacet
  facet normal 0.98077 0.195165 0
    outer loop
      vertex -29.6421 -5.43999 3
      vertex -29.6855 -5.22189 0
      vertex -29.6855 -5.22189 3
    endloop
  endfacet
  facet normal 0.98077 0.195165 0
    outer loop
      vertex -29.6855 -5.22189 0
      vertex -29.6421 -5.43999 3
      vertex -29.6421 -5.43999 0
    endloop
  endfacet
  facet normal 1 -0 0
    outer loop
      vertex -29.7 -5 3
      vertex -29.7 5 0
      vertex -29.7 5 3
    endloop
  endfacet
  facet normal 1 0 0
    outer loop
      vertex -29.7 5 0
      vertex -29.7 -5 3
      vertex -29.7 -5 0
    endloop
  endfacet
  facet normal 0.997872 -0.0652086 0
    outer loop
      vertex -29.7 5 3
      vertex -29.6855 5.22189 0
      vertex -29.6855 5.22189 3
    endloop
  endfacet
  facet normal 0.997872 -0.0652086 0
    outer loop
      vertex -29.6855 5.22189 0
      vertex -29.7 5 3
      vertex -29.7 5 0
    endloop
  endfacet
  facet normal -0.98077 -0.195165 0
    outer loop
      vertex -26.3145 5.22189 0
      vertex -26.3579 5.43999 3
      vertex -26.3579 5.43999 0
    endloop
  endfacet
  facet normal -0.98077 -0.195165 0
    outer loop
      vertex -26.3579 5.43999 3
      vertex -26.3145 5.22189 0
      vertex -26.3145 5.22189 3
    endloop
  endfacet
  facet normal -0.659319 -0.751863 0
    outer loop
      vertex -26.9651 6.3487 0
      vertex -26.7979 6.20208 3
      vertex -26.9651 6.3487 3
    endloop
  endfacet
  facet normal -0.659319 -0.751863 -0
    outer loop
      vertex -26.7979 6.20208 3
      vertex -26.9651 6.3487 0
      vertex -26.7979 6.20208 0
    endloop
  endfacet
  facet normal 0.831552 -0.555447 0
    outer loop
      vertex -29.4722 5.85 3
      vertex -29.3487 6.03489 0
      vertex -29.3487 6.03489 3
    endloop
  endfacet
  facet normal 0.831552 -0.555447 0
    outer loop
      vertex -29.3487 6.03489 0
      vertex -29.4722 5.85 3
      vertex -29.4722 5.85 0
    endloop
  endfacet
  facet normal 0.321403 -0.946943 0
    outer loop
      vertex -28.6506 6.57059 0
      vertex -28.44 6.64207 3
      vertex -28.6506 6.57059 3
    endloop
  endfacet
  facet normal 0.321403 -0.946943 0
    outer loop
      vertex -28.44 6.64207 3
      vertex -28.6506 6.57059 0
      vertex -28.44 6.64207 0
    endloop
  endfacet
  facet normal 0.555551 -0.831483 0
    outer loop
      vertex -29.0349 6.3487 0
      vertex -28.85 6.47224 3
      vertex -29.0349 6.3487 3
    endloop
  endfacet
  facet normal 0.555551 -0.831483 0
    outer loop
      vertex -28.85 6.47224 3
      vertex -29.0349 6.3487 0
      vertex -28.85 6.47224 0
    endloop
  endfacet
  facet normal 0.195122 -0.980779 0
    outer loop
      vertex -28.44 6.64207 0
      vertex -28.2219 6.68546 3
      vertex -28.44 6.64207 3
    endloop
  endfacet
  facet normal 0.195122 -0.980779 0
    outer loop
      vertex -28.2219 6.68546 3
      vertex -28.44 6.64207 0
      vertex -28.2219 6.68546 0
    endloop
  endfacet
  facet normal 0.0653848 -0.99786 0
    outer loop
      vertex -28.2219 6.68546 0
      vertex -28 6.7 3
      vertex -28.2219 6.68546 3
    endloop
  endfacet
  facet normal 0.0653848 -0.99786 0
    outer loop
      vertex -28 6.7 3
      vertex -28.2219 6.68546 0
      vertex -28 6.7 0
    endloop
  endfacet
  facet normal -0.195122 0.980779 0
    outer loop
      vertex -27.56 -6.64207 0
      vertex -27.7781 -6.68546 3
      vertex -27.56 -6.64207 3
    endloop
  endfacet
  facet normal -0.195122 0.980779 0
    outer loop
      vertex -27.7781 -6.68546 3
      vertex -27.56 -6.64207 0
      vertex -27.7781 -6.68546 0
    endloop
  endfacet
  facet normal -0.442349 0.896843 0
    outer loop
      vertex -27.15 -6.47224 0
      vertex -27.3494 -6.57059 3
      vertex -27.15 -6.47224 3
    endloop
  endfacet
  facet normal -0.442349 0.896843 0
    outer loop
      vertex -27.3494 -6.57059 3
      vertex -27.15 -6.47224 0
      vertex -27.3494 -6.57059 0
    endloop
  endfacet
  facet normal -0.831552 0.555447 0
    outer loop
      vertex -26.6513 -6.03489 0
      vertex -26.5278 -5.85 3
      vertex -26.5278 -5.85 0
    endloop
  endfacet
  facet normal -0.831552 0.555447 0
    outer loop
      vertex -26.5278 -5.85 3
      vertex -26.6513 -6.03489 0
      vertex -26.6513 -6.03489 3
    endloop
  endfacet
  facet normal 0.946901 0.321525 0
    outer loop
      vertex -29.5706 -5.65056 3
      vertex -29.6421 -5.43999 0
      vertex -29.6421 -5.43999 3
    endloop
  endfacet
  facet normal 0.946901 0.321525 0
    outer loop
      vertex -29.6421 -5.43999 0
      vertex -29.5706 -5.65056 3
      vertex -29.5706 -5.65056 0
    endloop
  endfacet
  facet normal 0.896789 0.442459 0
    outer loop
      vertex -29.4722 -5.85 3
      vertex -29.5706 -5.65056 0
      vertex -29.5706 -5.65056 3
    endloop
  endfacet
  facet normal 0.896789 0.442459 0
    outer loop
      vertex -29.5706 -5.65056 0
      vertex -29.4722 -5.85 3
      vertex -29.4722 -5.85 0
    endloop
  endfacet
  facet normal 0.831552 0.555447 0
    outer loop
      vertex -29.3487 -6.03489 3
      vertex -29.4722 -5.85 0
      vertex -29.4722 -5.85 3
    endloop
  endfacet
  facet normal 0.831552 0.555447 0
    outer loop
      vertex -29.4722 -5.85 0
      vertex -29.3487 -6.03489 3
      vertex -29.3487 -6.03489 0
    endloop
  endfacet
  facet normal 0.555551 0.831483 -0
    outer loop
      vertex -28.85 -6.47224 0
      vertex -29.0349 -6.3487 3
      vertex -28.85 -6.47224 3
    endloop
  endfacet
  facet normal 0.555551 0.831483 0
    outer loop
      vertex -29.0349 -6.3487 3
      vertex -28.85 -6.47224 0
      vertex -29.0349 -6.3487 0
    endloop
  endfacet
  facet normal 0.442349 0.896843 -0
    outer loop
      vertex -28.6506 -6.57059 0
      vertex -28.85 -6.47224 3
      vertex -28.6506 -6.57059 3
    endloop
  endfacet
  facet normal 0.442349 0.896843 0
    outer loop
      vertex -28.85 -6.47224 3
      vertex -28.6506 -6.57059 0
      vertex -28.85 -6.47224 0
    endloop
  endfacet
  facet normal 0.751888 0.659291 0
    outer loop
      vertex -29.2021 -6.20208 3
      vertex -29.3487 -6.03489 0
      vertex -29.3487 -6.03489 3
    endloop
  endfacet
  facet normal 0.751888 0.659291 0
    outer loop
      vertex -29.3487 -6.03489 0
      vertex -29.2021 -6.20208 3
      vertex -29.2021 -6.20208 0
    endloop
  endfacet
  facet normal -0.831552 -0.555447 0
    outer loop
      vertex -26.5278 5.85 0
      vertex -26.6513 6.03489 3
      vertex -26.6513 6.03489 0
    endloop
  endfacet
  facet normal -0.831552 -0.555447 0
    outer loop
      vertex -26.6513 6.03489 3
      vertex -26.5278 5.85 0
      vertex -26.5278 5.85 3
    endloop
  endfacet
  facet normal -0.195122 -0.980779 0
    outer loop
      vertex -27.7781 6.68546 0
      vertex -27.56 6.64207 3
      vertex -27.7781 6.68546 3
    endloop
  endfacet
  facet normal -0.195122 -0.980779 -0
    outer loop
      vertex -27.56 6.64207 3
      vertex -27.7781 6.68546 0
      vertex -27.56 6.64207 0
    endloop
  endfacet
  facet normal 0.751888 -0.659291 0
    outer loop
      vertex -29.3487 6.03489 3
      vertex -29.2021 6.20208 0
      vertex -29.2021 6.20208 3
    endloop
  endfacet
  facet normal 0.751888 -0.659291 0
    outer loop
      vertex -29.2021 6.20208 0
      vertex -29.3487 6.03489 3
      vertex -29.3487 6.03489 0
    endloop
  endfacet
  facet normal 0.659319 -0.751863 0
    outer loop
      vertex -29.2021 6.20208 0
      vertex -29.0349 6.3487 3
      vertex -29.2021 6.20208 3
    endloop
  endfacet
  facet normal 0.659319 -0.751863 0
    outer loop
      vertex -29.0349 6.3487 3
      vertex -29.2021 6.20208 0
      vertex -29.0349 6.3487 0
    endloop
  endfacet
  facet normal 0.946901 -0.321525 0
    outer loop
      vertex -29.6421 5.43999 3
      vertex -29.5706 5.65056 0
      vertex -29.5706 5.65056 3
    endloop
  endfacet
  facet normal 0.946901 -0.321525 0
    outer loop
      vertex -29.5706 5.65056 0
      vertex -29.6421 5.43999 3
      vertex -29.6421 5.43999 0
    endloop
  endfacet
  facet normal 0.896789 -0.442459 0
    outer loop
      vertex -29.5706 5.65056 3
      vertex -29.4722 5.85 0
      vertex -29.4722 5.85 3
    endloop
  endfacet
  facet normal 0.896789 -0.442459 0
    outer loop
      vertex -29.4722 5.85 0
      vertex -29.5706 5.65056 3
      vertex -29.5706 5.65056 0
    endloop
  endfacet
  facet normal 0.442349 -0.896843 0
    outer loop
      vertex -28.85 6.47224 0
      vertex -28.6506 6.57059 3
      vertex -28.85 6.47224 3
    endloop
  endfacet
  facet normal 0.442349 -0.896843 0
    outer loop
      vertex -28.6506 6.57059 3
      vertex -28.85 6.47224 0
      vertex -28.6506 6.57059 0
    endloop
  endfacet
  facet normal -0.321403 0.946943 0
    outer loop
      vertex -27.3494 -6.57059 0
      vertex -27.56 -6.64207 3
      vertex -27.3494 -6.57059 3
    endloop
  endfacet
  facet normal -0.321403 0.946943 0
    outer loop
      vertex -27.56 -6.64207 3
      vertex -27.3494 -6.57059 0
      vertex -27.56 -6.64207 0
    endloop
  endfacet
  facet normal -0.896789 0.442459 0
    outer loop
      vertex -26.5278 -5.85 0
      vertex -26.4294 -5.65056 3
      vertex -26.4294 -5.65056 0
    endloop
  endfacet
  facet normal -0.896789 0.442459 0
    outer loop
      vertex -26.4294 -5.65056 3
      vertex -26.5278 -5.85 0
      vertex -26.5278 -5.85 3
    endloop
  endfacet
  facet normal 0.659319 0.751863 -0
    outer loop
      vertex -29.0349 -6.3487 0
      vertex -29.2021 -6.20208 3
      vertex -29.0349 -6.3487 3
    endloop
  endfacet
  facet normal 0.659319 0.751863 0
    outer loop
      vertex -29.2021 -6.20208 3
      vertex -29.0349 -6.3487 0
      vertex -29.2021 -6.20208 0
    endloop
  endfacet
  facet normal -0.321403 -0.946943 0
    outer loop
      vertex -27.56 6.64207 0
      vertex -27.3494 6.57059 3
      vertex -27.56 6.64207 3
    endloop
  endfacet
  facet normal -0.321403 -0.946943 -0
    outer loop
      vertex -27.3494 6.57059 3
      vertex -27.56 6.64207 0
      vertex -27.3494 6.57059 0
    endloop
  endfacet
  facet normal -0.896789 -0.442459 0
    outer loop
      vertex -26.4294 5.65056 0
      vertex -26.5278 5.85 3
      vertex -26.5278 5.85 0
    endloop
  endfacet
  facet normal -0.896789 -0.442459 0
    outer loop
      vertex -26.5278 5.85 3
      vertex -26.4294 5.65056 0
      vertex -26.4294 5.65056 3
    endloop
  endfacet
  facet normal -0.555551 0.831483 0
    outer loop
      vertex -26.9651 -6.3487 0
      vertex -27.15 -6.47224 3
      vertex -26.9651 -6.3487 3
    endloop
  endfacet
  facet normal -0.555551 0.831483 0
    outer loop
      vertex -27.15 -6.47224 3
      vertex -26.9651 -6.3487 0
      vertex -27.15 -6.47224 0
    endloop
  endfacet
  facet normal -0.442349 -0.896843 0
    outer loop
      vertex -27.3494 6.57059 0
      vertex -27.15 6.47224 3
      vertex -27.3494 6.57059 3
    endloop
  endfacet
  facet normal -0.442349 -0.896843 -0
    outer loop
      vertex -27.15 6.47224 3
      vertex -27.3494 6.57059 0
      vertex -27.15 6.47224 0
    endloop
  endfacet
  facet normal -0.555551 -0.831483 0
    outer loop
      vertex -27.15 6.47224 0
      vertex -26.9651 6.3487 3
      vertex -27.15 6.47224 3
    endloop
  endfacet
  facet normal -0.555551 -0.831483 -0
    outer loop
      vertex -26.9651 6.3487 3
      vertex -27.15 6.47224 0
      vertex -26.9651 6.3487 0
    endloop
  endfacet
  facet normal -1 0 0
    outer loop
      vertex 29.7 -5 0
      vertex 29.7 5 3
      vertex 29.7 5 0
    endloop
  endfacet
  facet normal -1 -0 0
    outer loop
      vertex 29.7 5 3
      vertex 29.7 -5 0
      vertex 29.7 -5 3
    endloop
  endfacet
  facet normal -0.997872 0.0652086 0
    outer loop
      vertex 29.6855 -5.22189 0
      vertex 29.7 -5 3
      vertex 29.7 -5 0
    endloop
  endfacet
  facet normal -0.997872 0.0652086 0
    outer loop
      vertex 29.7 -5 3
      vertex 29.6855 -5.22189 0
      vertex 29.6855 -5.22189 3
    endloop
  endfacet
  facet normal -0.0653848 0.99786 0
    outer loop
      vertex 28.2219 -6.68546 0
      vertex 28 -6.7 3
      vertex 28.2219 -6.68546 3
    endloop
  endfacet
  facet normal -0.0653848 0.99786 0
    outer loop
      vertex 28 -6.7 3
      vertex 28.2219 -6.68546 0
      vertex 28 -6.7 0
    endloop
  endfacet
  facet normal -0.0653848 -0.99786 0
    outer loop
      vertex 28 6.7 0
      vertex 28.2219 6.68546 3
      vertex 28 6.7 3
    endloop
  endfacet
  facet normal -0.0653848 -0.99786 -0
    outer loop
      vertex 28.2219 6.68546 3
      vertex 28 6.7 0
      vertex 28.2219 6.68546 0
    endloop
  endfacet
  facet normal -0.997872 -0.0652086 0
    outer loop
      vertex 29.7 5 0
      vertex 29.6855 5.22189 3
      vertex 29.6855 5.22189 0
    endloop
  endfacet
  facet normal -0.997872 -0.0652086 0
    outer loop
      vertex 29.6855 5.22189 3
      vertex 29.7 5 0
      vertex 29.7 5 3
    endloop
  endfacet
  facet normal 0.997872 0.0652086 0
    outer loop
      vertex 26.3145 -5.22189 3
      vertex 26.3 -5 0
      vertex 26.3 -5 3
    endloop
  endfacet
  facet normal 0.997872 0.0652086 0
    outer loop
      vertex 26.3 -5 0
      vertex 26.3145 -5.22189 3
      vertex 26.3145 -5.22189 0
    endloop
  endfacet
  facet normal -0.751888 0.659291 0
    outer loop
      vertex 29.2021 -6.20208 0
      vertex 29.3487 -6.03489 3
      vertex 29.3487 -6.03489 0
    endloop
  endfacet
  facet normal -0.751888 0.659291 0
    outer loop
      vertex 29.3487 -6.03489 3
      vertex 29.2021 -6.20208 0
      vertex 29.2021 -6.20208 3
    endloop
  endfacet
  facet normal 0.321403 0.946943 -0
    outer loop
      vertex 27.56 -6.64207 0
      vertex 27.3494 -6.57059 3
      vertex 27.56 -6.64207 3
    endloop
  endfacet
  facet normal 0.321403 0.946943 0
    outer loop
      vertex 27.3494 -6.57059 3
      vertex 27.56 -6.64207 0
      vertex 27.3494 -6.57059 0
    endloop
  endfacet
  facet normal -0.751888 -0.659291 0
    outer loop
      vertex 29.3487 6.03489 0
      vertex 29.2021 6.20208 3
      vertex 29.2021 6.20208 0
    endloop
  endfacet
  facet normal -0.751888 -0.659291 0
    outer loop
      vertex 29.2021 6.20208 3
      vertex 29.3487 6.03489 0
      vertex 29.3487 6.03489 3
    endloop
  endfacet
  facet normal 0.0653848 -0.99786 0
    outer loop
      vertex 27.7781 6.68546 0
      vertex 28 6.7 3
      vertex 27.7781 6.68546 3
    endloop
  endfacet
  facet normal 0.0653848 -0.99786 0
    outer loop
      vertex 28 6.7 3
      vertex 27.7781 6.68546 0
      vertex 28 6.7 0
    endloop
  endfacet
  facet normal 0.751888 0.659291 0
    outer loop
      vertex 26.7979 -6.20208 3
      vertex 26.6513 -6.03489 0
      vertex 26.6513 -6.03489 3
    endloop
  endfacet
  facet normal 0.751888 0.659291 0
    outer loop
      vertex 26.6513 -6.03489 0
      vertex 26.7979 -6.20208 3
      vertex 26.7979 -6.20208 0
    endloop
  endfacet
  facet normal 0.555551 0.831483 -0
    outer loop
      vertex 27.15 -6.47224 0
      vertex 26.9651 -6.3487 3
      vertex 27.15 -6.47224 3
    endloop
  endfacet
  facet normal 0.555551 0.831483 0
    outer loop
      vertex 26.9651 -6.3487 3
      vertex 27.15 -6.47224 0
      vertex 26.9651 -6.3487 0
    endloop
  endfacet
  facet normal 0.659319 -0.751863 0
    outer loop
      vertex 26.7979 6.20208 0
      vertex 26.9651 6.3487 3
      vertex 26.7979 6.20208 3
    endloop
  endfacet
  facet normal 0.659319 -0.751863 0
    outer loop
      vertex 26.9651 6.3487 3
      vertex 26.7979 6.20208 0
      vertex 26.9651 6.3487 0
    endloop
  endfacet
  facet normal 0.896789 -0.442459 0
    outer loop
      vertex 26.4294 5.65056 3
      vertex 26.5278 5.85 0
      vertex 26.5278 5.85 3
    endloop
  endfacet
  facet normal 0.896789 -0.442459 0
    outer loop
      vertex 26.5278 5.85 0
      vertex 26.4294 5.65056 3
      vertex 26.4294 5.65056 0
    endloop
  endfacet
  facet normal 0.321403 -0.946943 0
    outer loop
      vertex 27.3494 6.57059 0
      vertex 27.56 6.64207 3
      vertex 27.3494 6.57059 3
    endloop
  endfacet
  facet normal 0.321403 -0.946943 0
    outer loop
      vertex 27.56 6.64207 3
      vertex 27.3494 6.57059 0
      vertex 27.56 6.64207 0
    endloop
  endfacet
  facet normal -0.98077 0.195165 0
    outer loop
      vertex 29.6421 -5.43999 0
      vertex 29.6855 -5.22189 3
      vertex 29.6855 -5.22189 0
    endloop
  endfacet
  facet normal -0.98077 0.195165 0
    outer loop
      vertex 29.6855 -5.22189 3
      vertex 29.6421 -5.43999 0
      vertex 29.6421 -5.43999 3
    endloop
  endfacet
  facet normal 0.98077 0.195165 0
    outer loop
      vertex 26.3579 -5.43999 3
      vertex 26.3145 -5.22189 0
      vertex 26.3145 -5.22189 3
    endloop
  endfacet
  facet normal 0.98077 0.195165 0
    outer loop
      vertex 26.3145 -5.22189 0
      vertex 26.3579 -5.43999 3
      vertex 26.3579 -5.43999 0
    endloop
  endfacet
  facet normal 1 -0 0
    outer loop
      vertex 26.3 -5 3
      vertex 26.3 5 0
      vertex 26.3 5 3
    endloop
  endfacet
  facet normal 1 0 0
    outer loop
      vertex 26.3 5 0
      vertex 26.3 -5 3
      vertex 26.3 -5 0
    endloop
  endfacet
  facet normal 0.997872 -0.0652086 0
    outer loop
      vertex 26.3 5 3
      vertex 26.3145 5.22189 0
      vertex 26.3145 5.22189 3
    endloop
  endfacet
  facet normal 0.997872 -0.0652086 0
    outer loop
      vertex 26.3145 5.22189 0
      vertex 26.3 5 3
      vertex 26.3 5 0
    endloop
  endfacet
  facet normal -0.98077 -0.195165 0
    outer loop
      vertex 29.6855 5.22189 0
      vertex 29.6421 5.43999 3
      vertex 29.6421 5.43999 0
    endloop
  endfacet
  facet normal -0.98077 -0.195165 0
    outer loop
      vertex 29.6421 5.43999 3
      vertex 29.6855 5.22189 0
      vertex 29.6855 5.22189 3
    endloop
  endfacet
  facet normal -0.659319 -0.751863 0
    outer loop
      vertex 29.0349 6.3487 0
      vertex 29.2021 6.20208 3
      vertex 29.0349 6.3487 3
    endloop
  endfacet
  facet normal -0.659319 -0.751863 -0
    outer loop
      vertex 29.2021 6.20208 3
      vertex 29.0349 6.3487 0
      vertex 29.2021 6.20208 0
    endloop
  endfacet
  facet normal 0.831552 -0.555447 0
    outer loop
      vertex 26.5278 5.85 3
      vertex 26.6513 6.03489 0
      vertex 26.6513 6.03489 3
    endloop
  endfacet
  facet normal 0.831552 -0.555447 0
    outer loop
      vertex 26.6513 6.03489 0
      vertex 26.5278 5.85 3
      vertex 26.5278 5.85 0
    endloop
  endfacet
  facet normal 0.98077 -0.195165 0
    outer loop
      vertex 26.3145 5.22189 3
      vertex 26.3579 5.43999 0
      vertex 26.3579 5.43999 3
    endloop
  endfacet
  facet normal 0.98077 -0.195165 0
    outer loop
      vertex 26.3579 5.43999 0
      vertex 26.3145 5.22189 3
      vertex 26.3145 5.22189 0
    endloop
  endfacet
  facet normal 0.195122 -0.980779 0
    outer loop
      vertex 27.56 6.64207 0
      vertex 27.7781 6.68546 3
      vertex 27.56 6.64207 3
    endloop
  endfacet
  facet normal 0.195122 -0.980779 0
    outer loop
      vertex 27.7781 6.68546 3
      vertex 27.56 6.64207 0
      vertex 27.7781 6.68546 0
    endloop
  endfacet
  facet normal -0.896789 0.442459 0
    outer loop
      vertex 29.4722 -5.85 0
      vertex 29.5706 -5.65056 3
      vertex 29.5706 -5.65056 0
    endloop
  endfacet
  facet normal -0.896789 0.442459 0
    outer loop
      vertex 29.5706 -5.65056 3
      vertex 29.4722 -5.85 0
      vertex 29.4722 -5.85 3
    endloop
  endfacet
  facet normal -0.946901 0.321525 0
    outer loop
      vertex 29.5706 -5.65056 0
      vertex 29.6421 -5.43999 3
      vertex 29.6421 -5.43999 0
    endloop
  endfacet
  facet normal -0.946901 0.321525 0
    outer loop
      vertex 29.6421 -5.43999 3
      vertex 29.5706 -5.65056 0
      vertex 29.5706 -5.65056 3
    endloop
  endfacet
  facet normal -0.321403 0.946943 0
    outer loop
      vertex 28.6506 -6.57059 0
      vertex 28.44 -6.64207 3
      vertex 28.6506 -6.57059 3
    endloop
  endfacet
  facet normal -0.321403 0.946943 0
    outer loop
      vertex 28.44 -6.64207 3
      vertex 28.6506 -6.57059 0
      vertex 28.44 -6.64207 0
    endloop
  endfacet
  facet normal -0.195122 0.980779 0
    outer loop
      vertex 28.44 -6.64207 0
      vertex 28.2219 -6.68546 3
      vertex 28.44 -6.64207 3
    endloop
  endfacet
  facet normal -0.195122 0.980779 0
    outer loop
      vertex 28.2219 -6.68546 3
      vertex 28.44 -6.64207 0
      vertex 28.2219 -6.68546 0
    endloop
  endfacet
  facet normal -0.659319 0.751863 0
    outer loop
      vertex 29.2021 -6.20208 0
      vertex 29.0349 -6.3487 3
      vertex 29.2021 -6.20208 3
    endloop
  endfacet
  facet normal -0.659319 0.751863 0
    outer loop
      vertex 29.0349 -6.3487 3
      vertex 29.2021 -6.20208 0
      vertex 29.0349 -6.3487 0
    endloop
  endfacet
  facet normal -0.831552 0.555447 0
    outer loop
      vertex 29.3487 -6.03489 0
      vertex 29.4722 -5.85 3
      vertex 29.4722 -5.85 0
    endloop
  endfacet
  facet normal -0.831552 0.555447 0
    outer loop
      vertex 29.4722 -5.85 3
      vertex 29.3487 -6.03489 0
      vertex 29.3487 -6.03489 3
    endloop
  endfacet
  facet normal 0.946901 0.321525 0
    outer loop
      vertex 26.4294 -5.65056 3
      vertex 26.3579 -5.43999 0
      vertex 26.3579 -5.43999 3
    endloop
  endfacet
  facet normal 0.946901 0.321525 0
    outer loop
      vertex 26.3579 -5.43999 0
      vertex 26.4294 -5.65056 3
      vertex 26.4294 -5.65056 0
    endloop
  endfacet
  facet normal 0.659319 0.751863 -0
    outer loop
      vertex 26.9651 -6.3487 0
      vertex 26.7979 -6.20208 3
      vertex 26.9651 -6.3487 3
    endloop
  endfacet
  facet normal 0.659319 0.751863 0
    outer loop
      vertex 26.7979 -6.20208 3
      vertex 26.9651 -6.3487 0
      vertex 26.7979 -6.20208 0
    endloop
  endfacet
  facet normal 0.0653848 0.99786 -0
    outer loop
      vertex 28 -6.7 0
      vertex 27.7781 -6.68546 3
      vertex 28 -6.7 3
    endloop
  endfacet
  facet normal 0.0653848 0.99786 0
    outer loop
      vertex 27.7781 -6.68546 3
      vertex 28 -6.7 0
      vertex 27.7781 -6.68546 0
    endloop
  endfacet
  facet normal 0.195122 0.980779 -0
    outer loop
      vertex 27.7781 -6.68546 0
      vertex 27.56 -6.64207 3
      vertex 27.7781 -6.68546 3
    endloop
  endfacet
  facet normal 0.195122 0.980779 0
    outer loop
      vertex 27.56 -6.64207 3
      vertex 27.7781 -6.68546 0
      vertex 27.56 -6.64207 0
    endloop
  endfacet
  facet normal -0.946901 -0.321525 0
    outer loop
      vertex 29.6421 5.43999 0
      vertex 29.5706 5.65056 3
      vertex 29.5706 5.65056 0
    endloop
  endfacet
  facet normal -0.946901 -0.321525 0
    outer loop
      vertex 29.5706 5.65056 3
      vertex 29.6421 5.43999 0
      vertex 29.6421 5.43999 3
    endloop
  endfacet
  facet normal -0.195122 -0.980779 0
    outer loop
      vertex 28.2219 6.68546 0
      vertex 28.44 6.64207 3
      vertex 28.2219 6.68546 3
    endloop
  endfacet
  facet normal -0.195122 -0.980779 -0
    outer loop
      vertex 28.44 6.64207 3
      vertex 28.2219 6.68546 0
      vertex 28.44 6.64207 0
    endloop
  endfacet
  facet normal -0.321403 -0.946943 0
    outer loop
      vertex 28.44 6.64207 0
      vertex 28.6506 6.57059 3
      vertex 28.44 6.64207 3
    endloop
  endfacet
  facet normal -0.321403 -0.946943 -0
    outer loop
      vertex 28.6506 6.57059 3
      vertex 28.44 6.64207 0
      vertex 28.6506 6.57059 0
    endloop
  endfacet
  facet normal 0.751888 -0.659291 0
    outer loop
      vertex 26.6513 6.03489 3
      vertex 26.7979 6.20208 0
      vertex 26.7979 6.20208 3
    endloop
  endfacet
  facet normal 0.751888 -0.659291 0
    outer loop
      vertex 26.7979 6.20208 0
      vertex 26.6513 6.03489 3
      vertex 26.6513 6.03489 0
    endloop
  endfacet
  facet normal 0.946901 -0.321525 0
    outer loop
      vertex 26.3579 5.43999 3
      vertex 26.4294 5.65056 0
      vertex 26.4294 5.65056 3
    endloop
  endfacet
  facet normal 0.946901 -0.321525 0
    outer loop
      vertex 26.4294 5.65056 0
      vertex 26.3579 5.43999 3
      vertex 26.3579 5.43999 0
    endloop
  endfacet
  facet normal 0.555551 -0.831483 0
    outer loop
      vertex 26.9651 6.3487 0
      vertex 27.15 6.47224 3
      vertex 26.9651 6.3487 3
    endloop
  endfacet
  facet normal 0.555551 -0.831483 0
    outer loop
      vertex 27.15 6.47224 3
      vertex 26.9651 6.3487 0
      vertex 27.15 6.47224 0
    endloop
  endfacet
  facet normal 0.442349 -0.896843 0
    outer loop
      vertex 27.15 6.47224 0
      vertex 27.3494 6.57059 3
      vertex 27.15 6.47224 3
    endloop
  endfacet
  facet normal 0.442349 -0.896843 0
    outer loop
      vertex 27.3494 6.57059 3
      vertex 27.15 6.47224 0
      vertex 27.3494 6.57059 0
    endloop
  endfacet
  facet normal -0.442349 0.896843 0
    outer loop
      vertex 28.85 -6.47224 0
      vertex 28.6506 -6.57059 3
      vertex 28.85 -6.47224 3
    endloop
  endfacet
  facet normal -0.442349 0.896843 0
    outer loop
      vertex 28.6506 -6.57059 3
      vertex 28.85 -6.47224 0
      vertex 28.6506 -6.57059 0
    endloop
  endfacet
  facet normal 0.831552 0.555447 0
    outer loop
      vertex 26.6513 -6.03489 3
      vertex 26.5278 -5.85 0
      vertex 26.5278 -5.85 3
    endloop
  endfacet
  facet normal 0.831552 0.555447 0
    outer loop
      vertex 26.5278 -5.85 0
      vertex 26.6513 -6.03489 3
      vertex 26.6513 -6.03489 0
    endloop
  endfacet
  facet normal 0.896789 0.442459 0
    outer loop
      vertex 26.5278 -5.85 3
      vertex 26.4294 -5.65056 0
      vertex 26.4294 -5.65056 3
    endloop
  endfacet
  facet normal 0.896789 0.442459 0
    outer loop
      vertex 26.4294 -5.65056 0
      vertex 26.5278 -5.85 3
      vertex 26.5278 -5.85 0
    endloop
  endfacet
  facet normal 0.442349 0.896843 -0
    outer loop
      vertex 27.3494 -6.57059 0
      vertex 27.15 -6.47224 3
      vertex 27.3494 -6.57059 3
    endloop
  endfacet
  facet normal 0.442349 0.896843 0
    outer loop
      vertex 27.15 -6.47224 3
      vertex 27.3494 -6.57059 0
      vertex 27.15 -6.47224 0
    endloop
  endfacet
  facet normal -0.442349 -0.896843 0
    outer loop
      vertex 28.6506 6.57059 0
      vertex 28.85 6.47224 3
      vertex 28.6506 6.57059 3
    endloop
  endfacet
  facet normal -0.442349 -0.896843 -0
    outer loop
      vertex 28.85 6.47224 3
      vertex 28.6506 6.57059 0
      vertex 28.85 6.47224 0
    endloop
  endfacet
  facet normal -0.831552 -0.555447 0
    outer loop
      vertex 29.4722 5.85 0
      vertex 29.3487 6.03489 3
      vertex 29.3487 6.03489 0
    endloop
  endfacet
  facet normal -0.831552 -0.555447 0
    outer loop
      vertex 29.3487 6.03489 3
      vertex 29.4722 5.85 0
      vertex 29.4722 5.85 3
    endloop
  endfacet
  facet normal -0.896789 -0.442459 0
    outer loop
      vertex 29.5706 5.65056 0
      vertex 29.4722 5.85 3
      vertex 29.4722 5.85 0
    endloop
  endfacet
  facet normal -0.896789 -0.442459 0
    outer loop
      vertex 29.4722 5.85 3
      vertex 29.5706 5.65056 0
      vertex 29.5706 5.65056 3
    endloop
  endfacet
  facet normal -0.555551 0.831483 0
    outer loop
      vertex 29.0349 -6.3487 0
      vertex 28.85 -6.47224 3
      vertex 29.0349 -6.3487 3
    endloop
  endfacet
  facet normal -0.555551 0.831483 0
    outer loop
      vertex 28.85 -6.47224 3
      vertex 29.0349 -6.3487 0
      vertex 28.85 -6.47224 0
    endloop
  endfacet
  facet normal -0.555551 -0.831483 0
    outer loop
      vertex 28.85 6.47224 0
      vertex 29.0349 6.3487 3
      vertex 28.85 6.47224 3
    endloop
  endfacet
  facet normal -0.555551 -0.831483 -0
    outer loop
      vertex 29.0349 6.3487 3
      vertex 28.85 6.47224 0
      vertex 29.0349 6.3487 0
    endloop
  endfacet
  facet normal 0.321498 -0.94691 0
    outer loop
      vertex 33.0353 -23.8637 0
      vertex 33.5307 -23.6955 3
      vertex 33.0353 -23.8637 3
    endloop
  endfacet
  facet normal 0.321498 -0.94691 0
    outer loop
      vertex 33.5307 -23.6955 3
      vertex 33.0353 -23.8637 0
      vertex 33.5307 -23.6955 0
    endloop
  endfacet
  facet normal -0.195124 0.980779 0
    outer loop
      vertex -32.5221 23.9658 0
      vertex -33.0353 23.8637 3
      vertex -32.5221 23.9658 3
    endloop
  endfacet
  facet normal -0.195124 0.980779 0
    outer loop
      vertex -33.0353 23.8637 3
      vertex -32.5221 23.9658 0
      vertex -33.0353 23.8637 0
    endloop
  endfacet
  facet normal 0.195124 -0.980779 0
    outer loop
      vertex 32.5221 -23.9658 0
      vertex 33.0353 -23.8637 3
      vertex 32.5221 -23.9658 3
    endloop
  endfacet
  facet normal 0.195124 -0.980779 0
    outer loop
      vertex 33.0353 -23.8637 3
      vertex 32.5221 -23.9658 0
      vertex 33.0353 -23.8637 0
    endloop
  endfacet
  facet normal 0.659343 0.751842 -0
    outer loop
      vertex 34.8284 22.8284 0
      vertex 34.435 23.1734 3
      vertex 34.8284 22.8284 3
    endloop
  endfacet
  facet normal 0.659343 0.751842 0
    outer loop
      vertex 34.435 23.1734 3
      vertex 34.8284 22.8284 0
      vertex 34.435 23.1734 0
    endloop
  endfacet
  facet normal -0.659343 -0.751842 0
    outer loop
      vertex -34.8284 -22.8284 0
      vertex -34.435 -23.1734 3
      vertex -34.8284 -22.8284 3
    endloop
  endfacet
  facet normal -0.659343 -0.751842 -0
    outer loop
      vertex -34.435 -23.1734 3
      vertex -34.8284 -22.8284 0
      vertex -34.435 -23.1734 0
    endloop
  endfacet
  facet normal -0.997861 0.0653646 0
    outer loop
      vertex -36 20 0
      vertex -35.9658 20.5221 3
      vertex -35.9658 20.5221 0
    endloop
  endfacet
  facet normal -0.997861 0.0653646 0
    outer loop
      vertex -35.9658 20.5221 3
      vertex -36 20 0
      vertex -36 20 3
    endloop
  endfacet
  facet normal 0 0 1
    outer loop
      vertex 26.4294 5.65056 3
      vertex 6.3487 15.9651 3
      vertex 26.3579 5.43999 3
    endloop
  endfacet
  facet normal 0 0 1
    outer loop
      vertex 26.3 -5 3
      vertex 6.68546 -16.7781 3
      vertex 6.7 -17 3
    endloop
  endfacet
  facet normal -0 0 1
    outer loop
      vertex 6.20208 15.7979 3
      vertex 26.3579 5.43999 3
      vertex 6.3487 15.9651 3
    endloop
  endfacet
  facet normal 0 0 1
    outer loop
      vertex 26.3 -5 3
      vertex 6.64207 -16.56 3
      vertex 6.68546 -16.7781 3
    endloop
  endfacet
  facet normal 0 0 1
    outer loop
      vertex 26.3579 5.43999 3
      vertex 6.20208 15.7979 3
      vertex 26.3145 5.22189 3
    endloop
  endfacet
  facet normal 0 0 1
    outer loop
      vertex 26.3 -5 3
      vertex 6.57059 -16.3494 3
      vertex 6.64207 -16.56 3
    endloop
  endfacet
  facet normal -0 0 1
    outer loop
      vertex 6.03489 15.6513 3
      vertex 26.3145 5.22189 3
      vertex 6.20208 15.7979 3
    endloop
  endfacet
  facet normal 0 0 1
    outer loop
      vertex 26.3 -5 3
      vertex 6.47224 -16.15 3
      vertex 6.57059 -16.3494 3
    endloop
  endfacet
  facet normal 0 0 1
    outer loop
      vertex 26.3145 5.22189 3
      vertex 6.03489 15.6513 3
      vertex 26.3 5 3
    endloop
  endfacet
  facet normal 0 0 1
    outer loop
      vertex 26.3 -5 3
      vertex 6.3487 -15.9651 3
      vertex 6.47224 -16.15 3
    endloop
  endfacet
  facet normal -0 0 1
    outer loop
      vertex 5.85 15.5278 3
      vertex 26.3 5 3
      vertex 6.03489 15.6513 3
    endloop
  endfacet
  facet normal 0 0 1
    outer loop
      vertex 26.3 -5 3
      vertex 6.20208 -15.7979 3
      vertex 6.3487 -15.9651 3
    endloop
  endfacet
  facet normal -0 0 1
    outer loop
      vertex 5.65056 15.4294 3
      vertex 26.3 5 3
      vertex 5.85 15.5278 3
    endloop
  endfacet
  facet normal 0 0 1
    outer loop
      vertex 26.3 -5 3
      vertex 6.03489 -15.6513 3
      vertex 6.20208 -15.7979 3
    endloop
  endfacet
  facet normal 0 0 1
    outer loop
      vertex 26.3 5 3
      vertex 5.65056 15.4294 3
      vertex 26.3 -5 3
    endloop
  endfacet
  facet normal 0 0 1
    outer loop
      vertex 26.3 -5 3
      vertex 5.85 -15.5278 3
      vertex 6.03489 -15.6513 3
    endloop
  endfacet
  facet normal 0 0 1
    outer loop
      vertex 5.65056 -15.4294 3
      vertex 26.3 -5 3
      vertex 5.65056 15.4294 3
    endloop
  endfacet
  facet normal 0 0 1
    outer loop
      vertex 26.3 -5 3
      vertex 5.65056 -15.4294 3
      vertex 5.85 -15.5278 3
    endloop
  endfacet
  facet normal -0 0 1
    outer loop
      vertex 5.43999 15.3579 3
      vertex 5.65056 -15.4294 3
      vertex 5.65056 15.4294 3
    endloop
  endfacet
  facet normal 0 0 1
    outer loop
      vertex 5.43999 15.3579 3
      vertex 5.43999 -15.3579 3
      vertex 5.65056 -15.4294 3
    endloop
  endfacet
  facet normal -0 0 1
    outer loop
      vertex 5.22189 15.3145 3
      vertex 5.43999 -15.3579 3
      vertex 5.43999 15.3579 3
    endloop
  endfacet
  facet normal 0 0 1
    outer loop
      vertex 5.22189 15.3145 3
      vertex 5.22189 -15.3145 3
      vertex 5.43999 -15.3579 3
    endloop
  endfacet
  facet normal -0 0 1
    outer loop
      vertex 5 15.3 3
      vertex 5.22189 -15.3145 3
      vertex 5.22189 15.3145 3
    endloop
  endfacet
  facet normal 0 0 1
    outer loop
      vertex 5 15.3 3
      vertex 5 -15.3 3
      vertex 5.22189 -15.3145 3
    endloop
  endfacet
  facet normal -0 0 1
    outer loop
      vertex -5 15.3 3
      vertex 5 -15.3 3
      vertex 5 15.3 3
    endloop
  endfacet
  facet normal 0 0 1
    outer loop
      vertex -5 15.3 3
      vertex -5 -15.3 3
      vertex 5 -15.3 3
    endloop
  endfacet
  facet normal 0 0 1
    outer loop
      vertex -5.22189 15.3145 3
      vertex -5 -15.3 3
      vertex -5 15.3 3
    endloop
  endfacet
  facet normal 0 0 1
    outer loop
      vertex -5.22189 15.3145 3
      vertex -5.22189 -15.3145 3
      vertex -5 -15.3 3
    endloop
  endfacet
  facet normal 0 0 1
    outer loop
      vertex -5.43999 15.3579 3
      vertex -5.22189 -15.3145 3
      vertex -5.22189 15.3145 3
    endloop
  endfacet
  facet normal 0 0 1
    outer loop
      vertex -5.43999 15.3579 3
      vertex -5.43999 -15.3579 3
      vertex -5.22189 -15.3145 3
    endloop
  endfacet
  facet normal 0 0 1
    outer loop
      vertex -5.65056 15.4294 3
      vertex -5.43999 -15.3579 3
      vertex -5.43999 15.3579 3
    endloop
  endfacet
  facet normal 0 0 1
    outer loop
      vertex -5.65056 15.4294 3
      vertex -5.65056 -15.4294 3
      vertex -5.43999 -15.3579 3
    endloop
  endfacet
  facet normal 0 0 1
    outer loop
      vertex -26.3 5 3
      vertex -5.65056 15.4294 3
      vertex -5.85 15.5278 3
    endloop
  endfacet
  facet normal 0 0 1
    outer loop
      vertex -5.65056 15.4294 3
      vertex -26.3 5 3
      vertex -5.65056 -15.4294 3
    endloop
  endfacet
  facet normal 0 0 1
    outer loop
      vertex -26.3 5 3
      vertex -5.85 15.5278 3
      vertex -6.03489 15.6513 3
    endloop
  endfacet
  facet normal -0 0 1
    outer loop
      vertex -26.3 -5 3
      vertex -5.65056 -15.4294 3
      vertex -26.3 5 3
    endloop
  endfacet
  facet normal 0 0 1
    outer loop
      vertex -26.3145 5.22189 3
      vertex -6.03489 15.6513 3
      vertex -6.20208 15.7979 3
    endloop
  endfacet
  facet normal 0 0 1
    outer loop
      vertex -5.65056 -15.4294 3
      vertex -26.3 -5 3
      vertex -5.85 -15.5278 3
    endloop
  endfacet
  facet normal 0 0 1
    outer loop
      vertex -26.3579 5.43999 3
      vertex -6.20208 15.7979 3
      vertex -6.3487 15.9651 3
    endloop
  endfacet
  facet normal 0 0 1
    outer loop
      vertex -5.85 -15.5278 3
      vertex -26.3 -5 3
      vertex -6.03489 -15.6513 3
    endloop
  endfacet
  facet normal 0 0 1
    outer loop
      vertex -26.4294 5.65056 3
      vertex -6.3487 15.9651 3
      vertex -6.47224 16.15 3
    endloop
  endfacet
  facet normal -0 0 1
    outer loop
      vertex -26.3145 -5.22189 3
      vertex -6.03489 -15.6513 3
      vertex -26.3 -5 3
    endloop
  endfacet
  facet normal 0 0 1
    outer loop
      vertex -26.5278 5.85 3
      vertex -6.47224 16.15 3
      vertex -6.57059 16.3494 3
    endloop
  endfacet
  facet normal 0 0 1
    outer loop
      vertex -6.03489 -15.6513 3
      vertex -26.3145 -5.22189 3
      vertex -6.20208 -15.7979 3
    endloop
  endfacet
  facet normal 0 0 1
    outer loop
      vertex -26.6513 6.03489 3
      vertex -6.57059 16.3494 3
      vertex -6.64207 16.56 3
    endloop
  endfacet
  facet normal -0 0 1
    outer loop
      vertex -26.3579 -5.43999 3
      vertex -6.20208 -15.7979 3
      vertex -26.3145 -5.22189 3
    endloop
  endfacet
  facet normal 0 0 1
    outer loop
      vertex -26.7979 6.20208 3
      vertex -6.64207 16.56 3
      vertex -6.68546 16.7781 3
    endloop
  endfacet
  facet normal 0 0 1
    outer loop
      vertex -6.20208 -15.7979 3
      vertex -26.3579 -5.43999 3
      vertex -6.3487 -15.9651 3
    endloop
  endfacet
  facet normal 0 0 1
    outer loop
      vertex -26.9651 6.3487 3
      vertex -6.68546 16.7781 3
      vertex -6.7 17 3
    endloop
  endfacet
  facet normal -0 0 1
    outer loop
      vertex -26.4294 -5.65056 3
      vertex -6.3487 -15.9651 3
      vertex -26.3579 -5.43999 3
    endloop
  endfacet
  facet normal 0 0 1
    outer loop
      vertex 32 24 3
      vertex 36 20 3
      vertex 35.9658 20.5221 3
    endloop
  endfacet
  facet normal 0 0 1
    outer loop
      vertex 36 20 3
      vertex 29.7 5 3
      vertex 36 -20 3
    endloop
  endfacet
  facet normal 0 0 1
    outer loop
      vertex 32 24 3
      vertex 35.9658 20.5221 3
      vertex 35.8637 21.0353 3
    endloop
  endfacet
  facet normal -0 0 1
    outer loop
      vertex 29.7 -5 3
      vertex 36 -20 3
      vertex 29.7 5 3
    endloop
  endfacet
  facet normal 0 0 1
    outer loop
      vertex 32 24 3
      vertex 35.8637 21.0353 3
      vertex 35.6955 21.5307 3
    endloop
  endfacet
  facet normal -0 0 1
    outer loop
      vertex 29.6855 -5.22189 3
      vertex 36 -20 3
      vertex 29.7 -5 3
    endloop
  endfacet
  facet normal 0 0 1
    outer loop
      vertex 32 24 3
      vertex 35.6955 21.5307 3
      vertex 35.4641 22 3
    endloop
  endfacet
  facet normal -0 0 1
    outer loop
      vertex 29.6421 -5.43999 3
      vertex 36 -20 3
      vertex 29.6855 -5.22189 3
    endloop
  endfacet
  facet normal 0 0 1
    outer loop
      vertex 32 24 3
      vertex 35.4641 22 3
      vertex 35.1734 22.435 3
    endloop
  endfacet
  facet normal -0 0 1
    outer loop
      vertex 29.5706 -5.65056 3
      vertex 36 -20 3
      vertex 29.6421 -5.43999 3
    endloop
  endfacet
  facet normal 0 0 1
    outer loop
      vertex 32 24 3
      vertex 35.1734 22.435 3
      vertex 34.8284 22.8284 3
    endloop
  endfacet
  facet normal -0 0 1
    outer loop
      vertex 29.4722 -5.85 3
      vertex 36 -20 3
      vertex 29.5706 -5.65056 3
    endloop
  endfacet
  facet normal 0 0 1
    outer loop
      vertex 32 24 3
      vertex 34.8284 22.8284 3
      vertex 34.435 23.1734 3
    endloop
  endfacet
  facet normal -0 0 1
    outer loop
      vertex 29.3487 -6.03489 3
      vertex 36 -20 3
      vertex 29.4722 -5.85 3
    endloop
  endfacet
  facet normal 0 0 1
    outer loop
      vertex 32 24 3
      vertex 34.435 23.1734 3
      vertex 34 23.4641 3
    endloop
  endfacet
  facet normal -0 0 1
    outer loop
      vertex 29.2021 -6.20208 3
      vertex 36 -20 3
      vertex 29.3487 -6.03489 3
    endloop
  endfacet
  facet normal 0 0 1
    outer loop
      vertex 32 24 3
      vertex 34 23.4641 3
      vertex 33.5307 23.6955 3
    endloop
  endfacet
  facet normal -0 0 1
    outer loop
      vertex 29.0349 -6.3487 3
      vertex 36 -20 3
      vertex 29.2021 -6.20208 3
    endloop
  endfacet
  facet normal 0 0 1
    outer loop
      vertex 32 24 3
      vertex 33.5307 23.6955 3
      vertex 33.0353 23.8637 3
    endloop
  endfacet
  facet normal -0 0 1
    outer loop
      vertex 28.85 -6.47224 3
      vertex 36 -20 3
      vertex 29.0349 -6.3487 3
    endloop
  endfacet
  facet normal 0 0 1
    outer loop
      vertex 32 24 3
      vertex 33.0353 23.8637 3
      vertex 32.5221 23.9658 3
    endloop
  endfacet
  facet normal -0 0 1
    outer loop
      vertex 28.6506 -6.57059 3
      vertex 36 -20 3
      vertex 28.85 -6.47224 3
    endloop
  endfacet
  facet normal 0 0 1
    outer loop
      vertex 36 20 3
      vertex 32 24 3
      vertex 28 6.7 3
    endloop
  endfacet
  facet normal -0 0 1
    outer loop
      vertex 28.44 -6.64207 3
      vertex 36 -20 3
      vertex 28.6506 -6.57059 3
    endloop
  endfacet
  facet normal -0 0 1
    outer loop
      vertex 28.2219 -6.68546 3
      vertex 36 -20 3
      vertex 28.44 -6.64207 3
    endloop
  endfacet
  facet normal 0 0 1
    outer loop
      vertex 36 20 3
      vertex 29.6855 5.22189 3
      vertex 29.7 5 3
    endloop
  endfacet
  facet normal 0 0 1
    outer loop
      vertex 36 20 3
      vertex 29.6421 5.43999 3
      vertex 29.6855 5.22189 3
    endloop
  endfacet
  facet normal 0 0 1
    outer loop
      vertex 36 20 3
      vertex 29.5706 5.65056 3
      vertex 29.6421 5.43999 3
    endloop
  endfacet
  facet normal 0 0 1
    outer loop
      vertex 36 20 3
      vertex 29.4722 5.85 3
      vertex 29.5706 5.65056 3
    endloop
  endfacet
  facet normal 0 0 1
    outer loop
      vertex 36 20 3
      vertex 29.3487 6.03489 3
      vertex 29.4722 5.85 3
    endloop
  endfacet
  facet normal 0 0 1
    outer loop
      vertex 36 20 3
      vertex 29.2021 6.20208 3
      vertex 29.3487 6.03489 3
    endloop
  endfacet
  facet normal 0 0 1
    outer loop
      vertex 36 20 3
      vertex 29.0349 6.3487 3
      vertex 29.2021 6.20208 3
    endloop
  endfacet
  facet normal 0 0 1
    outer loop
      vertex 36 20 3
      vertex 28.85 6.47224 3
      vertex 29.0349 6.3487 3
    endloop
  endfacet
  facet normal 0 0 1
    outer loop
      vertex 36 20 3
      vertex 28.6506 6.57059 3
      vertex 28.85 6.47224 3
    endloop
  endfacet
  facet normal 0 0 1
    outer loop
      vertex 36 20 3
      vertex 28.44 6.64207 3
      vertex 28.6506 6.57059 3
    endloop
  endfacet
  facet normal 0 0 1
    outer loop
      vertex 36 20 3
      vertex 28.2219 6.68546 3
      vertex 28.44 6.64207 3
    endloop
  endfacet
  facet normal 0 0 1
    outer loop
      vertex 36 20 3
      vertex 28 6.7 3
      vertex 28.2219 6.68546 3
    endloop
  endfacet
  facet normal 0 0 1
    outer loop
      vertex 32 24 3
      vertex 27.7781 6.68546 3
      vertex 28 6.7 3
    endloop
  endfacet
  facet normal 0 0 1
    outer loop
      vertex 32 24 3
      vertex 27.56 6.64207 3
      vertex 27.7781 6.68546 3
    endloop
  endfacet
  facet normal 0 0 1
    outer loop
      vertex 32 24 3
      vertex 27.3494 6.57059 3
      vertex 27.56 6.64207 3
    endloop
  endfacet
  facet normal 0 0 1
    outer loop
      vertex 32 24 3
      vertex 27.15 6.47224 3
      vertex 27.3494 6.57059 3
    endloop
  endfacet
  facet normal -0 0 1
    outer loop
      vertex 6.7 17 3
      vertex 27.15 6.47224 3
      vertex 32 24 3
    endloop
  endfacet
  facet normal 0 0 1
    outer loop
      vertex 27.15 6.47224 3
      vertex 6.7 17 3
      vertex 26.9651 6.3487 3
    endloop
  endfacet
  facet normal -0 0 1
    outer loop
      vertex 6.68546 16.7781 3
      vertex 26.9651 6.3487 3
      vertex 6.7 17 3
    endloop
  endfacet
  facet normal 0 0 1
    outer loop
      vertex 26.9651 6.3487 3
      vertex 6.68546 16.7781 3
      vertex 26.7979 6.20208 3
    endloop
  endfacet
  facet normal -0 0 1
    outer loop
      vertex 6.64207 16.56 3
      vertex 26.7979 6.20208 3
      vertex 6.68546 16.7781 3
    endloop
  endfacet
  facet normal 0 0 1
    outer loop
      vertex 26.7979 6.20208 3
      vertex 6.64207 16.56 3
      vertex 26.6513 6.03489 3
    endloop
  endfacet
  facet normal 0 0 1
    outer loop
      vertex 26.5278 5.85 3
      vertex 6.47224 16.15 3
      vertex 26.4294 5.65056 3
    endloop
  endfacet
  facet normal -0 0 1
    outer loop
      vertex 6.47224 16.15 3
      vertex 26.5278 5.85 3
      vertex 6.57059 16.3494 3
    endloop
  endfacet
  facet normal 0 0 1
    outer loop
      vertex 26.6513 6.03489 3
      vertex 6.57059 16.3494 3
      vertex 26.5278 5.85 3
    endloop
  endfacet
  facet normal -0 0 1
    outer loop
      vertex 6.57059 16.3494 3
      vertex 26.6513 6.03489 3
      vertex 6.64207 16.56 3
    endloop
  endfacet
  facet normal 0 0 1
    outer loop
      vertex 32 24 3
      vertex 6.68546 17.2219 3
      vertex 6.7 17 3
    endloop
  endfacet
  facet normal 0 0 1
    outer loop
      vertex 32 24 3
      vertex 6.64207 17.44 3
      vertex 6.68546 17.2219 3
    endloop
  endfacet
  facet normal 0 0 1
    outer loop
      vertex 32 24 3
      vertex 6.57059 17.6506 3
      vertex 6.64207 17.44 3
    endloop
  endfacet
  facet normal 0 0 1
    outer loop
      vertex 32 24 3
      vertex 6.47224 17.85 3
      vertex 6.57059 17.6506 3
    endloop
  endfacet
  facet normal 0 0 1
    outer loop
      vertex 32 24 3
      vertex 6.3487 18.0349 3
      vertex 6.47224 17.85 3
    endloop
  endfacet
  facet normal 0 0 1
    outer loop
      vertex 32 24 3
      vertex 6.20208 18.2021 3
      vertex 6.3487 18.0349 3
    endloop
  endfacet
  facet normal 0 0 1
    outer loop
      vertex 32 24 3
      vertex 6.03489 18.3487 3
      vertex 6.20208 18.2021 3
    endloop
  endfacet
  facet normal 0 0 1
    outer loop
      vertex 32 24 3
      vertex 5.85 18.4722 3
      vertex 6.03489 18.3487 3
    endloop
  endfacet
  facet normal 0 0 1
    outer loop
      vertex 32 24 3
      vertex 5.65056 18.5706 3
      vertex 5.85 18.4722 3
    endloop
  endfacet
  facet normal 0 0 1
    outer loop
      vertex 32 24 3
      vertex 5.43999 18.6421 3
      vertex 5.65056 18.5706 3
    endloop
  endfacet
  facet normal 0 0 1
    outer loop
      vertex 32 24 3
      vertex 5.22189 18.6855 3
      vertex 5.43999 18.6421 3
    endloop
  endfacet
  facet normal 0 0 1
    outer loop
      vertex 32 24 3
      vertex 5 18.7 3
      vertex 5.22189 18.6855 3
    endloop
  endfacet
  facet normal 0 0 1
    outer loop
      vertex 32 24 3
      vertex -5 18.7 3
      vertex 5 18.7 3
    endloop
  endfacet
  facet normal -0 0 1
    outer loop
      vertex -32 24 3
      vertex -5 18.7 3
      vertex 32 24 3
    endloop
  endfacet
  facet normal 0 0 1
    outer loop
      vertex -6.3487 -15.9651 3
      vertex -26.4294 -5.65056 3
      vertex -6.47224 -16.15 3
    endloop
  endfacet
  facet normal 0 0 1
    outer loop
      vertex -27.15 6.47224 3
      vertex -6.7 17 3
      vertex -6.68546 17.2219 3
    endloop
  endfacet
  facet normal 0 0 1
    outer loop
      vertex -32 24 3
      vertex -6.68546 17.2219 3
      vertex -6.64207 17.44 3
    endloop
  endfacet
  facet normal 0 0 1
    outer loop
      vertex -32 24 3
      vertex -6.64207 17.44 3
      vertex -6.57059 17.6506 3
    endloop
  endfacet
  facet normal 0 0 1
    outer loop
      vertex -32 24 3
      vertex -6.57059 17.6506 3
      vertex -6.47224 17.85 3
    endloop
  endfacet
  facet normal 0 0 1
    outer loop
      vertex -32 24 3
      vertex -6.47224 17.85 3
      vertex -6.3487 18.0349 3
    endloop
  endfacet
  facet normal 0 0 1
    outer loop
      vertex -32 24 3
      vertex -6.3487 18.0349 3
      vertex -6.20208 18.2021 3
    endloop
  endfacet
  facet normal 0 0 1
    outer loop
      vertex -32 24 3
      vertex -6.20208 18.2021 3
      vertex -6.03489 18.3487 3
    endloop
  endfacet
  facet normal 0 0 1
    outer loop
      vertex -32 24 3
      vertex -6.03489 18.3487 3
      vertex -5.85 18.4722 3
    endloop
  endfacet
  facet normal 0 0 1
    outer loop
      vertex -6.03489 15.6513 3
      vertex -26.3145 5.22189 3
      vertex -26.3 5 3
    endloop
  endfacet
  facet normal 0 0 1
    outer loop
      vertex -6.20208 15.7979 3
      vertex -26.3579 5.43999 3
      vertex -26.3145 5.22189 3
    endloop
  endfacet
  facet normal 0 0 1
    outer loop
      vertex -6.3487 15.9651 3
      vertex -26.4294 5.65056 3
      vertex -26.3579 5.43999 3
    endloop
  endfacet
  facet normal 0 0 1
    outer loop
      vertex -6.47224 16.15 3
      vertex -26.5278 5.85 3
      vertex -26.4294 5.65056 3
    endloop
  endfacet
  facet normal 0 0 1
    outer loop
      vertex -6.57059 16.3494 3
      vertex -26.6513 6.03489 3
      vertex -26.5278 5.85 3
    endloop
  endfacet
  facet normal 0 0 1
    outer loop
      vertex -6.64207 16.56 3
      vertex -26.7979 6.20208 3
      vertex -26.6513 6.03489 3
    endloop
  endfacet
  facet normal 0 0 1
    outer loop
      vertex -6.68546 16.7781 3
      vertex -26.9651 6.3487 3
      vertex -26.7979 6.20208 3
    endloop
  endfacet
  facet normal 0 0 1
    outer loop
      vertex -6.7 17 3
      vertex -27.15 6.47224 3
      vertex -26.9651 6.3487 3
    endloop
  endfacet
  facet normal 0 0 1
    outer loop
      vertex -6.68546 17.2219 3
      vertex -32 24 3
      vertex -27.15 6.47224 3
    endloop
  endfacet
  facet normal 0 0 1
    outer loop
      vertex -27.15 6.47224 3
      vertex -32 24 3
      vertex -27.3494 6.57059 3
    endloop
  endfacet
  facet normal 0 0 1
    outer loop
      vertex -27.3494 6.57059 3
      vertex -32 24 3
      vertex -27.56 6.64207 3
    endloop
  endfacet
  facet normal 0 0 1
    outer loop
      vertex -27.56 6.64207 3
      vertex -32 24 3
      vertex -27.7781 6.68546 3
    endloop
  endfacet
  facet normal 0 0 1
    outer loop
      vertex -27.7781 6.68546 3
      vertex -32 24 3
      vertex -28 6.7 3
    endloop
  endfacet
  facet normal -0 0 1
    outer loop
      vertex -36 20 3
      vertex -28 6.7 3
      vertex -32 24 3
    endloop
  endfacet
  facet normal 0 0 1
    outer loop
      vertex -28 6.7 3
      vertex -36 20 3
      vertex -28.2219 6.68546 3
    endloop
  endfacet
  facet normal 0 0 1
    outer loop
      vertex -28.2219 6.68546 3
      vertex -36 20 3
      vertex -28.44 6.64207 3
    endloop
  endfacet
  facet normal 0 0 1
    outer loop
      vertex -29.6855 5.22189 3
      vertex -36 20 3
      vertex -29.7 5 3
    endloop
  endfacet
  facet normal 0 0 1
    outer loop
      vertex -29.6421 5.43999 3
      vertex -36 20 3
      vertex -29.6855 5.22189 3
    endloop
  endfacet
  facet normal 0 0 1
    outer loop
      vertex -29.5706 5.65056 3
      vertex -36 20 3
      vertex -29.6421 5.43999 3
    endloop
  endfacet
  facet normal 0 0 1
    outer loop
      vertex -29.4722 5.85 3
      vertex -36 20 3
      vertex -29.5706 5.65056 3
    endloop
  endfacet
  facet normal 0 0 1
    outer loop
      vertex -29.3487 6.03489 3
      vertex -36 20 3
      vertex -29.4722 5.85 3
    endloop
  endfacet
  facet normal 0 0 1
    outer loop
      vertex -29.2021 6.20208 3
      vertex -36 20 3
      vertex -29.3487 6.03489 3
    endloop
  endfacet
  facet normal 0 0 1
    outer loop
      vertex -29.0349 6.3487 3
      vertex -36 20 3
      vertex -29.2021 6.20208 3
    endloop
  endfacet
  facet normal 0 0 1
    outer loop
      vertex -28.85 6.47224 3
      vertex -36 20 3
      vertex -29.0349 6.3487 3
    endloop
  endfacet
  facet normal 0 0 1
    outer loop
      vertex -28.6506 6.57059 3
      vertex -36 20 3
      vertex -28.85 6.47224 3
    endloop
  endfacet
  facet normal 0 0 1
    outer loop
      vertex -28.44 6.64207 3
      vertex -36 20 3
      vertex -28.6506 6.57059 3
    endloop
  endfacet
  facet normal 0 0 1
    outer loop
      vertex -5.65056 18.5706 3
      vertex -32 24 3
      vertex -5.85 18.4722 3
    endloop
  endfacet
  facet normal 0 0 1
    outer loop
      vertex -5.43999 18.6421 3
      vertex -32 24 3
      vertex -5.65056 18.5706 3
    endloop
  endfacet
  facet normal 0 0 1
    outer loop
      vertex -5.22189 18.6855 3
      vertex -32 24 3
      vertex -5.43999 18.6421 3
    endloop
  endfacet
  facet normal 0 0 1
    outer loop
      vertex -5 18.7 3
      vertex -32 24 3
      vertex -5.22189 18.6855 3
    endloop
  endfacet
  facet normal -0 0 1
    outer loop
      vertex 28 -6.7 3
      vertex 36 -20 3
      vertex 28.2219 -6.68546 3
    endloop
  endfacet
  facet normal 0 -0 1
    outer loop
      vertex 32 -24 3
      vertex 36 -20 3
      vertex 28 -6.7 3
    endloop
  endfacet
  facet normal 0 0 1
    outer loop
      vertex 35.9658 -20.5221 3
      vertex 32 -24 3
      vertex 35.8637 -21.0353 3
    endloop
  endfacet
  facet normal 0 0 1
    outer loop
      vertex 35.8637 -21.0353 3
      vertex 32 -24 3
      vertex 35.6955 -21.5307 3
    endloop
  endfacet
  facet normal 0 0 1
    outer loop
      vertex 35.6955 -21.5307 3
      vertex 32 -24 3
      vertex 35.4641 -22 3
    endloop
  endfacet
  facet normal 0 0 1
    outer loop
      vertex 35.1734 -22.435 3
      vertex 32 -24 3
      vertex 34.8284 -22.8284 3
    endloop
  endfacet
  facet normal 0 0 1
    outer loop
      vertex 34.8284 -22.8284 3
      vertex 32 -24 3
      vertex 34.435 -23.1734 3
    endloop
  endfacet
  facet normal 0 0 1
    outer loop
      vertex 34.435 -23.1734 3
      vertex 32 -24 3
      vertex 34 -23.4641 3
    endloop
  endfacet
  facet normal 0 0 1
    outer loop
      vertex 33.5307 -23.6955 3
      vertex 32 -24 3
      vertex 33.0353 -23.8637 3
    endloop
  endfacet
  facet normal 0 0 1
    outer loop
      vertex 33.0353 -23.8637 3
      vertex 32 -24 3
      vertex 32.5221 -23.9658 3
    endloop
  endfacet
  facet normal 0 0 1
    outer loop
      vertex 34 -23.4641 3
      vertex 32 -24 3
      vertex 33.5307 -23.6955 3
    endloop
  endfacet
  facet normal 0 0 1
    outer loop
      vertex 35.4641 -22 3
      vertex 32 -24 3
      vertex 35.1734 -22.435 3
    endloop
  endfacet
  facet normal 0 0 1
    outer loop
      vertex 36 -20 3
      vertex 32 -24 3
      vertex 35.9658 -20.5221 3
    endloop
  endfacet
  facet normal 0 0 1
    outer loop
      vertex 27.7781 -6.68546 3
      vertex 32 -24 3
      vertex 28 -6.7 3
    endloop
  endfacet
  facet normal 0 0 1
    outer loop
      vertex 27.56 -6.64207 3
      vertex 32 -24 3
      vertex 27.7781 -6.68546 3
    endloop
  endfacet
  facet normal 0 0 1
    outer loop
      vertex 27.3494 -6.57059 3
      vertex 32 -24 3
      vertex 27.56 -6.64207 3
    endloop
  endfacet
  facet normal 0 0 1
    outer loop
      vertex 27.15 -6.47224 3
      vertex 32 -24 3
      vertex 27.3494 -6.57059 3
    endloop
  endfacet
  facet normal 0 0 1
    outer loop
      vertex 6.7 -17 3
      vertex 27.15 -6.47224 3
      vertex 26.9651 -6.3487 3
    endloop
  endfacet
  facet normal 0 0 1
    outer loop
      vertex 6.7 -17 3
      vertex 26.9651 -6.3487 3
      vertex 26.7979 -6.20208 3
    endloop
  endfacet
  facet normal 0 0 1
    outer loop
      vertex 6.7 -17 3
      vertex 26.7979 -6.20208 3
      vertex 26.6513 -6.03489 3
    endloop
  endfacet
  facet normal 0 0 1
    outer loop
      vertex 6.7 -17 3
      vertex 26.6513 -6.03489 3
      vertex 26.5278 -5.85 3
    endloop
  endfacet
  facet normal 0 0 1
    outer loop
      vertex 6.7 -17 3
      vertex 26.5278 -5.85 3
      vertex 26.4294 -5.65056 3
    endloop
  endfacet
  facet normal 0 0 1
    outer loop
      vertex 6.7 -17 3
      vertex 26.4294 -5.65056 3
      vertex 26.3579 -5.43999 3
    endloop
  endfacet
  facet normal -0 0 1
    outer loop
      vertex 6.3487 15.9651 3
      vertex 26.4294 5.65056 3
      vertex 6.47224 16.15 3
    endloop
  endfacet
  facet normal 0 0 1
    outer loop
      vertex 26.3 -5 3
      vertex 6.7 -17 3
      vertex 26.3145 -5.22189 3
    endloop
  endfacet
  facet normal 0 0 1
    outer loop
      vertex 26.3145 -5.22189 3
      vertex 6.7 -17 3
      vertex 26.3579 -5.43999 3
    endloop
  endfacet
  facet normal 0 0 1
    outer loop
      vertex 27.15 -6.47224 3
      vertex 6.7 -17 3
      vertex 32 -24 3
    endloop
  endfacet
  facet normal -0 0 1
    outer loop
      vertex 6.68546 -17.2219 3
      vertex 32 -24 3
      vertex 6.7 -17 3
    endloop
  endfacet
  facet normal -0 0 1
    outer loop
      vertex 6.64207 -17.44 3
      vertex 32 -24 3
      vertex 6.68546 -17.2219 3
    endloop
  endfacet
  facet normal -0 0 1
    outer loop
      vertex 6.57059 -17.6506 3
      vertex 32 -24 3
      vertex 6.64207 -17.44 3
    endloop
  endfacet
  facet normal -0 0 1
    outer loop
      vertex 6.47224 -17.85 3
      vertex 32 -24 3
      vertex 6.57059 -17.6506 3
    endloop
  endfacet
  facet normal -0 0 1
    outer loop
      vertex 6.3487 -18.0349 3
      vertex 32 -24 3
      vertex 6.47224 -17.85 3
    endloop
  endfacet
  facet normal -0 0 1
    outer loop
      vertex 6.20208 -18.2021 3
      vertex 32 -24 3
      vertex 6.3487 -18.0349 3
    endloop
  endfacet
  facet normal -0 0 1
    outer loop
      vertex 6.03489 -18.3487 3
      vertex 32 -24 3
      vertex 6.20208 -18.2021 3
    endloop
  endfacet
  facet normal -0 0 1
    outer loop
      vertex 5.85 -18.4722 3
      vertex 32 -24 3
      vertex 6.03489 -18.3487 3
    endloop
  endfacet
  facet normal -0 0 1
    outer loop
      vertex 5.65056 -18.5706 3
      vertex 32 -24 3
      vertex 5.85 -18.4722 3
    endloop
  endfacet
  facet normal -0 0 1
    outer loop
      vertex 5.43999 -18.6421 3
      vertex 32 -24 3
      vertex 5.65056 -18.5706 3
    endloop
  endfacet
  facet normal -0 0 1
    outer loop
      vertex 5.22189 -18.6855 3
      vertex 32 -24 3
      vertex 5.43999 -18.6421 3
    endloop
  endfacet
  facet normal -0 0 1
    outer loop
      vertex 5 -18.7 3
      vertex 32 -24 3
      vertex 5.22189 -18.6855 3
    endloop
  endfacet
  facet normal -0 0 1
    outer loop
      vertex -5 -18.7 3
      vertex 32 -24 3
      vertex 5 -18.7 3
    endloop
  endfacet
  facet normal 0 0 1
    outer loop
      vertex -32 -24 3
      vertex -5 -18.7 3
      vertex -5.22189 -18.6855 3
    endloop
  endfacet
  facet normal -0 0 1
    outer loop
      vertex -26.5278 -5.85 3
      vertex -6.47224 -16.15 3
      vertex -26.4294 -5.65056 3
    endloop
  endfacet
  facet normal 0 0 1
    outer loop
      vertex -6.47224 -16.15 3
      vertex -26.5278 -5.85 3
      vertex -6.57059 -16.3494 3
    endloop
  endfacet
  facet normal -0 0 1
    outer loop
      vertex -26.6513 -6.03489 3
      vertex -6.57059 -16.3494 3
      vertex -26.5278 -5.85 3
    endloop
  endfacet
  facet normal 0 0 1
    outer loop
      vertex -6.57059 -16.3494 3
      vertex -26.6513 -6.03489 3
      vertex -6.64207 -16.56 3
    endloop
  endfacet
  facet normal -0 0 1
    outer loop
      vertex -26.7979 -6.20208 3
      vertex -6.64207 -16.56 3
      vertex -26.6513 -6.03489 3
    endloop
  endfacet
  facet normal 0 0 1
    outer loop
      vertex -6.64207 -16.56 3
      vertex -26.7979 -6.20208 3
      vertex -6.68546 -16.7781 3
    endloop
  endfacet
  facet normal -0 0 1
    outer loop
      vertex -26.9651 -6.3487 3
      vertex -6.68546 -16.7781 3
      vertex -26.7979 -6.20208 3
    endloop
  endfacet
  facet normal 0 0 1
    outer loop
      vertex -6.68546 -16.7781 3
      vertex -26.9651 -6.3487 3
      vertex -6.7 -17 3
    endloop
  endfacet
  facet normal -0 0 1
    outer loop
      vertex -27.15 -6.47224 3
      vertex -6.7 -17 3
      vertex -26.9651 -6.3487 3
    endloop
  endfacet
  facet normal 0 0 1
    outer loop
      vertex -6.7 -17 3
      vertex -27.15 -6.47224 3
      vertex -6.68546 -17.2219 3
    endloop
  endfacet
  facet normal 0 0 1
    outer loop
      vertex -32 -24 3
      vertex -6.68546 -17.2219 3
      vertex -27.15 -6.47224 3
    endloop
  endfacet
  facet normal 0 0 1
    outer loop
      vertex -6.68546 -17.2219 3
      vertex -32 -24 3
      vertex -6.64207 -17.44 3
    endloop
  endfacet
  facet normal 0 0 1
    outer loop
      vertex -6.64207 -17.44 3
      vertex -32 -24 3
      vertex -6.57059 -17.6506 3
    endloop
  endfacet
  facet normal 0 0 1
    outer loop
      vertex -6.57059 -17.6506 3
      vertex -32 -24 3
      vertex -6.47224 -17.85 3
    endloop
  endfacet
  facet normal 0 0 1
    outer loop
      vertex -6.47224 -17.85 3
      vertex -32 -24 3
      vertex -6.3487 -18.0349 3
    endloop
  endfacet
  facet normal 0 0 1
    outer loop
      vertex -6.3487 -18.0349 3
      vertex -32 -24 3
      vertex -6.20208 -18.2021 3
    endloop
  endfacet
  facet normal 0 0 1
    outer loop
      vertex -6.20208 -18.2021 3
      vertex -32 -24 3
      vertex -6.03489 -18.3487 3
    endloop
  endfacet
  facet normal 0 0 1
    outer loop
      vertex -32 -24 3
      vertex -27.15 -6.47224 3
      vertex -27.3494 -6.57059 3
    endloop
  endfacet
  facet normal 0 0 1
    outer loop
      vertex -32 -24 3
      vertex -27.3494 -6.57059 3
      vertex -27.56 -6.64207 3
    endloop
  endfacet
  facet normal 0 0 1
    outer loop
      vertex -32 -24 3
      vertex -27.56 -6.64207 3
      vertex -27.7781 -6.68546 3
    endloop
  endfacet
  facet normal 0 0 1
    outer loop
      vertex -32 -24 3
      vertex -27.7781 -6.68546 3
      vertex -28 -6.7 3
    endloop
  endfacet
  facet normal 0 0 1
    outer loop
      vertex -36 -20 3
      vertex -28 -6.7 3
      vertex -28.2219 -6.68546 3
    endloop
  endfacet
  facet normal 0 0 1
    outer loop
      vertex -36 -20 3
      vertex -28.2219 -6.68546 3
      vertex -28.44 -6.64207 3
    endloop
  endfacet
  facet normal 0 0 1
    outer loop
      vertex -36 -20 3
      vertex -28.44 -6.64207 3
      vertex -28.6506 -6.57059 3
    endloop
  endfacet
  facet normal 0 0 1
    outer loop
      vertex -36 -20 3
      vertex -28.6506 -6.57059 3
      vertex -28.85 -6.47224 3
    endloop
  endfacet
  facet normal 0 0 1
    outer loop
      vertex -29.7 5 3
      vertex -36 20 3
      vertex -29.7 -5 3
    endloop
  endfacet
  facet normal 0 0 1
    outer loop
      vertex -5 -18.7 3
      vertex -32 -24 3
      vertex 32 -24 3
    endloop
  endfacet
  facet normal 0 0 1
    outer loop
      vertex -5.43999 -18.6421 3
      vertex -32 -24 3
      vertex -5.22189 -18.6855 3
    endloop
  endfacet
  facet normal 0 0 1
    outer loop
      vertex -5.65056 -18.5706 3
      vertex -32 -24 3
      vertex -5.43999 -18.6421 3
    endloop
  endfacet
  facet normal 0 0 1
    outer loop
      vertex -5.85 -18.4722 3
      vertex -32 -24 3
      vertex -5.65056 -18.5706 3
    endloop
  endfacet
  facet normal 0 0 1
    outer loop
      vertex -6.03489 -18.3487 3
      vertex -32 -24 3
      vertex -5.85 -18.4722 3
    endloop
  endfacet
  facet normal 0 0 1
    outer loop
      vertex -36 -20 3
      vertex -28.85 -6.47224 3
      vertex -29.0349 -6.3487 3
    endloop
  endfacet
  facet normal 0 0 1
    outer loop
      vertex -36 -20 3
      vertex -29.0349 -6.3487 3
      vertex -29.2021 -6.20208 3
    endloop
  endfacet
  facet normal 0 0 1
    outer loop
      vertex -36 -20 3
      vertex -29.2021 -6.20208 3
      vertex -29.3487 -6.03489 3
    endloop
  endfacet
  facet normal 0 0 1
    outer loop
      vertex -36 -20 3
      vertex -29.3487 -6.03489 3
      vertex -29.4722 -5.85 3
    endloop
  endfacet
  facet normal 0 0 1
    outer loop
      vertex -36 -20 3
      vertex -29.4722 -5.85 3
      vertex -29.5706 -5.65056 3
    endloop
  endfacet
  facet normal 0 0 1
    outer loop
      vertex -36 -20 3
      vertex -29.5706 -5.65056 3
      vertex -29.6421 -5.43999 3
    endloop
  endfacet
  facet normal 0 0 1
    outer loop
      vertex -36 -20 3
      vertex -29.6421 -5.43999 3
      vertex -29.6855 -5.22189 3
    endloop
  endfacet
  facet normal 0 0 1
    outer loop
      vertex -36 -20 3
      vertex -29.7 -5 3
      vertex -36 20 3
    endloop
  endfacet
  facet normal 0 0 1
    outer loop
      vertex -36 20 3
      vertex -32 24 3
      vertex -32.5221 23.9658 3
    endloop
  endfacet
  facet normal 0 0 1
    outer loop
      vertex -29.7 -5 3
      vertex -36 -20 3
      vertex -29.6855 -5.22189 3
    endloop
  endfacet
  facet normal 0 0 1
    outer loop
      vertex -36 20 3
      vertex -32.5221 23.9658 3
      vertex -33.0353 23.8637 3
    endloop
  endfacet
  facet normal 0 0 1
    outer loop
      vertex -28 -6.7 3
      vertex -36 -20 3
      vertex -32 -24 3
    endloop
  endfacet
  facet normal 0 0 1
    outer loop
      vertex -36 20 3
      vertex -33.0353 23.8637 3
      vertex -33.5307 23.6955 3
    endloop
  endfacet
  facet normal 0 0 1
    outer loop
      vertex -32 -24 3
      vertex -36 -20 3
      vertex -32.5221 -23.9658 3
    endloop
  endfacet
  facet normal 0 0 1
    outer loop
      vertex -36 20 3
      vertex -33.5307 23.6955 3
      vertex -34 23.4641 3
    endloop
  endfacet
  facet normal 0 0 1
    outer loop
      vertex -32.5221 -23.9658 3
      vertex -36 -20 3
      vertex -33.0353 -23.8637 3
    endloop
  endfacet
  facet normal 0 0 1
    outer loop
      vertex -36 20 3
      vertex -34 23.4641 3
      vertex -34.435 23.1734 3
    endloop
  endfacet
  facet normal 0 0 1
    outer loop
      vertex -33.0353 -23.8637 3
      vertex -36 -20 3
      vertex -33.5307 -23.6955 3
    endloop
  endfacet
  facet normal 0 0 1
    outer loop
      vertex -36 20 3
      vertex -34.435 23.1734 3
      vertex -34.8284 22.8284 3
    endloop
  endfacet
  facet normal 0 0 1
    outer loop
      vertex -33.5307 -23.6955 3
      vertex -36 -20 3
      vertex -34 -23.4641 3
    endloop
  endfacet
  facet normal 0 0 1
    outer loop
      vertex -36 20 3
      vertex -34.8284 22.8284 3
      vertex -35.1734 22.435 3
    endloop
  endfacet
  facet normal 0 0 1
    outer loop
      vertex -34 -23.4641 3
      vertex -36 -20 3
      vertex -34.435 -23.1734 3
    endloop
  endfacet
  facet normal 0 0 1
    outer loop
      vertex -36 20 3
      vertex -35.1734 22.435 3
      vertex -35.4641 22 3
    endloop
  endfacet
  facet normal 0 0 1
    outer loop
      vertex -34.435 -23.1734 3
      vertex -36 -20 3
      vertex -34.8284 -22.8284 3
    endloop
  endfacet
  facet normal 0 0 1
    outer loop
      vertex -36 20 3
      vertex -35.4641 22 3
      vertex -35.6955 21.5307 3
    endloop
  endfacet
  facet normal 0 0 1
    outer loop
      vertex -34.8284 -22.8284 3
      vertex -36 -20 3
      vertex -35.1734 -22.435 3
    endloop
  endfacet
  facet normal 0 0 1
    outer loop
      vertex -36 20 3
      vertex -35.6955 21.5307 3
      vertex -35.8637 21.0353 3
    endloop
  endfacet
  facet normal 0 0 1
    outer loop
      vertex -35.1734 -22.435 3
      vertex -36 -20 3
      vertex -35.4641 -22 3
    endloop
  endfacet
  facet normal 0 0 1
    outer loop
      vertex -36 20 3
      vertex -35.8637 21.0353 3
      vertex -35.9658 20.5221 3
    endloop
  endfacet
  facet normal 0 0 1
    outer loop
      vertex -35.4641 -22 3
      vertex -36 -20 3
      vertex -35.6955 -21.5307 3
    endloop
  endfacet
  facet normal 0 0 1
    outer loop
      vertex -35.6955 -21.5307 3
      vertex -36 -20 3
      vertex -35.8637 -21.0353 3
    endloop
  endfacet
  facet normal 0 0 1
    outer loop
      vertex -35.8637 -21.0353 3
      vertex -36 -20 3
      vertex -35.9658 -20.5221 3
    endloop
  endfacet
  facet normal -1 0 0
    outer loop
      vertex -36 -20 0
      vertex -36 20 3
      vertex -36 20 0
    endloop
  endfacet
  facet normal -1 -0 0
    outer loop
      vertex -36 20 3
      vertex -36 -20 0
      vertex -36 -20 3
    endloop
  endfacet
  facet normal 0 -1 0
    outer loop
      vertex -32 -24 0
      vertex 32 -24 3
      vertex -32 -24 3
    endloop
  endfacet
  facet normal 0 -1 -0
    outer loop
      vertex 32 -24 3
      vertex -32 -24 0
      vertex 32 -24 0
    endloop
  endfacet
  facet normal 0.0653646 0.997861 -0
    outer loop
      vertex 32.5221 23.9658 0
      vertex 32 24 3
      vertex 32.5221 23.9658 3
    endloop
  endfacet
  facet normal 0.0653646 0.997861 0
    outer loop
      vertex 32 24 3
      vertex 32.5221 23.9658 0
      vertex 32 24 0
    endloop
  endfacet
  facet normal 0 1 -0
    outer loop
      vertex 32 24 0
      vertex -32 24 3
      vertex 32 24 3
    endloop
  endfacet
  facet normal 0 1 0
    outer loop
      vertex -32 24 3
      vertex 32 24 0
      vertex -32 24 0
    endloop
  endfacet
  facet normal 1 -0 0
    outer loop
      vertex 36 -20 3
      vertex 36 20 0
      vertex 36 20 3
    endloop
  endfacet
  facet normal 1 0 0
    outer loop
      vertex 36 20 0
      vertex 36 -20 3
      vertex 36 -20 0
    endloop
  endfacet
  facet normal 0.659343 -0.751842 0
    outer loop
      vertex 34.435 -23.1734 0
      vertex 34.8284 -22.8284 3
      vertex 34.435 -23.1734 3
    endloop
  endfacet
  facet normal 0.659343 -0.751842 0
    outer loop
      vertex 34.8284 -22.8284 3
      vertex 34.435 -23.1734 0
      vertex 34.8284 -22.8284 0
    endloop
  endfacet
  facet normal -0.659343 0.751842 0
    outer loop
      vertex -34.435 23.1734 0
      vertex -34.8284 22.8284 3
      vertex -34.435 23.1734 3
    endloop
  endfacet
  facet normal -0.659343 0.751842 0
    outer loop
      vertex -34.8284 22.8284 3
      vertex -34.435 23.1734 0
      vertex -34.8284 22.8284 0
    endloop
  endfacet
  facet normal -0.442238 -0.896898 0
    outer loop
      vertex -34 -23.4641 0
      vertex -33.5307 -23.6955 3
      vertex -34 -23.4641 3
    endloop
  endfacet
  facet normal -0.442238 -0.896898 -0
    outer loop
      vertex -33.5307 -23.6955 3
      vertex -34 -23.4641 0
      vertex -33.5307 -23.6955 0
    endloop
  endfacet
  facet normal -0.555626 -0.831432 0
    outer loop
      vertex -34.435 -23.1734 0
      vertex -34 -23.4641 3
      vertex -34.435 -23.1734 3
    endloop
  endfacet
  facet normal -0.555626 -0.831432 -0
    outer loop
      vertex -34 -23.4641 3
      vertex -34.435 -23.1734 0
      vertex -34 -23.4641 0
    endloop
  endfacet
  facet normal -0.195124 -0.980779 0
    outer loop
      vertex -33.0353 -23.8637 0
      vertex -32.5221 -23.9658 3
      vertex -33.0353 -23.8637 3
    endloop
  endfacet
  facet normal -0.195124 -0.980779 -0
    outer loop
      vertex -32.5221 -23.9658 3
      vertex -33.0353 -23.8637 0
      vertex -32.5221 -23.9658 0
    endloop
  endfacet
  facet normal 0.0653646 -0.997861 0
    outer loop
      vertex 32 -24 0
      vertex 32.5221 -23.9658 3
      vertex 32 -24 3
    endloop
  endfacet
  facet normal 0.0653646 -0.997861 0
    outer loop
      vertex 32.5221 -23.9658 3
      vertex 32 -24 0
      vertex 32.5221 -23.9658 0
    endloop
  endfacet
  facet normal 0.442238 0.896898 -0
    outer loop
      vertex 34 23.4641 0
      vertex 33.5307 23.6955 3
      vertex 34 23.4641 3
    endloop
  endfacet
  facet normal 0.442238 0.896898 0
    outer loop
      vertex 33.5307 23.6955 3
      vertex 34 23.4641 0
      vertex 33.5307 23.6955 0
    endloop
  endfacet
  facet normal 0.555626 0.831432 -0
    outer loop
      vertex 34.435 23.1734 0
      vertex 34 23.4641 3
      vertex 34.435 23.1734 3
    endloop
  endfacet
  facet normal 0.555626 0.831432 0
    outer loop
      vertex 34 23.4641 3
      vertex 34.435 23.1734 0
      vertex 34 23.4641 0
    endloop
  endfacet
  facet normal 0.195124 0.980779 -0
    outer loop
      vertex 33.0353 23.8637 0
      vertex 32.5221 23.9658 3
      vertex 33.0353 23.8637 3
    endloop
  endfacet
  facet normal 0.195124 0.980779 0
    outer loop
      vertex 32.5221 23.9658 3
      vertex 33.0353 23.8637 0
      vertex 32.5221 23.9658 0
    endloop
  endfacet
  facet normal -0.0653646 0.997861 0
    outer loop
      vertex -32 24 0
      vertex -32.5221 23.9658 3
      vertex -32 24 3
    endloop
  endfacet
  facet normal -0.0653646 0.997861 0
    outer loop
      vertex -32.5221 23.9658 3
      vertex -32 24 0
      vertex -32.5221 23.9658 0
    endloop
  endfacet
  facet normal 0.997861 -0.0653646 0
    outer loop
      vertex 35.9658 -20.5221 3
      vertex 36 -20 0
      vertex 36 -20 3
    endloop
  endfacet
  facet normal 0.997861 -0.0653646 0
    outer loop
      vertex 36 -20 0
      vertex 35.9658 -20.5221 3
      vertex 35.9658 -20.5221 0
    endloop
  endfacet
  facet normal 0.980779 -0.195124 0
    outer loop
      vertex 35.8637 -21.0353 3
      vertex 35.9658 -20.5221 0
      vertex 35.9658 -20.5221 3
    endloop
  endfacet
  facet normal 0.980779 -0.195124 0
    outer loop
      vertex 35.9658 -20.5221 0
      vertex 35.8637 -21.0353 3
      vertex 35.8637 -21.0353 0
    endloop
  endfacet
  facet normal -0.555626 0.831432 0
    outer loop
      vertex -34 23.4641 0
      vertex -34.435 23.1734 3
      vertex -34 23.4641 3
    endloop
  endfacet
  facet normal -0.555626 0.831432 0
    outer loop
      vertex -34.435 23.1734 3
      vertex -34 23.4641 0
      vertex -34.435 23.1734 0
    endloop
  endfacet
  facet normal -0.751842 0.659343 0
    outer loop
      vertex -35.1734 22.435 0
      vertex -34.8284 22.8284 3
      vertex -34.8284 22.8284 0
    endloop
  endfacet
  facet normal -0.751842 0.659343 0
    outer loop
      vertex -34.8284 22.8284 3
      vertex -35.1734 22.435 0
      vertex -35.1734 22.435 3
    endloop
  endfacet
  facet normal -0.831432 0.555626 0
    outer loop
      vertex -35.4641 22 0
      vertex -35.1734 22.435 3
      vertex -35.1734 22.435 0
    endloop
  endfacet
  facet normal -0.831432 0.555626 0
    outer loop
      vertex -35.1734 22.435 3
      vertex -35.4641 22 0
      vertex -35.4641 22 3
    endloop
  endfacet
  facet normal -0.980779 0.195124 0
    outer loop
      vertex -35.9658 20.5221 0
      vertex -35.8637 21.0353 3
      vertex -35.8637 21.0353 0
    endloop
  endfacet
  facet normal -0.980779 0.195124 0
    outer loop
      vertex -35.8637 21.0353 3
      vertex -35.9658 20.5221 0
      vertex -35.9658 20.5221 3
    endloop
  endfacet
  facet normal -0.0653646 -0.997861 0
    outer loop
      vertex -32.5221 -23.9658 0
      vertex -32 -24 3
      vertex -32.5221 -23.9658 3
    endloop
  endfacet
  facet normal -0.0653646 -0.997861 -0
    outer loop
      vertex -32 -24 3
      vertex -32.5221 -23.9658 0
      vertex -32 -24 0
    endloop
  endfacet
  facet normal 0.321498 0.94691 -0
    outer loop
      vertex 33.5307 23.6955 0
      vertex 33.0353 23.8637 3
      vertex 33.5307 23.6955 3
    endloop
  endfacet
  facet normal 0.321498 0.94691 0
    outer loop
      vertex 33.0353 23.8637 3
      vertex 33.5307 23.6955 0
      vertex 33.0353 23.8637 0
    endloop
  endfacet
  facet normal 0.896898 0.442238 0
    outer loop
      vertex 35.6955 21.5307 3
      vertex 35.4641 22 0
      vertex 35.4641 22 3
    endloop
  endfacet
  facet normal 0.896898 0.442238 0
    outer loop
      vertex 35.4641 22 0
      vertex 35.6955 21.5307 3
      vertex 35.6955 21.5307 0
    endloop
  endfacet
  facet normal 0.751842 0.659343 0
    outer loop
      vertex 35.1734 22.435 3
      vertex 34.8284 22.8284 0
      vertex 34.8284 22.8284 3
    endloop
  endfacet
  facet normal 0.751842 0.659343 0
    outer loop
      vertex 34.8284 22.8284 0
      vertex 35.1734 22.435 3
      vertex 35.1734 22.435 0
    endloop
  endfacet
  facet normal 0.831432 -0.555626 0
    outer loop
      vertex 35.1734 -22.435 3
      vertex 35.4641 -22 0
      vertex 35.4641 -22 3
    endloop
  endfacet
  facet normal 0.831432 -0.555626 0
    outer loop
      vertex 35.4641 -22 0
      vertex 35.1734 -22.435 3
      vertex 35.1734 -22.435 0
    endloop
  endfacet
  facet normal 0.94691 -0.321498 0
    outer loop
      vertex 35.6955 -21.5307 3
      vertex 35.8637 -21.0353 0
      vertex 35.8637 -21.0353 3
    endloop
  endfacet
  facet normal 0.94691 -0.321498 0
    outer loop
      vertex 35.8637 -21.0353 0
      vertex 35.6955 -21.5307 3
      vertex 35.6955 -21.5307 0
    endloop
  endfacet
  facet normal 0.751842 -0.659343 0
    outer loop
      vertex 34.8284 -22.8284 3
      vertex 35.1734 -22.435 0
      vertex 35.1734 -22.435 3
    endloop
  endfacet
  facet normal 0.751842 -0.659343 0
    outer loop
      vertex 35.1734 -22.435 0
      vertex 34.8284 -22.8284 3
      vertex 34.8284 -22.8284 0
    endloop
  endfacet
  facet normal 0.442238 -0.896898 0
    outer loop
      vertex 33.5307 -23.6955 0
      vertex 34 -23.4641 3
      vertex 33.5307 -23.6955 3
    endloop
  endfacet
  facet normal 0.442238 -0.896898 0
    outer loop
      vertex 34 -23.4641 3
      vertex 33.5307 -23.6955 0
      vertex 34 -23.4641 0
    endloop
  endfacet
  facet normal -0.442238 0.896898 0
    outer loop
      vertex -33.5307 23.6955 0
      vertex -34 23.4641 3
      vertex -33.5307 23.6955 3
    endloop
  endfacet
  facet normal -0.442238 0.896898 0
    outer loop
      vertex -34 23.4641 3
      vertex -33.5307 23.6955 0
      vertex -34 23.4641 0
    endloop
  endfacet
  facet normal -0.321498 0.94691 0
    outer loop
      vertex -33.0353 23.8637 0
      vertex -33.5307 23.6955 3
      vertex -33.0353 23.8637 3
    endloop
  endfacet
  facet normal -0.321498 0.94691 0
    outer loop
      vertex -33.5307 23.6955 3
      vertex -33.0353 23.8637 0
      vertex -33.5307 23.6955 0
    endloop
  endfacet
  facet normal -0.896898 0.442238 0
    outer loop
      vertex -35.6955 21.5307 0
      vertex -35.4641 22 3
      vertex -35.4641 22 0
    endloop
  endfacet
  facet normal -0.896898 0.442238 0
    outer loop
      vertex -35.4641 22 3
      vertex -35.6955 21.5307 0
      vertex -35.6955 21.5307 3
    endloop
  endfacet
  facet normal -0.94691 0.321498 0
    outer loop
      vertex -35.8637 21.0353 0
      vertex -35.6955 21.5307 3
      vertex -35.6955 21.5307 0
    endloop
  endfacet
  facet normal -0.94691 0.321498 0
    outer loop
      vertex -35.6955 21.5307 3
      vertex -35.8637 21.0353 0
      vertex -35.8637 21.0353 3
    endloop
  endfacet
  facet normal -0.997861 -0.0653646 0
    outer loop
      vertex -35.9658 -20.5221 0
      vertex -36 -20 3
      vertex -36 -20 0
    endloop
  endfacet
  facet normal -0.997861 -0.0653646 0
    outer loop
      vertex -36 -20 3
      vertex -35.9658 -20.5221 0
      vertex -35.9658 -20.5221 3
    endloop
  endfacet
  facet normal 0 0 -1
    outer loop
      vertex 16 9 0
      vertex 6.68546 16.7781 0
      vertex 6.7 17 0
    endloop
  endfacet
  facet normal 0 0 -1
    outer loop
      vertex 16 9 0
      vertex 6.64207 16.56 0
      vertex 6.68546 16.7781 0
    endloop
  endfacet
  facet normal 0 0 -1
    outer loop
      vertex 16 9 0
      vertex 6.57059 16.3494 0
      vertex 6.64207 16.56 0
    endloop
  endfacet
  facet normal 0 0 -1
    outer loop
      vertex 16 9 0
      vertex 6.47224 16.15 0
      vertex 6.57059 16.3494 0
    endloop
  endfacet
  facet normal 0 0 -1
    outer loop
      vertex 16 9 0
      vertex 6.3487 15.9651 0
      vertex 6.47224 16.15 0
    endloop
  endfacet
  facet normal 0 0 -1
    outer loop
      vertex 16 9 0
      vertex 6.20208 15.7979 0
      vertex 6.3487 15.9651 0
    endloop
  endfacet
  facet normal 0 0 -1
    outer loop
      vertex 16 9 0
      vertex 6.03489 15.6513 0
      vertex 6.20208 15.7979 0
    endloop
  endfacet
  facet normal 0 0 -1
    outer loop
      vertex 16 9 0
      vertex 5.85 15.5278 0
      vertex 6.03489 15.6513 0
    endloop
  endfacet
  facet normal 0 0 -1
    outer loop
      vertex 16 9 0
      vertex 5.65056 15.4294 0
      vertex 5.85 15.5278 0
    endloop
  endfacet
  facet normal 0 0 -1
    outer loop
      vertex 16 9 0
      vertex 5.43999 15.3579 0
      vertex 5.65056 15.4294 0
    endloop
  endfacet
  facet normal 0 0 -1
    outer loop
      vertex 16 9 0
      vertex 5.22189 15.3145 0
      vertex 5.43999 15.3579 0
    endloop
  endfacet
  facet normal 0 0 -1
    outer loop
      vertex 16 9 0
      vertex 5 15.3 0
      vertex 5.22189 15.3145 0
    endloop
  endfacet
  facet normal 0 0 -1
    outer loop
      vertex 16 9 0
      vertex -5 15.3 0
      vertex 5 15.3 0
    endloop
  endfacet
  facet normal 0 0 -1
    outer loop
      vertex -16 9 0
      vertex -5 15.3 0
      vertex 16 9 0
    endloop
  endfacet
  facet normal -0 0 -1
    outer loop
      vertex -5 15.3 0
      vertex -16 9 0
      vertex -5.22189 15.3145 0
    endloop
  endfacet
  facet normal -0 0 -1
    outer loop
      vertex -6.68546 16.7781 0
      vertex -16 9 0
      vertex -6.7 17 0
    endloop
  endfacet
  facet normal -0 0 -1
    outer loop
      vertex -6.64207 16.56 0
      vertex -16 9 0
      vertex -6.68546 16.7781 0
    endloop
  endfacet
  facet normal -0 0 -1
    outer loop
      vertex -6.57059 16.3494 0
      vertex -16 9 0
      vertex -6.64207 16.56 0
    endloop
  endfacet
  facet normal -0 0 -1
    outer loop
      vertex -6.47224 16.15 0
      vertex -16 9 0
      vertex -6.57059 16.3494 0
    endloop
  endfacet
  facet normal -0 0 -1
    outer loop
      vertex -6.3487 15.9651 0
      vertex -16 9 0
      vertex -6.47224 16.15 0
    endloop
  endfacet
  facet normal -0 0 -1
    outer loop
      vertex -6.20208 15.7979 0
      vertex -16 9 0
      vertex -6.3487 15.9651 0
    endloop
  endfacet
  facet normal -0 0 -1
    outer loop
      vertex -6.03489 15.6513 0
      vertex -16 9 0
      vertex -6.20208 15.7979 0
    endloop
  endfacet
  facet normal -0 0 -1
    outer loop
      vertex -5.85 15.5278 0
      vertex -16 9 0
      vertex -6.03489 15.6513 0
    endloop
  endfacet
  facet normal -0 0 -1
    outer loop
      vertex -5.65056 15.4294 0
      vertex -16 9 0
      vertex -5.85 15.5278 0
    endloop
  endfacet
  facet normal -0 0 -1
    outer loop
      vertex -5.43999 15.3579 0
      vertex -16 9 0
      vertex -5.65056 15.4294 0
    endloop
  endfacet
  facet normal -0 0 -1
    outer loop
      vertex -5.22189 15.3145 0
      vertex -16 9 0
      vertex -5.43999 15.3579 0
    endloop
  endfacet
  facet normal 0 0 -1
    outer loop
      vertex 32 -24 0
      vertex 36 -20 0
      vertex 35.9658 -20.5221 0
    endloop
  endfacet
  facet normal 0 0 -1
    outer loop
      vertex 36 -20 0
      vertex 29.7 -5 0
      vertex 36 20 0
    endloop
  endfacet
  facet normal 0 0 -1
    outer loop
      vertex 32 -24 0
      vertex 35.9658 -20.5221 0
      vertex 35.8637 -21.0353 0
    endloop
  endfacet
  facet normal 0 0 -1
    outer loop
      vertex 29.7 5 0
      vertex 36 20 0
      vertex 29.7 -5 0
    endloop
  endfacet
  facet normal 0 0 -1
    outer loop
      vertex 32 -24 0
      vertex 35.8637 -21.0353 0
      vertex 35.6955 -21.5307 0
    endloop
  endfacet
  facet normal 0 0 -1
    outer loop
      vertex 29.6855 5.22189 0
      vertex 36 20 0
      vertex 29.7 5 0
    endloop
  endfacet
  facet normal 0 0 -1
    outer loop
      vertex 32 -24 0
      vertex 35.6955 -21.5307 0
      vertex 35.4641 -22 0
    endloop
  endfacet
  facet normal 0 0 -1
    outer loop
      vertex 29.6421 5.43999 0
      vertex 36 20 0
      vertex 29.6855 5.22189 0
    endloop
  endfacet
  facet normal 0 0 -1
    outer loop
      vertex 32 -24 0
      vertex 35.4641 -22 0
      vertex 35.1734 -22.435 0
    endloop
  endfacet
  facet normal 0 0 -1
    outer loop
      vertex 29.5706 5.65056 0
      vertex 36 20 0
      vertex 29.6421 5.43999 0
    endloop
  endfacet
  facet normal 0 0 -1
    outer loop
      vertex 32 -24 0
      vertex 35.1734 -22.435 0
      vertex 34.8284 -22.8284 0
    endloop
  endfacet
  facet normal 0 0 -1
    outer loop
      vertex 29.4722 5.85 0
      vertex 36 20 0
      vertex 29.5706 5.65056 0
    endloop
  endfacet
  facet normal 0 0 -1
    outer loop
      vertex 32 -24 0
      vertex 34.8284 -22.8284 0
      vertex 34.435 -23.1734 0
    endloop
  endfacet
  facet normal 0 0 -1
    outer loop
      vertex 29.3487 6.03489 0
      vertex 36 20 0
      vertex 29.4722 5.85 0
    endloop
  endfacet
  facet normal 0 0 -1
    outer loop
      vertex 32 -24 0
      vertex 34.435 -23.1734 0
      vertex 34 -23.4641 0
    endloop
  endfacet
  facet normal 0 0 -1
    outer loop
      vertex 29.2021 6.20208 0
      vertex 36 20 0
      vertex 29.3487 6.03489 0
    endloop
  endfacet
  facet normal 0 0 -1
    outer loop
      vertex 32 -24 0
      vertex 34 -23.4641 0
      vertex 33.5307 -23.6955 0
    endloop
  endfacet
  facet normal 0 0 -1
    outer loop
      vertex 29.0349 6.3487 0
      vertex 36 20 0
      vertex 29.2021 6.20208 0
    endloop
  endfacet
  facet normal 0 0 -1
    outer loop
      vertex 32 -24 0
      vertex 33.5307 -23.6955 0
      vertex 33.0353 -23.8637 0
    endloop
  endfacet
  facet normal 0 0 -1
    outer loop
      vertex 28.85 6.47224 0
      vertex 36 20 0
      vertex 29.0349 6.3487 0
    endloop
  endfacet
  facet normal 0 0 -1
    outer loop
      vertex 32 -24 0
      vertex 33.0353 -23.8637 0
      vertex 32.5221 -23.9658 0
    endloop
  endfacet
  facet normal 0 0 -1
    outer loop
      vertex 28.6506 6.57059 0
      vertex 36 20 0
      vertex 28.85 6.47224 0
    endloop
  endfacet
  facet normal -0 0 -1
    outer loop
      vertex 36 -20 0
      vertex 32 -24 0
      vertex 28 -6.7 0
    endloop
  endfacet
  facet normal 0 0 -1
    outer loop
      vertex 28.44 6.64207 0
      vertex 36 20 0
      vertex 28.6506 6.57059 0
    endloop
  endfacet
  facet normal 0 0 -1
    outer loop
      vertex 28.2219 6.68546 0
      vertex 36 20 0
      vertex 28.44 6.64207 0
    endloop
  endfacet
  facet normal 0 0 -1
    outer loop
      vertex 36 -20 0
      vertex 29.6855 -5.22189 0
      vertex 29.7 -5 0
    endloop
  endfacet
  facet normal 0 0 -1
    outer loop
      vertex 36 -20 0
      vertex 29.6421 -5.43999 0
      vertex 29.6855 -5.22189 0
    endloop
  endfacet
  facet normal 0 0 -1
    outer loop
      vertex 36 -20 0
      vertex 29.5706 -5.65056 0
      vertex 29.6421 -5.43999 0
    endloop
  endfacet
  facet normal 0 0 -1
    outer loop
      vertex 36 -20 0
      vertex 29.4722 -5.85 0
      vertex 29.5706 -5.65056 0
    endloop
  endfacet
  facet normal 0 0 -1
    outer loop
      vertex 36 -20 0
      vertex 29.3487 -6.03489 0
      vertex 29.4722 -5.85 0
    endloop
  endfacet
  facet normal 0 0 -1
    outer loop
      vertex 36 -20 0
      vertex 29.2021 -6.20208 0
      vertex 29.3487 -6.03489 0
    endloop
  endfacet
  facet normal 0 0 -1
    outer loop
      vertex 36 -20 0
      vertex 29.0349 -6.3487 0
      vertex 29.2021 -6.20208 0
    endloop
  endfacet
  facet normal 0 0 -1
    outer loop
      vertex 36 -20 0
      vertex 28.85 -6.47224 0
      vertex 29.0349 -6.3487 0
    endloop
  endfacet
  facet normal 0 0 -1
    outer loop
      vertex 36 -20 0
      vertex 28.6506 -6.57059 0
      vertex 28.85 -6.47224 0
    endloop
  endfacet
  facet normal 0 0 -1
    outer loop
      vertex 36 -20 0
      vertex 28.44 -6.64207 0
      vertex 28.6506 -6.57059 0
    endloop
  endfacet
  facet normal 0 0 -1
    outer loop
      vertex 36 -20 0
      vertex 28.2219 -6.68546 0
      vertex 28.44 -6.64207 0
    endloop
  endfacet
  facet normal 0 0 -1
    outer loop
      vertex 36 -20 0
      vertex 28 -6.7 0
      vertex 28.2219 -6.68546 0
    endloop
  endfacet
  facet normal 0 0 -1
    outer loop
      vertex 32 -24 0
      vertex 27.7781 -6.68546 0
      vertex 28 -6.7 0
    endloop
  endfacet
  facet normal 0 0 -1
    outer loop
      vertex 32 -24 0
      vertex 27.56 -6.64207 0
      vertex 27.7781 -6.68546 0
    endloop
  endfacet
  facet normal 0 0 -1
    outer loop
      vertex 32 -24 0
      vertex 27.3494 -6.57059 0
      vertex 27.56 -6.64207 0
    endloop
  endfacet
  facet normal 0 0 -1
    outer loop
      vertex 16 -9 0
      vertex 27.3494 -6.57059 0
      vertex 32 -24 0
    endloop
  endfacet
  facet normal -0 0 -1
    outer loop
      vertex 27.3494 -6.57059 0
      vertex 16 -9 0
      vertex 27.15 -6.47224 0
    endloop
  endfacet
  facet normal -0 0 -1
    outer loop
      vertex 27.15 -6.47224 0
      vertex 16 -9 0
      vertex 26.9651 -6.3487 0
    endloop
  endfacet
  facet normal -0 0 -1
    outer loop
      vertex 26.9651 -6.3487 0
      vertex 16 -9 0
      vertex 26.7979 -6.20208 0
    endloop
  endfacet
  facet normal -0 0 -1
    outer loop
      vertex 26.7979 -6.20208 0
      vertex 16 -9 0
      vertex 26.6513 -6.03489 0
    endloop
  endfacet
  facet normal -0 0 -1
    outer loop
      vertex 26.6513 -6.03489 0
      vertex 16 -9 0
      vertex 26.5278 -5.85 0
    endloop
  endfacet
  facet normal -0 0 -1
    outer loop
      vertex 26.5278 -5.85 0
      vertex 16 -9 0
      vertex 26.4294 -5.65056 0
    endloop
  endfacet
  facet normal -0 0 -1
    outer loop
      vertex 26.3 -5 0
      vertex 16 -9 0
      vertex 26.3 5 0
    endloop
  endfacet
  facet normal -0 0 -1
    outer loop
      vertex 26.3145 -5.22189 0
      vertex 16 -9 0
      vertex 26.3 -5 0
    endloop
  endfacet
  facet normal -0 0 -1
    outer loop
      vertex 26.3579 -5.43999 0
      vertex 16 -9 0
      vertex 26.3145 -5.22189 0
    endloop
  endfacet
  facet normal -0 0 -1
    outer loop
      vertex 26.4294 -5.65056 0
      vertex 16 -9 0
      vertex 26.3579 -5.43999 0
    endloop
  endfacet
  facet normal 0 0 -1
    outer loop
      vertex 6.64207 -17.44 0
      vertex 16 -9 0
      vertex 32 -24 0
    endloop
  endfacet
  facet normal 0 0 -1
    outer loop
      vertex 16 -9 0
      vertex 6.68546 -17.2219 0
      vertex 6.7 -17 0
    endloop
  endfacet
  facet normal 0 0 -1
    outer loop
      vertex 16 -9 0
      vertex 6.64207 -17.44 0
      vertex 6.68546 -17.2219 0
    endloop
  endfacet
  facet normal 0 0 -1
    outer loop
      vertex 32 -24 0
      vertex 6.57059 -17.6506 0
      vertex 6.64207 -17.44 0
    endloop
  endfacet
  facet normal 0 0 -1
    outer loop
      vertex 32 -24 0
      vertex 6.47224 -17.85 0
      vertex 6.57059 -17.6506 0
    endloop
  endfacet
  facet normal 0 0 -1
    outer loop
      vertex 32 -24 0
      vertex 6.3487 -18.0349 0
      vertex 6.47224 -17.85 0
    endloop
  endfacet
  facet normal 0 0 -1
    outer loop
      vertex 32 -24 0
      vertex 6.20208 -18.2021 0
      vertex 6.3487 -18.0349 0
    endloop
  endfacet
  facet normal 0 0 -1
    outer loop
      vertex 32 -24 0
      vertex 6.03489 -18.3487 0
      vertex 6.20208 -18.2021 0
    endloop
  endfacet
  facet normal 0 0 -1
    outer loop
      vertex 32 -24 0
      vertex 5.85 -18.4722 0
      vertex 6.03489 -18.3487 0
    endloop
  endfacet
  facet normal 0 0 -1
    outer loop
      vertex 32 -24 0
      vertex 5.65056 -18.5706 0
      vertex 5.85 -18.4722 0
    endloop
  endfacet
  facet normal 0 0 -1
    outer loop
      vertex 32 -24 0
      vertex 5.43999 -18.6421 0
      vertex 5.65056 -18.5706 0
    endloop
  endfacet
  facet normal 0 0 -1
    outer loop
      vertex 32 -24 0
      vertex 5.22189 -18.6855 0
      vertex 5.43999 -18.6421 0
    endloop
  endfacet
  facet normal 0 0 -1
    outer loop
      vertex 32 -24 0
      vertex 5 -18.7 0
      vertex 5.22189 -18.6855 0
    endloop
  endfacet
  facet normal 0 0 -1
    outer loop
      vertex 32 -24 0
      vertex -5 -18.7 0
      vertex 5 -18.7 0
    endloop
  endfacet
  facet normal 0 0 -1
    outer loop
      vertex -32 -24 0
      vertex -5 -18.7 0
      vertex 32 -24 0
    endloop
  endfacet
  facet normal 0 0 -1
    outer loop
      vertex -6.68546 -17.2219 0
      vertex -16 -9 0
      vertex -6.7 -17 0
    endloop
  endfacet
  facet normal 0 0 -1
    outer loop
      vertex -6.64207 -17.44 0
      vertex -16 -9 0
      vertex -6.68546 -17.2219 0
    endloop
  endfacet
  facet normal 0 0 -1
    outer loop
      vertex -6.57059 -17.6506 0
      vertex -16 -9 0
      vertex -6.64207 -17.44 0
    endloop
  endfacet
  facet normal 0 0 -1
    outer loop
      vertex -32 -24 0
      vertex -6.57059 -17.6506 0
      vertex -6.47224 -17.85 0
    endloop
  endfacet
  facet normal 0 0 -1
    outer loop
      vertex -32 -24 0
      vertex -6.47224 -17.85 0
      vertex -6.3487 -18.0349 0
    endloop
  endfacet
  facet normal 0 0 -1
    outer loop
      vertex -32 -24 0
      vertex -6.3487 -18.0349 0
      vertex -6.20208 -18.2021 0
    endloop
  endfacet
  facet normal 0 0 -1
    outer loop
      vertex -16 -9 0
      vertex -26.3 -5 0
      vertex -16 9 0
    endloop
  endfacet
  facet normal -0 0 -1
    outer loop
      vertex -6.57059 -17.6506 0
      vertex -32 -24 0
      vertex -16 -9 0
    endloop
  endfacet
  facet normal 0 0 -1
    outer loop
      vertex -32 -24 0
      vertex -6.20208 -18.2021 0
      vertex -6.03489 -18.3487 0
    endloop
  endfacet
  facet normal 0 0 -1
    outer loop
      vertex -32 -24 0
      vertex -6.03489 -18.3487 0
      vertex -5.85 -18.4722 0
    endloop
  endfacet
  facet normal 0 0 -1
    outer loop
      vertex -16 -9 0
      vertex -26.3145 -5.22189 0
      vertex -26.3 -5 0
    endloop
  endfacet
  facet normal 0 0 -1
    outer loop
      vertex -16 -9 0
      vertex -26.3579 -5.43999 0
      vertex -26.3145 -5.22189 0
    endloop
  endfacet
  facet normal 0 0 -1
    outer loop
      vertex -16 -9 0
      vertex -26.4294 -5.65056 0
      vertex -26.3579 -5.43999 0
    endloop
  endfacet
  facet normal 0 0 -1
    outer loop
      vertex -16 -9 0
      vertex -26.5278 -5.85 0
      vertex -26.4294 -5.65056 0
    endloop
  endfacet
  facet normal 0 0 -1
    outer loop
      vertex -16 -9 0
      vertex -26.6513 -6.03489 0
      vertex -26.5278 -5.85 0
    endloop
  endfacet
  facet normal 0 0 -1
    outer loop
      vertex -16 -9 0
      vertex -26.7979 -6.20208 0
      vertex -26.6513 -6.03489 0
    endloop
  endfacet
  facet normal 0 0 -1
    outer loop
      vertex -16 -9 0
      vertex -26.9651 -6.3487 0
      vertex -26.7979 -6.20208 0
    endloop
  endfacet
  facet normal 0 0 -1
    outer loop
      vertex -16 -9 0
      vertex -27.15 -6.47224 0
      vertex -26.9651 -6.3487 0
    endloop
  endfacet
  facet normal 0 -0 -1
    outer loop
      vertex -27.3494 -6.57059 0
      vertex -16 -9 0
      vertex -32 -24 0
    endloop
  endfacet
  facet normal 0 0 -1
    outer loop
      vertex -16 -9 0
      vertex -27.3494 -6.57059 0
      vertex -27.15 -6.47224 0
    endloop
  endfacet
  facet normal 0 0 -1
    outer loop
      vertex -27.3494 -6.57059 0
      vertex -32 -24 0
      vertex -27.56 -6.64207 0
    endloop
  endfacet
  facet normal 0 0 -1
    outer loop
      vertex -27.56 -6.64207 0
      vertex -32 -24 0
      vertex -27.7781 -6.68546 0
    endloop
  endfacet
  facet normal 0 0 -1
    outer loop
      vertex -27.7781 -6.68546 0
      vertex -32 -24 0
      vertex -28 -6.7 0
    endloop
  endfacet
  facet normal 0 0 -1
    outer loop
      vertex -36 -20 0
      vertex -28 -6.7 0
      vertex -32 -24 0
    endloop
  endfacet
  facet normal -0 0 -1
    outer loop
      vertex -28 -6.7 0
      vertex -36 -20 0
      vertex -28.2219 -6.68546 0
    endloop
  endfacet
  facet normal -0 0 -1
    outer loop
      vertex -28.2219 -6.68546 0
      vertex -36 -20 0
      vertex -28.44 -6.64207 0
    endloop
  endfacet
  facet normal -0 0 -1
    outer loop
      vertex -29.6855 -5.22189 0
      vertex -36 -20 0
      vertex -29.7 -5 0
    endloop
  endfacet
  facet normal -0 0 -1
    outer loop
      vertex -29.6421 -5.43999 0
      vertex -36 -20 0
      vertex -29.6855 -5.22189 0
    endloop
  endfacet
  facet normal -0 0 -1
    outer loop
      vertex -29.5706 -5.65056 0
      vertex -36 -20 0
      vertex -29.6421 -5.43999 0
    endloop
  endfacet
  facet normal -0 0 -1
    outer loop
      vertex -29.4722 -5.85 0
      vertex -36 -20 0
      vertex -29.5706 -5.65056 0
    endloop
  endfacet
  facet normal -0 0 -1
    outer loop
      vertex -29.3487 -6.03489 0
      vertex -36 -20 0
      vertex -29.4722 -5.85 0
    endloop
  endfacet
  facet normal -0 0 -1
    outer loop
      vertex -29.2021 -6.20208 0
      vertex -36 -20 0
      vertex -29.3487 -6.03489 0
    endloop
  endfacet
  facet normal -0 0 -1
    outer loop
      vertex -29.0349 -6.3487 0
      vertex -36 -20 0
      vertex -29.2021 -6.20208 0
    endloop
  endfacet
  facet normal -0 0 -1
    outer loop
      vertex -28.85 -6.47224 0
      vertex -36 -20 0
      vertex -29.0349 -6.3487 0
    endloop
  endfacet
  facet normal -0 0 -1
    outer loop
      vertex -28.6506 -6.57059 0
      vertex -36 -20 0
      vertex -28.85 -6.47224 0
    endloop
  endfacet
  facet normal -0 0 -1
    outer loop
      vertex -28.44 -6.64207 0
      vertex -36 -20 0
      vertex -28.6506 -6.57059 0
    endloop
  endfacet
  facet normal -0 0 -1
    outer loop
      vertex -5.65056 -18.5706 0
      vertex -32 -24 0
      vertex -5.85 -18.4722 0
    endloop
  endfacet
  facet normal -0 0 -1
    outer loop
      vertex -5.43999 -18.6421 0
      vertex -32 -24 0
      vertex -5.65056 -18.5706 0
    endloop
  endfacet
  facet normal -0 0 -1
    outer loop
      vertex -5.22189 -18.6855 0
      vertex -32 -24 0
      vertex -5.43999 -18.6421 0
    endloop
  endfacet
  facet normal -0 0 -1
    outer loop
      vertex -5 -18.7 0
      vertex -32 -24 0
      vertex -5.22189 -18.6855 0
    endloop
  endfacet
  facet normal 0 0 -1
    outer loop
      vertex 28 6.7 0
      vertex 36 20 0
      vertex 28.2219 6.68546 0
    endloop
  endfacet
  facet normal 0 -0 -1
    outer loop
      vertex 32 24 0
      vertex 36 20 0
      vertex 28 6.7 0
    endloop
  endfacet
  facet normal 0 0 -1
    outer loop
      vertex 35.9658 20.5221 0
      vertex 32 24 0
      vertex 35.8637 21.0353 0
    endloop
  endfacet
  facet normal 0 0 -1
    outer loop
      vertex 35.8637 21.0353 0
      vertex 32 24 0
      vertex 35.6955 21.5307 0
    endloop
  endfacet
  facet normal 0 0 -1
    outer loop
      vertex 35.6955 21.5307 0
      vertex 32 24 0
      vertex 35.4641 22 0
    endloop
  endfacet
  facet normal 0 0 -1
    outer loop
      vertex 35.1734 22.435 0
      vertex 32 24 0
      vertex 34.8284 22.8284 0
    endloop
  endfacet
  facet normal 0 0 -1
    outer loop
      vertex 34.8284 22.8284 0
      vertex 32 24 0
      vertex 34.435 23.1734 0
    endloop
  endfacet
  facet normal 0 0 -1
    outer loop
      vertex 34.435 23.1734 0
      vertex 32 24 0
      vertex 34 23.4641 0
    endloop
  endfacet
  facet normal 0 0 -1
    outer loop
      vertex 33.5307 23.6955 0
      vertex 32 24 0
      vertex 33.0353 23.8637 0
    endloop
  endfacet
  facet normal 0 0 -1
    outer loop
      vertex 33.0353 23.8637 0
      vertex 32 24 0
      vertex 32.5221 23.9658 0
    endloop
  endfacet
  facet normal 0 0 -1
    outer loop
      vertex 34 23.4641 0
      vertex 32 24 0
      vertex 33.5307 23.6955 0
    endloop
  endfacet
  facet normal 0 0 -1
    outer loop
      vertex 35.4641 22 0
      vertex 32 24 0
      vertex 35.1734 22.435 0
    endloop
  endfacet
  facet normal 0 0 -1
    outer loop
      vertex 36 20 0
      vertex 32 24 0
      vertex 35.9658 20.5221 0
    endloop
  endfacet
  facet normal 0 0 -1
    outer loop
      vertex 27.7781 6.68546 0
      vertex 32 24 0
      vertex 28 6.7 0
    endloop
  endfacet
  facet normal 0 0 -1
    outer loop
      vertex 27.56 6.64207 0
      vertex 32 24 0
      vertex 27.7781 6.68546 0
    endloop
  endfacet
  facet normal 0 0 -1
    outer loop
      vertex 27.3494 6.57059 0
      vertex 32 24 0
      vertex 27.56 6.64207 0
    endloop
  endfacet
  facet normal 0 0 -1
    outer loop
      vertex 16 9 0
      vertex 27.3494 6.57059 0
      vertex 27.15 6.47224 0
    endloop
  endfacet
  facet normal 0 0 -1
    outer loop
      vertex 16 9 0
      vertex 27.15 6.47224 0
      vertex 26.9651 6.3487 0
    endloop
  endfacet
  facet normal 0 0 -1
    outer loop
      vertex 16 9 0
      vertex 26.9651 6.3487 0
      vertex 26.7979 6.20208 0
    endloop
  endfacet
  facet normal 0 0 -1
    outer loop
      vertex 16 9 0
      vertex 26.7979 6.20208 0
      vertex 26.6513 6.03489 0
    endloop
  endfacet
  facet normal 0 0 -1
    outer loop
      vertex 16 9 0
      vertex 26.6513 6.03489 0
      vertex 26.5278 5.85 0
    endloop
  endfacet
  facet normal 0 0 -1
    outer loop
      vertex 16 9 0
      vertex 26.5278 5.85 0
      vertex 26.4294 5.65056 0
    endloop
  endfacet
  facet normal 0 0 -1
    outer loop
      vertex 16 9 0
      vertex 26.4294 5.65056 0
      vertex 26.3579 5.43999 0
    endloop
  endfacet
  facet normal 0 0 -1
    outer loop
      vertex 16 9 0
      vertex 26.3 5 0
      vertex 16 -9 0
    endloop
  endfacet
  facet normal 0 0 -1
    outer loop
      vertex 26.3 5 0
      vertex 16 9 0
      vertex 26.3145 5.22189 0
    endloop
  endfacet
  facet normal 0 0 -1
    outer loop
      vertex 26.3145 5.22189 0
      vertex 16 9 0
      vertex 26.3579 5.43999 0
    endloop
  endfacet
  facet normal 0 0 -1
    outer loop
      vertex 27.3494 6.57059 0
      vertex 16 9 0
      vertex 32 24 0
    endloop
  endfacet
  facet normal 0 0 -1
    outer loop
      vertex 6.68546 17.2219 0
      vertex 16 9 0
      vertex 6.7 17 0
    endloop
  endfacet
  facet normal 0 0 -1
    outer loop
      vertex 6.64207 17.44 0
      vertex 16 9 0
      vertex 6.68546 17.2219 0
    endloop
  endfacet
  facet normal 0 0 -1
    outer loop
      vertex 16 9 0
      vertex 6.64207 17.44 0
      vertex 32 24 0
    endloop
  endfacet
  facet normal 0 0 -1
    outer loop
      vertex 6.57059 17.6506 0
      vertex 32 24 0
      vertex 6.64207 17.44 0
    endloop
  endfacet
  facet normal 0 0 -1
    outer loop
      vertex 6.47224 17.85 0
      vertex 32 24 0
      vertex 6.57059 17.6506 0
    endloop
  endfacet
  facet normal 0 0 -1
    outer loop
      vertex 6.3487 18.0349 0
      vertex 32 24 0
      vertex 6.47224 17.85 0
    endloop
  endfacet
  facet normal 0 0 -1
    outer loop
      vertex 6.20208 18.2021 0
      vertex 32 24 0
      vertex 6.3487 18.0349 0
    endloop
  endfacet
  facet normal 0 0 -1
    outer loop
      vertex 6.03489 18.3487 0
      vertex 32 24 0
      vertex 6.20208 18.2021 0
    endloop
  endfacet
  facet normal 0 0 -1
    outer loop
      vertex 5.85 18.4722 0
      vertex 32 24 0
      vertex 6.03489 18.3487 0
    endloop
  endfacet
  facet normal 0 0 -1
    outer loop
      vertex 5.65056 18.5706 0
      vertex 32 24 0
      vertex 5.85 18.4722 0
    endloop
  endfacet
  facet normal 0 0 -1
    outer loop
      vertex 5.43999 18.6421 0
      vertex 32 24 0
      vertex 5.65056 18.5706 0
    endloop
  endfacet
  facet normal 0 0 -1
    outer loop
      vertex 5.22189 18.6855 0
      vertex 32 24 0
      vertex 5.43999 18.6421 0
    endloop
  endfacet
  facet normal 0 0 -1
    outer loop
      vertex 5 18.7 0
      vertex 32 24 0
      vertex 5.22189 18.6855 0
    endloop
  endfacet
  facet normal 0 0 -1
    outer loop
      vertex -5 18.7 0
      vertex 32 24 0
      vertex 5 18.7 0
    endloop
  endfacet
  facet normal 0 0 -1
    outer loop
      vertex -32 24 0
      vertex -5 18.7 0
      vertex -5.22189 18.6855 0
    endloop
  endfacet
  facet normal 0 0 -1
    outer loop
      vertex -16 9 0
      vertex -6.68546 17.2219 0
      vertex -6.7 17 0
    endloop
  endfacet
  facet normal 0 0 -1
    outer loop
      vertex -16 9 0
      vertex -6.64207 17.44 0
      vertex -6.68546 17.2219 0
    endloop
  endfacet
  facet normal 0 0 -1
    outer loop
      vertex -16 9 0
      vertex -6.57059 17.6506 0
      vertex -6.64207 17.44 0
    endloop
  endfacet
  facet normal 0 0 -1
    outer loop
      vertex -32 24 0
      vertex -6.57059 17.6506 0
      vertex -16 9 0
    endloop
  endfacet
  facet normal 0 0 -1
    outer loop
      vertex -6.57059 17.6506 0
      vertex -32 24 0
      vertex -6.47224 17.85 0
    endloop
  endfacet
  facet normal 0 0 -1
    outer loop
      vertex -6.47224 17.85 0
      vertex -32 24 0
      vertex -6.3487 18.0349 0
    endloop
  endfacet
  facet normal 0 0 -1
    outer loop
      vertex -26.3 5 0
      vertex -16 9 0
      vertex -26.3 -5 0
    endloop
  endfacet
  facet normal 0 0 -1
    outer loop
      vertex -26.3145 5.22189 0
      vertex -16 9 0
      vertex -26.3 5 0
    endloop
  endfacet
  facet normal 0 0 -1
    outer loop
      vertex -26.3579 5.43999 0
      vertex -16 9 0
      vertex -26.3145 5.22189 0
    endloop
  endfacet
  facet normal 0 0 -1
    outer loop
      vertex -26.4294 5.65056 0
      vertex -16 9 0
      vertex -26.3579 5.43999 0
    endloop
  endfacet
  facet normal 0 0 -1
    outer loop
      vertex -26.5278 5.85 0
      vertex -16 9 0
      vertex -26.4294 5.65056 0
    endloop
  endfacet
  facet normal 0 0 -1
    outer loop
      vertex -26.6513 6.03489 0
      vertex -16 9 0
      vertex -26.5278 5.85 0
    endloop
  endfacet
  facet normal 0 0 -1
    outer loop
      vertex -26.7979 6.20208 0
      vertex -16 9 0
      vertex -26.6513 6.03489 0
    endloop
  endfacet
  facet normal 0 0 -1
    outer loop
      vertex -26.9651 6.3487 0
      vertex -16 9 0
      vertex -26.7979 6.20208 0
    endloop
  endfacet
  facet normal 0 0 -1
    outer loop
      vertex -27.15 6.47224 0
      vertex -16 9 0
      vertex -26.9651 6.3487 0
    endloop
  endfacet
  facet normal 0 0 -1
    outer loop
      vertex -27.3494 6.57059 0
      vertex -16 9 0
      vertex -27.15 6.47224 0
    endloop
  endfacet
  facet normal 0 0 -1
    outer loop
      vertex -6.3487 18.0349 0
      vertex -32 24 0
      vertex -6.20208 18.2021 0
    endloop
  endfacet
  facet normal 0 0 -1
    outer loop
      vertex -6.20208 18.2021 0
      vertex -32 24 0
      vertex -6.03489 18.3487 0
    endloop
  endfacet
  facet normal -0 0 -1
    outer loop
      vertex -16 9 0
      vertex -27.3494 6.57059 0
      vertex -32 24 0
    endloop
  endfacet
  facet normal 0 0 -1
    outer loop
      vertex -32 24 0
      vertex -27.3494 6.57059 0
      vertex -27.56 6.64207 0
    endloop
  endfacet
  facet normal 0 0 -1
    outer loop
      vertex -32 24 0
      vertex -27.56 6.64207 0
      vertex -27.7781 6.68546 0
    endloop
  endfacet
  facet normal 0 0 -1
    outer loop
      vertex -32 24 0
      vertex -27.7781 6.68546 0
      vertex -28 6.7 0
    endloop
  endfacet
  facet normal 0 0 -1
    outer loop
      vertex -36 20 0
      vertex -28 6.7 0
      vertex -28.2219 6.68546 0
    endloop
  endfacet
  facet normal 0 0 -1
    outer loop
      vertex -36 20 0
      vertex -28.2219 6.68546 0
      vertex -28.44 6.64207 0
    endloop
  endfacet
  facet normal 0 0 -1
    outer loop
      vertex -36 20 0
      vertex -28.44 6.64207 0
      vertex -28.6506 6.57059 0
    endloop
  endfacet
  facet normal 0 0 -1
    outer loop
      vertex -36 20 0
      vertex -28.6506 6.57059 0
      vertex -28.85 6.47224 0
    endloop
  endfacet
  facet normal -0 0 -1
    outer loop
      vertex -29.7 -5 0
      vertex -36 -20 0
      vertex -29.7 5 0
    endloop
  endfacet
  facet normal 0 0 -1
    outer loop
      vertex -5 18.7 0
      vertex -32 24 0
      vertex 32 24 0
    endloop
  endfacet
  facet normal 0 0 -1
    outer loop
      vertex -5.43999 18.6421 0
      vertex -32 24 0
      vertex -5.22189 18.6855 0
    endloop
  endfacet
  facet normal 0 0 -1
    outer loop
      vertex -5.65056 18.5706 0
      vertex -32 24 0
      vertex -5.43999 18.6421 0
    endloop
  endfacet
  facet normal 0 0 -1
    outer loop
      vertex -5.85 18.4722 0
      vertex -32 24 0
      vertex -5.65056 18.5706 0
    endloop
  endfacet
  facet normal 0 0 -1
    outer loop
      vertex -6.03489 18.3487 0
      vertex -32 24 0
      vertex -5.85 18.4722 0
    endloop
  endfacet
  facet normal 0 0 -1
    outer loop
      vertex -36 20 0
      vertex -28.85 6.47224 0
      vertex -29.0349 6.3487 0
    endloop
  endfacet
  facet normal 0 0 -1
    outer loop
      vertex -36 20 0
      vertex -29.0349 6.3487 0
      vertex -29.2021 6.20208 0
    endloop
  endfacet
  facet normal 0 0 -1
    outer loop
      vertex -36 20 0
      vertex -29.2021 6.20208 0
      vertex -29.3487 6.03489 0
    endloop
  endfacet
  facet normal 0 0 -1
    outer loop
      vertex -36 20 0
      vertex -29.3487 6.03489 0
      vertex -29.4722 5.85 0
    endloop
  endfacet
  facet normal 0 0 -1
    outer loop
      vertex -36 20 0
      vertex -29.4722 5.85 0
      vertex -29.5706 5.65056 0
    endloop
  endfacet
  facet normal 0 0 -1
    outer loop
      vertex -36 20 0
      vertex -29.5706 5.65056 0
      vertex -29.6421 5.43999 0
    endloop
  endfacet
  facet normal 0 0 -1
    outer loop
      vertex -36 20 0
      vertex -29.6421 5.43999 0
      vertex -29.6855 5.22189 0
    endloop
  endfacet
  facet normal 0 0 -1
    outer loop
      vertex -36 20 0
      vertex -29.7 5 0
      vertex -36 -20 0
    endloop
  endfacet
  facet normal 0 0 -1
    outer loop
      vertex -36 -20 0
      vertex -32 -24 0
      vertex -32.5221 -23.9658 0
    endloop
  endfacet
  facet normal 0 0 -1
    outer loop
      vertex -29.7 5 0
      vertex -36 20 0
      vertex -29.6855 5.22189 0
    endloop
  endfacet
  facet normal 0 0 -1
    outer loop
      vertex -36 -20 0
      vertex -32.5221 -23.9658 0
      vertex -33.0353 -23.8637 0
    endloop
  endfacet
  facet normal 0 0 -1
    outer loop
      vertex -28 6.7 0
      vertex -36 20 0
      vertex -32 24 0
    endloop
  endfacet
  facet normal 0 0 -1
    outer loop
      vertex -36 -20 0
      vertex -33.0353 -23.8637 0
      vertex -33.5307 -23.6955 0
    endloop
  endfacet
  facet normal 0 0 -1
    outer loop
      vertex -32 24 0
      vertex -36 20 0
      vertex -32.5221 23.9658 0
    endloop
  endfacet
  facet normal 0 0 -1
    outer loop
      vertex -36 -20 0
      vertex -33.5307 -23.6955 0
      vertex -34 -23.4641 0
    endloop
  endfacet
  facet normal 0 0 -1
    outer loop
      vertex -32.5221 23.9658 0
      vertex -36 20 0
      vertex -33.0353 23.8637 0
    endloop
  endfacet
  facet normal 0 0 -1
    outer loop
      vertex -36 -20 0
      vertex -34 -23.4641 0
      vertex -34.435 -23.1734 0
    endloop
  endfacet
  facet normal 0 0 -1
    outer loop
      vertex -33.0353 23.8637 0
      vertex -36 20 0
      vertex -33.5307 23.6955 0
    endloop
  endfacet
  facet normal 0 0 -1
    outer loop
      vertex -36 -20 0
      vertex -34.435 -23.1734 0
      vertex -34.8284 -22.8284 0
    endloop
  endfacet
  facet normal 0 0 -1
    outer loop
      vertex -33.5307 23.6955 0
      vertex -36 20 0
      vertex -34 23.4641 0
    endloop
  endfacet
  facet normal 0 0 -1
    outer loop
      vertex -36 -20 0
      vertex -34.8284 -22.8284 0
      vertex -35.1734 -22.435 0
    endloop
  endfacet
  facet normal 0 0 -1
    outer loop
      vertex -34 23.4641 0
      vertex -36 20 0
      vertex -34.435 23.1734 0
    endloop
  endfacet
  facet normal 0 0 -1
    outer loop
      vertex -36 -20 0
      vertex -35.1734 -22.435 0
      vertex -35.4641 -22 0
    endloop
  endfacet
  facet normal 0 0 -1
    outer loop
      vertex -34.435 23.1734 0
      vertex -36 20 0
      vertex -34.8284 22.8284 0
    endloop
  endfacet
  facet normal 0 0 -1
    outer loop
      vertex -36 -20 0
      vertex -35.4641 -22 0
      vertex -35.6955 -21.5307 0
    endloop
  endfacet
  facet normal 0 0 -1
    outer loop
      vertex -34.8284 22.8284 0
      vertex -36 20 0
      vertex -35.1734 22.435 0
    endloop
  endfacet
  facet normal 0 0 -1
    outer loop
      vertex -36 -20 0
      vertex -35.6955 -21.5307 0
      vertex -35.8637 -21.0353 0
    endloop
  endfacet
  facet normal 0 0 -1
    outer loop
      vertex -35.1734 22.435 0
      vertex -36 20 0
      vertex -35.4641 22 0
    endloop
  endfacet
  facet normal 0 0 -1
    outer loop
      vertex -36 -20 0
      vertex -35.8637 -21.0353 0
      vertex -35.9658 -20.5221 0
    endloop
  endfacet
  facet normal 0 0 -1
    outer loop
      vertex -35.4641 22 0
      vertex -36 20 0
      vertex -35.6955 21.5307 0
    endloop
  endfacet
  facet normal 0 0 -1
    outer loop
      vertex -35.6955 21.5307 0
      vertex -36 20 0
      vertex -35.8637 21.0353 0
    endloop
  endfacet
  facet normal 0 0 -1
    outer loop
      vertex -35.8637 21.0353 0
      vertex -36 20 0
      vertex -35.9658 20.5221 0
    endloop
  endfacet
  facet normal 0 0 -1
    outer loop
      vertex 6.68546 -16.7781 0
      vertex 16 -9 0
      vertex 6.7 -17 0
    endloop
  endfacet
  facet normal 0 0 -1
    outer loop
      vertex 6.64207 -16.56 0
      vertex 16 -9 0
      vertex 6.68546 -16.7781 0
    endloop
  endfacet
  facet normal 0 0 -1
    outer loop
      vertex 6.57059 -16.3494 0
      vertex 16 -9 0
      vertex 6.64207 -16.56 0
    endloop
  endfacet
  facet normal 0 0 -1
    outer loop
      vertex 6.47224 -16.15 0
      vertex 16 -9 0
      vertex 6.57059 -16.3494 0
    endloop
  endfacet
  facet normal 0 0 -1
    outer loop
      vertex 6.3487 -15.9651 0
      vertex 16 -9 0
      vertex 6.47224 -16.15 0
    endloop
  endfacet
  facet normal 0 0 -1
    outer loop
      vertex 6.20208 -15.7979 0
      vertex 16 -9 0
      vertex 6.3487 -15.9651 0
    endloop
  endfacet
  facet normal 0 0 -1
    outer loop
      vertex 6.03489 -15.6513 0
      vertex 16 -9 0
      vertex 6.20208 -15.7979 0
    endloop
  endfacet
  facet normal 0 0 -1
    outer loop
      vertex 5.85 -15.5278 0
      vertex 16 -9 0
      vertex 6.03489 -15.6513 0
    endloop
  endfacet
  facet normal 0 0 -1
    outer loop
      vertex 5.65056 -15.4294 0
      vertex 16 -9 0
      vertex 5.85 -15.5278 0
    endloop
  endfacet
  facet normal 0 0 -1
    outer loop
      vertex 5.43999 -15.3579 0
      vertex 16 -9 0
      vertex 5.65056 -15.4294 0
    endloop
  endfacet
  facet normal 0 0 -1
    outer loop
      vertex 5.22189 -15.3145 0
      vertex 16 -9 0
      vertex 5.43999 -15.3579 0
    endloop
  endfacet
  facet normal 0 0 -1
    outer loop
      vertex 5 -15.3 0
      vertex 16 -9 0
      vertex 5.22189 -15.3145 0
    endloop
  endfacet
  facet normal 0 0 -1
    outer loop
      vertex -5 -15.3 0
      vertex 16 -9 0
      vertex 5 -15.3 0
    endloop
  endfacet
  facet normal 0 0 -1
    outer loop
      vertex -16 -9 0
      vertex -5 -15.3 0
      vertex -5.22189 -15.3145 0
    endloop
  endfacet
  facet normal 0 0 -1
    outer loop
      vertex -16 -9 0
      vertex -5.22189 -15.3145 0
      vertex -5.43999 -15.3579 0
    endloop
  endfacet
  facet normal 0 0 -1
    outer loop
      vertex -5 -15.3 0
      vertex -16 -9 0
      vertex 16 -9 0
    endloop
  endfacet
  facet normal 0 0 -1
    outer loop
      vertex -5.65056 -15.4294 0
      vertex -16 -9 0
      vertex -5.43999 -15.3579 0
    endloop
  endfacet
  facet normal 0 0 -1
    outer loop
      vertex -5.85 -15.5278 0
      vertex -16 -9 0
      vertex -5.65056 -15.4294 0
    endloop
  endfacet
  facet normal 0 0 -1
    outer loop
      vertex -6.03489 -15.6513 0
      vertex -16 -9 0
      vertex -5.85 -15.5278 0
    endloop
  endfacet
  facet normal 0 0 -1
    outer loop
      vertex -6.20208 -15.7979 0
      vertex -16 -9 0
      vertex -6.03489 -15.6513 0
    endloop
  endfacet
  facet normal 0 0 -1
    outer loop
      vertex -6.3487 -15.9651 0
      vertex -16 -9 0
      vertex -6.20208 -15.7979 0
    endloop
  endfacet
  facet normal 0 0 -1
    outer loop
      vertex -6.47224 -16.15 0
      vertex -16 -9 0
      vertex -6.3487 -15.9651 0
    endloop
  endfacet
  facet normal 0 0 -1
    outer loop
      vertex -6.57059 -16.3494 0
      vertex -16 -9 0
      vertex -6.47224 -16.15 0
    endloop
  endfacet
  facet normal 0 0 -1
    outer loop
      vertex -6.64207 -16.56 0
      vertex -16 -9 0
      vertex -6.57059 -16.3494 0
    endloop
  endfacet
  facet normal 0 0 -1
    outer loop
      vertex -6.68546 -16.7781 0
      vertex -16 -9 0
      vertex -6.64207 -16.56 0
    endloop
  endfacet
  facet normal 0 0 -1
    outer loop
      vertex -16 -9 0
      vertex -6.68546 -16.7781 0
      vertex -6.7 -17 0
    endloop
  endfacet
  facet normal -0.980779 -0.195124 0
    outer loop
      vertex -35.8637 -21.0353 0
      vertex -35.9658 -20.5221 3
      vertex -35.9658 -20.5221 0
    endloop
  endfacet
  facet normal -0.980779 -0.195124 0
    outer loop
      vertex -35.9658 -20.5221 3
      vertex -35.8637 -21.0353 0
      vertex -35.8637 -21.0353 3
    endloop
  endfacet
  facet normal -0.94691 -0.321498 0
    outer loop
      vertex -35.6955 -21.5307 0
      vertex -35.8637 -21.0353 3
      vertex -35.8637 -21.0353 0
    endloop
  endfacet
  facet normal -0.94691 -0.321498 0
    outer loop
      vertex -35.8637 -21.0353 3
      vertex -35.6955 -21.5307 0
      vertex -35.6955 -21.5307 3
    endloop
  endfacet
  facet normal -0.831432 -0.555626 0
    outer loop
      vertex -35.1734 -22.435 0
      vertex -35.4641 -22 3
      vertex -35.4641 -22 0
    endloop
  endfacet
  facet normal -0.831432 -0.555626 0
    outer loop
      vertex -35.4641 -22 3
      vertex -35.1734 -22.435 0
      vertex -35.1734 -22.435 3
    endloop
  endfacet
  facet normal -0.321498 -0.94691 0
    outer loop
      vertex -33.5307 -23.6955 0
      vertex -33.0353 -23.8637 3
      vertex -33.5307 -23.6955 3
    endloop
  endfacet
  facet normal -0.321498 -0.94691 -0
    outer loop
      vertex -33.0353 -23.8637 3
      vertex -33.5307 -23.6955 0
      vertex -33.0353 -23.8637 0
    endloop
  endfacet
  facet normal 0.980779 0.195124 0
    outer loop
      vertex 35.9658 20.5221 3
      vertex 35.8637 21.0353 0
      vertex 35.8637 21.0353 3
    endloop
  endfacet
  facet normal 0.980779 0.195124 0
    outer loop
      vertex 35.8637 21.0353 0
      vertex 35.9658 20.5221 3
      vertex 35.9658 20.5221 0
    endloop
  endfacet
  facet normal 0.94691 0.321498 0
    outer loop
      vertex 35.8637 21.0353 3
      vertex 35.6955 21.5307 0
      vertex 35.6955 21.5307 3
    endloop
  endfacet
  facet normal 0.94691 0.321498 0
    outer loop
      vertex 35.6955 21.5307 0
      vertex 35.8637 21.0353 3
      vertex 35.8637 21.0353 0
    endloop
  endfacet
  facet normal 0.831432 0.555626 0
    outer loop
      vertex 35.4641 22 3
      vertex 35.1734 22.435 0
      vertex 35.1734 22.435 3
    endloop
  endfacet
  facet normal 0.831432 0.555626 0
    outer loop
      vertex 35.1734 22.435 0
      vertex 35.4641 22 3
      vertex 35.4641 22 0
    endloop
  endfacet
  facet normal 0.896898 -0.442238 0
    outer loop
      vertex 35.4641 -22 3
      vertex 35.6955 -21.5307 0
      vertex 35.6955 -21.5307 3
    endloop
  endfacet
  facet normal 0.896898 -0.442238 0
    outer loop
      vertex 35.6955 -21.5307 0
      vertex 35.4641 -22 3
      vertex 35.4641 -22 0
    endloop
  endfacet
  facet normal 0.555626 -0.831432 0
    outer loop
      vertex 34 -23.4641 0
      vertex 34.435 -23.1734 3
      vertex 34 -23.4641 3
    endloop
  endfacet
  facet normal 0.555626 -0.831432 0
    outer loop
      vertex 34.435 -23.1734 3
      vertex 34 -23.4641 0
      vertex 34.435 -23.1734 0
    endloop
  endfacet
  facet normal -0.896898 -0.442238 0
    outer loop
      vertex -35.4641 -22 0
      vertex -35.6955 -21.5307 3
      vertex -35.6955 -21.5307 0
    endloop
  endfacet
  facet normal -0.896898 -0.442238 0
    outer loop
      vertex -35.6955 -21.5307 3
      vertex -35.4641 -22 0
      vertex -35.4641 -22 3
    endloop
  endfacet
  facet normal -0.751842 -0.659343 0
    outer loop
      vertex -34.8284 -22.8284 0
      vertex -35.1734 -22.435 3
      vertex -35.1734 -22.435 0
    endloop
  endfacet
  facet normal -0.751842 -0.659343 0
    outer loop
      vertex -35.1734 -22.435 3
      vertex -34.8284 -22.8284 0
      vertex -34.8284 -22.8284 3
    endloop
  endfacet
  facet normal 0.997861 0.0653646 0
    outer loop
      vertex 36 20 3
      vertex 35.9658 20.5221 0
      vertex 35.9658 20.5221 3
    endloop
  endfacet
  facet normal 0.997861 0.0653646 0
    outer loop
      vertex 35.9658 20.5221 0
      vertex 36 20 3
      vertex 36 20 0
    endloop
  endfacet
  facet normal 1 -0 0
    outer loop
      vertex -16 -9 1.5
      vertex -16 9 0
      vertex -16 9 1.5
    endloop
  endfacet
  facet normal 1 0 0
    outer loop
      vertex -16 9 0
      vertex -16 -9 1.5
      vertex -16 -9 0
    endloop
  endfacet
  facet normal 0 0 -1
    outer loop
      vertex -16 -9 1.5
      vertex 16 9 1.5
      vertex 16 -9 1.5
    endloop
  endfacet
  facet normal -0 0 -1
    outer loop
      vertex 16 9 1.5
      vertex -16 -9 1.5
      vertex -16 9 1.5
    endloop
  endfacet
  facet normal -1 0 0
    outer loop
      vertex 16 -9 0
      vertex 16 9 1.5
      vertex 16 9 0
    endloop
  endfacet
  facet normal -1 -0 0
    outer loop
      vertex 16 9 1.5
      vertex 16 -9 0
      vertex 16 -9 1.5
    endloop
  endfacet
  facet normal 0 -1 0
    outer loop
      vertex -16 9 0
      vertex 16 9 1.5
      vertex -16 9 1.5
    endloop
  endfacet
  facet normal 0 -1 -0
    outer loop
      vertex 16 9 1.5
      vertex -16 9 0
      vertex 16 9 0
    endloop
  endfacet
  facet normal 0 1 -0
    outer loop
      vertex 16 -9 0
      vertex -16 -9 1.5
      vertex 16 -9 1.5
    endloop
  endfacet
  facet normal 0 1 0
    outer loop
      vertex -16 -9 1.5
      vertex 16 -9 0
      vertex -16 -9 0
    endloop
  endfacet
endsolid OpenSCAD_Model
