solid OpenSCAD_Model
  facet normal 0 -0.94692 -0.321469
    outer loop
      vertex 0 -19.6955 2.46927
      vertex 165 -19.8637 2.96472
      vertex 0 -19.8637 2.96472
    endloop
  endfacet
  facet normal 0 -0.94692 -0.321469
    outer loop
      vertex 165 -19.8637 2.96472
      vertex 0 -19.6955 2.46927
      vertex 165 -19.6955 2.46927
    endloop
  endfacet
  facet normal -0 0.980581 0.196116
    outer loop
      vertex 3 19.8707 107
      vertex 10 19.8637 107.035
      vertex 10 19.8707 107
    endloop
  endfacet
  facet normal 0 0.980581 0.196116
    outer loop
      vertex 10 19.8637 107.035
      vertex 3 19.8707 107
      vertex 0 19.8637 107.035
    endloop
  endfacet
  facet normal -0 0.980777 0.19513
    outer loop
      vertex 0 19.9658 106.522
      vertex 3 19.8707 107
      vertex 3 19.9658 106.522
    endloop
  endfacet
  facet normal -1.11523e-05 0.980764 0.195197
    outer loop
      vertex 3 19.8707 107
      vertex 0 19.9658 106.522
      vertex 0 19.8637 107.035
    endloop
  endfacet
  facet normal 0 0.980581 0.196116
    outer loop
      vertex 165 19.8637 107.035
      vertex 162 19.8707 107
      vertex 155 19.8637 107.035
    endloop
  endfacet
  facet normal 1.11523e-05 0.980764 0.195197
    outer loop
      vertex 165 19.9658 106.522
      vertex 162 19.8707 107
      vertex 165 19.8637 107.035
    endloop
  endfacet
  facet normal 0 0.980777 0.19513
    outer loop
      vertex 162 19.8707 107
      vertex 165 19.9658 106.522
      vertex 162 19.9658 106.522
    endloop
  endfacet
  facet normal 0 0.980581 0.196116
    outer loop
      vertex 155 19.8637 107.035
      vertex 162 19.8707 107
      vertex 155 19.8707 107
    endloop
  endfacet
  facet normal 0 0.980581 0.196116
    outer loop
      vertex 146 19.8707 107
      vertex 19 19.8637 107.035
      vertex 146 19.8637 107.035
    endloop
  endfacet
  facet normal 0 0.980581 0.196116
    outer loop
      vertex 19 19.8637 107.035
      vertex 146 19.8707 107
      vertex 19 19.8707 107
    endloop
  endfacet
  facet normal 0 -0.980769 -0.195173
    outer loop
      vertex 0 -19.9658 3.47789
      vertex 3 -19.8707 3
      vertex 3 -19.9658 3.47789
    endloop
  endfacet
  facet normal 0 -0.980879 -0.194619
    outer loop
      vertex 3 -19.8707 3
      vertex 0 -19.8637 2.96472
      vertex 162 -19.8707 3
    endloop
  endfacet
  facet normal 6.30572e-06 -0.980776 -0.195135
    outer loop
      vertex 0 -19.8637 2.96472
      vertex 3 -19.8707 3
      vertex 0 -19.9658 3.47789
    endloop
  endfacet
  facet normal 0 -0.980769 -0.195173
    outer loop
      vertex 162 -19.8707 3
      vertex 165 -19.9658 3.47789
      vertex 162 -19.9658 3.47789
    endloop
  endfacet
  facet normal -6.30572e-06 -0.980776 -0.195135
    outer loop
      vertex 162 -19.8707 3
      vertex 165 -19.8637 2.96472
      vertex 165 -19.9658 3.47789
    endloop
  endfacet
  facet normal -0 -0.980879 -0.194619
    outer loop
      vertex 165 -19.8637 2.96472
      vertex 162 -19.8707 3
      vertex 0 -19.8637 2.96472
    endloop
  endfacet
  facet normal 0 0.896887 -0.44226
    outer loop
      vertex 10 19.4641 2
      vertex 0 19.6955 2.46927
      vertex 10 19.6955 2.46927
    endloop
  endfacet
  facet normal 0 0.896887 -0.44226
    outer loop
      vertex 0 19.6955 2.46927
      vertex 10 19.4641 2
      vertex 0 19.4641 2
    endloop
  endfacet
  facet normal 0 0.896887 -0.44226
    outer loop
      vertex 165 19.4641 2
      vertex 155 19.6955 2.46927
      vertex 165 19.6955 2.46927
    endloop
  endfacet
  facet normal 0 0.896887 -0.44226
    outer loop
      vertex 155 19.6955 2.46927
      vertex 165 19.4641 2
      vertex 155 19.4641 2
    endloop
  endfacet
  facet normal 0 0.896887 -0.44226
    outer loop
      vertex 146 19.4641 2
      vertex 19 19.6955 2.46927
      vertex 146 19.6955 2.46927
    endloop
  endfacet
  facet normal 0 0.896887 -0.44226
    outer loop
      vertex 19 19.6955 2.46927
      vertex 146 19.4641 2
      vertex 19 19.4641 2
    endloop
  endfacet
  facet normal -0 0.064984 0.997886
    outer loop
      vertex 0 16.5221 109.966
      vertex 165 16 110
      vertex 165 16.5221 109.966
    endloop
  endfacet
  facet normal 0 0.064984 0.997886
    outer loop
      vertex 165 16 110
      vertex 0 16.5221 109.966
      vertex 0 16 110
    endloop
  endfacet
  facet normal -1 0 0
    outer loop
      vertex 0 1.57059 23.6506
      vertex 0 20 4
      vertex 0 1.64207 23.44
    endloop
  endfacet
  facet normal -1 0 0
    outer loop
      vertex 0 20 106
      vertex 0 1.68546 86.7781
      vertex 0 1.7 87
    endloop
  endfacet
  facet normal -1 0 0
    outer loop
      vertex 0 1.47224 23.85
      vertex 0 20 4
      vertex 0 1.57059 23.6506
    endloop
  endfacet
  facet normal -1 0 0
    outer loop
      vertex 0 20 106
      vertex 0 1.64207 86.56
      vertex 0 1.68546 86.7781
    endloop
  endfacet
  facet normal -1 0 0
    outer loop
      vertex 0 20 4
      vertex 0 1.47224 23.85
      vertex 0 20 106
    endloop
  endfacet
  facet normal -1 0 0
    outer loop
      vertex 0 20 106
      vertex 0 1.57059 86.3494
      vertex 0 1.64207 86.56
    endloop
  endfacet
  facet normal -1 0 0
    outer loop
      vertex 0 1.47224 86.15
      vertex 0 20 106
      vertex 0 1.47224 23.85
    endloop
  endfacet
  facet normal -1 0 0
    outer loop
      vertex 0 20 106
      vertex 0 1.47224 86.15
      vertex 0 1.57059 86.3494
    endloop
  endfacet
  facet normal -1 0 0
    outer loop
      vertex 0 1.3487 24.0349
      vertex 0 1.47224 86.15
      vertex 0 1.47224 23.85
    endloop
  endfacet
  facet normal -1 0 0
    outer loop
      vertex 0 1.3487 24.0349
      vertex 0 1.3487 85.9651
      vertex 0 1.47224 86.15
    endloop
  endfacet
  facet normal -1 0 0
    outer loop
      vertex 0 1.20208 24.2021
      vertex 0 1.3487 85.9651
      vertex 0 1.3487 24.0349
    endloop
  endfacet
  facet normal -1 0 0
    outer loop
      vertex 0 1.20208 24.2021
      vertex 0 1.20208 85.7979
      vertex 0 1.3487 85.9651
    endloop
  endfacet
  facet normal -1 0 0
    outer loop
      vertex 0 1.03489 24.3487
      vertex 0 1.20208 85.7979
      vertex 0 1.20208 24.2021
    endloop
  endfacet
  facet normal -1 0 0
    outer loop
      vertex 0 1.03489 24.3487
      vertex 0 1.03489 85.6513
      vertex 0 1.20208 85.7979
    endloop
  endfacet
  facet normal -1 0 0
    outer loop
      vertex 0 0.849999 24.4722
      vertex 0 1.03489 85.6513
      vertex 0 1.03489 24.3487
    endloop
  endfacet
  facet normal -1 0 0
    outer loop
      vertex 0 0.849999 24.4722
      vertex 0 0.849999 85.5278
      vertex 0 1.03489 85.6513
    endloop
  endfacet
  facet normal -1 0 0
    outer loop
      vertex 0 0.650561 24.5706
      vertex 0 0.849999 85.5278
      vertex 0 0.849999 24.4722
    endloop
  endfacet
  facet normal -1 0 0
    outer loop
      vertex 0 0.650561 24.5706
      vertex 0 0.650561 85.4294
      vertex 0 0.849999 85.5278
    endloop
  endfacet
  facet normal -1 0 0
    outer loop
      vertex 0 0.439992 24.6421
      vertex 0 0.650561 85.4294
      vertex 0 0.650561 24.5706
    endloop
  endfacet
  facet normal -1 0 0
    outer loop
      vertex 0 0.439992 24.6421
      vertex 0 0.439992 85.3579
      vertex 0 0.650561 85.4294
    endloop
  endfacet
  facet normal -1 0 0
    outer loop
      vertex 0 0.221894 24.6855
      vertex 0 0.439992 85.3579
      vertex 0 0.439992 24.6421
    endloop
  endfacet
  facet normal -1 0 0
    outer loop
      vertex 0 0.221894 24.6855
      vertex 0 0.221894 85.3145
      vertex 0 0.439992 85.3579
    endloop
  endfacet
  facet normal -1 0 0
    outer loop
      vertex 0 0 24.7
      vertex 0 0.221894 85.3145
      vertex 0 0.221894 24.6855
    endloop
  endfacet
  facet normal -1 0 0
    outer loop
      vertex 0 0 24.7
      vertex 0 0 85.3
      vertex 0 0.221894 85.3145
    endloop
  endfacet
  facet normal -1 0 0
    outer loop
      vertex 0 -0.221894 24.6855
      vertex 0 0 85.3
      vertex 0 0 24.7
    endloop
  endfacet
  facet normal -1 0 0
    outer loop
      vertex 0 -0.221894 24.6855
      vertex 0 -0.221894 85.3145
      vertex 0 0 85.3
    endloop
  endfacet
  facet normal -1 0 0
    outer loop
      vertex 0 -0.439992 24.6421
      vertex 0 -0.221894 85.3145
      vertex 0 -0.221894 24.6855
    endloop
  endfacet
  facet normal -1 0 0
    outer loop
      vertex 0 -0.439992 24.6421
      vertex 0 -0.439992 85.3579
      vertex 0 -0.221894 85.3145
    endloop
  endfacet
  facet normal -1 0 0
    outer loop
      vertex 0 -0.650561 24.5706
      vertex 0 -0.439992 85.3579
      vertex 0 -0.439992 24.6421
    endloop
  endfacet
  facet normal -1 0 0
    outer loop
      vertex 0 -0.650561 24.5706
      vertex 0 -0.650561 85.4294
      vertex 0 -0.439992 85.3579
    endloop
  endfacet
  facet normal -1 0 0
    outer loop
      vertex 0 -0.849999 24.4722
      vertex 0 -0.650561 85.4294
      vertex 0 -0.650561 24.5706
    endloop
  endfacet
  facet normal -1 0 0
    outer loop
      vertex 0 -0.849999 24.4722
      vertex 0 -0.849999 85.5278
      vertex 0 -0.650561 85.4294
    endloop
  endfacet
  facet normal -1 0 0
    outer loop
      vertex 0 -1.03489 24.3487
      vertex 0 -0.849999 85.5278
      vertex 0 -0.849999 24.4722
    endloop
  endfacet
  facet normal -1 0 0
    outer loop
      vertex 0 -1.03489 24.3487
      vertex 0 -1.03489 85.6513
      vertex 0 -0.849999 85.5278
    endloop
  endfacet
  facet normal -1 0 0
    outer loop
      vertex 0 -1.20208 24.2021
      vertex 0 -1.03489 85.6513
      vertex 0 -1.03489 24.3487
    endloop
  endfacet
  facet normal -1 0 0
    outer loop
      vertex 0 -1.20208 24.2021
      vertex 0 -1.20208 85.7979
      vertex 0 -1.03489 85.6513
    endloop
  endfacet
  facet normal -1 0 0
    outer loop
      vertex 0 -1.3487 24.0349
      vertex 0 -1.20208 85.7979
      vertex 0 -1.20208 24.2021
    endloop
  endfacet
  facet normal -1 0 0
    outer loop
      vertex 0 -1.3487 24.0349
      vertex 0 -1.3487 85.9651
      vertex 0 -1.20208 85.7979
    endloop
  endfacet
  facet normal -1 0 0
    outer loop
      vertex 0 -1.47224 23.85
      vertex 0 -1.3487 85.9651
      vertex 0 -1.3487 24.0349
    endloop
  endfacet
  facet normal -1 0 0
    outer loop
      vertex 0 -1.47224 23.85
      vertex 0 -1.47224 86.15
      vertex 0 -1.3487 85.9651
    endloop
  endfacet
  facet normal -1 0 0
    outer loop
      vertex 0 -20 4
      vertex 0 -1.47224 23.85
      vertex 0 -1.57059 23.6506
    endloop
  endfacet
  facet normal -1 -0 0
    outer loop
      vertex 0 -1.47224 23.85
      vertex 0 -20 4
      vertex 0 -1.47224 86.15
    endloop
  endfacet
  facet normal -1 0 0
    outer loop
      vertex 0 -20 4
      vertex 0 -1.57059 23.6506
      vertex 0 -1.64207 23.44
    endloop
  endfacet
  facet normal -1 0 0
    outer loop
      vertex 0 -20 106
      vertex 0 -1.47224 86.15
      vertex 0 -20 4
    endloop
  endfacet
  facet normal -1 0 0
    outer loop
      vertex 0 -20 4
      vertex 0 -1.64207 23.44
      vertex 0 -1.68546 23.2219
    endloop
  endfacet
  facet normal -1 0 0
    outer loop
      vertex 0 -1.47224 86.15
      vertex 0 -20 106
      vertex 0 -1.57059 86.3494
    endloop
  endfacet
  facet normal -1 0 0
    outer loop
      vertex 0 -20 4
      vertex 0 -1.68546 23.2219
      vertex 0 -1.7 23
    endloop
  endfacet
  facet normal -1 0 0
    outer loop
      vertex 0 -1.57059 86.3494
      vertex 0 -20 106
      vertex 0 -1.64207 86.56
    endloop
  endfacet
  facet normal -1 0 0
    outer loop
      vertex 0 16 0
      vertex 0 20 4
      vertex 0 19.9658 3.47789
    endloop
  endfacet
  facet normal -1 0 0
    outer loop
      vertex 0 1.68546 23.2219
      vertex 0 20 4
      vertex 0 1.7 23
    endloop
  endfacet
  facet normal -1 0 0
    outer loop
      vertex 0 16 0
      vertex 0 19.9658 3.47789
      vertex 0 19.8637 2.96472
    endloop
  endfacet
  facet normal -1 0 0
    outer loop
      vertex 0 1.64207 23.44
      vertex 0 20 4
      vertex 0 1.68546 23.2219
    endloop
  endfacet
  facet normal -1 0 0
    outer loop
      vertex 0 16 0
      vertex 0 19.8637 2.96472
      vertex 0 19.6955 2.46927
    endloop
  endfacet
  facet normal -1 0 0
    outer loop
      vertex 0 1.68546 87.2219
      vertex 0 20 106
      vertex 0 1.7 87
    endloop
  endfacet
  facet normal -1 0 0
    outer loop
      vertex 0 16 0
      vertex 0 19.6955 2.46927
      vertex 0 19.4641 2
    endloop
  endfacet
  facet normal -1 0 0
    outer loop
      vertex 0 1.64207 87.44
      vertex 0 20 106
      vertex 0 1.68546 87.2219
    endloop
  endfacet
  facet normal -1 0 0
    outer loop
      vertex 0 16 0
      vertex 0 19.4641 2
      vertex 0 19.1734 1.56496
    endloop
  endfacet
  facet normal -1 0 0
    outer loop
      vertex 0 1.57059 87.6506
      vertex 0 20 106
      vertex 0 1.64207 87.44
    endloop
  endfacet
  facet normal -1 0 0
    outer loop
      vertex 0 16 0
      vertex 0 19.1734 1.56496
      vertex 0 18.8284 1.17157
    endloop
  endfacet
  facet normal -1 0 0
    outer loop
      vertex 0 1.47224 87.85
      vertex 0 20 106
      vertex 0 1.57059 87.6506
    endloop
  endfacet
  facet normal -1 0 0
    outer loop
      vertex 0 16 0
      vertex 0 18.8284 1.17157
      vertex 0 18.435 0.826584
    endloop
  endfacet
  facet normal -1 0 0
    outer loop
      vertex 0 1.3487 88.0349
      vertex 0 20 106
      vertex 0 1.47224 87.85
    endloop
  endfacet
  facet normal -1 0 0
    outer loop
      vertex 0 16 0
      vertex 0 18.435 0.826584
      vertex 0 18 0.535904
    endloop
  endfacet
  facet normal -1 0 0
    outer loop
      vertex 0 1.20208 88.2021
      vertex 0 20 106
      vertex 0 1.3487 88.0349
    endloop
  endfacet
  facet normal -1 0 0
    outer loop
      vertex 0 16 0
      vertex 0 18 0.535904
      vertex 0 17.5307 0.304489
    endloop
  endfacet
  facet normal -1 0 0
    outer loop
      vertex 0 1.03489 88.3487
      vertex 0 20 106
      vertex 0 1.20208 88.2021
    endloop
  endfacet
  facet normal -1 0 0
    outer loop
      vertex 0 16 0
      vertex 0 17.5307 0.304489
      vertex 0 17.0353 0.136292
    endloop
  endfacet
  facet normal -1 0 -0
    outer loop
      vertex 0 16 110
      vertex 0 20 106
      vertex 0 1.03489 88.3487
    endloop
  endfacet
  facet normal -1 0 0
    outer loop
      vertex 0 16 0
      vertex 0 17.0353 0.136292
      vertex 0 16.5221 0.0342255
    endloop
  endfacet
  facet normal -1 0 0
    outer loop
      vertex 0 19.9658 106.522
      vertex 0 16 110
      vertex 0 19.8637 107.035
    endloop
  endfacet
  facet normal -1 -0 0
    outer loop
      vertex 0 20 4
      vertex 0 16 0
      vertex 0 1.03489 21.6513
    endloop
  endfacet
  facet normal -1 0 0
    outer loop
      vertex 0 19.8637 107.035
      vertex 0 16 110
      vertex 0 19.6955 107.531
    endloop
  endfacet
  facet normal -1 0 0
    outer loop
      vertex 0 19.4641 108
      vertex 0 16 110
      vertex 0 19.1734 108.435
    endloop
  endfacet
  facet normal -1 0 0
    outer loop
      vertex 0 20 4
      vertex 0 1.68546 22.7781
      vertex 0 1.7 23
    endloop
  endfacet
  facet normal -1 0 0
    outer loop
      vertex 0 20 4
      vertex 0 1.64207 22.56
      vertex 0 1.68546 22.7781
    endloop
  endfacet
  facet normal -1 0 0
    outer loop
      vertex 0 20 4
      vertex 0 1.57059 22.3494
      vertex 0 1.64207 22.56
    endloop
  endfacet
  facet normal -1 0 0
    outer loop
      vertex 0 20 4
      vertex 0 1.47224 22.15
      vertex 0 1.57059 22.3494
    endloop
  endfacet
  facet normal -1 0 0
    outer loop
      vertex 0 20 4
      vertex 0 1.3487 21.9651
      vertex 0 1.47224 22.15
    endloop
  endfacet
  facet normal -1 0 0
    outer loop
      vertex 0 20 4
      vertex 0 1.20208 21.7979
      vertex 0 1.3487 21.9651
    endloop
  endfacet
  facet normal -1 0 0
    outer loop
      vertex 0 20 4
      vertex 0 1.03489 21.6513
      vertex 0 1.20208 21.7979
    endloop
  endfacet
  facet normal -1 0 0
    outer loop
      vertex 0 16 0
      vertex 0 0.849999 21.5278
      vertex 0 1.03489 21.6513
    endloop
  endfacet
  facet normal -1 0 0
    outer loop
      vertex 0 16 0
      vertex 0 0.650561 21.4294
      vertex 0 0.849999 21.5278
    endloop
  endfacet
  facet normal -1 0 0
    outer loop
      vertex 0 16 0
      vertex 0 0.439992 21.3579
      vertex 0 0.650561 21.4294
    endloop
  endfacet
  facet normal -1 0 0
    outer loop
      vertex 0 16 0
      vertex 0 0.221894 21.3145
      vertex 0 0.439992 21.3579
    endloop
  endfacet
  facet normal -1 0 0
    outer loop
      vertex 0 16 0
      vertex 0 0 21.3
      vertex 0 0.221894 21.3145
    endloop
  endfacet
  facet normal -1 0 0
    outer loop
      vertex 0 -16 0
      vertex 0 0 21.3
      vertex 0 16 0
    endloop
  endfacet
  facet normal -1 -0 0
    outer loop
      vertex 0 0 21.3
      vertex 0 -16 0
      vertex 0 -0.221894 21.3145
    endloop
  endfacet
  facet normal -1 -0 0
    outer loop
      vertex 0 -0.221894 21.3145
      vertex 0 -16 0
      vertex 0 -0.439992 21.3579
    endloop
  endfacet
  facet normal -1 -0 0
    outer loop
      vertex 0 -0.439992 21.3579
      vertex 0 -16 0
      vertex 0 -0.650561 21.4294
    endloop
  endfacet
  facet normal -1 -0 0
    outer loop
      vertex 0 -0.650561 21.4294
      vertex 0 -16 0
      vertex 0 -0.849999 21.5278
    endloop
  endfacet
  facet normal -1 -0 0
    outer loop
      vertex 0 -0.849999 21.5278
      vertex 0 -16 0
      vertex 0 -1.03489 21.6513
    endloop
  endfacet
  facet normal -1 0 0
    outer loop
      vertex 0 -20 4
      vertex 0 -1.03489 21.6513
      vertex 0 -16 0
    endloop
  endfacet
  facet normal -1 -0 0
    outer loop
      vertex 0 -1.68546 22.7781
      vertex 0 -20 4
      vertex 0 -1.7 23
    endloop
  endfacet
  facet normal -1 -0 0
    outer loop
      vertex 0 -1.64207 22.56
      vertex 0 -20 4
      vertex 0 -1.68546 22.7781
    endloop
  endfacet
  facet normal -1 -0 0
    outer loop
      vertex 0 -1.57059 22.3494
      vertex 0 -20 4
      vertex 0 -1.64207 22.56
    endloop
  endfacet
  facet normal -1 -0 0
    outer loop
      vertex 0 -1.47224 22.15
      vertex 0 -20 4
      vertex 0 -1.57059 22.3494
    endloop
  endfacet
  facet normal -1 -0 0
    outer loop
      vertex 0 -1.3487 21.9651
      vertex 0 -20 4
      vertex 0 -1.47224 22.15
    endloop
  endfacet
  facet normal -1 -0 0
    outer loop
      vertex 0 -1.20208 21.7979
      vertex 0 -20 4
      vertex 0 -1.3487 21.9651
    endloop
  endfacet
  facet normal -1 -0 0
    outer loop
      vertex 0 -1.03489 21.6513
      vertex 0 -20 4
      vertex 0 -1.20208 21.7979
    endloop
  endfacet
  facet normal -1 0 0
    outer loop
      vertex 0 19.1734 108.435
      vertex 0 16 110
      vertex 0 18.8284 108.828
    endloop
  endfacet
  facet normal -1 0 0
    outer loop
      vertex 0 18.435 109.173
      vertex 0 16 110
      vertex 0 18 109.464
    endloop
  endfacet
  facet normal -1 0 0
    outer loop
      vertex 0 18 109.464
      vertex 0 16 110
      vertex 0 17.5307 109.696
    endloop
  endfacet
  facet normal -1 0 0
    outer loop
      vertex 0 17.0353 109.864
      vertex 0 16 110
      vertex 0 16.5221 109.966
    endloop
  endfacet
  facet normal -1 0 0
    outer loop
      vertex 0 17.5307 109.696
      vertex 0 16 110
      vertex 0 17.0353 109.864
    endloop
  endfacet
  facet normal -1 0 0
    outer loop
      vertex 0 18.8284 108.828
      vertex 0 16 110
      vertex 0 18.435 109.173
    endloop
  endfacet
  facet normal -1 0 0
    outer loop
      vertex 0 19.6955 107.531
      vertex 0 16 110
      vertex 0 19.4641 108
    endloop
  endfacet
  facet normal -1 0 0
    outer loop
      vertex 0 20 106
      vertex 0 16 110
      vertex 0 19.9658 106.522
    endloop
  endfacet
  facet normal -1 0 0
    outer loop
      vertex 0 0.849999 88.4722
      vertex 0 16 110
      vertex 0 1.03489 88.3487
    endloop
  endfacet
  facet normal -1 0 0
    outer loop
      vertex 0 0.650561 88.5706
      vertex 0 16 110
      vertex 0 0.849999 88.4722
    endloop
  endfacet
  facet normal -1 0 0
    outer loop
      vertex 0 0.439992 88.6421
      vertex 0 16 110
      vertex 0 0.650561 88.5706
    endloop
  endfacet
  facet normal -1 0 0
    outer loop
      vertex 0 0.221894 88.6855
      vertex 0 16 110
      vertex 0 0.439992 88.6421
    endloop
  endfacet
  facet normal -1 0 0
    outer loop
      vertex 0 0 88.7
      vertex 0 16 110
      vertex 0 0.221894 88.6855
    endloop
  endfacet
  facet normal -1 0 0
    outer loop
      vertex 0 -16 110
      vertex 0 0 88.7
      vertex 0 -0.221894 88.6855
    endloop
  endfacet
  facet normal -1 0 0
    outer loop
      vertex 0 -16 110
      vertex 0 -0.221894 88.6855
      vertex 0 -0.439992 88.6421
    endloop
  endfacet
  facet normal -1 0 0
    outer loop
      vertex 0 -16 110
      vertex 0 -0.439992 88.6421
      vertex 0 -0.650561 88.5706
    endloop
  endfacet
  facet normal -1 0 0
    outer loop
      vertex 0 -16 110
      vertex 0 -0.650561 88.5706
      vertex 0 -0.849999 88.4722
    endloop
  endfacet
  facet normal -1 0 0
    outer loop
      vertex 0 -16 110
      vertex 0 -0.849999 88.4722
      vertex 0 -1.03489 88.3487
    endloop
  endfacet
  facet normal -1 0 0
    outer loop
      vertex 0 -20 106
      vertex 0 -1.03489 88.3487
      vertex 0 -1.20208 88.2021
    endloop
  endfacet
  facet normal -1 0 0
    outer loop
      vertex 0 -20 106
      vertex 0 -1.20208 88.2021
      vertex 0 -1.3487 88.0349
    endloop
  endfacet
  facet normal -1 0 0
    outer loop
      vertex 0 -1.64207 86.56
      vertex 0 -20 106
      vertex 0 -1.68546 86.7781
    endloop
  endfacet
  facet normal -1 0 0
    outer loop
      vertex 0 0 88.7
      vertex 0 -16 110
      vertex 0 16 110
    endloop
  endfacet
  facet normal -1 0 0
    outer loop
      vertex 0 -20 106
      vertex 0 -1.3487 88.0349
      vertex 0 -1.47224 87.85
    endloop
  endfacet
  facet normal -1 0 0
    outer loop
      vertex 0 -20 106
      vertex 0 -1.47224 87.85
      vertex 0 -1.57059 87.6506
    endloop
  endfacet
  facet normal -1 0 0
    outer loop
      vertex 0 -20 106
      vertex 0 -1.57059 87.6506
      vertex 0 -1.64207 87.44
    endloop
  endfacet
  facet normal -1 0 0
    outer loop
      vertex 0 -20 106
      vertex 0 -1.64207 87.44
      vertex 0 -1.68546 87.2219
    endloop
  endfacet
  facet normal -1 0 0
    outer loop
      vertex 0 -1.68546 86.7781
      vertex 0 -20 106
      vertex 0 -1.7 87
    endloop
  endfacet
  facet normal -1 0 0
    outer loop
      vertex 0 -20 4
      vertex 0 -16 0
      vertex 0 -16.5221 0.0342255
    endloop
  endfacet
  facet normal -1 0 0
    outer loop
      vertex 0 -1.7 87
      vertex 0 -20 106
      vertex 0 -1.68546 87.2219
    endloop
  endfacet
  facet normal -1 0 0
    outer loop
      vertex 0 -20 4
      vertex 0 -16.5221 0.0342255
      vertex 0 -17.0353 0.136292
    endloop
  endfacet
  facet normal -1 0 0
    outer loop
      vertex 0 -1.03489 88.3487
      vertex 0 -20 106
      vertex 0 -16 110
    endloop
  endfacet
  facet normal -1 0 0
    outer loop
      vertex 0 -20 4
      vertex 0 -17.0353 0.136292
      vertex 0 -17.5307 0.304489
    endloop
  endfacet
  facet normal -1 0 0
    outer loop
      vertex 0 -16 110
      vertex 0 -20 106
      vertex 0 -16.5221 109.966
    endloop
  endfacet
  facet normal -1 0 0
    outer loop
      vertex 0 -20 4
      vertex 0 -17.5307 0.304489
      vertex 0 -18 0.535904
    endloop
  endfacet
  facet normal -1 0 0
    outer loop
      vertex 0 -16.5221 109.966
      vertex 0 -20 106
      vertex 0 -17.0353 109.864
    endloop
  endfacet
  facet normal -1 0 0
    outer loop
      vertex 0 -20 4
      vertex 0 -18 0.535904
      vertex 0 -18.435 0.826584
    endloop
  endfacet
  facet normal -1 0 0
    outer loop
      vertex 0 -17.0353 109.864
      vertex 0 -20 106
      vertex 0 -17.5307 109.696
    endloop
  endfacet
  facet normal -1 0 0
    outer loop
      vertex 0 -20 4
      vertex 0 -18.435 0.826584
      vertex 0 -18.8284 1.17157
    endloop
  endfacet
  facet normal -1 0 0
    outer loop
      vertex 0 -17.5307 109.696
      vertex 0 -20 106
      vertex 0 -18 109.464
    endloop
  endfacet
  facet normal -1 0 0
    outer loop
      vertex 0 -20 4
      vertex 0 -18.8284 1.17157
      vertex 0 -19.1734 1.56496
    endloop
  endfacet
  facet normal -1 0 0
    outer loop
      vertex 0 -18 109.464
      vertex 0 -20 106
      vertex 0 -18.435 109.173
    endloop
  endfacet
  facet normal -1 0 0
    outer loop
      vertex 0 -20 4
      vertex 0 -19.1734 1.56496
      vertex 0 -19.4641 2
    endloop
  endfacet
  facet normal -1 0 0
    outer loop
      vertex 0 -18.435 109.173
      vertex 0 -20 106
      vertex 0 -18.8284 108.828
    endloop
  endfacet
  facet normal -1 0 0
    outer loop
      vertex 0 -20 4
      vertex 0 -19.4641 2
      vertex 0 -19.6955 2.46927
    endloop
  endfacet
  facet normal -1 0 0
    outer loop
      vertex 0 -18.8284 108.828
      vertex 0 -20 106
      vertex 0 -19.1734 108.435
    endloop
  endfacet
  facet normal -1 0 0
    outer loop
      vertex 0 -20 4
      vertex 0 -19.6955 2.46927
      vertex 0 -19.8637 2.96472
    endloop
  endfacet
  facet normal -1 0 0
    outer loop
      vertex 0 -19.1734 108.435
      vertex 0 -20 106
      vertex 0 -19.4641 108
    endloop
  endfacet
  facet normal -1 0 0
    outer loop
      vertex 0 -20 4
      vertex 0 -19.8637 2.96472
      vertex 0 -19.9658 3.47789
    endloop
  endfacet
  facet normal -1 0 0
    outer loop
      vertex 0 -19.4641 108
      vertex 0 -20 106
      vertex 0 -19.6955 107.531
    endloop
  endfacet
  facet normal -1 0 0
    outer loop
      vertex 0 -19.6955 107.531
      vertex 0 -20 106
      vertex 0 -19.8637 107.035
    endloop
  endfacet
  facet normal -1 0 0
    outer loop
      vertex 0 -19.8637 107.035
      vertex 0 -20 106
      vertex 0 -19.9658 106.522
    endloop
  endfacet
  facet normal 0 -0.947028 0.32115
    outer loop
      vertex 0 -19.8637 107.035
      vertex 165 -19.6955 107.531
      vertex 0 -19.6955 107.531
    endloop
  endfacet
  facet normal 0 -0.947028 0.32115
    outer loop
      vertex 165 -19.6955 107.531
      vertex 0 -19.8637 107.035
      vertex 165 -19.8637 107.035
    endloop
  endfacet
  facet normal 0 -1 0
    outer loop
      vertex 0 -20 4
      vertex 3 -20 106
      vertex 0 -20 106
    endloop
  endfacet
  facet normal 0 -1 -0
    outer loop
      vertex 3 -20 106
      vertex 0 -20 4
      vertex 3 -20 4
    endloop
  endfacet
  facet normal 0 -1 0
    outer loop
      vertex 162 -20 4
      vertex 165 -20 106
      vertex 162 -20 106
    endloop
  endfacet
  facet normal 0 -1 -0
    outer loop
      vertex 165 -20 106
      vertex 162 -20 4
      vertex 165 -20 4
    endloop
  endfacet
  facet normal 0 0.997862 -0.0653634
    outer loop
      vertex 3 19.9658 3.47789
      vertex 0 20 4
      vertex 3 20 4
    endloop
  endfacet
  facet normal 0 0.997862 -0.0653634
    outer loop
      vertex 0 20 4
      vertex 3 19.9658 3.47789
      vertex 0 19.9658 3.47789
    endloop
  endfacet
  facet normal 0 0.997862 -0.0653634
    outer loop
      vertex 165 19.9658 3.47789
      vertex 162 20 4
      vertex 165 20 4
    endloop
  endfacet
  facet normal 0 0.997862 -0.0653634
    outer loop
      vertex 162 20 4
      vertex 165 19.9658 3.47789
      vertex 162 19.9658 3.47789
    endloop
  endfacet
  facet normal 0 0.94692 -0.321469
    outer loop
      vertex 10 19.6955 2.46927
      vertex 0 19.8637 2.96472
      vertex 10 19.8637 2.96472
    endloop
  endfacet
  facet normal 0 0.94692 -0.321469
    outer loop
      vertex 0 19.8637 2.96472
      vertex 10 19.6955 2.46927
      vertex 0 19.6955 2.46927
    endloop
  endfacet
  facet normal 0 0.94692 -0.321469
    outer loop
      vertex 165 19.6955 2.46927
      vertex 155 19.8637 2.96472
      vertex 165 19.8637 2.96472
    endloop
  endfacet
  facet normal 0 0.94692 -0.321469
    outer loop
      vertex 155 19.8637 2.96472
      vertex 165 19.6955 2.46927
      vertex 155 19.6955 2.46927
    endloop
  endfacet
  facet normal 0 0.94692 -0.321469
    outer loop
      vertex 146 19.6955 2.46927
      vertex 19 19.8637 2.96472
      vertex 146 19.8637 2.96472
    endloop
  endfacet
  facet normal 0 0.94692 -0.321469
    outer loop
      vertex 19 19.8637 2.96472
      vertex 146 19.6955 2.46927
      vertex 19 19.6955 2.46927
    endloop
  endfacet
  facet normal 0 1 -0
    outer loop
      vertex 3 20 4
      vertex 0 20 106
      vertex 3 20 106
    endloop
  endfacet
  facet normal 0 1 0
    outer loop
      vertex 0 20 106
      vertex 3 20 4
      vertex 0 20 4
    endloop
  endfacet
  facet normal 0 1 -0
    outer loop
      vertex 165 20 4
      vertex 162 20 106
      vertex 165 20 106
    endloop
  endfacet
  facet normal 0 1 0
    outer loop
      vertex 162 20 106
      vertex 165 20 4
      vertex 162 20 4
    endloop
  endfacet
  facet normal -0 0.659343 0.751842
    outer loop
      vertex 0 18.8284 108.828
      vertex 165 18.435 109.173
      vertex 165 18.8284 108.828
    endloop
  endfacet
  facet normal 0 0.659343 0.751842
    outer loop
      vertex 165 18.435 109.173
      vertex 0 18.8284 108.828
      vertex 0 18.435 109.173
    endloop
  endfacet
  facet normal -0 0 1
    outer loop
      vertex 0 16 110
      vertex 165 -16 110
      vertex 165 16 110
    endloop
  endfacet
  facet normal 0 0 1
    outer loop
      vertex 165 -16 110
      vertex 0 16 110
      vertex 0 -16 110
    endloop
  endfacet
  facet normal 0 -0.980581 0.196116
    outer loop
      vertex 0 -19.8637 107.035
      vertex 3 -19.8707 107
      vertex 165 -19.8637 107.035
    endloop
  endfacet
  facet normal -1.11523e-05 -0.980764 0.195197
    outer loop
      vertex 0 -19.9658 106.522
      vertex 3 -19.8707 107
      vertex 0 -19.8637 107.035
    endloop
  endfacet
  facet normal 0 -0.980777 0.19513
    outer loop
      vertex 3 -19.8707 107
      vertex 0 -19.9658 106.522
      vertex 3 -19.9658 106.522
    endloop
  endfacet
  facet normal 0 -0.980581 0.196116
    outer loop
      vertex 162 -19.8707 107
      vertex 165 -19.8637 107.035
      vertex 3 -19.8707 107
    endloop
  endfacet
  facet normal 0 -0.980777 0.19513
    outer loop
      vertex 165 -19.9658 106.522
      vertex 162 -19.8707 107
      vertex 162 -19.9658 106.522
    endloop
  endfacet
  facet normal 1.11523e-05 -0.980764 0.195197
    outer loop
      vertex 162 -19.8707 107
      vertex 165 -19.9658 106.522
      vertex 165 -19.8637 107.035
    endloop
  endfacet
  facet normal 0 -0.997862 -0.0653634
    outer loop
      vertex 0 -19.9658 3.47789
      vertex 3 -20 4
      vertex 0 -20 4
    endloop
  endfacet
  facet normal 0 -0.997862 -0.0653634
    outer loop
      vertex 3 -20 4
      vertex 0 -19.9658 3.47789
      vertex 3 -19.9658 3.47789
    endloop
  endfacet
  facet normal 0 -0.997862 -0.0653634
    outer loop
      vertex 162 -19.9658 3.47789
      vertex 165 -20 4
      vertex 162 -20 4
    endloop
  endfacet
  facet normal 0 -0.997862 -0.0653634
    outer loop
      vertex 165 -20 4
      vertex 162 -19.9658 3.47789
      vertex 165 -19.9658 3.47789
    endloop
  endfacet
  facet normal 0 0.980879 -0.194619
    outer loop
      vertex 10 19.8707 3
      vertex 10 19.8637 2.96472
      vertex 3 19.8707 3
    endloop
  endfacet
  facet normal 0 0.980769 -0.195173
    outer loop
      vertex 3 19.8707 3
      vertex 0 19.9658 3.47789
      vertex 3 19.9658 3.47789
    endloop
  endfacet
  facet normal 6.30572e-06 0.980776 -0.195135
    outer loop
      vertex 3 19.8707 3
      vertex 0 19.8637 2.96472
      vertex 0 19.9658 3.47789
    endloop
  endfacet
  facet normal 0 0.980879 -0.194619
    outer loop
      vertex 0 19.8637 2.96472
      vertex 3 19.8707 3
      vertex 10 19.8637 2.96472
    endloop
  endfacet
  facet normal 0 0.980769 -0.195173
    outer loop
      vertex 165 19.9658 3.47789
      vertex 162 19.8707 3
      vertex 162 19.9658 3.47789
    endloop
  endfacet
  facet normal -6.30572e-06 0.980776 -0.195135
    outer loop
      vertex 165 19.8637 2.96472
      vertex 162 19.8707 3
      vertex 165 19.9658 3.47789
    endloop
  endfacet
  facet normal 0 0.980879 -0.194619
    outer loop
      vertex 155 19.8637 2.96472
      vertex 162 19.8707 3
      vertex 165 19.8637 2.96472
    endloop
  endfacet
  facet normal 0 0.980879 -0.194619
    outer loop
      vertex 162 19.8707 3
      vertex 155 19.8637 2.96472
      vertex 155 19.8707 3
    endloop
  endfacet
  facet normal 0 0.980879 -0.194619
    outer loop
      vertex 146 19.8637 2.96472
      vertex 19 19.8707 3
      vertex 146 19.8707 3
    endloop
  endfacet
  facet normal 0 0.980879 -0.194619
    outer loop
      vertex 19 19.8707 3
      vertex 146 19.8637 2.96472
      vertex 19 19.8637 2.96472
    endloop
  endfacet
  facet normal 0 0.997861 0.0653771
    outer loop
      vertex 3 20 106
      vertex 0 19.9658 106.522
      vertex 3 19.9658 106.522
    endloop
  endfacet
  facet normal 0 0.997861 0.0653771
    outer loop
      vertex 0 19.9658 106.522
      vertex 3 20 106
      vertex 0 20 106
    endloop
  endfacet
  facet normal 0 0.997861 0.0653771
    outer loop
      vertex 165 20 106
      vertex 162 19.9658 106.522
      vertex 165 19.9658 106.522
    endloop
  endfacet
  facet normal 0 0.997861 0.0653771
    outer loop
      vertex 162 19.9658 106.522
      vertex 165 20 106
      vertex 162 20 106
    endloop
  endfacet
  facet normal 0 0.0654131 -0.997858
    outer loop
      vertex 0 16 0
      vertex 165 16.5221 0.0342255
      vertex 165 16 0
    endloop
  endfacet
  facet normal 0 0.0654131 -0.997858
    outer loop
      vertex 165 16.5221 0.0342255
      vertex 0 16 0
      vertex 0 16.5221 0.0342255
    endloop
  endfacet
  facet normal 0 0 -1
    outer loop
      vertex 0 -16 0
      vertex 165 16 0
      vertex 165 -16 0
    endloop
  endfacet
  facet normal -0 0 -1
    outer loop
      vertex 165 16 0
      vertex 0 -16 0
      vertex 0 16 0
    endloop
  endfacet
  facet normal -0 0.831432 0.555626
    outer loop
      vertex 155 19.4641 108
      vertex 165 19.1734 108.435
      vertex 165 19.4641 108
    endloop
  endfacet
  facet normal -0 0.831432 0.555626
    outer loop
      vertex 146 19.4641 108
      vertex 165 19.1734 108.435
      vertex 155 19.4641 108
    endloop
  endfacet
  facet normal 0 0.831432 0.555626
    outer loop
      vertex 165 19.1734 108.435
      vertex 146 19.4641 108
      vertex 0 19.1734 108.435
    endloop
  endfacet
  facet normal -0 0.831432 0.555626
    outer loop
      vertex 19 19.4641 108
      vertex 0 19.1734 108.435
      vertex 146 19.4641 108
    endloop
  endfacet
  facet normal -0 0.831432 0.555626
    outer loop
      vertex 10 19.4641 108
      vertex 0 19.1734 108.435
      vertex 19 19.4641 108
    endloop
  endfacet
  facet normal 0 0.831432 0.555626
    outer loop
      vertex 0 19.1734 108.435
      vertex 10 19.4641 108
      vertex 0 19.4641 108
    endloop
  endfacet
  facet normal 0 0.75151 0.659722
    outer loop
      vertex 165 19.1734 108.435
      vertex 0 18.8284 108.828
      vertex 165 18.8284 108.828
    endloop
  endfacet
  facet normal 0 0.75151 0.659722
    outer loop
      vertex 0 18.8284 108.828
      vertex 165 19.1734 108.435
      vertex 0 19.1734 108.435
    endloop
  endfacet
  facet normal -0 0.321156 0.947026
    outer loop
      vertex 0 17.5307 109.696
      vertex 165 17.0353 109.864
      vertex 165 17.5307 109.696
    endloop
  endfacet
  facet normal 0 0.321156 0.947026
    outer loop
      vertex 165 17.0353 109.864
      vertex 0 17.5307 109.696
      vertex 0 17.0353 109.864
    endloop
  endfacet
  facet normal -0 0.19494 0.980815
    outer loop
      vertex 0 17.0353 109.864
      vertex 165 16.5221 109.966
      vertex 165 17.0353 109.864
    endloop
  endfacet
  facet normal 0 0.19494 0.980815
    outer loop
      vertex 165 16.5221 109.966
      vertex 0 17.0353 109.864
      vertex 0 16.5221 109.966
    endloop
  endfacet
  facet normal -0 0.556022 0.831167
    outer loop
      vertex 0 18.435 109.173
      vertex 165 18 109.464
      vertex 165 18.435 109.173
    endloop
  endfacet
  facet normal 0 0.556022 0.831167
    outer loop
      vertex 165 18 109.464
      vertex 0 18.435 109.173
      vertex 0 18 109.464
    endloop
  endfacet
  facet normal 0 -0.064984 0.997886
    outer loop
      vertex 0 -16 110
      vertex 165 -16.5221 109.966
      vertex 165 -16 110
    endloop
  endfacet
  facet normal 0 -0.064984 0.997886
    outer loop
      vertex 165 -16.5221 109.966
      vertex 0 -16 110
      vertex 0 -16.5221 109.966
    endloop
  endfacet
  facet normal 1 0 0
    outer loop
      vertex 165 16 110
      vertex 165 20 106
      vertex 165 19.9658 106.522
    endloop
  endfacet
  facet normal 1 0 0
    outer loop
      vertex 165 20 106
      vertex 165 -20 106
      vertex 165 20 4
    endloop
  endfacet
  facet normal 1 0 0
    outer loop
      vertex 165 16 110
      vertex 165 19.9658 106.522
      vertex 165 19.8637 107.035
    endloop
  endfacet
  facet normal 1 0 0
    outer loop
      vertex 165 -20 4
      vertex 165 20 4
      vertex 165 -20 106
    endloop
  endfacet
  facet normal 1 0 0
    outer loop
      vertex 165 16 110
      vertex 165 19.8637 107.035
      vertex 165 19.6955 107.531
    endloop
  endfacet
  facet normal 1 0 -0
    outer loop
      vertex 165 16 0
      vertex 165 20 4
      vertex 165 -20 4
    endloop
  endfacet
  facet normal 1 0 0
    outer loop
      vertex 165 16 110
      vertex 165 19.6955 107.531
      vertex 165 19.4641 108
    endloop
  endfacet
  facet normal 1 0 0
    outer loop
      vertex 165 20 4
      vertex 165 16 0
      vertex 165 19.9658 3.47789
    endloop
  endfacet
  facet normal 1 0 0
    outer loop
      vertex 165 16 110
      vertex 165 19.4641 108
      vertex 165 19.1734 108.435
    endloop
  endfacet
  facet normal 1 0 0
    outer loop
      vertex 165 19.9658 3.47789
      vertex 165 16 0
      vertex 165 19.8637 2.96472
    endloop
  endfacet
  facet normal 1 0 0
    outer loop
      vertex 165 16 110
      vertex 165 19.1734 108.435
      vertex 165 18.8284 108.828
    endloop
  endfacet
  facet normal 1 0 0
    outer loop
      vertex 165 19.8637 2.96472
      vertex 165 16 0
      vertex 165 19.6955 2.46927
    endloop
  endfacet
  facet normal 1 0 0
    outer loop
      vertex 165 16 110
      vertex 165 18.8284 108.828
      vertex 165 18.435 109.173
    endloop
  endfacet
  facet normal 1 0 0
    outer loop
      vertex 165 19.6955 2.46927
      vertex 165 16 0
      vertex 165 19.4641 2
    endloop
  endfacet
  facet normal 1 0 0
    outer loop
      vertex 165 16 110
      vertex 165 18.435 109.173
      vertex 165 18 109.464
    endloop
  endfacet
  facet normal 1 0 0
    outer loop
      vertex 165 19.4641 2
      vertex 165 16 0
      vertex 165 19.1734 1.56496
    endloop
  endfacet
  facet normal 1 0 0
    outer loop
      vertex 165 16 110
      vertex 165 18 109.464
      vertex 165 17.5307 109.696
    endloop
  endfacet
  facet normal 1 0 0
    outer loop
      vertex 165 20 106
      vertex 165 16 110
      vertex 165 -20 106
    endloop
  endfacet
  facet normal 1 0 0
    outer loop
      vertex 165 16 110
      vertex 165 17.5307 109.696
      vertex 165 17.0353 109.864
    endloop
  endfacet
  facet normal 1 0 0
    outer loop
      vertex 165 19.1734 1.56496
      vertex 165 16 0
      vertex 165 18.8284 1.17157
    endloop
  endfacet
  facet normal 1 0 0
    outer loop
      vertex 165 16 110
      vertex 165 17.0353 109.864
      vertex 165 16.5221 109.966
    endloop
  endfacet
  facet normal 1 0 0
    outer loop
      vertex 165 18 0.535904
      vertex 165 16 0
      vertex 165 17.5307 0.304489
    endloop
  endfacet
  facet normal 1 0 0
    outer loop
      vertex 165 17.5307 0.304489
      vertex 165 16 0
      vertex 165 17.0353 0.136292
    endloop
  endfacet
  facet normal 1 0 0
    outer loop
      vertex 165 17.0353 0.136292
      vertex 165 16 0
      vertex 165 16.5221 0.0342255
    endloop
  endfacet
  facet normal 1 0 0
    outer loop
      vertex 165 -20 106
      vertex 165 16 110
      vertex 165 -16 110
    endloop
  endfacet
  facet normal 1 0 0
    outer loop
      vertex 165 18.8284 1.17157
      vertex 165 16 0
      vertex 165 18.435 0.826584
    endloop
  endfacet
  facet normal 1 0 0
    outer loop
      vertex 165 -20 106
      vertex 165 -16 110
      vertex 165 -16.5221 109.966
    endloop
  endfacet
  facet normal 1 0 0
    outer loop
      vertex 165 18.435 0.826584
      vertex 165 16 0
      vertex 165 18 0.535904
    endloop
  endfacet
  facet normal 1 0 0
    outer loop
      vertex 165 -20 106
      vertex 165 -16.5221 109.966
      vertex 165 -17.0353 109.864
    endloop
  endfacet
  facet normal 1 0 0
    outer loop
      vertex 165 16 0
      vertex 165 -20 4
      vertex 165 -16 0
    endloop
  endfacet
  facet normal 1 0 0
    outer loop
      vertex 165 -20 106
      vertex 165 -17.0353 109.864
      vertex 165 -17.5307 109.696
    endloop
  endfacet
  facet normal 1 0 0
    outer loop
      vertex 165 -16 0
      vertex 165 -20 4
      vertex 165 -16.5221 0.0342255
    endloop
  endfacet
  facet normal 1 0 0
    outer loop
      vertex 165 -20 106
      vertex 165 -17.5307 109.696
      vertex 165 -18 109.464
    endloop
  endfacet
  facet normal 1 0 0
    outer loop
      vertex 165 -16.5221 0.0342255
      vertex 165 -20 4
      vertex 165 -17.0353 0.136292
    endloop
  endfacet
  facet normal 1 0 0
    outer loop
      vertex 165 -20 106
      vertex 165 -18 109.464
      vertex 165 -18.435 109.173
    endloop
  endfacet
  facet normal 1 0 0
    outer loop
      vertex 165 -17.0353 0.136292
      vertex 165 -20 4
      vertex 165 -17.5307 0.304489
    endloop
  endfacet
  facet normal 1 0 0
    outer loop
      vertex 165 -20 106
      vertex 165 -18.435 109.173
      vertex 165 -18.8284 108.828
    endloop
  endfacet
  facet normal 1 0 0
    outer loop
      vertex 165 -17.5307 0.304489
      vertex 165 -20 4
      vertex 165 -18 0.535904
    endloop
  endfacet
  facet normal 1 0 0
    outer loop
      vertex 165 -20 106
      vertex 165 -18.8284 108.828
      vertex 165 -19.1734 108.435
    endloop
  endfacet
  facet normal 1 0 0
    outer loop
      vertex 165 -18 0.535904
      vertex 165 -20 4
      vertex 165 -18.435 0.826584
    endloop
  endfacet
  facet normal 1 0 0
    outer loop
      vertex 165 -20 106
      vertex 165 -19.1734 108.435
      vertex 165 -19.4641 108
    endloop
  endfacet
  facet normal 1 0 0
    outer loop
      vertex 165 -18.435 0.826584
      vertex 165 -20 4
      vertex 165 -18.8284 1.17157
    endloop
  endfacet
  facet normal 1 0 0
    outer loop
      vertex 165 -20 106
      vertex 165 -19.4641 108
      vertex 165 -19.6955 107.531
    endloop
  endfacet
  facet normal 1 0 0
    outer loop
      vertex 165 -18.8284 1.17157
      vertex 165 -20 4
      vertex 165 -19.1734 1.56496
    endloop
  endfacet
  facet normal 1 0 0
    outer loop
      vertex 165 -20 106
      vertex 165 -19.6955 107.531
      vertex 165 -19.8637 107.035
    endloop
  endfacet
  facet normal 1 0 0
    outer loop
      vertex 165 -19.1734 1.56496
      vertex 165 -20 4
      vertex 165 -19.4641 2
    endloop
  endfacet
  facet normal 1 0 0
    outer loop
      vertex 165 -20 106
      vertex 165 -19.8637 107.035
      vertex 165 -19.9658 106.522
    endloop
  endfacet
  facet normal 1 0 0
    outer loop
      vertex 165 -19.4641 2
      vertex 165 -20 4
      vertex 165 -19.6955 2.46927
    endloop
  endfacet
  facet normal 1 0 0
    outer loop
      vertex 165 -19.6955 2.46927
      vertex 165 -20 4
      vertex 165 -19.8637 2.96472
    endloop
  endfacet
  facet normal 1 0 0
    outer loop
      vertex 165 -19.8637 2.96472
      vertex 165 -20 4
      vertex 165 -19.9658 3.47789
    endloop
  endfacet
  facet normal 0 -0.997861 0.0653771
    outer loop
      vertex 0 -20 106
      vertex 3 -19.9658 106.522
      vertex 0 -19.9658 106.522
    endloop
  endfacet
  facet normal 0 -0.997861 0.0653771
    outer loop
      vertex 3 -19.9658 106.522
      vertex 0 -20 106
      vertex 3 -20 106
    endloop
  endfacet
  facet normal 0 -0.997861 0.0653771
    outer loop
      vertex 162 -20 106
      vertex 165 -19.9658 106.522
      vertex 162 -19.9658 106.522
    endloop
  endfacet
  facet normal 0 -0.997861 0.0653771
    outer loop
      vertex 165 -19.9658 106.522
      vertex 162 -20 106
      vertex 165 -20 106
    endloop
  endfacet
  facet normal 0 0.5556 -0.83145
    outer loop
      vertex 0 18 0.535904
      vertex 165 18.435 0.826584
      vertex 165 18 0.535904
    endloop
  endfacet
  facet normal 0 0.5556 -0.83145
    outer loop
      vertex 165 18.435 0.826584
      vertex 0 18 0.535904
      vertex 0 18.435 0.826584
    endloop
  endfacet
  facet normal 0 -0.5556 -0.83145
    outer loop
      vertex 0 -18.435 0.826584
      vertex 165 -18 0.535904
      vertex 165 -18.435 0.826584
    endloop
  endfacet
  facet normal -0 -0.5556 -0.83145
    outer loop
      vertex 165 -18 0.535904
      vertex 0 -18.435 0.826584
      vertex 0 -18 0.535904
    endloop
  endfacet
  facet normal 0 -0.195062 -0.980791
    outer loop
      vertex 0 -17.0353 0.136292
      vertex 165 -16.5221 0.0342255
      vertex 165 -17.0353 0.136292
    endloop
  endfacet
  facet normal -0 -0.195062 -0.980791
    outer loop
      vertex 165 -16.5221 0.0342255
      vertex 0 -17.0353 0.136292
      vertex 0 -16.5221 0.0342255
    endloop
  endfacet
  facet normal 0 -0.751834 -0.659353
    outer loop
      vertex 0 -18.8284 1.17157
      vertex 165 -19.1734 1.56496
      vertex 0 -19.1734 1.56496
    endloop
  endfacet
  facet normal 0 -0.751834 -0.659353
    outer loop
      vertex 165 -19.1734 1.56496
      vertex 0 -18.8284 1.17157
      vertex 165 -18.8284 1.17157
    endloop
  endfacet
  facet normal 0 -0.896887 -0.44226
    outer loop
      vertex 0 -19.4641 2
      vertex 165 -19.6955 2.46927
      vertex 0 -19.6955 2.46927
    endloop
  endfacet
  facet normal 0 -0.896887 -0.44226
    outer loop
      vertex 165 -19.6955 2.46927
      vertex 0 -19.4641 2
      vertex 165 -19.4641 2
    endloop
  endfacet
  facet normal 0 0.896786 0.442465
    outer loop
      vertex 165 19.6955 107.531
      vertex 155 19.4641 108
      vertex 165 19.4641 108
    endloop
  endfacet
  facet normal 0 0.896786 0.442465
    outer loop
      vertex 155 19.4641 108
      vertex 165 19.6955 107.531
      vertex 155 19.6955 107.531
    endloop
  endfacet
  facet normal 0 0.896786 0.442465
    outer loop
      vertex 10 19.6955 107.531
      vertex 0 19.4641 108
      vertex 10 19.4641 108
    endloop
  endfacet
  facet normal 0 0.896786 0.442465
    outer loop
      vertex 0 19.4641 108
      vertex 10 19.6955 107.531
      vertex 0 19.6955 107.531
    endloop
  endfacet
  facet normal 0 0.896786 0.442465
    outer loop
      vertex 146 19.6955 107.531
      vertex 19 19.4641 108
      vertex 146 19.4641 108
    endloop
  endfacet
  facet normal 0 0.896786 0.442465
    outer loop
      vertex 19 19.4641 108
      vertex 146 19.6955 107.531
      vertex 19 19.6955 107.531
    endloop
  endfacet
  facet normal 0 0.947028 0.32115
    outer loop
      vertex 165 19.8637 107.035
      vertex 155 19.6955 107.531
      vertex 165 19.6955 107.531
    endloop
  endfacet
  facet normal 0 0.947028 0.32115
    outer loop
      vertex 155 19.6955 107.531
      vertex 165 19.8637 107.035
      vertex 155 19.8637 107.035
    endloop
  endfacet
  facet normal 0 0.947028 0.32115
    outer loop
      vertex 10 19.8637 107.035
      vertex 0 19.6955 107.531
      vertex 10 19.6955 107.531
    endloop
  endfacet
  facet normal 0 0.947028 0.32115
    outer loop
      vertex 0 19.6955 107.531
      vertex 10 19.8637 107.035
      vertex 0 19.8637 107.035
    endloop
  endfacet
  facet normal 0 0.947028 0.32115
    outer loop
      vertex 146 19.8637 107.035
      vertex 19 19.6955 107.531
      vertex 146 19.6955 107.531
    endloop
  endfacet
  facet normal 0 0.947028 0.32115
    outer loop
      vertex 19 19.6955 107.531
      vertex 146 19.8637 107.035
      vertex 19 19.8637 107.035
    endloop
  endfacet
  facet normal -0 0.443159 0.896443
    outer loop
      vertex 0 18 109.464
      vertex 165 17.5307 109.696
      vertex 165 18 109.464
    endloop
  endfacet
  facet normal 0 0.443159 0.896443
    outer loop
      vertex 165 17.5307 109.696
      vertex 0 18 109.464
      vertex 0 17.5307 109.696
    endloop
  endfacet
  facet normal 0 -0.19494 0.980815
    outer loop
      vertex 0 -16.5221 109.966
      vertex 165 -17.0353 109.864
      vertex 165 -16.5221 109.966
    endloop
  endfacet
  facet normal 0 -0.19494 0.980815
    outer loop
      vertex 165 -17.0353 109.864
      vertex 0 -16.5221 109.966
      vertex 0 -17.0353 109.864
    endloop
  endfacet
  facet normal 0 -0.443159 0.896443
    outer loop
      vertex 0 -17.5307 109.696
      vertex 165 -18 109.464
      vertex 165 -17.5307 109.696
    endloop
  endfacet
  facet normal 0 -0.443159 0.896443
    outer loop
      vertex 165 -18 109.464
      vertex 0 -17.5307 109.696
      vertex 0 -18 109.464
    endloop
  endfacet
  facet normal 0 -0.659343 0.751842
    outer loop
      vertex 0 -18.435 109.173
      vertex 165 -18.8284 108.828
      vertex 165 -18.435 109.173
    endloop
  endfacet
  facet normal 0 -0.659343 0.751842
    outer loop
      vertex 165 -18.8284 108.828
      vertex 0 -18.435 109.173
      vertex 0 -18.8284 108.828
    endloop
  endfacet
  facet normal 0 -0.831432 0.555626
    outer loop
      vertex 0 -19.4641 108
      vertex 165 -19.1734 108.435
      vertex 0 -19.1734 108.435
    endloop
  endfacet
  facet normal 0 -0.831432 0.555626
    outer loop
      vertex 165 -19.1734 108.435
      vertex 0 -19.4641 108
      vertex 165 -19.4641 108
    endloop
  endfacet
  facet normal 0 0.751834 -0.659353
    outer loop
      vertex 165 18.8284 1.17157
      vertex 0 19.1734 1.56496
      vertex 165 19.1734 1.56496
    endloop
  endfacet
  facet normal 0 0.751834 -0.659353
    outer loop
      vertex 0 19.1734 1.56496
      vertex 165 18.8284 1.17157
      vertex 0 18.8284 1.17157
    endloop
  endfacet
  facet normal 0 0.321493 -0.946912
    outer loop
      vertex 0 17.0353 0.136292
      vertex 165 17.5307 0.304489
      vertex 165 17.0353 0.136292
    endloop
  endfacet
  facet normal 0 0.321493 -0.946912
    outer loop
      vertex 165 17.5307 0.304489
      vertex 0 17.0353 0.136292
      vertex 0 17.5307 0.304489
    endloop
  endfacet
  facet normal 0 0.195062 -0.980791
    outer loop
      vertex 0 16.5221 0.0342255
      vertex 165 17.0353 0.136292
      vertex 165 16.5221 0.0342255
    endloop
  endfacet
  facet normal 0 0.195062 -0.980791
    outer loop
      vertex 165 17.0353 0.136292
      vertex 0 16.5221 0.0342255
      vertex 0 17.0353 0.136292
    endloop
  endfacet
  facet normal 0 0.442261 -0.896886
    outer loop
      vertex 0 17.5307 0.304489
      vertex 165 18 0.535904
      vertex 165 17.5307 0.304489
    endloop
  endfacet
  facet normal 0 0.442261 -0.896886
    outer loop
      vertex 165 18 0.535904
      vertex 0 17.5307 0.304489
      vertex 0 18 0.535904
    endloop
  endfacet
  facet normal 0 0.659328 -0.751855
    outer loop
      vertex 0 18.435 0.826584
      vertex 165 18.8284 1.17157
      vertex 165 18.435 0.826584
    endloop
  endfacet
  facet normal 0 0.659328 -0.751855
    outer loop
      vertex 165 18.8284 1.17157
      vertex 0 18.435 0.826584
      vertex 0 18.8284 1.17157
    endloop
  endfacet
  facet normal 0 0.831456 -0.555591
    outer loop
      vertex 165 19.1734 1.56496
      vertex 155 19.4641 2
      vertex 165 19.4641 2
    endloop
  endfacet
  facet normal 0 0.831456 -0.555591
    outer loop
      vertex 155 19.4641 2
      vertex 165 19.1734 1.56496
      vertex 146 19.4641 2
    endloop
  endfacet
  facet normal 0 0.831456 -0.555591
    outer loop
      vertex 146 19.4641 2
      vertex 165 19.1734 1.56496
      vertex 19 19.4641 2
    endloop
  endfacet
  facet normal 0 0.831456 -0.555591
    outer loop
      vertex 0 19.1734 1.56496
      vertex 19 19.4641 2
      vertex 165 19.1734 1.56496
    endloop
  endfacet
  facet normal 0 0.831456 -0.555591
    outer loop
      vertex 19 19.4641 2
      vertex 0 19.1734 1.56496
      vertex 10 19.4641 2
    endloop
  endfacet
  facet normal 0 0.831456 -0.555591
    outer loop
      vertex 10 19.4641 2
      vertex 0 19.1734 1.56496
      vertex 0 19.4641 2
    endloop
  endfacet
  facet normal 0 -0.442261 -0.896886
    outer loop
      vertex 0 -18 0.535904
      vertex 165 -17.5307 0.304489
      vertex 165 -18 0.535904
    endloop
  endfacet
  facet normal -0 -0.442261 -0.896886
    outer loop
      vertex 165 -17.5307 0.304489
      vertex 0 -18 0.535904
      vertex 0 -17.5307 0.304489
    endloop
  endfacet
  facet normal 0 -0.0654131 -0.997858
    outer loop
      vertex 0 -16.5221 0.0342255
      vertex 165 -16 0
      vertex 165 -16.5221 0.0342255
    endloop
  endfacet
  facet normal -0 -0.0654131 -0.997858
    outer loop
      vertex 165 -16 0
      vertex 0 -16.5221 0.0342255
      vertex 0 -16 0
    endloop
  endfacet
  facet normal 0 -0.659328 -0.751855
    outer loop
      vertex 0 -18.8284 1.17157
      vertex 165 -18.435 0.826584
      vertex 165 -18.8284 1.17157
    endloop
  endfacet
  facet normal -0 -0.659328 -0.751855
    outer loop
      vertex 165 -18.435 0.826584
      vertex 0 -18.8284 1.17157
      vertex 0 -18.435 0.826584
    endloop
  endfacet
  facet normal 0 -0.831456 -0.555591
    outer loop
      vertex 0 -19.1734 1.56496
      vertex 165 -19.4641 2
      vertex 0 -19.4641 2
    endloop
  endfacet
  facet normal 0 -0.831456 -0.555591
    outer loop
      vertex 165 -19.4641 2
      vertex 0 -19.1734 1.56496
      vertex 165 -19.1734 1.56496
    endloop
  endfacet
  facet normal 0 -0.321156 0.947026
    outer loop
      vertex 0 -17.0353 109.864
      vertex 165 -17.5307 109.696
      vertex 165 -17.0353 109.864
    endloop
  endfacet
  facet normal 0 -0.321156 0.947026
    outer loop
      vertex 165 -17.5307 109.696
      vertex 0 -17.0353 109.864
      vertex 0 -17.5307 109.696
    endloop
  endfacet
  facet normal 0 -0.556022 0.831167
    outer loop
      vertex 0 -18 109.464
      vertex 165 -18.435 109.173
      vertex 165 -18 109.464
    endloop
  endfacet
  facet normal 0 -0.556022 0.831167
    outer loop
      vertex 165 -18.435 109.173
      vertex 0 -18 109.464
      vertex 0 -18.435 109.173
    endloop
  endfacet
  facet normal 0 -0.75151 0.659722
    outer loop
      vertex 0 -19.1734 108.435
      vertex 165 -18.8284 108.828
      vertex 0 -18.8284 108.828
    endloop
  endfacet
  facet normal 0 -0.75151 0.659722
    outer loop
      vertex 165 -18.8284 108.828
      vertex 0 -19.1734 108.435
      vertex 165 -19.1734 108.435
    endloop
  endfacet
  facet normal 0 -0.896786 0.442465
    outer loop
      vertex 0 -19.6955 107.531
      vertex 165 -19.4641 108
      vertex 0 -19.4641 108
    endloop
  endfacet
  facet normal 0 -0.896786 0.442465
    outer loop
      vertex 165 -19.4641 108
      vertex 0 -19.6955 107.531
      vertex 165 -19.6955 107.531
    endloop
  endfacet
  facet normal 0 -0.321493 -0.946912
    outer loop
      vertex 0 -17.5307 0.304489
      vertex 165 -17.0353 0.136292
      vertex 165 -17.5307 0.304489
    endloop
  endfacet
  facet normal -0 -0.321493 -0.946912
    outer loop
      vertex 165 -17.0353 0.136292
      vertex 0 -17.5307 0.304489
      vertex 0 -17.0353 0.136292
    endloop
  endfacet
  facet normal 0 0 -1
    outer loop
      vertex 162 -13 107
      vertex 155 14 107
      vertex 162 19.8707 107
    endloop
  endfacet
  facet normal 0 0 -1
    outer loop
      vertex 162 -13 107
      vertex 146 14 107
      vertex 155 14 107
    endloop
  endfacet
  facet normal 0 0 -1
    outer loop
      vertex 146 14 107
      vertex 19 14 107
      vertex 146 19.8707 107
    endloop
  endfacet
  facet normal 0 0 -1
    outer loop
      vertex 162 -13 107
      vertex 19 14 107
      vertex 146 14 107
    endloop
  endfacet
  facet normal 0 0 -1
    outer loop
      vertex 3 -13 107
      vertex 19 14 107
      vertex 162 -13 107
    endloop
  endfacet
  facet normal -0 0 -1
    outer loop
      vertex 19 14 107
      vertex 3 -13 107
      vertex 10 14 107
    endloop
  endfacet
  facet normal 0 0 -1
    outer loop
      vertex 3 19.8707 107
      vertex 10 14 107
      vertex 3 -13 107
    endloop
  endfacet
  facet normal 0 0 -1
    outer loop
      vertex 10 14 107
      vertex 3 19.8707 107
      vertex 10 19.8707 107
    endloop
  endfacet
  facet normal -0 0 -1
    outer loop
      vertex 162 19.8707 107
      vertex 155 14 107
      vertex 155 19.8707 107
    endloop
  endfacet
  facet normal -0 0 -1
    outer loop
      vertex 146 19.8707 107
      vertex 19 14 107
      vertex 19 19.8707 107
    endloop
  endfacet
  facet normal 0 0 -1
    outer loop
      vertex 3 -19.8707 107
      vertex 162 -17 107
      vertex 162 -19.8707 107
    endloop
  endfacet
  facet normal -0 0 -1
    outer loop
      vertex 162 -17 107
      vertex 3 -19.8707 107
      vertex 3 -17 107
    endloop
  endfacet
  facet normal -1 0 0
    outer loop
      vertex 162 -20 4
      vertex 162 -17 5
      vertex 162 -17 3
    endloop
  endfacet
  facet normal -1 -0 0
    outer loop
      vertex 162 -17 5
      vertex 162 -20 4
      vertex 162 -17 105
    endloop
  endfacet
  facet normal -1 0 0
    outer loop
      vertex 162 -19.9658 3.47789
      vertex 162 -17 3
      vertex 162 -19.8707 3
    endloop
  endfacet
  facet normal -1 0 0
    outer loop
      vertex 162 -20 106
      vertex 162 -17 105
      vertex 162 -20 4
    endloop
  endfacet
  facet normal -1 0 0
    outer loop
      vertex 162 -17 3
      vertex 162 -19.9658 3.47789
      vertex 162 -20 4
    endloop
  endfacet
  facet normal -1 0 0
    outer loop
      vertex 162 -17 105
      vertex 162 -20 106
      vertex 162 -17 107
    endloop
  endfacet
  facet normal -1 0 -0
    outer loop
      vertex 162 -19.9658 106.522
      vertex 162 -17 107
      vertex 162 -20 106
    endloop
  endfacet
  facet normal -1 -0 0
    outer loop
      vertex 162 -17 107
      vertex 162 -19.9658 106.522
      vertex 162 -19.8707 107
    endloop
  endfacet
  facet normal -1 0 0
    outer loop
      vertex 162 -17 5
      vertex 162 -13 105
      vertex 162 -13 5
    endloop
  endfacet
  facet normal -1 -0 0
    outer loop
      vertex 162 -13 105
      vertex 162 -17 5
      vertex 162 -17 105
    endloop
  endfacet
  facet normal -1 0 0
    outer loop
      vertex 162 19.8707 3
      vertex 162 20 4
      vertex 162 19.9658 3.47789
    endloop
  endfacet
  facet normal -1 0 0
    outer loop
      vertex 162 20 4
      vertex 162 -13 5
      vertex 162 20 106
    endloop
  endfacet
  facet normal -1 -0 0
    outer loop
      vertex 162 20 4
      vertex 162 19.8707 3
      vertex 162 -13 5
    endloop
  endfacet
  facet normal -1 0 0
    outer loop
      vertex 162 -13 105
      vertex 162 20 106
      vertex 162 -13 5
    endloop
  endfacet
  facet normal -1 0 0
    outer loop
      vertex 162 -13 5
      vertex 162 19.8707 3
      vertex 162 -13 3
    endloop
  endfacet
  facet normal -1 0 -0
    outer loop
      vertex 162 19.8707 107
      vertex 162 20 106
      vertex 162 -13 105
    endloop
  endfacet
  facet normal -1 0 0
    outer loop
      vertex 162 20 106
      vertex 162 19.8707 107
      vertex 162 19.9658 106.522
    endloop
  endfacet
  facet normal -1 -0 0
    outer loop
      vertex 162 19.8707 107
      vertex 162 -13 105
      vertex 162 -13 107
    endloop
  endfacet
  facet normal -0 0 1
    outer loop
      vertex 3 -17 3
      vertex 162 -19.8707 3
      vertex 162 -17 3
    endloop
  endfacet
  facet normal 0 0 1
    outer loop
      vertex 162 -19.8707 3
      vertex 3 -17 3
      vertex 3 -19.8707 3
    endloop
  endfacet
  facet normal 0 0 1
    outer loop
      vertex 10 19.8707 3
      vertex 3 19.8707 3
      vertex 10 14 3
    endloop
  endfacet
  facet normal 0 0 1
    outer loop
      vertex 146 19.8707 3
      vertex 19 19.8707 3
      vertex 146 14 3
    endloop
  endfacet
  facet normal 0 0 1
    outer loop
      vertex 155 14 3
      vertex 162 19.8707 3
      vertex 155 19.8707 3
    endloop
  endfacet
  facet normal 0 0 1
    outer loop
      vertex 162 19.8707 3
      vertex 155 14 3
      vertex 162 -13 3
    endloop
  endfacet
  facet normal -0 0 1
    outer loop
      vertex 146 14 3
      vertex 162 -13 3
      vertex 155 14 3
    endloop
  endfacet
  facet normal 0 0 1
    outer loop
      vertex 19 14 3
      vertex 146 14 3
      vertex 19 19.8707 3
    endloop
  endfacet
  facet normal 0 0 1
    outer loop
      vertex 146 14 3
      vertex 19 14 3
      vertex 162 -13 3
    endloop
  endfacet
  facet normal 0 0 1
    outer loop
      vertex 3 -13 3
      vertex 19 14 3
      vertex 10 14 3
    endloop
  endfacet
  facet normal 0 0 1
    outer loop
      vertex 19 14 3
      vertex 3 -13 3
      vertex 162 -13 3
    endloop
  endfacet
  facet normal 0 0 1
    outer loop
      vertex 3 -13 3
      vertex 10 14 3
      vertex 3 19.8707 3
    endloop
  endfacet
  facet normal 1 -0 0
    outer loop
      vertex 3 -20 106
      vertex 3 -17 105
      vertex 3 -17 107
    endloop
  endfacet
  facet normal 1 0 0
    outer loop
      vertex 3 -17 105
      vertex 3 -20 106
      vertex 3 -17 5
    endloop
  endfacet
  facet normal 1 0 0
    outer loop
      vertex 3 -19.9658 106.522
      vertex 3 -17 107
      vertex 3 -19.8707 107
    endloop
  endfacet
  facet normal 1 0 0
    outer loop
      vertex 3 -20 4
      vertex 3 -17 5
      vertex 3 -20 106
    endloop
  endfacet
  facet normal 1 0 0
    outer loop
      vertex 3 -17 107
      vertex 3 -19.9658 106.522
      vertex 3 -20 106
    endloop
  endfacet
  facet normal 1 0 0
    outer loop
      vertex 3 -17 5
      vertex 3 -20 4
      vertex 3 -17 3
    endloop
  endfacet
  facet normal 1 -0 -0
    outer loop
      vertex 3 -19.9658 3.47789
      vertex 3 -17 3
      vertex 3 -20 4
    endloop
  endfacet
  facet normal 1 0 0
    outer loop
      vertex 3 -17 3
      vertex 3 -19.9658 3.47789
      vertex 3 -19.8707 3
    endloop
  endfacet
  facet normal 1 0 0
    outer loop
      vertex 3 -1.47224 23.85
      vertex 3 -17 5
      vertex 3 -1.57059 23.6506
    endloop
  endfacet
  facet normal 1 0 0
    outer loop
      vertex 3 -1.57059 23.6506
      vertex 3 -17 5
      vertex 3 -13 5
    endloop
  endfacet
  facet normal 1 0 0
    outer loop
      vertex 3 1.57059 86.3494
      vertex 3 20 106
      vertex 3 1.64207 86.56
    endloop
  endfacet
  facet normal 1 0 0
    outer loop
      vertex 3 20 4
      vertex 3 1.68546 23.2219
      vertex 3 1.7 23
    endloop
  endfacet
  facet normal 1 0 0
    outer loop
      vertex 3 1.47224 86.15
      vertex 3 20 106
      vertex 3 1.57059 86.3494
    endloop
  endfacet
  facet normal 1 0 0
    outer loop
      vertex 3 20 4
      vertex 3 1.64207 23.44
      vertex 3 1.68546 23.2219
    endloop
  endfacet
  facet normal 1 0 0
    outer loop
      vertex 3 20 106
      vertex 3 1.47224 86.15
      vertex 3 20 4
    endloop
  endfacet
  facet normal 1 0 0
    outer loop
      vertex 3 20 4
      vertex 3 1.57059 23.6506
      vertex 3 1.64207 23.44
    endloop
  endfacet
  facet normal 1 -0 0
    outer loop
      vertex 3 1.47224 23.85
      vertex 3 20 4
      vertex 3 1.47224 86.15
    endloop
  endfacet
  facet normal 1 0 0
    outer loop
      vertex 3 20 4
      vertex 3 1.47224 23.85
      vertex 3 1.57059 23.6506
    endloop
  endfacet
  facet normal 1 -0 0
    outer loop
      vertex 3 1.3487 85.9651
      vertex 3 1.47224 23.85
      vertex 3 1.47224 86.15
    endloop
  endfacet
  facet normal 1 0 0
    outer loop
      vertex 3 1.3487 85.9651
      vertex 3 1.3487 24.0349
      vertex 3 1.47224 23.85
    endloop
  endfacet
  facet normal 1 -0 0
    outer loop
      vertex 3 1.20208 85.7979
      vertex 3 1.3487 24.0349
      vertex 3 1.3487 85.9651
    endloop
  endfacet
  facet normal 1 0 0
    outer loop
      vertex 3 1.20208 85.7979
      vertex 3 1.20208 24.2021
      vertex 3 1.3487 24.0349
    endloop
  endfacet
  facet normal 1 -0 0
    outer loop
      vertex 3 1.03489 85.6513
      vertex 3 1.20208 24.2021
      vertex 3 1.20208 85.7979
    endloop
  endfacet
  facet normal 1 0 0
    outer loop
      vertex 3 1.03489 85.6513
      vertex 3 1.03489 24.3487
      vertex 3 1.20208 24.2021
    endloop
  endfacet
  facet normal 1 -0 0
    outer loop
      vertex 3 0.849999 85.5278
      vertex 3 1.03489 24.3487
      vertex 3 1.03489 85.6513
    endloop
  endfacet
  facet normal 1 0 0
    outer loop
      vertex 3 0.849999 85.5278
      vertex 3 0.849999 24.4722
      vertex 3 1.03489 24.3487
    endloop
  endfacet
  facet normal 1 -0 0
    outer loop
      vertex 3 0.650561 85.4294
      vertex 3 0.849999 24.4722
      vertex 3 0.849999 85.5278
    endloop
  endfacet
  facet normal 1 0 0
    outer loop
      vertex 3 0.650561 85.4294
      vertex 3 0.650561 24.5706
      vertex 3 0.849999 24.4722
    endloop
  endfacet
  facet normal 1 -0 0
    outer loop
      vertex 3 0.439992 85.3579
      vertex 3 0.650561 24.5706
      vertex 3 0.650561 85.4294
    endloop
  endfacet
  facet normal 1 0 0
    outer loop
      vertex 3 0.439992 85.3579
      vertex 3 0.439992 24.6421
      vertex 3 0.650561 24.5706
    endloop
  endfacet
  facet normal 1 -0 0
    outer loop
      vertex 3 0.221894 85.3145
      vertex 3 0.439992 24.6421
      vertex 3 0.439992 85.3579
    endloop
  endfacet
  facet normal 1 0 0
    outer loop
      vertex 3 0.221894 85.3145
      vertex 3 0.221894 24.6855
      vertex 3 0.439992 24.6421
    endloop
  endfacet
  facet normal 1 -0 0
    outer loop
      vertex 3 0 85.3
      vertex 3 0.221894 24.6855
      vertex 3 0.221894 85.3145
    endloop
  endfacet
  facet normal 1 0 0
    outer loop
      vertex 3 0 85.3
      vertex 3 0 24.7
      vertex 3 0.221894 24.6855
    endloop
  endfacet
  facet normal 1 0 0
    outer loop
      vertex 3 -0.221894 85.3145
      vertex 3 0 24.7
      vertex 3 0 85.3
    endloop
  endfacet
  facet normal 1 0 0
    outer loop
      vertex 3 -0.221894 85.3145
      vertex 3 -0.221894 24.6855
      vertex 3 0 24.7
    endloop
  endfacet
  facet normal 1 0 0
    outer loop
      vertex 3 -0.439992 85.3579
      vertex 3 -0.221894 24.6855
      vertex 3 -0.221894 85.3145
    endloop
  endfacet
  facet normal 1 0 0
    outer loop
      vertex 3 -0.439992 85.3579
      vertex 3 -0.439992 24.6421
      vertex 3 -0.221894 24.6855
    endloop
  endfacet
  facet normal 1 0 0
    outer loop
      vertex 3 -0.650561 85.4294
      vertex 3 -0.439992 24.6421
      vertex 3 -0.439992 85.3579
    endloop
  endfacet
  facet normal 1 0 0
    outer loop
      vertex 3 -0.650561 85.4294
      vertex 3 -0.650561 24.5706
      vertex 3 -0.439992 24.6421
    endloop
  endfacet
  facet normal 1 0 0
    outer loop
      vertex 3 -0.849999 85.5278
      vertex 3 -0.650561 24.5706
      vertex 3 -0.650561 85.4294
    endloop
  endfacet
  facet normal 1 0 0
    outer loop
      vertex 3 -0.849999 85.5278
      vertex 3 -0.849999 24.4722
      vertex 3 -0.650561 24.5706
    endloop
  endfacet
  facet normal 1 0 0
    outer loop
      vertex 3 -1.03489 85.6513
      vertex 3 -0.849999 24.4722
      vertex 3 -0.849999 85.5278
    endloop
  endfacet
  facet normal 1 0 0
    outer loop
      vertex 3 -1.03489 85.6513
      vertex 3 -1.03489 24.3487
      vertex 3 -0.849999 24.4722
    endloop
  endfacet
  facet normal 1 0 0
    outer loop
      vertex 3 -1.20208 85.7979
      vertex 3 -1.03489 24.3487
      vertex 3 -1.03489 85.6513
    endloop
  endfacet
  facet normal 1 0 0
    outer loop
      vertex 3 -1.20208 85.7979
      vertex 3 -1.20208 24.2021
      vertex 3 -1.03489 24.3487
    endloop
  endfacet
  facet normal 1 0 0
    outer loop
      vertex 3 -1.3487 85.9651
      vertex 3 -1.20208 24.2021
      vertex 3 -1.20208 85.7979
    endloop
  endfacet
  facet normal 1 0 0
    outer loop
      vertex 3 -1.3487 85.9651
      vertex 3 -1.3487 24.0349
      vertex 3 -1.20208 24.2021
    endloop
  endfacet
  facet normal 1 0 0
    outer loop
      vertex 3 -1.47224 86.15
      vertex 3 -1.3487 24.0349
      vertex 3 -1.3487 85.9651
    endloop
  endfacet
  facet normal 1 0 0
    outer loop
      vertex 3 -1.47224 86.15
      vertex 3 -1.47224 23.85
      vertex 3 -1.3487 24.0349
    endloop
  endfacet
  facet normal 1 0 0
    outer loop
      vertex 3 -17 105
      vertex 3 -1.47224 86.15
      vertex 3 -1.57059 86.3494
    endloop
  endfacet
  facet normal 1 0 0
    outer loop
      vertex 3 -1.47224 86.15
      vertex 3 -17 105
      vertex 3 -1.47224 23.85
    endloop
  endfacet
  facet normal 1 0 0
    outer loop
      vertex 3 -1.68546 86.7781
      vertex 3 -17 105
      vertex 3 -1.64207 86.56
    endloop
  endfacet
  facet normal 1 0 0
    outer loop
      vertex 3 -1.64207 86.56
      vertex 3 -17 105
      vertex 3 -1.57059 86.3494
    endloop
  endfacet
  facet normal 1 0 0
    outer loop
      vertex 3 -1.7 87
      vertex 3 -17 105
      vertex 3 -1.68546 86.7781
    endloop
  endfacet
  facet normal 1 0 0
    outer loop
      vertex 3 -17 5
      vertex 3 -1.47224 23.85
      vertex 3 -17 105
    endloop
  endfacet
  facet normal 1 0 0
    outer loop
      vertex 3 -1.68546 87.2219
      vertex 3 -17 105
      vertex 3 -1.7 87
    endloop
  endfacet
  facet normal 1 0 0
    outer loop
      vertex 3 -1.57059 23.6506
      vertex 3 -13 5
      vertex 3 -1.64207 23.44
    endloop
  endfacet
  facet normal 1 0 0
    outer loop
      vertex 3 19.8707 107
      vertex 3 20 106
      vertex 3 19.9658 106.522
    endloop
  endfacet
  facet normal 1 0 0
    outer loop
      vertex 3 1.68546 86.7781
      vertex 3 20 106
      vertex 3 1.7 87
    endloop
  endfacet
  facet normal 1 0 0
    outer loop
      vertex 3 20 106
      vertex 3 19.8707 107
      vertex 3 0.439992 88.6421
    endloop
  endfacet
  facet normal 1 0 0
    outer loop
      vertex 3 1.64207 86.56
      vertex 3 20 106
      vertex 3 1.68546 86.7781
    endloop
  endfacet
  facet normal 1 -0 0
    outer loop
      vertex 3 1.68546 22.7781
      vertex 3 20 4
      vertex 3 1.7 23
    endloop
  endfacet
  facet normal 1 0 0
    outer loop
      vertex 3 20 106
      vertex 3 1.68546 87.2219
      vertex 3 1.7 87
    endloop
  endfacet
  facet normal 1 0 0
    outer loop
      vertex 3 20 106
      vertex 3 1.64207 87.44
      vertex 3 1.68546 87.2219
    endloop
  endfacet
  facet normal 1 0 0
    outer loop
      vertex 3 20 106
      vertex 3 1.57059 87.6506
      vertex 3 1.64207 87.44
    endloop
  endfacet
  facet normal 1 0 0
    outer loop
      vertex 3 20 106
      vertex 3 1.47224 87.85
      vertex 3 1.57059 87.6506
    endloop
  endfacet
  facet normal 1 0 0
    outer loop
      vertex 3 20 106
      vertex 3 1.3487 88.0349
      vertex 3 1.47224 87.85
    endloop
  endfacet
  facet normal 1 0 0
    outer loop
      vertex 3 20 106
      vertex 3 1.20208 88.2021
      vertex 3 1.3487 88.0349
    endloop
  endfacet
  facet normal 1 0 0
    outer loop
      vertex 3 20 106
      vertex 3 1.03489 88.3487
      vertex 3 1.20208 88.2021
    endloop
  endfacet
  facet normal 1 0 0
    outer loop
      vertex 3 20 106
      vertex 3 0.849999 88.4722
      vertex 3 1.03489 88.3487
    endloop
  endfacet
  facet normal 1 0 0
    outer loop
      vertex 3 20 106
      vertex 3 0.650561 88.5706
      vertex 3 0.849999 88.4722
    endloop
  endfacet
  facet normal 1 0 0
    outer loop
      vertex 3 20 106
      vertex 3 0.439992 88.6421
      vertex 3 0.650561 88.5706
    endloop
  endfacet
  facet normal 1 0 0
    outer loop
      vertex 3 19.8707 107
      vertex 3 0.221894 88.6855
      vertex 3 0.439992 88.6421
    endloop
  endfacet
  facet normal 1 -0 0
    outer loop
      vertex 3 -13 105
      vertex 3 0.221894 88.6855
      vertex 3 19.8707 107
    endloop
  endfacet
  facet normal 1 0 0
    outer loop
      vertex 3 0.221894 88.6855
      vertex 3 -13 105
      vertex 3 0 88.7
    endloop
  endfacet
  facet normal 1 0 0
    outer loop
      vertex 3 0 88.7
      vertex 3 -13 105
      vertex 3 -0.221894 88.6855
    endloop
  endfacet
  facet normal 1 0 0
    outer loop
      vertex 3 -0.221894 88.6855
      vertex 3 -13 105
      vertex 3 -0.439992 88.6421
    endloop
  endfacet
  facet normal 1 0 0
    outer loop
      vertex 3 -0.439992 88.6421
      vertex 3 -13 105
      vertex 3 -0.650561 88.5706
    endloop
  endfacet
  facet normal 1 0 0
    outer loop
      vertex 3 -0.650561 88.5706
      vertex 3 -13 105
      vertex 3 -0.849999 88.4722
    endloop
  endfacet
  facet normal 1 0 0
    outer loop
      vertex 3 -0.849999 88.4722
      vertex 3 -13 105
      vertex 3 -1.03489 88.3487
    endloop
  endfacet
  facet normal 1 0 0
    outer loop
      vertex 3 -1.64207 87.44
      vertex 3 -17 105
      vertex 3 -1.68546 87.2219
    endloop
  endfacet
  facet normal 1 -0 0
    outer loop
      vertex 3 -17 105
      vertex 3 -1.64207 87.44
      vertex 3 -13 105
    endloop
  endfacet
  facet normal 1 0 0
    outer loop
      vertex 3 -1.57059 87.6506
      vertex 3 -13 105
      vertex 3 -1.64207 87.44
    endloop
  endfacet
  facet normal 1 0 0
    outer loop
      vertex 3 -1.47224 87.85
      vertex 3 -13 105
      vertex 3 -1.57059 87.6506
    endloop
  endfacet
  facet normal 1 0 0
    outer loop
      vertex 3 -1.3487 88.0349
      vertex 3 -13 105
      vertex 3 -1.47224 87.85
    endloop
  endfacet
  facet normal 1 0 0
    outer loop
      vertex 3 -1.20208 88.2021
      vertex 3 -13 105
      vertex 3 -1.3487 88.0349
    endloop
  endfacet
  facet normal 1 0 0
    outer loop
      vertex 3 -1.03489 88.3487
      vertex 3 -13 105
      vertex 3 -1.20208 88.2021
    endloop
  endfacet
  facet normal 1 0 0
    outer loop
      vertex 3 -13 105
      vertex 3 19.8707 107
      vertex 3 -13 107
    endloop
  endfacet
  facet normal 1 -0 0
    outer loop
      vertex 3 1.64207 22.56
      vertex 3 20 4
      vertex 3 1.68546 22.7781
    endloop
  endfacet
  facet normal 1 -0 0
    outer loop
      vertex 3 1.57059 22.3494
      vertex 3 20 4
      vertex 3 1.64207 22.56
    endloop
  endfacet
  facet normal 1 -0 0
    outer loop
      vertex 3 1.47224 22.15
      vertex 3 20 4
      vertex 3 1.57059 22.3494
    endloop
  endfacet
  facet normal 1 -0 0
    outer loop
      vertex 3 1.3487 21.9651
      vertex 3 20 4
      vertex 3 1.47224 22.15
    endloop
  endfacet
  facet normal 1 -0 0
    outer loop
      vertex 3 1.20208 21.7979
      vertex 3 20 4
      vertex 3 1.3487 21.9651
    endloop
  endfacet
  facet normal 1 -0 0
    outer loop
      vertex 3 1.03489 21.6513
      vertex 3 20 4
      vertex 3 1.20208 21.7979
    endloop
  endfacet
  facet normal 1 -0 0
    outer loop
      vertex 3 0.849999 21.5278
      vertex 3 20 4
      vertex 3 1.03489 21.6513
    endloop
  endfacet
  facet normal 1 -0 0
    outer loop
      vertex 3 0.650561 21.4294
      vertex 3 20 4
      vertex 3 0.849999 21.5278
    endloop
  endfacet
  facet normal 1 -0 0
    outer loop
      vertex 3 0.439992 21.3579
      vertex 3 20 4
      vertex 3 0.650561 21.4294
    endloop
  endfacet
  facet normal 1 0 -0
    outer loop
      vertex 3 19.8707 3
      vertex 3 20 4
      vertex 3 0.439992 21.3579
    endloop
  endfacet
  facet normal 1 0 0
    outer loop
      vertex 3 20 4
      vertex 3 19.8707 3
      vertex 3 19.9658 3.47789
    endloop
  endfacet
  facet normal 1 -0 0
    outer loop
      vertex 3 0.221894 21.3145
      vertex 3 19.8707 3
      vertex 3 0.439992 21.3579
    endloop
  endfacet
  facet normal 1 0 0
    outer loop
      vertex 3 -13 5
      vertex 3 0.221894 21.3145
      vertex 3 0 21.3
    endloop
  endfacet
  facet normal 1 0 0
    outer loop
      vertex 3 -13 5
      vertex 3 0 21.3
      vertex 3 -0.221894 21.3145
    endloop
  endfacet
  facet normal 1 0 0
    outer loop
      vertex 3 -13 5
      vertex 3 -0.221894 21.3145
      vertex 3 -0.439992 21.3579
    endloop
  endfacet
  facet normal 1 0 0
    outer loop
      vertex 3 -13 5
      vertex 3 -0.439992 21.3579
      vertex 3 -0.650561 21.4294
    endloop
  endfacet
  facet normal 1 0 0
    outer loop
      vertex 3 -13 5
      vertex 3 -0.650561 21.4294
      vertex 3 -0.849999 21.5278
    endloop
  endfacet
  facet normal 1 0 0
    outer loop
      vertex 3 -13 5
      vertex 3 -0.849999 21.5278
      vertex 3 -1.03489 21.6513
    endloop
  endfacet
  facet normal 1 0 0
    outer loop
      vertex 3 -13 5
      vertex 3 -1.03489 21.6513
      vertex 3 -1.20208 21.7979
    endloop
  endfacet
  facet normal 1 0 0
    outer loop
      vertex 3 -1.64207 23.44
      vertex 3 -13 5
      vertex 3 -1.68546 23.2219
    endloop
  endfacet
  facet normal 1 0 0
    outer loop
      vertex 3 -1.68546 23.2219
      vertex 3 -13 5
      vertex 3 -1.7 23
    endloop
  endfacet
  facet normal 1 0 0
    outer loop
      vertex 3 -1.7 23
      vertex 3 -13 5
      vertex 3 -1.68546 22.7781
    endloop
  endfacet
  facet normal 1 0 0
    outer loop
      vertex 3 -13 5
      vertex 3 -1.64207 22.56
      vertex 3 -1.68546 22.7781
    endloop
  endfacet
  facet normal 1 0 0
    outer loop
      vertex 3 -13 5
      vertex 3 -1.57059 22.3494
      vertex 3 -1.64207 22.56
    endloop
  endfacet
  facet normal 1 0 0
    outer loop
      vertex 3 -13 5
      vertex 3 -1.47224 22.15
      vertex 3 -1.57059 22.3494
    endloop
  endfacet
  facet normal 1 0 0
    outer loop
      vertex 3 -13 5
      vertex 3 -1.3487 21.9651
      vertex 3 -1.47224 22.15
    endloop
  endfacet
  facet normal 1 0 0
    outer loop
      vertex 3 -13 5
      vertex 3 -1.20208 21.7979
      vertex 3 -1.3487 21.9651
    endloop
  endfacet
  facet normal 1 0 0
    outer loop
      vertex 3 0.221894 21.3145
      vertex 3 -13 5
      vertex 3 19.8707 3
    endloop
  endfacet
  facet normal 1 0 0
    outer loop
      vertex 3 19.8707 3
      vertex 3 -13 5
      vertex 3 -13 3
    endloop
  endfacet
  facet normal 0 0 -1
    outer loop
      vertex 3 -17 105
      vertex 162 -13 105
      vertex 162 -17 105
    endloop
  endfacet
  facet normal -0 0 -1
    outer loop
      vertex 162 -13 105
      vertex 3 -17 105
      vertex 3 -13 105
    endloop
  endfacet
  facet normal 0 -1 0
    outer loop
      vertex 3 -17 105
      vertex 162 -17 107
      vertex 3 -17 107
    endloop
  endfacet
  facet normal 0 -1 -0
    outer loop
      vertex 162 -17 107
      vertex 3 -17 105
      vertex 162 -17 105
    endloop
  endfacet
  facet normal 0 1 -0
    outer loop
      vertex 162 -13 105
      vertex 3 -13 107
      vertex 162 -13 107
    endloop
  endfacet
  facet normal 0 1 0
    outer loop
      vertex 3 -13 107
      vertex 162 -13 105
      vertex 3 -13 105
    endloop
  endfacet
  facet normal -0 0 1
    outer loop
      vertex 3 -13 5
      vertex 162 -17 5
      vertex 162 -13 5
    endloop
  endfacet
  facet normal 0 0 1
    outer loop
      vertex 162 -17 5
      vertex 3 -13 5
      vertex 3 -17 5
    endloop
  endfacet
  facet normal 0 1 -0
    outer loop
      vertex 162 -13 3
      vertex 3 -13 5
      vertex 162 -13 5
    endloop
  endfacet
  facet normal 0 1 0
    outer loop
      vertex 3 -13 5
      vertex 162 -13 3
      vertex 3 -13 3
    endloop
  endfacet
  facet normal 0 -1 0
    outer loop
      vertex 3 -17 3
      vertex 162 -17 5
      vertex 3 -17 5
    endloop
  endfacet
  facet normal 0 -1 -0
    outer loop
      vertex 162 -17 5
      vertex 3 -17 3
      vertex 162 -17 3
    endloop
  endfacet
  facet normal 0.0654027 0 -0.997859
    outer loop
      vertex 14.5 14 94.5
      vertex 15.0874 20 94.5385
      vertex 15.0874 14 94.5385
    endloop
  endfacet
  facet normal 0.0654027 0 -0.997859
    outer loop
      vertex 15.0874 20 94.5385
      vertex 14.5 14 94.5
      vertex 14.5 20 94.5
    endloop
  endfacet
  facet normal 0.896827 0 -0.442382
    outer loop
      vertex 18.6575 14 97.2779
      vertex 18.3971 20 96.75
      vertex 18.6575 20 97.2779
    endloop
  endfacet
  facet normal 0.896827 0 -0.442382
    outer loop
      vertex 18.3971 20 96.75
      vertex 18.6575 14 97.2779
      vertex 18.3971 14 96.75
    endloop
  endfacet
  facet normal -0.0654027 0 -0.997859
    outer loop
      vertex 13.9126 14 94.5385
      vertex 14.5 20 94.5
      vertex 14.5 14 94.5
    endloop
  endfacet
  facet normal -0.0654027 0 -0.997859
    outer loop
      vertex 14.5 20 94.5
      vertex 13.9126 14 94.5385
      vertex 13.9126 20 94.5385
    endloop
  endfacet
  facet normal 0.442382 0 -0.896827
    outer loop
      vertex 16.2221 14 94.8425
      vertex 16.75 20 95.1029
      vertex 16.75 14 95.1029
    endloop
  endfacet
  facet normal 0.442382 0 -0.896827
    outer loop
      vertex 16.75 20 95.1029
      vertex 16.2221 14 94.8425
      vertex 16.2221 20 94.8425
    endloop
  endfacet
  facet normal 0.659298 0 -0.751882
    outer loop
      vertex 17.2394 14 95.4299
      vertex 17.682 20 95.818
      vertex 17.682 14 95.818
    endloop
  endfacet
  facet normal 0.659298 0 -0.751882
    outer loop
      vertex 17.682 20 95.818
      vertex 17.2394 14 95.4299
      vertex 17.2394 20 95.4299
    endloop
  endfacet
  facet normal 0.555562 0 -0.831475
    outer loop
      vertex 16.75 14 95.1029
      vertex 17.2394 20 95.4299
      vertex 17.2394 14 95.4299
    endloop
  endfacet
  facet normal 0.555562 0 -0.831475
    outer loop
      vertex 17.2394 20 95.4299
      vertex 16.75 14 95.1029
      vertex 16.75 20 95.1029
    endloop
  endfacet
  facet normal -0.831475 0 -0.555562
    outer loop
      vertex 10.9299 14 96.2606
      vertex 10.6029 20 96.75
      vertex 10.9299 20 96.2606
    endloop
  endfacet
  facet normal -0.831475 -0 -0.555562
    outer loop
      vertex 10.6029 20 96.75
      vertex 10.9299 14 96.2606
      vertex 10.6029 14 96.75
    endloop
  endfacet
  facet normal 0.946936 0 -0.321421
    outer loop
      vertex 18.8467 14 97.8353
      vertex 18.6575 20 97.2779
      vertex 18.8467 20 97.8353
    endloop
  endfacet
  facet normal 0.946936 0 -0.321421
    outer loop
      vertex 18.6575 20 97.2779
      vertex 18.8467 14 97.8353
      vertex 18.6575 14 97.2779
    endloop
  endfacet
  facet normal -0.195038 0 -0.980796
    outer loop
      vertex 13.3353 14 94.6533
      vertex 13.9126 20 94.5385
      vertex 13.9126 14 94.5385
    endloop
  endfacet
  facet normal -0.195038 0 -0.980796
    outer loop
      vertex 13.9126 20 94.5385
      vertex 13.3353 14 94.6533
      vertex 13.3353 20 94.6533
    endloop
  endfacet
  facet normal -0.980855 0 -0.194742
    outer loop
      vertex 10.1533 14 97.8353
      vertex 10.1206 20 98
      vertex 10.1533 20 97.8353
    endloop
  endfacet
  facet normal -0.980855 -0 -0.194742
    outer loop
      vertex 10.1206 20 98
      vertex 10.1533 14 97.8353
      vertex 10.1206 14 98
    endloop
  endfacet
  facet normal 0.321421 0 -0.946936
    outer loop
      vertex 15.6647 14 94.6533
      vertex 16.2221 20 94.8425
      vertex 16.2221 14 94.8425
    endloop
  endfacet
  facet normal 0.321421 0 -0.946936
    outer loop
      vertex 16.2221 20 94.8425
      vertex 15.6647 14 94.6533
      vertex 15.6647 20 94.6533
    endloop
  endfacet
  facet normal 0.195038 0 -0.980796
    outer loop
      vertex 15.0874 14 94.5385
      vertex 15.6647 20 94.6533
      vertex 15.6647 14 94.6533
    endloop
  endfacet
  facet normal 0.195038 0 -0.980796
    outer loop
      vertex 15.6647 20 94.6533
      vertex 15.0874 14 94.5385
      vertex 15.0874 20 94.5385
    endloop
  endfacet
  facet normal 0.980855 0 -0.194742
    outer loop
      vertex 18.8794 14 98
      vertex 18.8467 20 97.8353
      vertex 18.8794 20 98
    endloop
  endfacet
  facet normal 0.980855 0 -0.194742
    outer loop
      vertex 18.8467 20 97.8353
      vertex 18.8794 14 98
      vertex 18.8467 14 97.8353
    endloop
  endfacet
  facet normal 0.751882 0 -0.659298
    outer loop
      vertex 18.0701 14 96.2606
      vertex 17.682 20 95.818
      vertex 18.0701 20 96.2606
    endloop
  endfacet
  facet normal 0.751882 0 -0.659298
    outer loop
      vertex 17.682 20 95.818
      vertex 18.0701 14 96.2606
      vertex 17.682 14 95.818
    endloop
  endfacet
  facet normal 0.831475 0 -0.555562
    outer loop
      vertex 18.3971 14 96.75
      vertex 18.0701 20 96.2606
      vertex 18.3971 20 96.75
    endloop
  endfacet
  facet normal 0.831475 0 -0.555562
    outer loop
      vertex 18.0701 20 96.2606
      vertex 18.3971 14 96.75
      vertex 18.0701 14 96.2606
    endloop
  endfacet
  facet normal 0 -1 0
    outer loop
      vertex 18.3971 14 96.75
      vertex 15.9722 14 98.15
      vertex 15.8487 14 97.9651
    endloop
  endfacet
  facet normal 0 -1 0
    outer loop
      vertex 15.9722 14 98.15
      vertex 18.8467 14 97.8353
      vertex 18.8794 14 98
    endloop
  endfacet
  facet normal 0 -1 0
    outer loop
      vertex 18.0701 14 96.2606
      vertex 15.8487 14 97.9651
      vertex 15.7021 14 97.7979
    endloop
  endfacet
  facet normal 0 -1 0
    outer loop
      vertex 17.682 14 95.818
      vertex 15.7021 14 97.7979
      vertex 15.5349 14 97.6513
    endloop
  endfacet
  facet normal 0 -1 0
    outer loop
      vertex 17.2394 14 95.4299
      vertex 15.5349 14 97.6513
      vertex 15.35 14 97.5278
    endloop
  endfacet
  facet normal 0 -1 0
    outer loop
      vertex 16.75 14 95.1029
      vertex 15.35 14 97.5278
      vertex 15.1506 14 97.4294
    endloop
  endfacet
  facet normal 0 -1 0
    outer loop
      vertex 16.2221 14 94.8425
      vertex 15.1506 14 97.4294
      vertex 14.94 14 97.3579
    endloop
  endfacet
  facet normal 0 -1 0
    outer loop
      vertex 15.6647 14 94.6533
      vertex 14.94 14 97.3579
      vertex 14.7219 14 97.3145
    endloop
  endfacet
  facet normal 0 -1 0
    outer loop
      vertex 15.9722 14 98.15
      vertex 18.6575 14 97.2779
      vertex 18.8467 14 97.8353
    endloop
  endfacet
  facet normal 0 -1 0
    outer loop
      vertex 15.0874 14 94.5385
      vertex 14.7219 14 97.3145
      vertex 14.5 14 97.3
    endloop
  endfacet
  facet normal 0 -1 0
    outer loop
      vertex 12.25 14 95.1029
      vertex 13.65 14 97.5278
      vertex 11.7606 14 95.4299
    endloop
  endfacet
  facet normal 0 -1 -0
    outer loop
      vertex 13.65 14 97.5278
      vertex 12.25 14 95.1029
      vertex 13.8494 14 97.4294
    endloop
  endfacet
  facet normal 0 -1 0
    outer loop
      vertex 15.9722 14 98.15
      vertex 18.3971 14 96.75
      vertex 18.6575 14 97.2779
    endloop
  endfacet
  facet normal 0 -1 0
    outer loop
      vertex 12.7779 14 94.8425
      vertex 13.8494 14 97.4294
      vertex 12.25 14 95.1029
    endloop
  endfacet
  facet normal 0 -1 0
    outer loop
      vertex 15.8487 14 97.9651
      vertex 18.0701 14 96.2606
      vertex 18.3971 14 96.75
    endloop
  endfacet
  facet normal 0 -1 -0
    outer loop
      vertex 13.8494 14 97.4294
      vertex 12.7779 14 94.8425
      vertex 14.06 14 97.3579
    endloop
  endfacet
  facet normal 0 -1 0
    outer loop
      vertex 15.7021 14 97.7979
      vertex 17.682 14 95.818
      vertex 18.0701 14 96.2606
    endloop
  endfacet
  facet normal 0 -1 0
    outer loop
      vertex 13.3353 14 94.6533
      vertex 14.06 14 97.3579
      vertex 12.7779 14 94.8425
    endloop
  endfacet
  facet normal 0 -1 0
    outer loop
      vertex 15.5349 14 97.6513
      vertex 17.2394 14 95.4299
      vertex 17.682 14 95.818
    endloop
  endfacet
  facet normal 0 -1 -0
    outer loop
      vertex 14.06 14 97.3579
      vertex 13.3353 14 94.6533
      vertex 14.2781 14 97.3145
    endloop
  endfacet
  facet normal 0 -1 0
    outer loop
      vertex 15.35 14 97.5278
      vertex 16.75 14 95.1029
      vertex 17.2394 14 95.4299
    endloop
  endfacet
  facet normal 0 -1 0
    outer loop
      vertex 13.9126 14 94.5385
      vertex 14.2781 14 97.3145
      vertex 13.3353 14 94.6533
    endloop
  endfacet
  facet normal 0 -1 0
    outer loop
      vertex 15.1506 14 97.4294
      vertex 16.2221 14 94.8425
      vertex 16.75 14 95.1029
    endloop
  endfacet
  facet normal 0 -1 -0
    outer loop
      vertex 14.2781 14 97.3145
      vertex 13.9126 14 94.5385
      vertex 14.5 14 97.3
    endloop
  endfacet
  facet normal 0 -1 0
    outer loop
      vertex 14.94 14 97.3579
      vertex 15.6647 14 94.6533
      vertex 16.2221 14 94.8425
    endloop
  endfacet
  facet normal 0 -1 0
    outer loop
      vertex 14.5 14 94.5
      vertex 14.5 14 97.3
      vertex 13.9126 14 94.5385
    endloop
  endfacet
  facet normal 0 -1 0
    outer loop
      vertex 14.7219 14 97.3145
      vertex 15.0874 14 94.5385
      vertex 15.6647 14 94.6533
    endloop
  endfacet
  facet normal 0 -1 0
    outer loop
      vertex 14.5 14 97.3
      vertex 14.5 14 94.5
      vertex 15.0874 14 94.5385
    endloop
  endfacet
  facet normal 0 -1 0
    outer loop
      vertex 10 14 107
      vertex 14.5 14 100.7
      vertex 19 14 107
    endloop
  endfacet
  facet normal 0 -1 0
    outer loop
      vertex 10 14 107
      vertex 14.2781 14 100.685
      vertex 14.5 14 100.7
    endloop
  endfacet
  facet normal 0 -1 0
    outer loop
      vertex 10 14 107
      vertex 14.06 14 100.642
      vertex 14.2781 14 100.685
    endloop
  endfacet
  facet normal 0 -1 0
    outer loop
      vertex 10 14 107
      vertex 13.8494 14 100.571
      vertex 14.06 14 100.642
    endloop
  endfacet
  facet normal 0 -1 0
    outer loop
      vertex 10 14 107
      vertex 13.65 14 100.472
      vertex 13.8494 14 100.571
    endloop
  endfacet
  facet normal 0 -1 0
    outer loop
      vertex 10 14 107
      vertex 13.4651 14 100.349
      vertex 13.65 14 100.472
    endloop
  endfacet
  facet normal 0 -1 0
    outer loop
      vertex 10 14 107
      vertex 13.2979 14 100.202
      vertex 13.4651 14 100.349
    endloop
  endfacet
  facet normal 0 -1 0
    outer loop
      vertex 10 14 107
      vertex 13.1513 14 100.035
      vertex 13.2979 14 100.202
    endloop
  endfacet
  facet normal 0 -1 0
    outer loop
      vertex 10 14 107
      vertex 13.0278 14 99.85
      vertex 13.1513 14 100.035
    endloop
  endfacet
  facet normal 0 -1 0
    outer loop
      vertex 10 14 98
      vertex 13.0278 14 99.85
      vertex 10 14 107
    endloop
  endfacet
  facet normal 0 -1 0
    outer loop
      vertex 10.1206 14 98
      vertex 13.0278 14 99.85
      vertex 10 14 98
    endloop
  endfacet
  facet normal 0 -1 0
    outer loop
      vertex 13.0278 14 99.85
      vertex 10.1206 14 98
      vertex 12.9294 14 99.6506
    endloop
  endfacet
  facet normal 0 -1 0
    outer loop
      vertex 12.9294 14 99.6506
      vertex 10.1206 14 98
      vertex 12.8579 14 99.44
    endloop
  endfacet
  facet normal 0 -1 0
    outer loop
      vertex 12.8579 14 99.44
      vertex 10.1206 14 98
      vertex 12.8145 14 99.2219
    endloop
  endfacet
  facet normal 0 -1 -0
    outer loop
      vertex 12.8 14 99
      vertex 10.1206 14 98
      vertex 12.8145 14 98.7781
    endloop
  endfacet
  facet normal 0 -1 0
    outer loop
      vertex 12.8145 14 99.2219
      vertex 10.1206 14 98
      vertex 12.8 14 99
    endloop
  endfacet
  facet normal 0 -1 -0
    outer loop
      vertex 12.8145 14 98.7781
      vertex 10.1206 14 98
      vertex 12.8579 14 98.56
    endloop
  endfacet
  facet normal 0 -1 0
    outer loop
      vertex 10.1533 14 97.8353
      vertex 12.8579 14 98.56
      vertex 10.1206 14 98
    endloop
  endfacet
  facet normal 0 -1 -0
    outer loop
      vertex 12.8579 14 98.56
      vertex 10.1533 14 97.8353
      vertex 12.9294 14 98.3494
    endloop
  endfacet
  facet normal 0 -1 0
    outer loop
      vertex 10.3425 14 97.2779
      vertex 12.9294 14 98.3494
      vertex 10.1533 14 97.8353
    endloop
  endfacet
  facet normal 0 -1 -0
    outer loop
      vertex 12.9294 14 98.3494
      vertex 10.3425 14 97.2779
      vertex 13.0278 14 98.15
    endloop
  endfacet
  facet normal 0 -1 0
    outer loop
      vertex 10.6029 14 96.75
      vertex 13.0278 14 98.15
      vertex 10.3425 14 97.2779
    endloop
  endfacet
  facet normal 0 -1 -0
    outer loop
      vertex 13.0278 14 98.15
      vertex 10.6029 14 96.75
      vertex 13.1513 14 97.9651
    endloop
  endfacet
  facet normal 0 -1 0
    outer loop
      vertex 10.9299 14 96.2606
      vertex 13.1513 14 97.9651
      vertex 10.6029 14 96.75
    endloop
  endfacet
  facet normal 0 -1 -0
    outer loop
      vertex 13.1513 14 97.9651
      vertex 10.9299 14 96.2606
      vertex 13.2979 14 97.7979
    endloop
  endfacet
  facet normal 0 -1 0
    outer loop
      vertex 11.318 14 95.818
      vertex 13.2979 14 97.7979
      vertex 10.9299 14 96.2606
    endloop
  endfacet
  facet normal 0 -1 -0
    outer loop
      vertex 13.2979 14 97.7979
      vertex 11.318 14 95.818
      vertex 13.4651 14 97.6513
    endloop
  endfacet
  facet normal 0 -1 -0
    outer loop
      vertex 13.4651 14 97.6513
      vertex 11.7606 14 95.4299
      vertex 13.65 14 97.5278
    endloop
  endfacet
  facet normal 0 -1 0
    outer loop
      vertex 11.7606 14 95.4299
      vertex 13.4651 14 97.6513
      vertex 11.318 14 95.818
    endloop
  endfacet
  facet normal 0 -1 0
    outer loop
      vertex 14.7219 14 100.685
      vertex 19 14 107
      vertex 14.5 14 100.7
    endloop
  endfacet
  facet normal 0 -1 0
    outer loop
      vertex 14.94 14 100.642
      vertex 19 14 107
      vertex 14.7219 14 100.685
    endloop
  endfacet
  facet normal 0 -1 0
    outer loop
      vertex 15.1506 14 100.571
      vertex 19 14 107
      vertex 14.94 14 100.642
    endloop
  endfacet
  facet normal 0 -1 0
    outer loop
      vertex 15.35 14 100.472
      vertex 19 14 107
      vertex 15.1506 14 100.571
    endloop
  endfacet
  facet normal 0 -1 0
    outer loop
      vertex 15.5349 14 100.349
      vertex 19 14 107
      vertex 15.35 14 100.472
    endloop
  endfacet
  facet normal 0 -1 0
    outer loop
      vertex 15.7021 14 100.202
      vertex 19 14 107
      vertex 15.5349 14 100.349
    endloop
  endfacet
  facet normal 0 -1 0
    outer loop
      vertex 15.8487 14 100.035
      vertex 19 14 107
      vertex 15.7021 14 100.202
    endloop
  endfacet
  facet normal 0 -1 0
    outer loop
      vertex 15.9722 14 99.85
      vertex 19 14 107
      vertex 15.8487 14 100.035
    endloop
  endfacet
  facet normal 0 -1 0
    outer loop
      vertex 18.8794 14 98
      vertex 15.9722 14 99.85
      vertex 16.0706 14 99.6506
    endloop
  endfacet
  facet normal 0 -1 0
    outer loop
      vertex 18.8794 14 98
      vertex 16.0706 14 99.6506
      vertex 16.1421 14 99.44
    endloop
  endfacet
  facet normal 0 -1 0
    outer loop
      vertex 18.8794 14 98
      vertex 16.1421 14 99.44
      vertex 16.1855 14 99.2219
    endloop
  endfacet
  facet normal 0 -1 0
    outer loop
      vertex 18.8794 14 98
      vertex 16.1855 14 99.2219
      vertex 16.2 14 99
    endloop
  endfacet
  facet normal 0 -1 0
    outer loop
      vertex 18.8794 14 98
      vertex 16.2 14 99
      vertex 16.1855 14 98.7781
    endloop
  endfacet
  facet normal 0 -1 0
    outer loop
      vertex 18.8794 14 98
      vertex 16.1855 14 98.7781
      vertex 16.1421 14 98.56
    endloop
  endfacet
  facet normal 0 -1 0
    outer loop
      vertex 18.8794 14 98
      vertex 16.0706 14 98.3494
      vertex 15.9722 14 98.15
    endloop
  endfacet
  facet normal 0 -1 0
    outer loop
      vertex 18.8794 14 98
      vertex 16.1421 14 98.56
      vertex 16.0706 14 98.3494
    endloop
  endfacet
  facet normal 0 -1 0
    outer loop
      vertex 15.9722 14 99.85
      vertex 18.8794 14 98
      vertex 19 14 98
    endloop
  endfacet
  facet normal 0 -1 0
    outer loop
      vertex 15.9722 14 99.85
      vertex 19 14 98
      vertex 19 14 107
    endloop
  endfacet
  facet normal -0.442382 0 -0.896827
    outer loop
      vertex 12.25 14 95.1029
      vertex 12.7779 20 94.8425
      vertex 12.7779 14 94.8425
    endloop
  endfacet
  facet normal -0.442382 0 -0.896827
    outer loop
      vertex 12.7779 20 94.8425
      vertex 12.25 14 95.1029
      vertex 12.25 20 95.1029
    endloop
  endfacet
  facet normal -0.751882 0 -0.659298
    outer loop
      vertex 11.318 14 95.818
      vertex 10.9299 20 96.2606
      vertex 11.318 20 95.818
    endloop
  endfacet
  facet normal -0.751882 -0 -0.659298
    outer loop
      vertex 10.9299 20 96.2606
      vertex 11.318 14 95.818
      vertex 10.9299 14 96.2606
    endloop
  endfacet
  facet normal -0.659298 0 -0.751882
    outer loop
      vertex 11.318 14 95.818
      vertex 11.7606 20 95.4299
      vertex 11.7606 14 95.4299
    endloop
  endfacet
  facet normal -0.659298 0 -0.751882
    outer loop
      vertex 11.7606 20 95.4299
      vertex 11.318 14 95.818
      vertex 11.318 20 95.818
    endloop
  endfacet
  facet normal -0.555562 0 -0.831475
    outer loop
      vertex 11.7606 14 95.4299
      vertex 12.25 20 95.1029
      vertex 12.25 14 95.1029
    endloop
  endfacet
  facet normal -0.555562 0 -0.831475
    outer loop
      vertex 12.25 20 95.1029
      vertex 11.7606 14 95.4299
      vertex 11.7606 20 95.4299
    endloop
  endfacet
  facet normal -0.896827 0 -0.442382
    outer loop
      vertex 10.6029 14 96.75
      vertex 10.3425 20 97.2779
      vertex 10.6029 20 96.75
    endloop
  endfacet
  facet normal -0.896827 -0 -0.442382
    outer loop
      vertex 10.3425 20 97.2779
      vertex 10.6029 14 96.75
      vertex 10.3425 14 97.2779
    endloop
  endfacet
  facet normal -0.946936 0 -0.321421
    outer loop
      vertex 10.3425 14 97.2779
      vertex 10.1533 20 97.8353
      vertex 10.3425 20 97.2779
    endloop
  endfacet
  facet normal -0.946936 -0 -0.321421
    outer loop
      vertex 10.1533 20 97.8353
      vertex 10.3425 14 97.2779
      vertex 10.1533 14 97.8353
    endloop
  endfacet
  facet normal -0.321421 0 -0.946936
    outer loop
      vertex 12.7779 14 94.8425
      vertex 13.3353 20 94.6533
      vertex 13.3353 14 94.6533
    endloop
  endfacet
  facet normal -0.321421 0 -0.946936
    outer loop
      vertex 13.3353 20 94.6533
      vertex 12.7779 14 94.8425
      vertex 12.7779 20 94.8425
    endloop
  endfacet
  facet normal 0 1 0
    outer loop
      vertex 10.6029 20 96.75
      vertex 13.0278 20 98.15
      vertex 13.1513 20 97.9651
    endloop
  endfacet
  facet normal 0 1 0
    outer loop
      vertex 13.0278 20 98.15
      vertex 10.1533 20 97.8353
      vertex 10.1206 20 98
    endloop
  endfacet
  facet normal 0 1 0
    outer loop
      vertex 10.9299 20 96.2606
      vertex 13.1513 20 97.9651
      vertex 13.2979 20 97.7979
    endloop
  endfacet
  facet normal 0 1 0
    outer loop
      vertex 11.318 20 95.818
      vertex 13.2979 20 97.7979
      vertex 13.4651 20 97.6513
    endloop
  endfacet
  facet normal 0 1 0
    outer loop
      vertex 11.7606 20 95.4299
      vertex 13.4651 20 97.6513
      vertex 13.65 20 97.5278
    endloop
  endfacet
  facet normal 0 1 0
    outer loop
      vertex 12.25 20 95.1029
      vertex 13.65 20 97.5278
      vertex 13.8494 20 97.4294
    endloop
  endfacet
  facet normal 0 1 0
    outer loop
      vertex 12.7779 20 94.8425
      vertex 13.8494 20 97.4294
      vertex 14.06 20 97.3579
    endloop
  endfacet
  facet normal 0 1 0
    outer loop
      vertex 13.3353 20 94.6533
      vertex 14.06 20 97.3579
      vertex 14.2781 20 97.3145
    endloop
  endfacet
  facet normal 0 1 0
    outer loop
      vertex 13.0278 20 98.15
      vertex 10.3425 20 97.2779
      vertex 10.1533 20 97.8353
    endloop
  endfacet
  facet normal 0 1 0
    outer loop
      vertex 13.9126 20 94.5385
      vertex 14.2781 20 97.3145
      vertex 14.5 20 97.3
    endloop
  endfacet
  facet normal 0 1 -0
    outer loop
      vertex 16.75 20 95.1029
      vertex 15.35 20 97.5278
      vertex 17.2394 20 95.4299
    endloop
  endfacet
  facet normal 0 1 0
    outer loop
      vertex 15.35 20 97.5278
      vertex 16.75 20 95.1029
      vertex 15.1506 20 97.4294
    endloop
  endfacet
  facet normal 0 1 0
    outer loop
      vertex 13.0278 20 98.15
      vertex 10.6029 20 96.75
      vertex 10.3425 20 97.2779
    endloop
  endfacet
  facet normal 0 1 -0
    outer loop
      vertex 16.2221 20 94.8425
      vertex 15.1506 20 97.4294
      vertex 16.75 20 95.1029
    endloop
  endfacet
  facet normal 0 1 0
    outer loop
      vertex 13.1513 20 97.9651
      vertex 10.9299 20 96.2606
      vertex 10.6029 20 96.75
    endloop
  endfacet
  facet normal 0 1 0
    outer loop
      vertex 15.1506 20 97.4294
      vertex 16.2221 20 94.8425
      vertex 14.94 20 97.3579
    endloop
  endfacet
  facet normal 0 1 0
    outer loop
      vertex 13.2979 20 97.7979
      vertex 11.318 20 95.818
      vertex 10.9299 20 96.2606
    endloop
  endfacet
  facet normal 0 1 -0
    outer loop
      vertex 15.6647 20 94.6533
      vertex 14.94 20 97.3579
      vertex 16.2221 20 94.8425
    endloop
  endfacet
  facet normal 0 1 0
    outer loop
      vertex 13.4651 20 97.6513
      vertex 11.7606 20 95.4299
      vertex 11.318 20 95.818
    endloop
  endfacet
  facet normal 0 1 0
    outer loop
      vertex 14.94 20 97.3579
      vertex 15.6647 20 94.6533
      vertex 14.7219 20 97.3145
    endloop
  endfacet
  facet normal 0 1 0
    outer loop
      vertex 13.65 20 97.5278
      vertex 12.25 20 95.1029
      vertex 11.7606 20 95.4299
    endloop
  endfacet
  facet normal 0 1 -0
    outer loop
      vertex 15.0874 20 94.5385
      vertex 14.7219 20 97.3145
      vertex 15.6647 20 94.6533
    endloop
  endfacet
  facet normal 0 1 0
    outer loop
      vertex 13.8494 20 97.4294
      vertex 12.7779 20 94.8425
      vertex 12.25 20 95.1029
    endloop
  endfacet
  facet normal 0 1 0
    outer loop
      vertex 14.7219 20 97.3145
      vertex 15.0874 20 94.5385
      vertex 14.5 20 97.3
    endloop
  endfacet
  facet normal 0 1 0
    outer loop
      vertex 14.06 20 97.3579
      vertex 13.3353 20 94.6533
      vertex 12.7779 20 94.8425
    endloop
  endfacet
  facet normal 0 1 0
    outer loop
      vertex 14.5 20 94.5
      vertex 14.5 20 97.3
      vertex 15.0874 20 94.5385
    endloop
  endfacet
  facet normal 0 1 0
    outer loop
      vertex 14.2781 20 97.3145
      vertex 13.9126 20 94.5385
      vertex 13.3353 20 94.6533
    endloop
  endfacet
  facet normal 0 1 0
    outer loop
      vertex 14.5 20 97.3
      vertex 14.5 20 94.5
      vertex 13.9126 20 94.5385
    endloop
  endfacet
  facet normal 0 1 0
    outer loop
      vertex 19 20 108
      vertex 14.5 20 100.7
      vertex 10 20 108
    endloop
  endfacet
  facet normal 0 1 0
    outer loop
      vertex 19 20 108
      vertex 14.7219 20 100.685
      vertex 14.5 20 100.7
    endloop
  endfacet
  facet normal 0 1 0
    outer loop
      vertex 19 20 108
      vertex 14.94 20 100.642
      vertex 14.7219 20 100.685
    endloop
  endfacet
  facet normal 0 1 0
    outer loop
      vertex 19 20 108
      vertex 15.1506 20 100.571
      vertex 14.94 20 100.642
    endloop
  endfacet
  facet normal 0 1 0
    outer loop
      vertex 19 20 108
      vertex 15.35 20 100.472
      vertex 15.1506 20 100.571
    endloop
  endfacet
  facet normal 0 1 0
    outer loop
      vertex 19 20 108
      vertex 15.5349 20 100.349
      vertex 15.35 20 100.472
    endloop
  endfacet
  facet normal 0 1 0
    outer loop
      vertex 19 20 108
      vertex 15.7021 20 100.202
      vertex 15.5349 20 100.349
    endloop
  endfacet
  facet normal 0 1 0
    outer loop
      vertex 19 20 108
      vertex 15.8487 20 100.035
      vertex 15.7021 20 100.202
    endloop
  endfacet
  facet normal 0 1 -0
    outer loop
      vertex 19 20 98
      vertex 15.8487 20 100.035
      vertex 19 20 108
    endloop
  endfacet
  facet normal 0 1 0
    outer loop
      vertex 15.8487 20 100.035
      vertex 19 20 98
      vertex 15.9722 20 99.85
    endloop
  endfacet
  facet normal 0 1 -0
    outer loop
      vertex 18.8794 20 98
      vertex 15.9722 20 99.85
      vertex 19 20 98
    endloop
  endfacet
  facet normal 0 1 0
    outer loop
      vertex 15.9722 20 99.85
      vertex 18.8794 20 98
      vertex 16.0706 20 99.6506
    endloop
  endfacet
  facet normal 0 1 0
    outer loop
      vertex 16.0706 20 99.6506
      vertex 18.8794 20 98
      vertex 16.1421 20 99.44
    endloop
  endfacet
  facet normal 0 1 0
    outer loop
      vertex 16.1421 20 99.44
      vertex 18.8794 20 98
      vertex 16.1855 20 99.2219
    endloop
  endfacet
  facet normal 0 1 0
    outer loop
      vertex 16.2 20 99
      vertex 18.8794 20 98
      vertex 16.1855 20 98.7781
    endloop
  endfacet
  facet normal 0 1 0
    outer loop
      vertex 16.1855 20 99.2219
      vertex 18.8794 20 98
      vertex 16.2 20 99
    endloop
  endfacet
  facet normal 0 1 0
    outer loop
      vertex 16.1855 20 98.7781
      vertex 18.8794 20 98
      vertex 16.1421 20 98.56
    endloop
  endfacet
  facet normal 0 1 -0
    outer loop
      vertex 18.8467 20 97.8353
      vertex 16.1421 20 98.56
      vertex 18.8794 20 98
    endloop
  endfacet
  facet normal 0 1 0
    outer loop
      vertex 16.1421 20 98.56
      vertex 18.8467 20 97.8353
      vertex 16.0706 20 98.3494
    endloop
  endfacet
  facet normal 0 1 -0
    outer loop
      vertex 18.6575 20 97.2779
      vertex 16.0706 20 98.3494
      vertex 18.8467 20 97.8353
    endloop
  endfacet
  facet normal 0 1 0
    outer loop
      vertex 16.0706 20 98.3494
      vertex 18.6575 20 97.2779
      vertex 15.9722 20 98.15
    endloop
  endfacet
  facet normal 0 1 -0
    outer loop
      vertex 18.3971 20 96.75
      vertex 15.9722 20 98.15
      vertex 18.6575 20 97.2779
    endloop
  endfacet
  facet normal 0 1 0
    outer loop
      vertex 15.9722 20 98.15
      vertex 18.3971 20 96.75
      vertex 15.8487 20 97.9651
    endloop
  endfacet
  facet normal 0 1 -0
    outer loop
      vertex 18.0701 20 96.2606
      vertex 15.8487 20 97.9651
      vertex 18.3971 20 96.75
    endloop
  endfacet
  facet normal 0 1 0
    outer loop
      vertex 15.8487 20 97.9651
      vertex 18.0701 20 96.2606
      vertex 15.7021 20 97.7979
    endloop
  endfacet
  facet normal 0 1 -0
    outer loop
      vertex 17.682 20 95.818
      vertex 15.7021 20 97.7979
      vertex 18.0701 20 96.2606
    endloop
  endfacet
  facet normal 0 1 0
    outer loop
      vertex 15.7021 20 97.7979
      vertex 17.682 20 95.818
      vertex 15.5349 20 97.6513
    endloop
  endfacet
  facet normal 0 1 0
    outer loop
      vertex 15.5349 20 97.6513
      vertex 17.2394 20 95.4299
      vertex 15.35 20 97.5278
    endloop
  endfacet
  facet normal 0 1 -0
    outer loop
      vertex 17.2394 20 95.4299
      vertex 15.5349 20 97.6513
      vertex 17.682 20 95.818
    endloop
  endfacet
  facet normal 0 1 -0
    outer loop
      vertex 14.2781 20 100.685
      vertex 10 20 108
      vertex 14.5 20 100.7
    endloop
  endfacet
  facet normal 0 1 -0
    outer loop
      vertex 14.06 20 100.642
      vertex 10 20 108
      vertex 14.2781 20 100.685
    endloop
  endfacet
  facet normal 0 1 -0
    outer loop
      vertex 13.8494 20 100.571
      vertex 10 20 108
      vertex 14.06 20 100.642
    endloop
  endfacet
  facet normal 0 1 -0
    outer loop
      vertex 13.65 20 100.472
      vertex 10 20 108
      vertex 13.8494 20 100.571
    endloop
  endfacet
  facet normal 0 1 -0
    outer loop
      vertex 13.4651 20 100.349
      vertex 10 20 108
      vertex 13.65 20 100.472
    endloop
  endfacet
  facet normal 0 1 -0
    outer loop
      vertex 13.2979 20 100.202
      vertex 10 20 108
      vertex 13.4651 20 100.349
    endloop
  endfacet
  facet normal 0 1 -0
    outer loop
      vertex 13.1513 20 100.035
      vertex 10 20 108
      vertex 13.2979 20 100.202
    endloop
  endfacet
  facet normal 0 1 0
    outer loop
      vertex 10 20 98
      vertex 13.1513 20 100.035
      vertex 13.0278 20 99.85
    endloop
  endfacet
  facet normal 0 1 0
    outer loop
      vertex 10.1206 20 98
      vertex 13.0278 20 99.85
      vertex 12.9294 20 99.6506
    endloop
  endfacet
  facet normal 0 1 0
    outer loop
      vertex 10.1206 20 98
      vertex 12.9294 20 99.6506
      vertex 12.8579 20 99.44
    endloop
  endfacet
  facet normal 0 1 0
    outer loop
      vertex 10.1206 20 98
      vertex 12.8579 20 99.44
      vertex 12.8145 20 99.2219
    endloop
  endfacet
  facet normal 0 1 0
    outer loop
      vertex 10.1206 20 98
      vertex 12.8145 20 99.2219
      vertex 12.8 20 99
    endloop
  endfacet
  facet normal 0 1 0
    outer loop
      vertex 10.1206 20 98
      vertex 12.8 20 99
      vertex 12.8145 20 98.7781
    endloop
  endfacet
  facet normal 0 1 0
    outer loop
      vertex 10.1206 20 98
      vertex 12.8145 20 98.7781
      vertex 12.8579 20 98.56
    endloop
  endfacet
  facet normal 0 1 0
    outer loop
      vertex 10.1206 20 98
      vertex 12.9294 20 98.3494
      vertex 13.0278 20 98.15
    endloop
  endfacet
  facet normal 0 1 0
    outer loop
      vertex 10.1206 20 98
      vertex 12.8579 20 98.56
      vertex 12.9294 20 98.3494
    endloop
  endfacet
  facet normal 0 1 0
    outer loop
      vertex 13.0278 20 99.85
      vertex 10.1206 20 98
      vertex 10 20 98
    endloop
  endfacet
  facet normal 0 1 0
    outer loop
      vertex 13.1513 20 100.035
      vertex 10 20 98
      vertex 10 20 108
    endloop
  endfacet
  facet normal -0 0 1
    outer loop
      vertex 10 20 108
      vertex 19 19.4641 108
      vertex 19 20 108
    endloop
  endfacet
  facet normal 0 0 1
    outer loop
      vertex 19 19.4641 108
      vertex 10 20 108
      vertex 10 19.4641 108
    endloop
  endfacet
  facet normal 1 0 0
    outer loop
      vertex 19 20 108
      vertex 19 19.8707 107
      vertex 19 20 98
    endloop
  endfacet
  facet normal 1 0 0
    outer loop
      vertex 19 20 108
      vertex 19 19.8637 107.035
      vertex 19 19.8707 107
    endloop
  endfacet
  facet normal 1 0 0
    outer loop
      vertex 19 20 108
      vertex 19 19.6955 107.531
      vertex 19 19.8637 107.035
    endloop
  endfacet
  facet normal 1 0 -0
    outer loop
      vertex 19 19.6955 107.531
      vertex 19 20 108
      vertex 19 19.4641 108
    endloop
  endfacet
  facet normal 1 0 0
    outer loop
      vertex 19 14 98
      vertex 19 19.8707 107
      vertex 19 14 107
    endloop
  endfacet
  facet normal 1 0 0
    outer loop
      vertex 19 19.8707 107
      vertex 19 14 98
      vertex 19 20 98
    endloop
  endfacet
  facet normal 0 0 -1
    outer loop
      vertex 18.8794 14 98
      vertex 19 20 98
      vertex 19 14 98
    endloop
  endfacet
  facet normal -0 0 -1
    outer loop
      vertex 19 20 98
      vertex 18.8794 14 98
      vertex 18.8794 20 98
    endloop
  endfacet
  facet normal 0 0 -1
    outer loop
      vertex 10 14 98
      vertex 10.1206 20 98
      vertex 10.1206 14 98
    endloop
  endfacet
  facet normal -0 0 -1
    outer loop
      vertex 10.1206 20 98
      vertex 10 14 98
      vertex 10 20 98
    endloop
  endfacet
  facet normal -1 0 0
    outer loop
      vertex 10 20 98
      vertex 10 19.8707 107
      vertex 10 20 108
    endloop
  endfacet
  facet normal -1 0 0
    outer loop
      vertex 10 14 98
      vertex 10 19.8707 107
      vertex 10 20 98
    endloop
  endfacet
  facet normal -1 -0 0
    outer loop
      vertex 10 19.8707 107
      vertex 10 14 98
      vertex 10 14 107
    endloop
  endfacet
  facet normal -1 0 0
    outer loop
      vertex 10 19.8637 107.035
      vertex 10 20 108
      vertex 10 19.8707 107
    endloop
  endfacet
  facet normal -1 0 0
    outer loop
      vertex 10 19.6955 107.531
      vertex 10 20 108
      vertex 10 19.8637 107.035
    endloop
  endfacet
  facet normal -1 -0 0
    outer loop
      vertex 10 20 108
      vertex 10 19.6955 107.531
      vertex 10 19.4641 108
    endloop
  endfacet
  facet normal -0.0652057 0 0.997872
    outer loop
      vertex 14.5 20 97.3
      vertex 14.7219 14 97.3145
      vertex 14.7219 20 97.3145
    endloop
  endfacet
  facet normal -0.0652057 0 0.997872
    outer loop
      vertex 14.7219 14 97.3145
      vertex 14.5 20 97.3
      vertex 14.5 14 97.3
    endloop
  endfacet
  facet normal -0.195165 0 0.98077
    outer loop
      vertex 14.7219 20 97.3145
      vertex 14.94 14 97.3579
      vertex 14.94 20 97.3579
    endloop
  endfacet
  facet normal -0.195165 0 0.98077
    outer loop
      vertex 14.94 14 97.3579
      vertex 14.7219 20 97.3145
      vertex 14.7219 14 97.3145
    endloop
  endfacet
  facet normal -0.997872 0 -0.0652057
    outer loop
      vertex 16.2 14 99
      vertex 16.1855 20 99.2219
      vertex 16.2 20 99
    endloop
  endfacet
  facet normal -0.997872 -0 -0.0652057
    outer loop
      vertex 16.1855 20 99.2219
      vertex 16.2 14 99
      vertex 16.1855 14 99.2219
    endloop
  endfacet
  facet normal -0.751908 0 0.659268
    outer loop
      vertex 15.7021 14 97.7979
      vertex 15.8487 20 97.9651
      vertex 15.7021 20 97.7979
    endloop
  endfacet
  facet normal -0.751908 0 0.659268
    outer loop
      vertex 15.8487 20 97.9651
      vertex 15.7021 14 97.7979
      vertex 15.8487 14 97.9651
    endloop
  endfacet
  facet normal -0.946915 0 0.321484
    outer loop
      vertex 16.0706 14 98.3494
      vertex 16.1421 20 98.56
      vertex 16.0706 20 98.3494
    endloop
  endfacet
  facet normal -0.946915 0 0.321484
    outer loop
      vertex 16.1421 20 98.56
      vertex 16.0706 14 98.3494
      vertex 16.1421 14 98.56
    endloop
  endfacet
  facet normal -0.896754 0 0.44253
    outer loop
      vertex 15.9722 14 98.15
      vertex 16.0706 20 98.3494
      vertex 15.9722 20 98.15
    endloop
  endfacet
  facet normal -0.896754 0 0.44253
    outer loop
      vertex 16.0706 20 98.3494
      vertex 15.9722 14 98.15
      vertex 16.0706 14 98.3494
    endloop
  endfacet
  facet normal -0.319466 0 -0.947598
    outer loop
      vertex 14.94 14 100.642
      vertex 15.1506 20 100.571
      vertex 15.1506 14 100.571
    endloop
  endfacet
  facet normal -0.319466 0 -0.947598
    outer loop
      vertex 15.1506 20 100.571
      vertex 14.94 14 100.642
      vertex 14.94 20 100.642
    endloop
  endfacet
  facet normal -0.553869 0 -0.832604
    outer loop
      vertex 15.35 14 100.472
      vertex 15.5349 20 100.349
      vertex 15.5349 14 100.349
    endloop
  endfacet
  facet normal -0.553869 0 -0.832604
    outer loop
      vertex 15.5349 20 100.349
      vertex 15.35 14 100.472
      vertex 15.35 20 100.472
    endloop
  endfacet
  facet normal -0.98077 0 -0.195165
    outer loop
      vertex 16.1855 14 99.2219
      vertex 16.1421 20 99.44
      vertex 16.1855 20 99.2219
    endloop
  endfacet
  facet normal -0.98077 -0 -0.195165
    outer loop
      vertex 16.1421 20 99.44
      vertex 16.1855 14 99.2219
      vertex 16.1421 14 99.44
    endloop
  endfacet
  facet normal 0.321484 0 0.946915
    outer loop
      vertex 13.8494 20 97.4294
      vertex 14.06 14 97.3579
      vertex 14.06 20 97.3579
    endloop
  endfacet
  facet normal 0.321484 0 0.946915
    outer loop
      vertex 14.06 14 97.3579
      vertex 13.8494 20 97.4294
      vertex 13.8494 14 97.4294
    endloop
  endfacet
  facet normal 0.98077 -0 0.195165
    outer loop
      vertex 12.8145 14 98.7781
      vertex 12.8579 20 98.56
      vertex 12.8145 20 98.7781
    endloop
  endfacet
  facet normal 0.98077 0 0.195165
    outer loop
      vertex 12.8579 20 98.56
      vertex 12.8145 14 98.7781
      vertex 12.8579 14 98.56
    endloop
  endfacet
  facet normal -0.555426 0 0.831566
    outer loop
      vertex 15.35 20 97.5278
      vertex 15.5349 14 97.6513
      vertex 15.5349 20 97.6513
    endloop
  endfacet
  facet normal -0.555426 0 0.831566
    outer loop
      vertex 15.5349 14 97.6513
      vertex 15.35 20 97.5278
      vertex 15.35 14 97.5278
    endloop
  endfacet
  facet normal -0.98077 0 0.195165
    outer loop
      vertex 16.1421 14 98.56
      vertex 16.1855 20 98.7781
      vertex 16.1421 20 98.56
    endloop
  endfacet
  facet normal -0.98077 0 0.195165
    outer loop
      vertex 16.1855 20 98.7781
      vertex 16.1421 14 98.56
      vertex 16.1855 14 98.7781
    endloop
  endfacet
  facet normal -0.997872 0 0.0652057
    outer loop
      vertex 16.1855 14 98.7781
      vertex 16.2 20 99
      vertex 16.1855 20 98.7781
    endloop
  endfacet
  facet normal -0.997872 0 0.0652057
    outer loop
      vertex 16.2 20 99
      vertex 16.1855 14 98.7781
      vertex 16.2 14 99
    endloop
  endfacet
  facet normal -0.831566 0 0.555426
    outer loop
      vertex 15.8487 14 97.9651
      vertex 15.9722 20 98.15
      vertex 15.8487 20 97.9651
    endloop
  endfacet
  facet normal -0.831566 0 0.555426
    outer loop
      vertex 15.9722 20 98.15
      vertex 15.8487 14 97.9651
      vertex 15.9722 14 98.15
    endloop
  endfacet
  facet normal -0.444696 0 -0.895681
    outer loop
      vertex 15.1506 14 100.571
      vertex 15.35 20 100.472
      vertex 15.35 14 100.472
    endloop
  endfacet
  facet normal -0.444696 0 -0.895681
    outer loop
      vertex 15.35 20 100.472
      vertex 15.1506 14 100.571
      vertex 15.1506 20 100.571
    endloop
  endfacet
  facet normal -0.193434 0 -0.981113
    outer loop
      vertex 14.7219 14 100.685
      vertex 14.94 20 100.642
      vertex 14.94 14 100.642
    endloop
  endfacet
  facet normal -0.193434 0 -0.981113
    outer loop
      vertex 14.94 20 100.642
      vertex 14.7219 14 100.685
      vertex 14.7219 20 100.685
    endloop
  endfacet
  facet normal -0.0674441 0 -0.997723
    outer loop
      vertex 14.5 14 100.7
      vertex 14.7219 20 100.685
      vertex 14.7219 14 100.685
    endloop
  endfacet
  facet normal -0.0674441 0 -0.997723
    outer loop
      vertex 14.7219 20 100.685
      vertex 14.5 14 100.7
      vertex 14.5 20 100.7
    endloop
  endfacet
  facet normal 0.0674441 0 -0.997723
    outer loop
      vertex 14.2781 14 100.685
      vertex 14.5 20 100.7
      vertex 14.5 14 100.7
    endloop
  endfacet
  facet normal 0.0674441 0 -0.997723
    outer loop
      vertex 14.5 20 100.7
      vertex 14.2781 14 100.685
      vertex 14.2781 20 100.685
    endloop
  endfacet
  facet normal -0.831704 0 -0.555219
    outer loop
      vertex 15.9722 14 99.85
      vertex 15.8487 20 100.035
      vertex 15.9722 20 99.85
    endloop
  endfacet
  facet normal -0.831704 -0 -0.555219
    outer loop
      vertex 15.8487 20 100.035
      vertex 15.9722 14 99.85
      vertex 15.8487 14 100.035
    endloop
  endfacet
  facet normal 0.831566 -0 0.555426
    outer loop
      vertex 13.0278 14 98.15
      vertex 13.1513 20 97.9651
      vertex 13.0278 20 98.15
    endloop
  endfacet
  facet normal 0.831566 0 0.555426
    outer loop
      vertex 13.1513 20 97.9651
      vertex 13.0278 14 98.15
      vertex 13.1513 14 97.9651
    endloop
  endfacet
  facet normal 0.44253 0 0.896754
    outer loop
      vertex 13.65 20 97.5278
      vertex 13.8494 14 97.4294
      vertex 13.8494 20 97.4294
    endloop
  endfacet
  facet normal 0.44253 0 0.896754
    outer loop
      vertex 13.8494 14 97.4294
      vertex 13.65 20 97.5278
      vertex 13.65 14 97.5278
    endloop
  endfacet
  facet normal 0.553869 0 -0.832604
    outer loop
      vertex 13.4651 14 100.349
      vertex 13.65 20 100.472
      vertex 13.65 14 100.472
    endloop
  endfacet
  facet normal 0.553869 0 -0.832604
    outer loop
      vertex 13.65 20 100.472
      vertex 13.4651 14 100.349
      vertex 13.4651 20 100.349
    endloop
  endfacet
  facet normal 0.660284 0 -0.751016
    outer loop
      vertex 13.2979 14 100.202
      vertex 13.4651 20 100.349
      vertex 13.4651 14 100.349
    endloop
  endfacet
  facet normal 0.660284 0 -0.751016
    outer loop
      vertex 13.4651 20 100.349
      vertex 13.2979 14 100.202
      vertex 13.2979 20 100.202
    endloop
  endfacet
  facet normal 0.193434 0 -0.981113
    outer loop
      vertex 14.06 14 100.642
      vertex 14.2781 20 100.685
      vertex 14.2781 14 100.685
    endloop
  endfacet
  facet normal 0.193434 0 -0.981113
    outer loop
      vertex 14.2781 20 100.685
      vertex 14.06 14 100.642
      vertex 14.06 20 100.642
    endloop
  endfacet
  facet normal 0.997872 -0 0.0652057
    outer loop
      vertex 12.8 14 99
      vertex 12.8145 20 98.7781
      vertex 12.8 20 99
    endloop
  endfacet
  facet normal 0.997872 0 0.0652057
    outer loop
      vertex 12.8145 20 98.7781
      vertex 12.8 14 99
      vertex 12.8145 14 98.7781
    endloop
  endfacet
  facet normal -0.321484 0 0.946915
    outer loop
      vertex 14.94 20 97.3579
      vertex 15.1506 14 97.4294
      vertex 15.1506 20 97.4294
    endloop
  endfacet
  facet normal -0.321484 0 0.946915
    outer loop
      vertex 15.1506 14 97.4294
      vertex 14.94 20 97.3579
      vertex 14.94 14 97.3579
    endloop
  endfacet
  facet normal -0.44253 0 0.896754
    outer loop
      vertex 15.1506 20 97.4294
      vertex 15.35 14 97.5278
      vertex 15.35 20 97.5278
    endloop
  endfacet
  facet normal -0.44253 0 0.896754
    outer loop
      vertex 15.35 14 97.5278
      vertex 15.1506 20 97.4294
      vertex 15.1506 14 97.4294
    endloop
  endfacet
  facet normal -0.659268 0 0.751908
    outer loop
      vertex 15.5349 20 97.6513
      vertex 15.7021 14 97.7979
      vertex 15.7021 20 97.7979
    endloop
  endfacet
  facet normal -0.659268 0 0.751908
    outer loop
      vertex 15.7021 14 97.7979
      vertex 15.5349 20 97.6513
      vertex 15.5349 14 97.6513
    endloop
  endfacet
  facet normal -0.751516 0 -0.659714
    outer loop
      vertex 15.8487 14 100.035
      vertex 15.7021 20 100.202
      vertex 15.8487 20 100.035
    endloop
  endfacet
  facet normal -0.751516 -0 -0.659714
    outer loop
      vertex 15.7021 20 100.202
      vertex 15.8487 14 100.035
      vertex 15.7021 14 100.202
    endloop
  endfacet
  facet normal -0.660284 0 -0.751016
    outer loop
      vertex 15.5349 14 100.349
      vertex 15.7021 20 100.202
      vertex 15.7021 14 100.202
    endloop
  endfacet
  facet normal -0.660284 0 -0.751016
    outer loop
      vertex 15.7021 20 100.202
      vertex 15.5349 14 100.349
      vertex 15.5349 20 100.349
    endloop
  endfacet
  facet normal -0.946915 0 -0.321484
    outer loop
      vertex 16.1421 14 99.44
      vertex 16.0706 20 99.6506
      vertex 16.1421 20 99.44
    endloop
  endfacet
  facet normal -0.946915 -0 -0.321484
    outer loop
      vertex 16.0706 20 99.6506
      vertex 16.1421 14 99.44
      vertex 16.0706 14 99.6506
    endloop
  endfacet
  facet normal -0.896754 0 -0.44253
    outer loop
      vertex 16.0706 14 99.6506
      vertex 15.9722 20 99.85
      vertex 16.0706 20 99.6506
    endloop
  endfacet
  facet normal -0.896754 -0 -0.44253
    outer loop
      vertex 15.9722 20 99.85
      vertex 16.0706 14 99.6506
      vertex 15.9722 14 99.85
    endloop
  endfacet
  facet normal 0.555426 0 0.831566
    outer loop
      vertex 13.4651 20 97.6513
      vertex 13.65 14 97.5278
      vertex 13.65 20 97.5278
    endloop
  endfacet
  facet normal 0.555426 0 0.831566
    outer loop
      vertex 13.65 14 97.5278
      vertex 13.4651 20 97.6513
      vertex 13.4651 14 97.6513
    endloop
  endfacet
  facet normal 0.195165 0 0.98077
    outer loop
      vertex 14.06 20 97.3579
      vertex 14.2781 14 97.3145
      vertex 14.2781 20 97.3145
    endloop
  endfacet
  facet normal 0.195165 0 0.98077
    outer loop
      vertex 14.2781 14 97.3145
      vertex 14.06 20 97.3579
      vertex 14.06 14 97.3579
    endloop
  endfacet
  facet normal 0.0652057 0 0.997872
    outer loop
      vertex 14.2781 20 97.3145
      vertex 14.5 14 97.3
      vertex 14.5 20 97.3
    endloop
  endfacet
  facet normal 0.0652057 0 0.997872
    outer loop
      vertex 14.5 14 97.3
      vertex 14.2781 20 97.3145
      vertex 14.2781 14 97.3145
    endloop
  endfacet
  facet normal 0.751516 0 -0.659714
    outer loop
      vertex 13.2979 14 100.202
      vertex 13.1513 20 100.035
      vertex 13.2979 20 100.202
    endloop
  endfacet
  facet normal 0.751516 0 -0.659714
    outer loop
      vertex 13.1513 20 100.035
      vertex 13.2979 14 100.202
      vertex 13.1513 14 100.035
    endloop
  endfacet
  facet normal 0.319466 0 -0.947598
    outer loop
      vertex 13.8494 14 100.571
      vertex 14.06 20 100.642
      vertex 14.06 14 100.642
    endloop
  endfacet
  facet normal 0.319466 0 -0.947598
    outer loop
      vertex 14.06 20 100.642
      vertex 13.8494 14 100.571
      vertex 13.8494 20 100.571
    endloop
  endfacet
  facet normal 0.444696 0 -0.895681
    outer loop
      vertex 13.65 14 100.472
      vertex 13.8494 20 100.571
      vertex 13.8494 14 100.571
    endloop
  endfacet
  facet normal 0.444696 0 -0.895681
    outer loop
      vertex 13.8494 20 100.571
      vertex 13.65 14 100.472
      vertex 13.65 20 100.472
    endloop
  endfacet
  facet normal 0.946915 -0 0.321484
    outer loop
      vertex 12.8579 14 98.56
      vertex 12.9294 20 98.3494
      vertex 12.8579 20 98.56
    endloop
  endfacet
  facet normal 0.946915 0 0.321484
    outer loop
      vertex 12.9294 20 98.3494
      vertex 12.8579 14 98.56
      vertex 12.9294 14 98.3494
    endloop
  endfacet
  facet normal 0.896754 -0 0.44253
    outer loop
      vertex 12.9294 14 98.3494
      vertex 13.0278 20 98.15
      vertex 12.9294 20 98.3494
    endloop
  endfacet
  facet normal 0.896754 0 0.44253
    outer loop
      vertex 13.0278 20 98.15
      vertex 12.9294 14 98.3494
      vertex 13.0278 14 98.15
    endloop
  endfacet
  facet normal 0.946915 0 -0.321484
    outer loop
      vertex 12.9294 14 99.6506
      vertex 12.8579 20 99.44
      vertex 12.9294 20 99.6506
    endloop
  endfacet
  facet normal 0.946915 0 -0.321484
    outer loop
      vertex 12.8579 20 99.44
      vertex 12.9294 14 99.6506
      vertex 12.8579 14 99.44
    endloop
  endfacet
  facet normal 0.751908 -0 0.659268
    outer loop
      vertex 13.1513 14 97.9651
      vertex 13.2979 20 97.7979
      vertex 13.1513 20 97.9651
    endloop
  endfacet
  facet normal 0.751908 0 0.659268
    outer loop
      vertex 13.2979 20 97.7979
      vertex 13.1513 14 97.9651
      vertex 13.2979 14 97.7979
    endloop
  endfacet
  facet normal 0.659268 0 0.751908
    outer loop
      vertex 13.2979 20 97.7979
      vertex 13.4651 14 97.6513
      vertex 13.4651 20 97.6513
    endloop
  endfacet
  facet normal 0.659268 0 0.751908
    outer loop
      vertex 13.4651 14 97.6513
      vertex 13.2979 20 97.7979
      vertex 13.2979 14 97.7979
    endloop
  endfacet
  facet normal 0.98077 0 -0.195165
    outer loop
      vertex 12.8579 14 99.44
      vertex 12.8145 20 99.2219
      vertex 12.8579 20 99.44
    endloop
  endfacet
  facet normal 0.98077 0 -0.195165
    outer loop
      vertex 12.8145 20 99.2219
      vertex 12.8579 14 99.44
      vertex 12.8145 14 99.2219
    endloop
  endfacet
  facet normal 0.997872 0 -0.0652057
    outer loop
      vertex 12.8145 14 99.2219
      vertex 12.8 20 99
      vertex 12.8145 20 99.2219
    endloop
  endfacet
  facet normal 0.997872 0 -0.0652057
    outer loop
      vertex 12.8 20 99
      vertex 12.8145 14 99.2219
      vertex 12.8 14 99
    endloop
  endfacet
  facet normal 0.831704 0 -0.555219
    outer loop
      vertex 13.1513 14 100.035
      vertex 13.0278 20 99.85
      vertex 13.1513 20 100.035
    endloop
  endfacet
  facet normal 0.831704 0 -0.555219
    outer loop
      vertex 13.0278 20 99.85
      vertex 13.1513 14 100.035
      vertex 13.0278 14 99.85
    endloop
  endfacet
  facet normal 0.896754 0 -0.44253
    outer loop
      vertex 13.0278 14 99.85
      vertex 12.9294 20 99.6506
      vertex 13.0278 20 99.85
    endloop
  endfacet
  facet normal 0.896754 0 -0.44253
    outer loop
      vertex 12.9294 20 99.6506
      vertex 13.0278 14 99.85
      vertex 12.9294 14 99.6506
    endloop
  endfacet
  facet normal 0.0654471 0 -0.997856
    outer loop
      vertex 150.5 14 94.5
      vertex 151.087 20 94.5385
      vertex 151.087 14 94.5385
    endloop
  endfacet
  facet normal 0.0654471 0 -0.997856
    outer loop
      vertex 151.087 20 94.5385
      vertex 150.5 14 94.5
      vertex 150.5 20 94.5
    endloop
  endfacet
  facet normal 0.194811 0 -0.980841
    outer loop
      vertex 151.087 14 94.5385
      vertex 151.665 20 94.6533
      vertex 151.665 14 94.6533
    endloop
  endfacet
  facet normal 0.194811 0 -0.980841
    outer loop
      vertex 151.665 20 94.6533
      vertex 151.087 14 94.5385
      vertex 151.087 20 94.5385
    endloop
  endfacet
  facet normal 0.658961 0 -0.752177
    outer loop
      vertex 153.239 14 95.4299
      vertex 153.682 20 95.818
      vertex 153.682 14 95.818
    endloop
  endfacet
  facet normal 0.658961 0 -0.752177
    outer loop
      vertex 153.682 20 95.818
      vertex 153.239 14 95.4299
      vertex 153.239 20 95.4299
    endloop
  endfacet
  facet normal -0.555877 0 -0.831265
    outer loop
      vertex 147.761 14 95.4299
      vertex 148.25 20 95.1029
      vertex 148.25 14 95.1029
    endloop
  endfacet
  facet normal -0.555877 0 -0.831265
    outer loop
      vertex 148.25 20 95.1029
      vertex 147.761 14 95.4299
      vertex 147.761 20 95.4299
    endloop
  endfacet
  facet normal 0.442315 0 -0.89686
    outer loop
      vertex 152.222 14 94.8425
      vertex 152.75 20 95.1029
      vertex 152.75 14 95.1029
    endloop
  endfacet
  facet normal 0.442315 0 -0.89686
    outer loop
      vertex 152.75 20 95.1029
      vertex 152.222 14 94.8425
      vertex 152.222 20 94.8425
    endloop
  endfacet
  facet normal 0.897096 0 -0.441836
    outer loop
      vertex 154.657 14 97.2779
      vertex 154.397 20 96.75
      vertex 154.657 20 97.2779
    endloop
  endfacet
  facet normal 0.897096 0 -0.441836
    outer loop
      vertex 154.397 20 96.75
      vertex 154.657 14 97.2779
      vertex 154.397 14 96.75
    endloop
  endfacet
  facet normal 0.831475 0 -0.555562
    outer loop
      vertex 154.397 14 96.75
      vertex 154.07 20 96.2606
      vertex 154.397 20 96.75
    endloop
  endfacet
  facet normal 0.831475 0 -0.555562
    outer loop
      vertex 154.07 20 96.2606
      vertex 154.397 14 96.75
      vertex 154.07 14 96.2606
    endloop
  endfacet
  facet normal -0.194811 0 -0.980841
    outer loop
      vertex 149.335 14 94.6533
      vertex 149.913 20 94.5385
      vertex 149.913 14 94.5385
    endloop
  endfacet
  facet normal -0.194811 0 -0.980841
    outer loop
      vertex 149.913 20 94.5385
      vertex 149.335 14 94.6533
      vertex 149.335 20 94.6533
    endloop
  endfacet
  facet normal -0.981643 0 -0.190726
    outer loop
      vertex 146.153 14 97.8353
      vertex 146.121 20 98
      vertex 146.153 20 97.8353
    endloop
  endfacet
  facet normal -0.981643 -0 -0.190726
    outer loop
      vertex 146.121 20 98
      vertex 146.153 14 97.8353
      vertex 146.121 14 98
    endloop
  endfacet
  facet normal 0.555877 0 -0.831265
    outer loop
      vertex 152.75 14 95.1029
      vertex 153.239 20 95.4299
      vertex 153.239 14 95.4299
    endloop
  endfacet
  facet normal 0.555877 0 -0.831265
    outer loop
      vertex 153.239 20 95.4299
      vertex 152.75 14 95.1029
      vertex 152.75 20 95.1029
    endloop
  endfacet
  facet normal 0.946522 0 -0.322639
    outer loop
      vertex 154.847 14 97.8353
      vertex 154.657 20 97.2779
      vertex 154.847 20 97.8353
    endloop
  endfacet
  facet normal 0.946522 0 -0.322639
    outer loop
      vertex 154.657 20 97.2779
      vertex 154.847 14 97.8353
      vertex 154.657 14 97.2779
    endloop
  endfacet
  facet normal 0.751966 0 -0.659202
    outer loop
      vertex 154.07 14 96.2606
      vertex 153.682 20 95.818
      vertex 154.07 20 96.2606
    endloop
  endfacet
  facet normal 0.751966 0 -0.659202
    outer loop
      vertex 153.682 20 95.818
      vertex 154.07 14 96.2606
      vertex 153.682 14 95.818
    endloop
  endfacet
  facet normal 0 -1 0
    outer loop
      vertex 154.397 14 96.75
      vertex 151.972 14 98.15
      vertex 151.849 14 97.9651
    endloop
  endfacet
  facet normal 0 -1 0
    outer loop
      vertex 151.972 14 98.15
      vertex 154.847 14 97.8353
      vertex 154.879 14 98
    endloop
  endfacet
  facet normal 0 -1 0
    outer loop
      vertex 154.07 14 96.2606
      vertex 151.849 14 97.9651
      vertex 151.702 14 97.7979
    endloop
  endfacet
  facet normal 0 -1 0
    outer loop
      vertex 153.682 14 95.818
      vertex 151.702 14 97.7979
      vertex 151.535 14 97.6513
    endloop
  endfacet
  facet normal 0 -1 0
    outer loop
      vertex 153.239 14 95.4299
      vertex 151.535 14 97.6513
      vertex 151.35 14 97.5278
    endloop
  endfacet
  facet normal 0 -1 0
    outer loop
      vertex 152.75 14 95.1029
      vertex 151.35 14 97.5278
      vertex 151.151 14 97.4294
    endloop
  endfacet
  facet normal 0 -1 0
    outer loop
      vertex 152.222 14 94.8425
      vertex 151.151 14 97.4294
      vertex 150.94 14 97.3579
    endloop
  endfacet
  facet normal 0 -1 0
    outer loop
      vertex 151.665 14 94.6533
      vertex 150.94 14 97.3579
      vertex 150.722 14 97.3145
    endloop
  endfacet
  facet normal 0 -1 0
    outer loop
      vertex 151.972 14 98.15
      vertex 154.657 14 97.2779
      vertex 154.847 14 97.8353
    endloop
  endfacet
  facet normal 0 -1 0
    outer loop
      vertex 151.087 14 94.5385
      vertex 150.722 14 97.3145
      vertex 150.5 14 97.3
    endloop
  endfacet
  facet normal 0 -1 0
    outer loop
      vertex 148.25 14 95.1029
      vertex 149.65 14 97.5278
      vertex 147.761 14 95.4299
    endloop
  endfacet
  facet normal 0 -1 -0
    outer loop
      vertex 149.65 14 97.5278
      vertex 148.25 14 95.1029
      vertex 149.849 14 97.4294
    endloop
  endfacet
  facet normal 0 -1 0
    outer loop
      vertex 151.972 14 98.15
      vertex 154.397 14 96.75
      vertex 154.657 14 97.2779
    endloop
  endfacet
  facet normal 0 -1 0
    outer loop
      vertex 148.778 14 94.8425
      vertex 149.849 14 97.4294
      vertex 148.25 14 95.1029
    endloop
  endfacet
  facet normal 0 -1 0
    outer loop
      vertex 151.849 14 97.9651
      vertex 154.07 14 96.2606
      vertex 154.397 14 96.75
    endloop
  endfacet
  facet normal 0 -1 -0
    outer loop
      vertex 149.849 14 97.4294
      vertex 148.778 14 94.8425
      vertex 150.06 14 97.3579
    endloop
  endfacet
  facet normal 0 -1 0
    outer loop
      vertex 151.702 14 97.7979
      vertex 153.682 14 95.818
      vertex 154.07 14 96.2606
    endloop
  endfacet
  facet normal 0 -1 0
    outer loop
      vertex 149.335 14 94.6533
      vertex 150.06 14 97.3579
      vertex 148.778 14 94.8425
    endloop
  endfacet
  facet normal 0 -1 0
    outer loop
      vertex 151.535 14 97.6513
      vertex 153.239 14 95.4299
      vertex 153.682 14 95.818
    endloop
  endfacet
  facet normal 0 -1 -0
    outer loop
      vertex 150.06 14 97.3579
      vertex 149.335 14 94.6533
      vertex 150.278 14 97.3145
    endloop
  endfacet
  facet normal 0 -1 0
    outer loop
      vertex 151.35 14 97.5278
      vertex 152.75 14 95.1029
      vertex 153.239 14 95.4299
    endloop
  endfacet
  facet normal 0 -1 0
    outer loop
      vertex 149.913 14 94.5385
      vertex 150.278 14 97.3145
      vertex 149.335 14 94.6533
    endloop
  endfacet
  facet normal 0 -1 0
    outer loop
      vertex 151.151 14 97.4294
      vertex 152.222 14 94.8425
      vertex 152.75 14 95.1029
    endloop
  endfacet
  facet normal 0 -1 -0
    outer loop
      vertex 150.278 14 97.3145
      vertex 149.913 14 94.5385
      vertex 150.5 14 97.3
    endloop
  endfacet
  facet normal 0 -1 0
    outer loop
      vertex 150.94 14 97.3579
      vertex 151.665 14 94.6533
      vertex 152.222 14 94.8425
    endloop
  endfacet
  facet normal 0 -1 0
    outer loop
      vertex 150.5 14 94.5
      vertex 150.5 14 97.3
      vertex 149.913 14 94.5385
    endloop
  endfacet
  facet normal 0 -1 0
    outer loop
      vertex 150.722 14 97.3145
      vertex 151.087 14 94.5385
      vertex 151.665 14 94.6533
    endloop
  endfacet
  facet normal 0 -1 0
    outer loop
      vertex 150.5 14 97.3
      vertex 150.5 14 94.5
      vertex 151.087 14 94.5385
    endloop
  endfacet
  facet normal 0 -1 0
    outer loop
      vertex 146 14 107
      vertex 150.5 14 100.7
      vertex 155 14 107
    endloop
  endfacet
  facet normal 0 -1 0
    outer loop
      vertex 146 14 107
      vertex 150.278 14 100.685
      vertex 150.5 14 100.7
    endloop
  endfacet
  facet normal 0 -1 0
    outer loop
      vertex 146 14 107
      vertex 150.06 14 100.642
      vertex 150.278 14 100.685
    endloop
  endfacet
  facet normal 0 -1 0
    outer loop
      vertex 146 14 107
      vertex 149.849 14 100.571
      vertex 150.06 14 100.642
    endloop
  endfacet
  facet normal 0 -1 0
    outer loop
      vertex 146 14 107
      vertex 149.65 14 100.472
      vertex 149.849 14 100.571
    endloop
  endfacet
  facet normal 0 -1 0
    outer loop
      vertex 146 14 107
      vertex 149.465 14 100.349
      vertex 149.65 14 100.472
    endloop
  endfacet
  facet normal 0 -1 0
    outer loop
      vertex 146 14 107
      vertex 149.298 14 100.202
      vertex 149.465 14 100.349
    endloop
  endfacet
  facet normal 0 -1 0
    outer loop
      vertex 146 14 107
      vertex 149.151 14 100.035
      vertex 149.298 14 100.202
    endloop
  endfacet
  facet normal 0 -1 0
    outer loop
      vertex 146 14 107
      vertex 149.028 14 99.85
      vertex 149.151 14 100.035
    endloop
  endfacet
  facet normal 0 -1 0
    outer loop
      vertex 146 14 98
      vertex 149.028 14 99.85
      vertex 146 14 107
    endloop
  endfacet
  facet normal 0 -1 0
    outer loop
      vertex 146.121 14 98
      vertex 149.028 14 99.85
      vertex 146 14 98
    endloop
  endfacet
  facet normal 0 -1 0
    outer loop
      vertex 149.028 14 99.85
      vertex 146.121 14 98
      vertex 148.929 14 99.6506
    endloop
  endfacet
  facet normal 0 -1 0
    outer loop
      vertex 148.929 14 99.6506
      vertex 146.121 14 98
      vertex 148.858 14 99.44
    endloop
  endfacet
  facet normal 0 -1 0
    outer loop
      vertex 148.858 14 99.44
      vertex 146.121 14 98
      vertex 148.815 14 99.2219
    endloop
  endfacet
  facet normal 0 -1 -0
    outer loop
      vertex 148.8 14 99
      vertex 146.121 14 98
      vertex 148.815 14 98.7781
    endloop
  endfacet
  facet normal 0 -1 0
    outer loop
      vertex 148.815 14 99.2219
      vertex 146.121 14 98
      vertex 148.8 14 99
    endloop
  endfacet
  facet normal 0 -1 -0
    outer loop
      vertex 148.815 14 98.7781
      vertex 146.121 14 98
      vertex 148.858 14 98.56
    endloop
  endfacet
  facet normal 0 -1 0
    outer loop
      vertex 146.153 14 97.8353
      vertex 148.858 14 98.56
      vertex 146.121 14 98
    endloop
  endfacet
  facet normal 0 -1 -0
    outer loop
      vertex 148.858 14 98.56
      vertex 146.153 14 97.8353
      vertex 148.929 14 98.3494
    endloop
  endfacet
  facet normal 0 -1 0
    outer loop
      vertex 146.343 14 97.2779
      vertex 148.929 14 98.3494
      vertex 146.153 14 97.8353
    endloop
  endfacet
  facet normal 0 -1 -0
    outer loop
      vertex 148.929 14 98.3494
      vertex 146.343 14 97.2779
      vertex 149.028 14 98.15
    endloop
  endfacet
  facet normal 0 -1 0
    outer loop
      vertex 146.603 14 96.75
      vertex 149.028 14 98.15
      vertex 146.343 14 97.2779
    endloop
  endfacet
  facet normal 0 -1 -0
    outer loop
      vertex 149.028 14 98.15
      vertex 146.603 14 96.75
      vertex 149.151 14 97.9651
    endloop
  endfacet
  facet normal 0 -1 0
    outer loop
      vertex 146.93 14 96.2606
      vertex 149.151 14 97.9651
      vertex 146.603 14 96.75
    endloop
  endfacet
  facet normal 0 -1 -0
    outer loop
      vertex 149.151 14 97.9651
      vertex 146.93 14 96.2606
      vertex 149.298 14 97.7979
    endloop
  endfacet
  facet normal 0 -1 0
    outer loop
      vertex 147.318 14 95.818
      vertex 149.298 14 97.7979
      vertex 146.93 14 96.2606
    endloop
  endfacet
  facet normal 0 -1 -0
    outer loop
      vertex 149.298 14 97.7979
      vertex 147.318 14 95.818
      vertex 149.465 14 97.6513
    endloop
  endfacet
  facet normal 0 -1 -0
    outer loop
      vertex 149.465 14 97.6513
      vertex 147.761 14 95.4299
      vertex 149.65 14 97.5278
    endloop
  endfacet
  facet normal 0 -1 0
    outer loop
      vertex 147.761 14 95.4299
      vertex 149.465 14 97.6513
      vertex 147.318 14 95.818
    endloop
  endfacet
  facet normal 0 -1 0
    outer loop
      vertex 150.722 14 100.685
      vertex 155 14 107
      vertex 150.5 14 100.7
    endloop
  endfacet
  facet normal 0 -1 0
    outer loop
      vertex 150.94 14 100.642
      vertex 155 14 107
      vertex 150.722 14 100.685
    endloop
  endfacet
  facet normal 0 -1 0
    outer loop
      vertex 151.151 14 100.571
      vertex 155 14 107
      vertex 150.94 14 100.642
    endloop
  endfacet
  facet normal 0 -1 0
    outer loop
      vertex 151.35 14 100.472
      vertex 155 14 107
      vertex 151.151 14 100.571
    endloop
  endfacet
  facet normal 0 -1 0
    outer loop
      vertex 151.535 14 100.349
      vertex 155 14 107
      vertex 151.35 14 100.472
    endloop
  endfacet
  facet normal 0 -1 0
    outer loop
      vertex 151.702 14 100.202
      vertex 155 14 107
      vertex 151.535 14 100.349
    endloop
  endfacet
  facet normal 0 -1 0
    outer loop
      vertex 151.849 14 100.035
      vertex 155 14 107
      vertex 151.702 14 100.202
    endloop
  endfacet
  facet normal 0 -1 0
    outer loop
      vertex 151.972 14 99.85
      vertex 155 14 107
      vertex 151.849 14 100.035
    endloop
  endfacet
  facet normal 0 -1 0
    outer loop
      vertex 154.879 14 98
      vertex 151.972 14 99.85
      vertex 152.071 14 99.6506
    endloop
  endfacet
  facet normal 0 -1 0
    outer loop
      vertex 154.879 14 98
      vertex 152.071 14 99.6506
      vertex 152.142 14 99.44
    endloop
  endfacet
  facet normal 0 -1 0
    outer loop
      vertex 154.879 14 98
      vertex 152.142 14 99.44
      vertex 152.185 14 99.2219
    endloop
  endfacet
  facet normal 0 -1 0
    outer loop
      vertex 154.879 14 98
      vertex 152.185 14 99.2219
      vertex 152.2 14 99
    endloop
  endfacet
  facet normal 0 -1 0
    outer loop
      vertex 154.879 14 98
      vertex 152.2 14 99
      vertex 152.185 14 98.7781
    endloop
  endfacet
  facet normal 0 -1 0
    outer loop
      vertex 154.879 14 98
      vertex 152.185 14 98.7781
      vertex 152.142 14 98.56
    endloop
  endfacet
  facet normal 0 -1 0
    outer loop
      vertex 154.879 14 98
      vertex 152.071 14 98.3494
      vertex 151.972 14 98.15
    endloop
  endfacet
  facet normal 0 -1 0
    outer loop
      vertex 154.879 14 98
      vertex 152.142 14 98.56
      vertex 152.071 14 98.3494
    endloop
  endfacet
  facet normal 0 -1 0
    outer loop
      vertex 151.972 14 99.85
      vertex 154.879 14 98
      vertex 155 14 98
    endloop
  endfacet
  facet normal 0 -1 0
    outer loop
      vertex 151.972 14 99.85
      vertex 155 14 98
      vertex 155 14 107
    endloop
  endfacet
  facet normal -0.0654471 0 -0.997856
    outer loop
      vertex 149.913 14 94.5385
      vertex 150.5 20 94.5
      vertex 150.5 14 94.5
    endloop
  endfacet
  facet normal -0.0654471 0 -0.997856
    outer loop
      vertex 150.5 20 94.5
      vertex 149.913 14 94.5385
      vertex 149.913 20 94.5385
    endloop
  endfacet
  facet normal -0.831475 0 -0.555562
    outer loop
      vertex 146.93 14 96.2606
      vertex 146.603 20 96.75
      vertex 146.93 20 96.2606
    endloop
  endfacet
  facet normal -0.831475 -0 -0.555562
    outer loop
      vertex 146.603 20 96.75
      vertex 146.93 14 96.2606
      vertex 146.603 14 96.75
    endloop
  endfacet
  facet normal 0 1 0
    outer loop
      vertex 146.603 20 96.75
      vertex 149.028 20 98.15
      vertex 149.151 20 97.9651
    endloop
  endfacet
  facet normal 0 1 0
    outer loop
      vertex 149.028 20 98.15
      vertex 146.153 20 97.8353
      vertex 146.121 20 98
    endloop
  endfacet
  facet normal 0 1 0
    outer loop
      vertex 146.93 20 96.2606
      vertex 149.151 20 97.9651
      vertex 149.298 20 97.7979
    endloop
  endfacet
  facet normal 0 1 0
    outer loop
      vertex 147.318 20 95.818
      vertex 149.298 20 97.7979
      vertex 149.465 20 97.6513
    endloop
  endfacet
  facet normal 0 1 0
    outer loop
      vertex 147.761 20 95.4299
      vertex 149.465 20 97.6513
      vertex 149.65 20 97.5278
    endloop
  endfacet
  facet normal 0 1 0
    outer loop
      vertex 148.25 20 95.1029
      vertex 149.65 20 97.5278
      vertex 149.849 20 97.4294
    endloop
  endfacet
  facet normal 0 1 0
    outer loop
      vertex 148.778 20 94.8425
      vertex 149.849 20 97.4294
      vertex 150.06 20 97.3579
    endloop
  endfacet
  facet normal 0 1 0
    outer loop
      vertex 149.335 20 94.6533
      vertex 150.06 20 97.3579
      vertex 150.278 20 97.3145
    endloop
  endfacet
  facet normal 0 1 0
    outer loop
      vertex 149.028 20 98.15
      vertex 146.343 20 97.2779
      vertex 146.153 20 97.8353
    endloop
  endfacet
  facet normal 0 1 0
    outer loop
      vertex 149.913 20 94.5385
      vertex 150.278 20 97.3145
      vertex 150.5 20 97.3
    endloop
  endfacet
  facet normal 0 1 -0
    outer loop
      vertex 152.75 20 95.1029
      vertex 151.35 20 97.5278
      vertex 153.239 20 95.4299
    endloop
  endfacet
  facet normal 0 1 0
    outer loop
      vertex 151.35 20 97.5278
      vertex 152.75 20 95.1029
      vertex 151.151 20 97.4294
    endloop
  endfacet
  facet normal 0 1 0
    outer loop
      vertex 149.028 20 98.15
      vertex 146.603 20 96.75
      vertex 146.343 20 97.2779
    endloop
  endfacet
  facet normal 0 1 -0
    outer loop
      vertex 152.222 20 94.8425
      vertex 151.151 20 97.4294
      vertex 152.75 20 95.1029
    endloop
  endfacet
  facet normal 0 1 0
    outer loop
      vertex 149.151 20 97.9651
      vertex 146.93 20 96.2606
      vertex 146.603 20 96.75
    endloop
  endfacet
  facet normal 0 1 0
    outer loop
      vertex 151.151 20 97.4294
      vertex 152.222 20 94.8425
      vertex 150.94 20 97.3579
    endloop
  endfacet
  facet normal 0 1 0
    outer loop
      vertex 149.298 20 97.7979
      vertex 147.318 20 95.818
      vertex 146.93 20 96.2606
    endloop
  endfacet
  facet normal 0 1 -0
    outer loop
      vertex 151.665 20 94.6533
      vertex 150.94 20 97.3579
      vertex 152.222 20 94.8425
    endloop
  endfacet
  facet normal 0 1 0
    outer loop
      vertex 149.465 20 97.6513
      vertex 147.761 20 95.4299
      vertex 147.318 20 95.818
    endloop
  endfacet
  facet normal 0 1 0
    outer loop
      vertex 150.94 20 97.3579
      vertex 151.665 20 94.6533
      vertex 150.722 20 97.3145
    endloop
  endfacet
  facet normal 0 1 0
    outer loop
      vertex 149.65 20 97.5278
      vertex 148.25 20 95.1029
      vertex 147.761 20 95.4299
    endloop
  endfacet
  facet normal 0 1 -0
    outer loop
      vertex 151.087 20 94.5385
      vertex 150.722 20 97.3145
      vertex 151.665 20 94.6533
    endloop
  endfacet
  facet normal 0 1 0
    outer loop
      vertex 149.849 20 97.4294
      vertex 148.778 20 94.8425
      vertex 148.25 20 95.1029
    endloop
  endfacet
  facet normal 0 1 0
    outer loop
      vertex 150.722 20 97.3145
      vertex 151.087 20 94.5385
      vertex 150.5 20 97.3
    endloop
  endfacet
  facet normal 0 1 0
    outer loop
      vertex 150.06 20 97.3579
      vertex 149.335 20 94.6533
      vertex 148.778 20 94.8425
    endloop
  endfacet
  facet normal 0 1 0
    outer loop
      vertex 150.5 20 94.5
      vertex 150.5 20 97.3
      vertex 151.087 20 94.5385
    endloop
  endfacet
  facet normal 0 1 0
    outer loop
      vertex 150.278 20 97.3145
      vertex 149.913 20 94.5385
      vertex 149.335 20 94.6533
    endloop
  endfacet
  facet normal 0 1 0
    outer loop
      vertex 150.5 20 97.3
      vertex 150.5 20 94.5
      vertex 149.913 20 94.5385
    endloop
  endfacet
  facet normal 0 1 0
    outer loop
      vertex 155 20 108
      vertex 150.5 20 100.7
      vertex 146 20 108
    endloop
  endfacet
  facet normal 0 1 0
    outer loop
      vertex 155 20 108
      vertex 150.722 20 100.685
      vertex 150.5 20 100.7
    endloop
  endfacet
  facet normal 0 1 0
    outer loop
      vertex 155 20 108
      vertex 150.94 20 100.642
      vertex 150.722 20 100.685
    endloop
  endfacet
  facet normal 0 1 0
    outer loop
      vertex 155 20 108
      vertex 151.151 20 100.571
      vertex 150.94 20 100.642
    endloop
  endfacet
  facet normal 0 1 0
    outer loop
      vertex 155 20 108
      vertex 151.35 20 100.472
      vertex 151.151 20 100.571
    endloop
  endfacet
  facet normal 0 1 0
    outer loop
      vertex 155 20 108
      vertex 151.535 20 100.349
      vertex 151.35 20 100.472
    endloop
  endfacet
  facet normal 0 1 0
    outer loop
      vertex 155 20 108
      vertex 151.702 20 100.202
      vertex 151.535 20 100.349
    endloop
  endfacet
  facet normal 0 1 0
    outer loop
      vertex 155 20 108
      vertex 151.849 20 100.035
      vertex 151.702 20 100.202
    endloop
  endfacet
  facet normal 0 1 -0
    outer loop
      vertex 155 20 98
      vertex 151.849 20 100.035
      vertex 155 20 108
    endloop
  endfacet
  facet normal 0 1 0
    outer loop
      vertex 151.849 20 100.035
      vertex 155 20 98
      vertex 151.972 20 99.85
    endloop
  endfacet
  facet normal 0 1 -0
    outer loop
      vertex 154.879 20 98
      vertex 151.972 20 99.85
      vertex 155 20 98
    endloop
  endfacet
  facet normal 0 1 0
    outer loop
      vertex 151.972 20 99.85
      vertex 154.879 20 98
      vertex 152.071 20 99.6506
    endloop
  endfacet
  facet normal 0 1 0
    outer loop
      vertex 152.071 20 99.6506
      vertex 154.879 20 98
      vertex 152.142 20 99.44
    endloop
  endfacet
  facet normal 0 1 0
    outer loop
      vertex 152.142 20 99.44
      vertex 154.879 20 98
      vertex 152.185 20 99.2219
    endloop
  endfacet
  facet normal 0 1 0
    outer loop
      vertex 152.2 20 99
      vertex 154.879 20 98
      vertex 152.185 20 98.7781
    endloop
  endfacet
  facet normal 0 1 0
    outer loop
      vertex 152.185 20 99.2219
      vertex 154.879 20 98
      vertex 152.2 20 99
    endloop
  endfacet
  facet normal 0 1 0
    outer loop
      vertex 152.185 20 98.7781
      vertex 154.879 20 98
      vertex 152.142 20 98.56
    endloop
  endfacet
  facet normal 0 1 -0
    outer loop
      vertex 154.847 20 97.8353
      vertex 152.142 20 98.56
      vertex 154.879 20 98
    endloop
  endfacet
  facet normal 0 1 0
    outer loop
      vertex 152.142 20 98.56
      vertex 154.847 20 97.8353
      vertex 152.071 20 98.3494
    endloop
  endfacet
  facet normal 0 1 -0
    outer loop
      vertex 154.657 20 97.2779
      vertex 152.071 20 98.3494
      vertex 154.847 20 97.8353
    endloop
  endfacet
  facet normal 0 1 0
    outer loop
      vertex 152.071 20 98.3494
      vertex 154.657 20 97.2779
      vertex 151.972 20 98.15
    endloop
  endfacet
  facet normal 0 1 -0
    outer loop
      vertex 154.397 20 96.75
      vertex 151.972 20 98.15
      vertex 154.657 20 97.2779
    endloop
  endfacet
  facet normal 0 1 0
    outer loop
      vertex 151.972 20 98.15
      vertex 154.397 20 96.75
      vertex 151.849 20 97.9651
    endloop
  endfacet
  facet normal 0 1 -0
    outer loop
      vertex 154.07 20 96.2606
      vertex 151.849 20 97.9651
      vertex 154.397 20 96.75
    endloop
  endfacet
  facet normal 0 1 0
    outer loop
      vertex 151.849 20 97.9651
      vertex 154.07 20 96.2606
      vertex 151.702 20 97.7979
    endloop
  endfacet
  facet normal 0 1 -0
    outer loop
      vertex 153.682 20 95.818
      vertex 151.702 20 97.7979
      vertex 154.07 20 96.2606
    endloop
  endfacet
  facet normal 0 1 0
    outer loop
      vertex 151.702 20 97.7979
      vertex 153.682 20 95.818
      vertex 151.535 20 97.6513
    endloop
  endfacet
  facet normal 0 1 0
    outer loop
      vertex 151.535 20 97.6513
      vertex 153.239 20 95.4299
      vertex 151.35 20 97.5278
    endloop
  endfacet
  facet normal 0 1 -0
    outer loop
      vertex 153.239 20 95.4299
      vertex 151.535 20 97.6513
      vertex 153.682 20 95.818
    endloop
  endfacet
  facet normal 0 1 -0
    outer loop
      vertex 150.278 20 100.685
      vertex 146 20 108
      vertex 150.5 20 100.7
    endloop
  endfacet
  facet normal 0 1 -0
    outer loop
      vertex 150.06 20 100.642
      vertex 146 20 108
      vertex 150.278 20 100.685
    endloop
  endfacet
  facet normal 0 1 -0
    outer loop
      vertex 149.849 20 100.571
      vertex 146 20 108
      vertex 150.06 20 100.642
    endloop
  endfacet
  facet normal 0 1 -0
    outer loop
      vertex 149.65 20 100.472
      vertex 146 20 108
      vertex 149.849 20 100.571
    endloop
  endfacet
  facet normal 0 1 -0
    outer loop
      vertex 149.465 20 100.349
      vertex 146 20 108
      vertex 149.65 20 100.472
    endloop
  endfacet
  facet normal 0 1 -0
    outer loop
      vertex 149.298 20 100.202
      vertex 146 20 108
      vertex 149.465 20 100.349
    endloop
  endfacet
  facet normal 0 1 -0
    outer loop
      vertex 149.151 20 100.035
      vertex 146 20 108
      vertex 149.298 20 100.202
    endloop
  endfacet
  facet normal 0 1 0
    outer loop
      vertex 146 20 98
      vertex 149.151 20 100.035
      vertex 149.028 20 99.85
    endloop
  endfacet
  facet normal 0 1 0
    outer loop
      vertex 146.121 20 98
      vertex 149.028 20 99.85
      vertex 148.929 20 99.6506
    endloop
  endfacet
  facet normal 0 1 0
    outer loop
      vertex 146.121 20 98
      vertex 148.929 20 99.6506
      vertex 148.858 20 99.44
    endloop
  endfacet
  facet normal 0 1 0
    outer loop
      vertex 146.121 20 98
      vertex 148.858 20 99.44
      vertex 148.815 20 99.2219
    endloop
  endfacet
  facet normal 0 1 0
    outer loop
      vertex 146.121 20 98
      vertex 148.815 20 99.2219
      vertex 148.8 20 99
    endloop
  endfacet
  facet normal 0 1 0
    outer loop
      vertex 146.121 20 98
      vertex 148.8 20 99
      vertex 148.815 20 98.7781
    endloop
  endfacet
  facet normal 0 1 0
    outer loop
      vertex 146.121 20 98
      vertex 148.815 20 98.7781
      vertex 148.858 20 98.56
    endloop
  endfacet
  facet normal 0 1 0
    outer loop
      vertex 146.121 20 98
      vertex 148.929 20 98.3494
      vertex 149.028 20 98.15
    endloop
  endfacet
  facet normal 0 1 0
    outer loop
      vertex 146.121 20 98
      vertex 148.858 20 98.56
      vertex 148.929 20 98.3494
    endloop
  endfacet
  facet normal 0 1 0
    outer loop
      vertex 149.028 20 99.85
      vertex 146.121 20 98
      vertex 146 20 98
    endloop
  endfacet
  facet normal 0 1 0
    outer loop
      vertex 149.151 20 100.035
      vertex 146 20 98
      vertex 146 20 108
    endloop
  endfacet
  facet normal 0.321628 0 -0.946866
    outer loop
      vertex 151.665 14 94.6533
      vertex 152.222 20 94.8425
      vertex 152.222 14 94.8425
    endloop
  endfacet
  facet normal 0.321628 0 -0.946866
    outer loop
      vertex 152.222 20 94.8425
      vertex 151.665 14 94.6533
      vertex 151.665 20 94.6533
    endloop
  endfacet
  facet normal 0.981643 0 -0.190726
    outer loop
      vertex 154.879 14 98
      vertex 154.847 20 97.8353
      vertex 154.879 20 98
    endloop
  endfacet
  facet normal 0.981643 0 -0.190726
    outer loop
      vertex 154.847 20 97.8353
      vertex 154.879 14 98
      vertex 154.847 14 97.8353
    endloop
  endfacet
  facet normal -0.442315 0 -0.89686
    outer loop
      vertex 148.25 14 95.1029
      vertex 148.778 20 94.8425
      vertex 148.778 14 94.8425
    endloop
  endfacet
  facet normal -0.442315 0 -0.89686
    outer loop
      vertex 148.778 20 94.8425
      vertex 148.25 14 95.1029
      vertex 148.25 20 95.1029
    endloop
  endfacet
  facet normal -0.658961 0 -0.752177
    outer loop
      vertex 147.318 14 95.818
      vertex 147.761 20 95.4299
      vertex 147.761 14 95.4299
    endloop
  endfacet
  facet normal -0.658961 0 -0.752177
    outer loop
      vertex 147.761 20 95.4299
      vertex 147.318 14 95.818
      vertex 147.318 20 95.818
    endloop
  endfacet
  facet normal -0.751966 0 -0.659202
    outer loop
      vertex 147.318 14 95.818
      vertex 146.93 20 96.2606
      vertex 147.318 20 95.818
    endloop
  endfacet
  facet normal -0.751966 -0 -0.659202
    outer loop
      vertex 146.93 20 96.2606
      vertex 147.318 14 95.818
      vertex 146.93 14 96.2606
    endloop
  endfacet
  facet normal -0.946522 0 -0.322639
    outer loop
      vertex 146.343 14 97.2779
      vertex 146.153 20 97.8353
      vertex 146.343 20 97.2779
    endloop
  endfacet
  facet normal -0.946522 -0 -0.322639
    outer loop
      vertex 146.153 20 97.8353
      vertex 146.343 14 97.2779
      vertex 146.153 14 97.8353
    endloop
  endfacet
  facet normal -0.897096 0 -0.441836
    outer loop
      vertex 146.603 14 96.75
      vertex 146.343 20 97.2779
      vertex 146.603 20 96.75
    endloop
  endfacet
  facet normal -0.897096 -0 -0.441836
    outer loop
      vertex 146.343 20 97.2779
      vertex 146.603 14 96.75
      vertex 146.343 14 97.2779
    endloop
  endfacet
  facet normal -0.321628 0 -0.946866
    outer loop
      vertex 148.778 14 94.8425
      vertex 149.335 20 94.6533
      vertex 149.335 14 94.6533
    endloop
  endfacet
  facet normal -0.321628 0 -0.946866
    outer loop
      vertex 149.335 20 94.6533
      vertex 148.778 14 94.8425
      vertex 148.778 20 94.8425
    endloop
  endfacet
  facet normal -0 0 1
    outer loop
      vertex 146 20 108
      vertex 155 19.4641 108
      vertex 155 20 108
    endloop
  endfacet
  facet normal 0 0 1
    outer loop
      vertex 155 19.4641 108
      vertex 146 20 108
      vertex 146 19.4641 108
    endloop
  endfacet
  facet normal 1 0 0
    outer loop
      vertex 155 20 108
      vertex 155 19.8707 107
      vertex 155 20 98
    endloop
  endfacet
  facet normal 1 0 0
    outer loop
      vertex 155 20 108
      vertex 155 19.8637 107.035
      vertex 155 19.8707 107
    endloop
  endfacet
  facet normal 1 0 0
    outer loop
      vertex 155 20 108
      vertex 155 19.6955 107.531
      vertex 155 19.8637 107.035
    endloop
  endfacet
  facet normal 1 0 -0
    outer loop
      vertex 155 19.6955 107.531
      vertex 155 20 108
      vertex 155 19.4641 108
    endloop
  endfacet
  facet normal 1 0 0
    outer loop
      vertex 155 14 98
      vertex 155 19.8707 107
      vertex 155 14 107
    endloop
  endfacet
  facet normal 1 0 0
    outer loop
      vertex 155 19.8707 107
      vertex 155 14 98
      vertex 155 20 98
    endloop
  endfacet
  facet normal 0 0 -1
    outer loop
      vertex 154.879 14 98
      vertex 155 20 98
      vertex 155 14 98
    endloop
  endfacet
  facet normal -0 0 -1
    outer loop
      vertex 155 20 98
      vertex 154.879 14 98
      vertex 154.879 20 98
    endloop
  endfacet
  facet normal 0 0 -1
    outer loop
      vertex 146 14 98
      vertex 146.121 20 98
      vertex 146.121 14 98
    endloop
  endfacet
  facet normal -0 0 -1
    outer loop
      vertex 146.121 20 98
      vertex 146 14 98
      vertex 146 20 98
    endloop
  endfacet
  facet normal -1 0 0
    outer loop
      vertex 146 20 98
      vertex 146 19.8707 107
      vertex 146 20 108
    endloop
  endfacet
  facet normal -1 0 0
    outer loop
      vertex 146 14 98
      vertex 146 19.8707 107
      vertex 146 20 98
    endloop
  endfacet
  facet normal -1 -0 0
    outer loop
      vertex 146 19.8707 107
      vertex 146 14 98
      vertex 146 14 107
    endloop
  endfacet
  facet normal -1 0 0
    outer loop
      vertex 146 19.8637 107.035
      vertex 146 20 108
      vertex 146 19.8707 107
    endloop
  endfacet
  facet normal -1 0 0
    outer loop
      vertex 146 19.6955 107.531
      vertex 146 20 108
      vertex 146 19.8637 107.035
    endloop
  endfacet
  facet normal -1 -0 0
    outer loop
      vertex 146 20 108
      vertex 146 19.6955 107.531
      vertex 146 19.4641 108
    endloop
  endfacet
  facet normal -0.0651764 0 0.997874
    outer loop
      vertex 150.5 20 97.3
      vertex 150.722 14 97.3145
      vertex 150.722 20 97.3145
    endloop
  endfacet
  facet normal -0.0651764 0 0.997874
    outer loop
      vertex 150.722 14 97.3145
      vertex 150.5 20 97.3
      vertex 150.5 14 97.3
    endloop
  endfacet
  facet normal -0.195251 0 0.980753
    outer loop
      vertex 150.722 20 97.3145
      vertex 150.94 14 97.3579
      vertex 150.94 20 97.3579
    endloop
  endfacet
  facet normal -0.195251 0 0.980753
    outer loop
      vertex 150.94 14 97.3579
      vertex 150.722 20 97.3145
      vertex 150.722 14 97.3145
    endloop
  endfacet
  facet normal -0.997723 0 -0.0674441
    outer loop
      vertex 152.2 14 99
      vertex 152.185 20 99.2219
      vertex 152.2 20 99
    endloop
  endfacet
  facet normal -0.997723 -0 -0.0674441
    outer loop
      vertex 152.185 20 99.2219
      vertex 152.2 14 99
      vertex 152.185 14 99.2219
    endloop
  endfacet
  facet normal -0.751016 0 0.660284
    outer loop
      vertex 151.702 14 97.7979
      vertex 151.849 20 97.9651
      vertex 151.702 20 97.7979
    endloop
  endfacet
  facet normal -0.751016 0 0.660284
    outer loop
      vertex 151.849 20 97.9651
      vertex 151.702 14 97.7979
      vertex 151.849 14 97.9651
    endloop
  endfacet
  facet normal -0.947598 0 0.319466
    outer loop
      vertex 152.071 14 98.3494
      vertex 152.142 20 98.56
      vertex 152.071 20 98.3494
    endloop
  endfacet
  facet normal -0.947598 0 0.319466
    outer loop
      vertex 152.142 20 98.56
      vertex 152.071 14 98.3494
      vertex 152.142 14 98.56
    endloop
  endfacet
  facet normal -0.895681 0 0.444696
    outer loop
      vertex 151.972 14 98.15
      vertex 152.071 20 98.3494
      vertex 151.972 20 98.15
    endloop
  endfacet
  facet normal -0.895681 0 0.444696
    outer loop
      vertex 152.071 20 98.3494
      vertex 151.972 14 98.15
      vertex 152.071 14 98.3494
    endloop
  endfacet
  facet normal -0.318922 0 -0.947781
    outer loop
      vertex 150.94 14 100.642
      vertex 151.151 20 100.571
      vertex 151.151 14 100.571
    endloop
  endfacet
  facet normal -0.318922 0 -0.947781
    outer loop
      vertex 151.151 20 100.571
      vertex 150.94 14 100.642
      vertex 150.94 20 100.642
    endloop
  endfacet
  facet normal -0.553661 0 -0.832742
    outer loop
      vertex 151.35 14 100.472
      vertex 151.535 20 100.349
      vertex 151.535 14 100.349
    endloop
  endfacet
  facet normal -0.553661 0 -0.832742
    outer loop
      vertex 151.535 20 100.349
      vertex 151.35 14 100.472
      vertex 151.35 20 100.472
    endloop
  endfacet
  facet normal -0.981113 0 -0.193434
    outer loop
      vertex 152.185 14 99.2219
      vertex 152.142 20 99.44
      vertex 152.185 20 99.2219
    endloop
  endfacet
  facet normal -0.981113 -0 -0.193434
    outer loop
      vertex 152.142 20 99.44
      vertex 152.185 14 99.2219
      vertex 152.142 14 99.44
    endloop
  endfacet
  facet normal 0.320937 0 0.947101
    outer loop
      vertex 149.849 20 97.4294
      vertex 150.06 14 97.3579
      vertex 150.06 20 97.3579
    endloop
  endfacet
  facet normal 0.320937 0 0.947101
    outer loop
      vertex 150.06 14 97.3579
      vertex 149.849 20 97.4294
      vertex 149.849 14 97.4294
    endloop
  endfacet
  facet normal 0.981113 -0 0.193434
    outer loop
      vertex 148.815 14 98.7781
      vertex 148.858 20 98.56
      vertex 148.815 20 98.7781
    endloop
  endfacet
  facet normal 0.981113 0 0.193434
    outer loop
      vertex 148.858 20 98.56
      vertex 148.815 14 98.7781
      vertex 148.858 14 98.56
    endloop
  endfacet
  facet normal -0.555219 0 0.831704
    outer loop
      vertex 151.35 20 97.5278
      vertex 151.535 14 97.6513
      vertex 151.535 20 97.6513
    endloop
  endfacet
  facet normal -0.555219 0 0.831704
    outer loop
      vertex 151.535 14 97.6513
      vertex 151.35 20 97.5278
      vertex 151.35 14 97.5278
    endloop
  endfacet
  facet normal -0.981113 0 0.193434
    outer loop
      vertex 152.142 14 98.56
      vertex 152.185 20 98.7781
      vertex 152.142 20 98.56
    endloop
  endfacet
  facet normal -0.981113 0 0.193434
    outer loop
      vertex 152.185 20 98.7781
      vertex 152.142 14 98.56
      vertex 152.185 14 98.7781
    endloop
  endfacet
  facet normal -0.997723 0 0.0674441
    outer loop
      vertex 152.185 14 98.7781
      vertex 152.2 20 99
      vertex 152.185 20 98.7781
    endloop
  endfacet
  facet normal -0.997723 0 0.0674441
    outer loop
      vertex 152.2 20 99
      vertex 152.185 14 98.7781
      vertex 152.2 14 99
    endloop
  endfacet
  facet normal -0.832604 0 0.553869
    outer loop
      vertex 151.849 14 97.9651
      vertex 151.972 20 98.15
      vertex 151.849 20 97.9651
    endloop
  endfacet
  facet normal -0.832604 0 0.553869
    outer loop
      vertex 151.972 20 98.15
      vertex 151.849 14 97.9651
      vertex 151.972 14 98.15
    endloop
  endfacet
  facet normal -0.445413 0 -0.895325
    outer loop
      vertex 151.151 14 100.571
      vertex 151.35 20 100.472
      vertex 151.35 14 100.472
    endloop
  endfacet
  facet normal -0.445413 0 -0.895325
    outer loop
      vertex 151.35 20 100.472
      vertex 151.151 14 100.571
      vertex 151.151 20 100.571
    endloop
  endfacet
  facet normal -0.193519 0 -0.981097
    outer loop
      vertex 150.722 14 100.685
      vertex 150.94 20 100.642
      vertex 150.94 14 100.642
    endloop
  endfacet
  facet normal -0.193519 0 -0.981097
    outer loop
      vertex 150.94 20 100.642
      vertex 150.722 14 100.685
      vertex 150.722 20 100.685
    endloop
  endfacet
  facet normal -0.0674139 0 -0.997725
    outer loop
      vertex 150.5 14 100.7
      vertex 150.722 20 100.685
      vertex 150.722 14 100.685
    endloop
  endfacet
  facet normal -0.0674139 0 -0.997725
    outer loop
      vertex 150.722 20 100.685
      vertex 150.5 14 100.7
      vertex 150.5 20 100.7
    endloop
  endfacet
  facet normal 0.0674139 0 -0.997725
    outer loop
      vertex 150.278 14 100.685
      vertex 150.5 20 100.7
      vertex 150.5 14 100.7
    endloop
  endfacet
  facet normal 0.0674139 0 -0.997725
    outer loop
      vertex 150.5 20 100.7
      vertex 150.278 14 100.685
      vertex 150.278 20 100.685
    endloop
  endfacet
  facet normal -0.832742 0 -0.553661
    outer loop
      vertex 151.972 14 99.85
      vertex 151.849 20 100.035
      vertex 151.972 20 99.85
    endloop
  endfacet
  facet normal -0.832742 -0 -0.553661
    outer loop
      vertex 151.849 20 100.035
      vertex 151.972 14 99.85
      vertex 151.849 14 100.035
    endloop
  endfacet
  facet normal 0.832604 -0 0.553869
    outer loop
      vertex 149.028 14 98.15
      vertex 149.151 20 97.9651
      vertex 149.028 20 98.15
    endloop
  endfacet
  facet normal 0.832604 0 0.553869
    outer loop
      vertex 149.151 20 97.9651
      vertex 149.028 14 98.15
      vertex 149.151 14 97.9651
    endloop
  endfacet
  facet normal 0.443245 0 0.8964
    outer loop
      vertex 149.65 20 97.5278
      vertex 149.849 14 97.4294
      vertex 149.849 20 97.4294
    endloop
  endfacet
  facet normal 0.443245 0 0.8964
    outer loop
      vertex 149.849 14 97.4294
      vertex 149.65 20 97.5278
      vertex 149.65 14 97.5278
    endloop
  endfacet
  facet normal 0.553661 0 -0.832742
    outer loop
      vertex 149.465 14 100.349
      vertex 149.65 20 100.472
      vertex 149.65 14 100.472
    endloop
  endfacet
  facet normal 0.553661 0 -0.832742
    outer loop
      vertex 149.65 20 100.472
      vertex 149.465 14 100.349
      vertex 149.465 20 100.349
    endloop
  endfacet
  facet normal 0.660729 0 -0.750624
    outer loop
      vertex 149.298 14 100.202
      vertex 149.465 20 100.349
      vertex 149.465 14 100.349
    endloop
  endfacet
  facet normal 0.660729 0 -0.750624
    outer loop
      vertex 149.465 20 100.349
      vertex 149.298 14 100.202
      vertex 149.298 20 100.202
    endloop
  endfacet
  facet normal 0.193519 0 -0.981097
    outer loop
      vertex 150.06 14 100.642
      vertex 150.278 20 100.685
      vertex 150.278 14 100.685
    endloop
  endfacet
  facet normal 0.193519 0 -0.981097
    outer loop
      vertex 150.278 20 100.685
      vertex 150.06 14 100.642
      vertex 150.06 20 100.642
    endloop
  endfacet
  facet normal 0.997723 -0 0.0674441
    outer loop
      vertex 148.8 14 99
      vertex 148.815 20 98.7781
      vertex 148.8 20 99
    endloop
  endfacet
  facet normal 0.997723 0 0.0674441
    outer loop
      vertex 148.815 20 98.7781
      vertex 148.8 14 99
      vertex 148.815 14 98.7781
    endloop
  endfacet
  facet normal -0.320937 0 0.947101
    outer loop
      vertex 150.94 20 97.3579
      vertex 151.151 14 97.4294
      vertex 151.151 20 97.4294
    endloop
  endfacet
  facet normal -0.320937 0 0.947101
    outer loop
      vertex 151.151 14 97.4294
      vertex 150.94 20 97.3579
      vertex 150.94 14 97.3579
    endloop
  endfacet
  facet normal -0.443245 0 0.8964
    outer loop
      vertex 151.151 20 97.4294
      vertex 151.35 14 97.5278
      vertex 151.35 20 97.5278
    endloop
  endfacet
  facet normal -0.443245 0 0.8964
    outer loop
      vertex 151.35 14 97.5278
      vertex 151.151 20 97.4294
      vertex 151.151 14 97.4294
    endloop
  endfacet
  facet normal -0.659714 0 0.751516
    outer loop
      vertex 151.535 20 97.6513
      vertex 151.702 14 97.7979
      vertex 151.702 20 97.7979
    endloop
  endfacet
  facet normal -0.659714 0 0.751516
    outer loop
      vertex 151.702 14 97.7979
      vertex 151.535 20 97.6513
      vertex 151.535 14 97.6513
    endloop
  endfacet
  facet normal -0.750624 0 -0.660729
    outer loop
      vertex 151.849 14 100.035
      vertex 151.702 20 100.202
      vertex 151.849 20 100.035
    endloop
  endfacet
  facet normal -0.750624 -0 -0.660729
    outer loop
      vertex 151.702 20 100.202
      vertex 151.849 14 100.035
      vertex 151.702 14 100.202
    endloop
  endfacet
  facet normal -0.660729 0 -0.750624
    outer loop
      vertex 151.535 14 100.349
      vertex 151.702 20 100.202
      vertex 151.702 14 100.202
    endloop
  endfacet
  facet normal -0.660729 0 -0.750624
    outer loop
      vertex 151.702 20 100.202
      vertex 151.535 14 100.349
      vertex 151.535 20 100.349
    endloop
  endfacet
  facet normal -0.947598 0 -0.319466
    outer loop
      vertex 152.142 14 99.44
      vertex 152.071 20 99.6506
      vertex 152.142 20 99.44
    endloop
  endfacet
  facet normal -0.947598 -0 -0.319466
    outer loop
      vertex 152.071 20 99.6506
      vertex 152.142 14 99.44
      vertex 152.071 14 99.6506
    endloop
  endfacet
  facet normal -0.895681 0 -0.444696
    outer loop
      vertex 152.071 14 99.6506
      vertex 151.972 20 99.85
      vertex 152.071 20 99.6506
    endloop
  endfacet
  facet normal -0.895681 -0 -0.444696
    outer loop
      vertex 151.972 20 99.85
      vertex 152.071 14 99.6506
      vertex 151.972 14 99.85
    endloop
  endfacet
  facet normal 0.555219 0 0.831704
    outer loop
      vertex 149.465 20 97.6513
      vertex 149.65 14 97.5278
      vertex 149.65 20 97.5278
    endloop
  endfacet
  facet normal 0.555219 0 0.831704
    outer loop
      vertex 149.65 14 97.5278
      vertex 149.465 20 97.6513
      vertex 149.465 14 97.6513
    endloop
  endfacet
  facet normal 0.195251 0 0.980753
    outer loop
      vertex 150.06 20 97.3579
      vertex 150.278 14 97.3145
      vertex 150.278 20 97.3145
    endloop
  endfacet
  facet normal 0.195251 0 0.980753
    outer loop
      vertex 150.278 14 97.3145
      vertex 150.06 20 97.3579
      vertex 150.06 14 97.3579
    endloop
  endfacet
  facet normal 0.0651764 0 0.997874
    outer loop
      vertex 150.278 20 97.3145
      vertex 150.5 14 97.3
      vertex 150.5 20 97.3
    endloop
  endfacet
  facet normal 0.0651764 0 0.997874
    outer loop
      vertex 150.5 14 97.3
      vertex 150.278 20 97.3145
      vertex 150.278 14 97.3145
    endloop
  endfacet
  facet normal 0.750624 0 -0.660729
    outer loop
      vertex 149.298 14 100.202
      vertex 149.151 20 100.035
      vertex 149.298 20 100.202
    endloop
  endfacet
  facet normal 0.750624 0 -0.660729
    outer loop
      vertex 149.151 20 100.035
      vertex 149.298 14 100.202
      vertex 149.151 14 100.035
    endloop
  endfacet
  facet normal 0.318922 0 -0.947781
    outer loop
      vertex 149.849 14 100.571
      vertex 150.06 20 100.642
      vertex 150.06 14 100.642
    endloop
  endfacet
  facet normal 0.318922 0 -0.947781
    outer loop
      vertex 150.06 20 100.642
      vertex 149.849 14 100.571
      vertex 149.849 20 100.571
    endloop
  endfacet
  facet normal 0.445413 0 -0.895325
    outer loop
      vertex 149.65 14 100.472
      vertex 149.849 20 100.571
      vertex 149.849 14 100.571
    endloop
  endfacet
  facet normal 0.445413 0 -0.895325
    outer loop
      vertex 149.849 20 100.571
      vertex 149.65 14 100.472
      vertex 149.65 20 100.472
    endloop
  endfacet
  facet normal 0.947598 -0 0.319466
    outer loop
      vertex 148.858 14 98.56
      vertex 148.929 20 98.3494
      vertex 148.858 20 98.56
    endloop
  endfacet
  facet normal 0.947598 0 0.319466
    outer loop
      vertex 148.929 20 98.3494
      vertex 148.858 14 98.56
      vertex 148.929 14 98.3494
    endloop
  endfacet
  facet normal 0.895681 -0 0.444696
    outer loop
      vertex 148.929 14 98.3494
      vertex 149.028 20 98.15
      vertex 148.929 20 98.3494
    endloop
  endfacet
  facet normal 0.895681 0 0.444696
    outer loop
      vertex 149.028 20 98.15
      vertex 148.929 14 98.3494
      vertex 149.028 14 98.15
    endloop
  endfacet
  facet normal 0.947598 0 -0.319466
    outer loop
      vertex 148.929 14 99.6506
      vertex 148.858 20 99.44
      vertex 148.929 20 99.6506
    endloop
  endfacet
  facet normal 0.947598 0 -0.319466
    outer loop
      vertex 148.858 20 99.44
      vertex 148.929 14 99.6506
      vertex 148.858 14 99.44
    endloop
  endfacet
  facet normal 0.751016 -0 0.660284
    outer loop
      vertex 149.151 14 97.9651
      vertex 149.298 20 97.7979
      vertex 149.151 20 97.9651
    endloop
  endfacet
  facet normal 0.751016 0 0.660284
    outer loop
      vertex 149.298 20 97.7979
      vertex 149.151 14 97.9651
      vertex 149.298 14 97.7979
    endloop
  endfacet
  facet normal 0.659714 0 0.751516
    outer loop
      vertex 149.298 20 97.7979
      vertex 149.465 14 97.6513
      vertex 149.465 20 97.6513
    endloop
  endfacet
  facet normal 0.659714 0 0.751516
    outer loop
      vertex 149.465 14 97.6513
      vertex 149.298 20 97.7979
      vertex 149.298 14 97.7979
    endloop
  endfacet
  facet normal 0.981113 0 -0.193434
    outer loop
      vertex 148.858 14 99.44
      vertex 148.815 20 99.2219
      vertex 148.858 20 99.44
    endloop
  endfacet
  facet normal 0.981113 0 -0.193434
    outer loop
      vertex 148.815 20 99.2219
      vertex 148.858 14 99.44
      vertex 148.815 14 99.2219
    endloop
  endfacet
  facet normal 0.997723 0 -0.0674441
    outer loop
      vertex 148.815 14 99.2219
      vertex 148.8 20 99
      vertex 148.815 20 99.2219
    endloop
  endfacet
  facet normal 0.997723 0 -0.0674441
    outer loop
      vertex 148.8 20 99
      vertex 148.815 14 99.2219
      vertex 148.8 14 99
    endloop
  endfacet
  facet normal 0.832742 0 -0.553661
    outer loop
      vertex 149.151 14 100.035
      vertex 149.028 20 99.85
      vertex 149.151 20 100.035
    endloop
  endfacet
  facet normal 0.832742 0 -0.553661
    outer loop
      vertex 149.028 20 99.85
      vertex 149.151 14 100.035
      vertex 149.028 14 99.85
    endloop
  endfacet
  facet normal 0.895681 0 -0.444696
    outer loop
      vertex 149.028 14 99.85
      vertex 148.929 20 99.6506
      vertex 149.028 20 99.85
    endloop
  endfacet
  facet normal 0.895681 0 -0.444696
    outer loop
      vertex 148.929 20 99.6506
      vertex 149.028 14 99.85
      vertex 148.929 14 99.6506
    endloop
  endfacet
  facet normal 0.659298 0 0.751882
    outer loop
      vertex 17.2394 20 14.5701
      vertex 17.682 14 14.182
      vertex 17.682 20 14.182
    endloop
  endfacet
  facet normal 0.659298 0 0.751882
    outer loop
      vertex 17.682 14 14.182
      vertex 17.2394 20 14.5701
      vertex 17.2394 14 14.5701
    endloop
  endfacet
  facet normal 0.896827 -0 0.442382
    outer loop
      vertex 18.3971 14 13.25
      vertex 18.6575 20 12.7221
      vertex 18.3971 20 13.25
    endloop
  endfacet
  facet normal 0.896827 0 0.442382
    outer loop
      vertex 18.6575 20 12.7221
      vertex 18.3971 14 13.25
      vertex 18.6575 14 12.7221
    endloop
  endfacet
  facet normal 0.555562 0 0.831475
    outer loop
      vertex 16.75 20 14.8971
      vertex 17.2394 14 14.5701
      vertex 17.2394 20 14.5701
    endloop
  endfacet
  facet normal 0.555562 0 0.831475
    outer loop
      vertex 17.2394 14 14.5701
      vertex 16.75 20 14.8971
      vertex 16.75 14 14.8971
    endloop
  endfacet
  facet normal 0.946936 -0 0.321421
    outer loop
      vertex 18.6575 14 12.7221
      vertex 18.8467 20 12.1647
      vertex 18.6575 20 12.7221
    endloop
  endfacet
  facet normal 0.946936 0 0.321421
    outer loop
      vertex 18.8467 20 12.1647
      vertex 18.6575 14 12.7221
      vertex 18.8467 14 12.1647
    endloop
  endfacet
  facet normal -0.831475 0 0.555562
    outer loop
      vertex 10.6029 14 13.25
      vertex 10.9299 20 13.7394
      vertex 10.6029 20 13.25
    endloop
  endfacet
  facet normal -0.831475 0 0.555562
    outer loop
      vertex 10.9299 20 13.7394
      vertex 10.6029 14 13.25
      vertex 10.9299 14 13.7394
    endloop
  endfacet
  facet normal 0.195038 0 0.980796
    outer loop
      vertex 15.0874 20 15.4615
      vertex 15.6647 14 15.3467
      vertex 15.6647 20 15.3467
    endloop
  endfacet
  facet normal 0.195038 0 0.980796
    outer loop
      vertex 15.6647 14 15.3467
      vertex 15.0874 20 15.4615
      vertex 15.0874 14 15.4615
    endloop
  endfacet
  facet normal 0 1 0
    outer loop
      vertex 15.9722 20 10.15
      vertex 18.8794 20 12
      vertex 19 20 12
    endloop
  endfacet
  facet normal 0 1 0
    outer loop
      vertex 18.8794 20 12
      vertex 16.0706 20 11.6506
      vertex 15.9722 20 11.85
    endloop
  endfacet
  facet normal 0 1 0
    outer loop
      vertex 18.8794 20 12
      vertex 16.1421 20 11.44
      vertex 16.0706 20 11.6506
    endloop
  endfacet
  facet normal 0 1 0
    outer loop
      vertex 18.8794 20 12
      vertex 16.1855 20 11.2219
      vertex 16.1421 20 11.44
    endloop
  endfacet
  facet normal 0 1 0
    outer loop
      vertex 18.8794 20 12
      vertex 16.2 20 11
      vertex 16.1855 20 11.2219
    endloop
  endfacet
  facet normal 0 1 0
    outer loop
      vertex 18.8794 20 12
      vertex 16.1855 20 10.7781
      vertex 16.2 20 11
    endloop
  endfacet
  facet normal 0 1 0
    outer loop
      vertex 18.8794 20 12
      vertex 16.1421 20 10.56
      vertex 16.1855 20 10.7781
    endloop
  endfacet
  facet normal 0 1 0
    outer loop
      vertex 18.8794 20 12
      vertex 16.0706 20 10.3494
      vertex 16.1421 20 10.56
    endloop
  endfacet
  facet normal 0 1 0
    outer loop
      vertex 18.8794 20 12
      vertex 15.9722 20 10.15
      vertex 16.0706 20 10.3494
    endloop
  endfacet
  facet normal 0 1 0
    outer loop
      vertex 19 20 12
      vertex 15.8487 20 9.96511
      vertex 15.9722 20 10.15
    endloop
  endfacet
  facet normal 0 1 -0
    outer loop
      vertex 19 20 2
      vertex 15.8487 20 9.96511
      vertex 19 20 12
    endloop
  endfacet
  facet normal 0 1 0
    outer loop
      vertex 15.8487 20 9.96511
      vertex 19 20 2
      vertex 15.7021 20 9.79792
    endloop
  endfacet
  facet normal 0 1 0
    outer loop
      vertex 14.7219 20 9.31454
      vertex 19 20 2
      vertex 14.5 20 9.3
    endloop
  endfacet
  facet normal 0 1 0
    outer loop
      vertex 14.94 20 9.35793
      vertex 19 20 2
      vertex 14.7219 20 9.31454
    endloop
  endfacet
  facet normal 0 1 0
    outer loop
      vertex 15.1506 20 9.42941
      vertex 19 20 2
      vertex 14.94 20 9.35793
    endloop
  endfacet
  facet normal 0 1 0
    outer loop
      vertex 15.35 20 9.52776
      vertex 19 20 2
      vertex 15.1506 20 9.42941
    endloop
  endfacet
  facet normal 0 1 0
    outer loop
      vertex 15.5349 20 9.6513
      vertex 19 20 2
      vertex 15.35 20 9.52776
    endloop
  endfacet
  facet normal 0 1 0
    outer loop
      vertex 15.7021 20 9.79792
      vertex 19 20 2
      vertex 15.5349 20 9.6513
    endloop
  endfacet
  facet normal 0 1 0
    outer loop
      vertex 14.5 20 12.7
      vertex 14.5 20 15.5
      vertex 15.0874 20 15.4615
    endloop
  endfacet
  facet normal 0 1 0
    outer loop
      vertex 14.7219 20 12.6855
      vertex 15.0874 20 15.4615
      vertex 15.6647 20 15.3467
    endloop
  endfacet
  facet normal 0 1 0
    outer loop
      vertex 14.5 20 15.5
      vertex 14.5 20 12.7
      vertex 13.9126 20 15.4615
    endloop
  endfacet
  facet normal 0 1 0
    outer loop
      vertex 14.94 20 12.6421
      vertex 15.6647 20 15.3467
      vertex 16.2221 20 15.1575
    endloop
  endfacet
  facet normal 0 1 -0
    outer loop
      vertex 14.2781 20 12.6855
      vertex 13.9126 20 15.4615
      vertex 14.5 20 12.7
    endloop
  endfacet
  facet normal 0 1 0
    outer loop
      vertex 15.1506 20 12.5706
      vertex 16.2221 20 15.1575
      vertex 16.75 20 14.8971
    endloop
  endfacet
  facet normal 0 1 0
    outer loop
      vertex 13.9126 20 15.4615
      vertex 14.2781 20 12.6855
      vertex 13.3353 20 15.3467
    endloop
  endfacet
  facet normal 0 1 0
    outer loop
      vertex 15.35 20 12.4722
      vertex 16.75 20 14.8971
      vertex 17.2394 20 14.5701
    endloop
  endfacet
  facet normal 0 1 -0
    outer loop
      vertex 14.06 20 12.6421
      vertex 13.3353 20 15.3467
      vertex 14.2781 20 12.6855
    endloop
  endfacet
  facet normal 0 1 0
    outer loop
      vertex 15.5349 20 12.3487
      vertex 17.2394 20 14.5701
      vertex 17.682 20 14.182
    endloop
  endfacet
  facet normal 0 1 0
    outer loop
      vertex 13.3353 20 15.3467
      vertex 14.06 20 12.6421
      vertex 12.7779 20 15.1575
    endloop
  endfacet
  facet normal 0 1 0
    outer loop
      vertex 15.7021 20 12.2021
      vertex 17.682 20 14.182
      vertex 18.0701 20 13.7394
    endloop
  endfacet
  facet normal 0 1 -0
    outer loop
      vertex 13.8494 20 12.5706
      vertex 12.7779 20 15.1575
      vertex 14.06 20 12.6421
    endloop
  endfacet
  facet normal 0 1 0
    outer loop
      vertex 15.8487 20 12.0349
      vertex 18.0701 20 13.7394
      vertex 18.3971 20 13.25
    endloop
  endfacet
  facet normal 0 1 0
    outer loop
      vertex 12.7779 20 15.1575
      vertex 13.8494 20 12.5706
      vertex 12.25 20 14.8971
    endloop
  endfacet
  facet normal 0 1 0
    outer loop
      vertex 15.9722 20 11.85
      vertex 18.3971 20 13.25
      vertex 18.6575 20 12.7221
    endloop
  endfacet
  facet normal 0 1 -0
    outer loop
      vertex 13.65 20 12.4722
      vertex 12.25 20 14.8971
      vertex 13.8494 20 12.5706
    endloop
  endfacet
  facet normal 0 1 0
    outer loop
      vertex 12.25 20 14.8971
      vertex 13.65 20 12.4722
      vertex 11.7606 20 14.5701
    endloop
  endfacet
  facet normal 0 1 0
    outer loop
      vertex 15.0874 20 15.4615
      vertex 14.7219 20 12.6855
      vertex 14.5 20 12.7
    endloop
  endfacet
  facet normal 0 1 0
    outer loop
      vertex 15.6647 20 15.3467
      vertex 14.94 20 12.6421
      vertex 14.7219 20 12.6855
    endloop
  endfacet
  facet normal 0 1 0
    outer loop
      vertex 16.2221 20 15.1575
      vertex 15.1506 20 12.5706
      vertex 14.94 20 12.6421
    endloop
  endfacet
  facet normal 0 1 0
    outer loop
      vertex 16.75 20 14.8971
      vertex 15.35 20 12.4722
      vertex 15.1506 20 12.5706
    endloop
  endfacet
  facet normal 0 1 0
    outer loop
      vertex 17.2394 20 14.5701
      vertex 15.5349 20 12.3487
      vertex 15.35 20 12.4722
    endloop
  endfacet
  facet normal 0 1 0
    outer loop
      vertex 17.682 20 14.182
      vertex 15.7021 20 12.2021
      vertex 15.5349 20 12.3487
    endloop
  endfacet
  facet normal 0 1 0
    outer loop
      vertex 15.9722 20 11.85
      vertex 18.6575 20 12.7221
      vertex 18.8467 20 12.1647
    endloop
  endfacet
  facet normal 0 1 0
    outer loop
      vertex 18.0701 20 13.7394
      vertex 15.8487 20 12.0349
      vertex 15.7021 20 12.2021
    endloop
  endfacet
  facet normal 0 1 0
    outer loop
      vertex 15.9722 20 11.85
      vertex 18.8467 20 12.1647
      vertex 18.8794 20 12
    endloop
  endfacet
  facet normal 0 1 0
    outer loop
      vertex 18.3971 20 13.25
      vertex 15.9722 20 11.85
      vertex 15.8487 20 12.0349
    endloop
  endfacet
  facet normal 0 1 -0
    outer loop
      vertex 13.4651 20 12.3487
      vertex 11.7606 20 14.5701
      vertex 13.65 20 12.4722
    endloop
  endfacet
  facet normal 0 1 0
    outer loop
      vertex 11.7606 20 14.5701
      vertex 13.4651 20 12.3487
      vertex 11.318 20 14.182
    endloop
  endfacet
  facet normal 0 1 -0
    outer loop
      vertex 13.2979 20 12.2021
      vertex 11.318 20 14.182
      vertex 13.4651 20 12.3487
    endloop
  endfacet
  facet normal 0 1 0
    outer loop
      vertex 11.318 20 14.182
      vertex 13.2979 20 12.2021
      vertex 10.9299 20 13.7394
    endloop
  endfacet
  facet normal 0 1 -0
    outer loop
      vertex 13.1513 20 12.0349
      vertex 10.9299 20 13.7394
      vertex 13.2979 20 12.2021
    endloop
  endfacet
  facet normal 0 1 0
    outer loop
      vertex 10.9299 20 13.7394
      vertex 13.1513 20 12.0349
      vertex 10.6029 20 13.25
    endloop
  endfacet
  facet normal 0 1 -0
    outer loop
      vertex 13.0278 20 11.85
      vertex 10.6029 20 13.25
      vertex 13.1513 20 12.0349
    endloop
  endfacet
  facet normal 0 1 0
    outer loop
      vertex 10.6029 20 13.25
      vertex 13.0278 20 11.85
      vertex 10.3425 20 12.7221
    endloop
  endfacet
  facet normal 0 1 -0
    outer loop
      vertex 12.9294 20 11.6506
      vertex 10.3425 20 12.7221
      vertex 13.0278 20 11.85
    endloop
  endfacet
  facet normal 0 1 0
    outer loop
      vertex 10.3425 20 12.7221
      vertex 12.9294 20 11.6506
      vertex 10.1533 20 12.1647
    endloop
  endfacet
  facet normal 0 1 -0
    outer loop
      vertex 12.8579 20 11.44
      vertex 10.1533 20 12.1647
      vertex 12.9294 20 11.6506
    endloop
  endfacet
  facet normal 0 1 0
    outer loop
      vertex 10.1533 20 12.1647
      vertex 12.8579 20 11.44
      vertex 10.1206 20 12
    endloop
  endfacet
  facet normal 0 1 -0
    outer loop
      vertex 12.8145 20 11.2219
      vertex 10.1206 20 12
      vertex 12.8579 20 11.44
    endloop
  endfacet
  facet normal 0 1 -0
    outer loop
      vertex 12.8 20 11
      vertex 10.1206 20 12
      vertex 12.8145 20 11.2219
    endloop
  endfacet
  facet normal 0 1 0
    outer loop
      vertex 12.8145 20 10.7781
      vertex 10.1206 20 12
      vertex 12.8 20 11
    endloop
  endfacet
  facet normal 0 1 0
    outer loop
      vertex 12.8579 20 10.56
      vertex 10.1206 20 12
      vertex 12.8145 20 10.7781
    endloop
  endfacet
  facet normal 0 1 0
    outer loop
      vertex 12.9294 20 10.3494
      vertex 10.1206 20 12
      vertex 12.8579 20 10.56
    endloop
  endfacet
  facet normal 0 1 0
    outer loop
      vertex 13.0278 20 10.15
      vertex 10.1206 20 12
      vertex 12.9294 20 10.3494
    endloop
  endfacet
  facet normal 0 1 0
    outer loop
      vertex 10.1206 20 12
      vertex 13.0278 20 10.15
      vertex 10 20 12
    endloop
  endfacet
  facet normal 0 1 0
    outer loop
      vertex 13.1513 20 9.96511
      vertex 10 20 12
      vertex 13.0278 20 10.15
    endloop
  endfacet
  facet normal 0 1 0
    outer loop
      vertex 10 20 2
      vertex 13.1513 20 9.96511
      vertex 13.2979 20 9.79792
    endloop
  endfacet
  facet normal 0 1 0
    outer loop
      vertex 10 20 2
      vertex 13.2979 20 9.79792
      vertex 13.4651 20 9.6513
    endloop
  endfacet
  facet normal 0 1 0
    outer loop
      vertex 10 20 2
      vertex 14.5 20 9.3
      vertex 19 20 2
    endloop
  endfacet
  facet normal 0 1 0
    outer loop
      vertex 14.5 20 9.3
      vertex 10 20 2
      vertex 14.2781 20 9.31454
    endloop
  endfacet
  facet normal 0 1 0
    outer loop
      vertex 14.2781 20 9.31454
      vertex 10 20 2
      vertex 14.06 20 9.35793
    endloop
  endfacet
  facet normal 0 1 0
    outer loop
      vertex 14.06 20 9.35793
      vertex 10 20 2
      vertex 13.8494 20 9.42941
    endloop
  endfacet
  facet normal 0 1 0
    outer loop
      vertex 13.8494 20 9.42941
      vertex 10 20 2
      vertex 13.65 20 9.52776
    endloop
  endfacet
  facet normal 0 1 0
    outer loop
      vertex 13.65 20 9.52776
      vertex 10 20 2
      vertex 13.4651 20 9.6513
    endloop
  endfacet
  facet normal 0 1 0
    outer loop
      vertex 13.1513 20 9.96511
      vertex 10 20 2
      vertex 10 20 12
    endloop
  endfacet
  facet normal 0 -1 0
    outer loop
      vertex 13.0278 14 10.15
      vertex 10.1206 14 12
      vertex 10 14 12
    endloop
  endfacet
  facet normal 0 -1 0
    outer loop
      vertex 10.1206 14 12
      vertex 12.9294 14 11.6506
      vertex 13.0278 14 11.85
    endloop
  endfacet
  facet normal 0 -1 0
    outer loop
      vertex 10.1206 14 12
      vertex 12.8579 14 11.44
      vertex 12.9294 14 11.6506
    endloop
  endfacet
  facet normal 0 -1 0
    outer loop
      vertex 10.1206 14 12
      vertex 12.8145 14 11.2219
      vertex 12.8579 14 11.44
    endloop
  endfacet
  facet normal 0 -1 0
    outer loop
      vertex 10.1206 14 12
      vertex 12.8 14 11
      vertex 12.8145 14 11.2219
    endloop
  endfacet
  facet normal 0 -1 0
    outer loop
      vertex 10.1206 14 12
      vertex 12.8145 14 10.7781
      vertex 12.8 14 11
    endloop
  endfacet
  facet normal 0 -1 0
    outer loop
      vertex 10.1206 14 12
      vertex 12.8579 14 10.56
      vertex 12.8145 14 10.7781
    endloop
  endfacet
  facet normal 0 -1 0
    outer loop
      vertex 10.1206 14 12
      vertex 12.9294 14 10.3494
      vertex 12.8579 14 10.56
    endloop
  endfacet
  facet normal 0 -1 0
    outer loop
      vertex 10.1206 14 12
      vertex 13.0278 14 10.15
      vertex 12.9294 14 10.3494
    endloop
  endfacet
  facet normal 0 -1 0
    outer loop
      vertex 10 14 12
      vertex 13.1513 14 9.96511
      vertex 13.0278 14 10.15
    endloop
  endfacet
  facet normal 0 -1 0
    outer loop
      vertex 10 14 3
      vertex 13.1513 14 9.96511
      vertex 10 14 12
    endloop
  endfacet
  facet normal 0 -1 -0
    outer loop
      vertex 13.1513 14 9.96511
      vertex 10 14 3
      vertex 13.2979 14 9.79792
    endloop
  endfacet
  facet normal 0 -1 -0
    outer loop
      vertex 14.2781 14 9.31454
      vertex 10 14 3
      vertex 14.5 14 9.3
    endloop
  endfacet
  facet normal 0 -1 -0
    outer loop
      vertex 14.06 14 9.35793
      vertex 10 14 3
      vertex 14.2781 14 9.31454
    endloop
  endfacet
  facet normal 0 -1 -0
    outer loop
      vertex 13.8494 14 9.42941
      vertex 10 14 3
      vertex 14.06 14 9.35793
    endloop
  endfacet
  facet normal 0 -1 -0
    outer loop
      vertex 13.65 14 9.52776
      vertex 10 14 3
      vertex 13.8494 14 9.42941
    endloop
  endfacet
  facet normal 0 -1 -0
    outer loop
      vertex 13.4651 14 9.6513
      vertex 10 14 3
      vertex 13.65 14 9.52776
    endloop
  endfacet
  facet normal 0 -1 -0
    outer loop
      vertex 13.2979 14 9.79792
      vertex 10 14 3
      vertex 13.4651 14 9.6513
    endloop
  endfacet
  facet normal 0 -1 0
    outer loop
      vertex 14.5 14 12.7
      vertex 14.5 14 15.5
      vertex 13.9126 14 15.4615
    endloop
  endfacet
  facet normal 0 -1 0
    outer loop
      vertex 14.2781 14 12.6855
      vertex 13.9126 14 15.4615
      vertex 13.3353 14 15.3467
    endloop
  endfacet
  facet normal 0 -1 0
    outer loop
      vertex 14.5 14 15.5
      vertex 14.5 14 12.7
      vertex 15.0874 14 15.4615
    endloop
  endfacet
  facet normal 0 -1 0
    outer loop
      vertex 14.06 14 12.6421
      vertex 13.3353 14 15.3467
      vertex 12.7779 14 15.1575
    endloop
  endfacet
  facet normal 0 -1 0
    outer loop
      vertex 14.7219 14 12.6855
      vertex 15.0874 14 15.4615
      vertex 14.5 14 12.7
    endloop
  endfacet
  facet normal 0 -1 0
    outer loop
      vertex 13.8494 14 12.5706
      vertex 12.7779 14 15.1575
      vertex 12.25 14 14.8971
    endloop
  endfacet
  facet normal 0 -1 -0
    outer loop
      vertex 15.0874 14 15.4615
      vertex 14.7219 14 12.6855
      vertex 15.6647 14 15.3467
    endloop
  endfacet
  facet normal 0 -1 0
    outer loop
      vertex 13.65 14 12.4722
      vertex 12.25 14 14.8971
      vertex 11.7606 14 14.5701
    endloop
  endfacet
  facet normal 0 -1 0
    outer loop
      vertex 14.94 14 12.6421
      vertex 15.6647 14 15.3467
      vertex 14.7219 14 12.6855
    endloop
  endfacet
  facet normal 0 -1 0
    outer loop
      vertex 13.4651 14 12.3487
      vertex 11.7606 14 14.5701
      vertex 11.318 14 14.182
    endloop
  endfacet
  facet normal 0 -1 -0
    outer loop
      vertex 15.6647 14 15.3467
      vertex 14.94 14 12.6421
      vertex 16.2221 14 15.1575
    endloop
  endfacet
  facet normal 0 -1 0
    outer loop
      vertex 13.2979 14 12.2021
      vertex 11.318 14 14.182
      vertex 10.9299 14 13.7394
    endloop
  endfacet
  facet normal 0 -1 0
    outer loop
      vertex 15.1506 14 12.5706
      vertex 16.2221 14 15.1575
      vertex 14.94 14 12.6421
    endloop
  endfacet
  facet normal 0 -1 0
    outer loop
      vertex 13.1513 14 12.0349
      vertex 10.9299 14 13.7394
      vertex 10.6029 14 13.25
    endloop
  endfacet
  facet normal 0 -1 -0
    outer loop
      vertex 16.2221 14 15.1575
      vertex 15.1506 14 12.5706
      vertex 16.75 14 14.8971
    endloop
  endfacet
  facet normal 0 -1 0
    outer loop
      vertex 13.0278 14 11.85
      vertex 10.6029 14 13.25
      vertex 10.3425 14 12.7221
    endloop
  endfacet
  facet normal 0 -1 0
    outer loop
      vertex 15.35 14 12.4722
      vertex 16.75 14 14.8971
      vertex 15.1506 14 12.5706
    endloop
  endfacet
  facet normal 0 -1 -0
    outer loop
      vertex 16.75 14 14.8971
      vertex 15.35 14 12.4722
      vertex 17.2394 14 14.5701
    endloop
  endfacet
  facet normal 0 -1 0
    outer loop
      vertex 13.9126 14 15.4615
      vertex 14.2781 14 12.6855
      vertex 14.5 14 12.7
    endloop
  endfacet
  facet normal 0 -1 0
    outer loop
      vertex 13.3353 14 15.3467
      vertex 14.06 14 12.6421
      vertex 14.2781 14 12.6855
    endloop
  endfacet
  facet normal 0 -1 0
    outer loop
      vertex 12.7779 14 15.1575
      vertex 13.8494 14 12.5706
      vertex 14.06 14 12.6421
    endloop
  endfacet
  facet normal 0 -1 0
    outer loop
      vertex 12.25 14 14.8971
      vertex 13.65 14 12.4722
      vertex 13.8494 14 12.5706
    endloop
  endfacet
  facet normal 0 -1 0
    outer loop
      vertex 11.7606 14 14.5701
      vertex 13.4651 14 12.3487
      vertex 13.65 14 12.4722
    endloop
  endfacet
  facet normal 0 -1 0
    outer loop
      vertex 11.318 14 14.182
      vertex 13.2979 14 12.2021
      vertex 13.4651 14 12.3487
    endloop
  endfacet
  facet normal 0 -1 0
    outer loop
      vertex 13.0278 14 11.85
      vertex 10.3425 14 12.7221
      vertex 10.1533 14 12.1647
    endloop
  endfacet
  facet normal 0 -1 0
    outer loop
      vertex 10.9299 14 13.7394
      vertex 13.1513 14 12.0349
      vertex 13.2979 14 12.2021
    endloop
  endfacet
  facet normal 0 -1 0
    outer loop
      vertex 13.0278 14 11.85
      vertex 10.1533 14 12.1647
      vertex 10.1206 14 12
    endloop
  endfacet
  facet normal 0 -1 0
    outer loop
      vertex 10.6029 14 13.25
      vertex 13.0278 14 11.85
      vertex 13.1513 14 12.0349
    endloop
  endfacet
  facet normal 0 -1 0
    outer loop
      vertex 15.5349 14 12.3487
      vertex 17.2394 14 14.5701
      vertex 15.35 14 12.4722
    endloop
  endfacet
  facet normal 0 -1 -0
    outer loop
      vertex 17.2394 14 14.5701
      vertex 15.5349 14 12.3487
      vertex 17.682 14 14.182
    endloop
  endfacet
  facet normal 0 -1 0
    outer loop
      vertex 15.7021 14 12.2021
      vertex 17.682 14 14.182
      vertex 15.5349 14 12.3487
    endloop
  endfacet
  facet normal 0 -1 -0
    outer loop
      vertex 17.682 14 14.182
      vertex 15.7021 14 12.2021
      vertex 18.0701 14 13.7394
    endloop
  endfacet
  facet normal 0 -1 0
    outer loop
      vertex 15.8487 14 12.0349
      vertex 18.0701 14 13.7394
      vertex 15.7021 14 12.2021
    endloop
  endfacet
  facet normal 0 -1 -0
    outer loop
      vertex 18.0701 14 13.7394
      vertex 15.8487 14 12.0349
      vertex 18.3971 14 13.25
    endloop
  endfacet
  facet normal 0 -1 0
    outer loop
      vertex 15.9722 14 11.85
      vertex 18.3971 14 13.25
      vertex 15.8487 14 12.0349
    endloop
  endfacet
  facet normal 0 -1 -0
    outer loop
      vertex 18.3971 14 13.25
      vertex 15.9722 14 11.85
      vertex 18.6575 14 12.7221
    endloop
  endfacet
  facet normal 0 -1 0
    outer loop
      vertex 16.0706 14 11.6506
      vertex 18.6575 14 12.7221
      vertex 15.9722 14 11.85
    endloop
  endfacet
  facet normal 0 -1 -0
    outer loop
      vertex 18.6575 14 12.7221
      vertex 16.0706 14 11.6506
      vertex 18.8467 14 12.1647
    endloop
  endfacet
  facet normal 0 -1 0
    outer loop
      vertex 16.1421 14 11.44
      vertex 18.8467 14 12.1647
      vertex 16.0706 14 11.6506
    endloop
  endfacet
  facet normal 0 -1 -0
    outer loop
      vertex 18.8467 14 12.1647
      vertex 16.1421 14 11.44
      vertex 18.8794 14 12
    endloop
  endfacet
  facet normal 0 -1 0
    outer loop
      vertex 16.1855 14 11.2219
      vertex 18.8794 14 12
      vertex 16.1421 14 11.44
    endloop
  endfacet
  facet normal 0 -1 0
    outer loop
      vertex 16.2 14 11
      vertex 18.8794 14 12
      vertex 16.1855 14 11.2219
    endloop
  endfacet
  facet normal 0 -1 0
    outer loop
      vertex 16.1855 14 10.7781
      vertex 18.8794 14 12
      vertex 16.2 14 11
    endloop
  endfacet
  facet normal 0 -1 0
    outer loop
      vertex 16.1421 14 10.56
      vertex 18.8794 14 12
      vertex 16.1855 14 10.7781
    endloop
  endfacet
  facet normal 0 -1 0
    outer loop
      vertex 16.0706 14 10.3494
      vertex 18.8794 14 12
      vertex 16.1421 14 10.56
    endloop
  endfacet
  facet normal 0 -1 0
    outer loop
      vertex 15.9722 14 10.15
      vertex 18.8794 14 12
      vertex 16.0706 14 10.3494
    endloop
  endfacet
  facet normal 0 -1 -0
    outer loop
      vertex 18.8794 14 12
      vertex 15.9722 14 10.15
      vertex 19 14 12
    endloop
  endfacet
  facet normal 0 -1 0
    outer loop
      vertex 15.8487 14 9.96511
      vertex 19 14 12
      vertex 15.9722 14 10.15
    endloop
  endfacet
  facet normal 0 -1 0
    outer loop
      vertex 19 14 3
      vertex 15.8487 14 9.96511
      vertex 15.7021 14 9.79792
    endloop
  endfacet
  facet normal 0 -1 0
    outer loop
      vertex 19 14 3
      vertex 15.7021 14 9.79792
      vertex 15.5349 14 9.6513
    endloop
  endfacet
  facet normal 0 -1 0
    outer loop
      vertex 19 14 3
      vertex 14.5 14 9.3
      vertex 10 14 3
    endloop
  endfacet
  facet normal 0 -1 0
    outer loop
      vertex 14.5 14 9.3
      vertex 19 14 3
      vertex 14.7219 14 9.31454
    endloop
  endfacet
  facet normal 0 -1 0
    outer loop
      vertex 14.7219 14 9.31454
      vertex 19 14 3
      vertex 14.94 14 9.35793
    endloop
  endfacet
  facet normal 0 -1 0
    outer loop
      vertex 14.94 14 9.35793
      vertex 19 14 3
      vertex 15.1506 14 9.42941
    endloop
  endfacet
  facet normal 0 -1 0
    outer loop
      vertex 15.1506 14 9.42941
      vertex 19 14 3
      vertex 15.35 14 9.52776
    endloop
  endfacet
  facet normal 0 -1 0
    outer loop
      vertex 15.35 14 9.52776
      vertex 19 14 3
      vertex 15.5349 14 9.6513
    endloop
  endfacet
  facet normal 0 -1 0
    outer loop
      vertex 15.8487 14 9.96511
      vertex 19 14 3
      vertex 19 14 12
    endloop
  endfacet
  facet normal 0.831475 -0 0.555562
    outer loop
      vertex 18.0701 14 13.7394
      vertex 18.3971 20 13.25
      vertex 18.0701 20 13.7394
    endloop
  endfacet
  facet normal 0.831475 0 0.555562
    outer loop
      vertex 18.3971 20 13.25
      vertex 18.0701 14 13.7394
      vertex 18.3971 14 13.25
    endloop
  endfacet
  facet normal 0.751882 -0 0.659298
    outer loop
      vertex 17.682 14 14.182
      vertex 18.0701 20 13.7394
      vertex 17.682 20 14.182
    endloop
  endfacet
  facet normal 0.751882 0 0.659298
    outer loop
      vertex 18.0701 20 13.7394
      vertex 17.682 14 14.182
      vertex 18.0701 14 13.7394
    endloop
  endfacet
  facet normal 0.980855 -0 0.194742
    outer loop
      vertex 18.8467 14 12.1647
      vertex 18.8794 20 12
      vertex 18.8467 20 12.1647
    endloop
  endfacet
  facet normal 0.980855 0 0.194742
    outer loop
      vertex 18.8794 20 12
      vertex 18.8467 14 12.1647
      vertex 18.8794 14 12
    endloop
  endfacet
  facet normal -0.980855 0 0.194742
    outer loop
      vertex 10.1206 14 12
      vertex 10.1533 20 12.1647
      vertex 10.1206 20 12
    endloop
  endfacet
  facet normal -0.980855 0 0.194742
    outer loop
      vertex 10.1533 20 12.1647
      vertex 10.1206 14 12
      vertex 10.1533 14 12.1647
    endloop
  endfacet
  facet normal -0.555562 0 0.831475
    outer loop
      vertex 11.7606 20 14.5701
      vertex 12.25 14 14.8971
      vertex 12.25 20 14.8971
    endloop
  endfacet
  facet normal -0.555562 0 0.831475
    outer loop
      vertex 12.25 14 14.8971
      vertex 11.7606 20 14.5701
      vertex 11.7606 14 14.5701
    endloop
  endfacet
  facet normal -0.751882 0 0.659298
    outer loop
      vertex 10.9299 14 13.7394
      vertex 11.318 20 14.182
      vertex 10.9299 20 13.7394
    endloop
  endfacet
  facet normal -0.751882 0 0.659298
    outer loop
      vertex 11.318 20 14.182
      vertex 10.9299 14 13.7394
      vertex 11.318 14 14.182
    endloop
  endfacet
  facet normal -0.442382 0 0.896827
    outer loop
      vertex 12.25 20 14.8971
      vertex 12.7779 14 15.1575
      vertex 12.7779 20 15.1575
    endloop
  endfacet
  facet normal -0.442382 0 0.896827
    outer loop
      vertex 12.7779 14 15.1575
      vertex 12.25 20 14.8971
      vertex 12.25 14 14.8971
    endloop
  endfacet
  facet normal -0.195038 0 0.980796
    outer loop
      vertex 13.3353 20 15.3467
      vertex 13.9126 14 15.4615
      vertex 13.9126 20 15.4615
    endloop
  endfacet
  facet normal -0.195038 0 0.980796
    outer loop
      vertex 13.9126 14 15.4615
      vertex 13.3353 20 15.3467
      vertex 13.3353 14 15.3467
    endloop
  endfacet
  facet normal 0.442382 0 0.896827
    outer loop
      vertex 16.2221 20 15.1575
      vertex 16.75 14 14.8971
      vertex 16.75 20 14.8971
    endloop
  endfacet
  facet normal 0.442382 0 0.896827
    outer loop
      vertex 16.75 14 14.8971
      vertex 16.2221 20 15.1575
      vertex 16.2221 14 15.1575
    endloop
  endfacet
  facet normal 0.321421 0 0.946936
    outer loop
      vertex 15.6647 20 15.3467
      vertex 16.2221 14 15.1575
      vertex 16.2221 20 15.1575
    endloop
  endfacet
  facet normal 0.321421 0 0.946936
    outer loop
      vertex 16.2221 14 15.1575
      vertex 15.6647 20 15.3467
      vertex 15.6647 14 15.3467
    endloop
  endfacet
  facet normal 0.0654027 0 0.997859
    outer loop
      vertex 14.5 20 15.5
      vertex 15.0874 14 15.4615
      vertex 15.0874 20 15.4615
    endloop
  endfacet
  facet normal 0.0654027 0 0.997859
    outer loop
      vertex 15.0874 14 15.4615
      vertex 14.5 20 15.5
      vertex 14.5 14 15.5
    endloop
  endfacet
  facet normal -0.0654027 0 0.997859
    outer loop
      vertex 13.9126 20 15.4615
      vertex 14.5 14 15.5
      vertex 14.5 20 15.5
    endloop
  endfacet
  facet normal -0.0654027 0 0.997859
    outer loop
      vertex 14.5 14 15.5
      vertex 13.9126 20 15.4615
      vertex 13.9126 14 15.4615
    endloop
  endfacet
  facet normal -0.896827 0 0.442382
    outer loop
      vertex 10.3425 14 12.7221
      vertex 10.6029 20 13.25
      vertex 10.3425 20 12.7221
    endloop
  endfacet
  facet normal -0.896827 0 0.442382
    outer loop
      vertex 10.6029 20 13.25
      vertex 10.3425 14 12.7221
      vertex 10.6029 14 13.25
    endloop
  endfacet
  facet normal -0.946936 0 0.321421
    outer loop
      vertex 10.1533 14 12.1647
      vertex 10.3425 20 12.7221
      vertex 10.1533 20 12.1647
    endloop
  endfacet
  facet normal -0.946936 0 0.321421
    outer loop
      vertex 10.3425 20 12.7221
      vertex 10.1533 14 12.1647
      vertex 10.3425 14 12.7221
    endloop
  endfacet
  facet normal -0.659298 0 0.751882
    outer loop
      vertex 11.318 20 14.182
      vertex 11.7606 14 14.5701
      vertex 11.7606 20 14.5701
    endloop
  endfacet
  facet normal -0.659298 0 0.751882
    outer loop
      vertex 11.7606 14 14.5701
      vertex 11.318 20 14.182
      vertex 11.318 14 14.182
    endloop
  endfacet
  facet normal -0.321421 0 0.946936
    outer loop
      vertex 12.7779 20 15.1575
      vertex 13.3353 14 15.3467
      vertex 13.3353 20 15.3467
    endloop
  endfacet
  facet normal -0.321421 0 0.946936
    outer loop
      vertex 13.3353 14 15.3467
      vertex 12.7779 20 15.1575
      vertex 12.7779 14 15.1575
    endloop
  endfacet
  facet normal -0 0 1
    outer loop
      vertex 10 20 12
      vertex 10.1206 14 12
      vertex 10.1206 20 12
    endloop
  endfacet
  facet normal 0 0 1
    outer loop
      vertex 10.1206 14 12
      vertex 10 20 12
      vertex 10 14 12
    endloop
  endfacet
  facet normal -0 0 1
    outer loop
      vertex 18.8794 20 12
      vertex 19 14 12
      vertex 19 20 12
    endloop
  endfacet
  facet normal 0 0 1
    outer loop
      vertex 19 14 12
      vertex 18.8794 20 12
      vertex 18.8794 14 12
    endloop
  endfacet
  facet normal 1 0 0
    outer loop
      vertex 19 20 12
      vertex 19 19.8707 3
      vertex 19 20 2
    endloop
  endfacet
  facet normal 1 -0 0
    outer loop
      vertex 19 14 12
      vertex 19 19.8707 3
      vertex 19 20 12
    endloop
  endfacet
  facet normal 1 0 0
    outer loop
      vertex 19 19.8707 3
      vertex 19 14 12
      vertex 19 14 3
    endloop
  endfacet
  facet normal 1 -0 0
    outer loop
      vertex 19 19.8637 2.96472
      vertex 19 20 2
      vertex 19 19.8707 3
    endloop
  endfacet
  facet normal 1 -0 0
    outer loop
      vertex 19 19.6955 2.46927
      vertex 19 20 2
      vertex 19 19.8637 2.96472
    endloop
  endfacet
  facet normal 1 0 0
    outer loop
      vertex 19 20 2
      vertex 19 19.6955 2.46927
      vertex 19 19.4641 2
    endloop
  endfacet
  facet normal 0 0 -1
    outer loop
      vertex 10 19.4641 2
      vertex 19 20 2
      vertex 19 19.4641 2
    endloop
  endfacet
  facet normal -0 0 -1
    outer loop
      vertex 19 20 2
      vertex 10 19.4641 2
      vertex 10 20 2
    endloop
  endfacet
  facet normal -1 0 0
    outer loop
      vertex 10 20 2
      vertex 10 19.8707 3
      vertex 10 20 12
    endloop
  endfacet
  facet normal -1 0 0
    outer loop
      vertex 10 20 2
      vertex 10 19.8637 2.96472
      vertex 10 19.8707 3
    endloop
  endfacet
  facet normal -1 0 0
    outer loop
      vertex 10 20 2
      vertex 10 19.6955 2.46927
      vertex 10 19.8637 2.96472
    endloop
  endfacet
  facet normal -1 0 -0
    outer loop
      vertex 10 19.6955 2.46927
      vertex 10 20 2
      vertex 10 19.4641 2
    endloop
  endfacet
  facet normal -1 0 0
    outer loop
      vertex 10 14 12
      vertex 10 19.8707 3
      vertex 10 14 3
    endloop
  endfacet
  facet normal -1 0 0
    outer loop
      vertex 10 19.8707 3
      vertex 10 14 12
      vertex 10 20 12
    endloop
  endfacet
  facet normal -0.0653848 0 0.99786
    outer loop
      vertex 14.5 20 9.3
      vertex 14.7219 14 9.31454
      vertex 14.7219 20 9.31454
    endloop
  endfacet
  facet normal -0.0653848 0 0.99786
    outer loop
      vertex 14.7219 14 9.31454
      vertex 14.5 20 9.3
      vertex 14.5 14 9.3
    endloop
  endfacet
  facet normal -0.195122 0 0.980779
    outer loop
      vertex 14.7219 20 9.31454
      vertex 14.94 14 9.35793
      vertex 14.94 20 9.35793
    endloop
  endfacet
  facet normal -0.195122 0 0.980779
    outer loop
      vertex 14.94 14 9.35793
      vertex 14.7219 20 9.31454
      vertex 14.7219 14 9.31454
    endloop
  endfacet
  facet normal -0.997872 0 -0.0652057
    outer loop
      vertex 16.2 14 11
      vertex 16.1855 20 11.2219
      vertex 16.2 20 11
    endloop
  endfacet
  facet normal -0.997872 -0 -0.0652057
    outer loop
      vertex 16.1855 20 11.2219
      vertex 16.2 14 11
      vertex 16.1855 14 11.2219
    endloop
  endfacet
  facet normal -0.751888 0 0.659291
    outer loop
      vertex 15.7021 14 9.79792
      vertex 15.8487 20 9.96511
      vertex 15.7021 20 9.79792
    endloop
  endfacet
  facet normal -0.751888 0 0.659291
    outer loop
      vertex 15.8487 20 9.96511
      vertex 15.7021 14 9.79792
      vertex 15.8487 14 9.96511
    endloop
  endfacet
  facet normal -0.659268 0 -0.751908
    outer loop
      vertex 15.5349 14 12.3487
      vertex 15.7021 20 12.2021
      vertex 15.7021 14 12.2021
    endloop
  endfacet
  facet normal -0.659268 0 -0.751908
    outer loop
      vertex 15.7021 20 12.2021
      vertex 15.5349 14 12.3487
      vertex 15.5349 20 12.3487
    endloop
  endfacet
  facet normal -0.896754 0 -0.44253
    outer loop
      vertex 16.0706 14 11.6506
      vertex 15.9722 20 11.85
      vertex 16.0706 20 11.6506
    endloop
  endfacet
  facet normal -0.896754 -0 -0.44253
    outer loop
      vertex 15.9722 20 11.85
      vertex 16.0706 14 11.6506
      vertex 15.9722 14 11.85
    endloop
  endfacet
  facet normal -0.946915 0 0.321484
    outer loop
      vertex 16.0706 14 10.3494
      vertex 16.1421 20 10.56
      vertex 16.0706 20 10.3494
    endloop
  endfacet
  facet normal -0.946915 0 0.321484
    outer loop
      vertex 16.1421 20 10.56
      vertex 16.0706 14 10.3494
      vertex 16.1421 14 10.56
    endloop
  endfacet
  facet normal -0.896754 0 0.44253
    outer loop
      vertex 15.9722 14 10.15
      vertex 16.0706 20 10.3494
      vertex 15.9722 20 10.15
    endloop
  endfacet
  facet normal -0.896754 0 0.44253
    outer loop
      vertex 16.0706 20 10.3494
      vertex 15.9722 14 10.15
      vertex 16.0706 14 10.3494
    endloop
  endfacet
  facet normal -0.321484 0 -0.946915
    outer loop
      vertex 14.94 14 12.6421
      vertex 15.1506 20 12.5706
      vertex 15.1506 14 12.5706
    endloop
  endfacet
  facet normal -0.321484 0 -0.946915
    outer loop
      vertex 15.1506 20 12.5706
      vertex 14.94 14 12.6421
      vertex 14.94 20 12.6421
    endloop
  endfacet
  facet normal -0.555426 0 -0.831566
    outer loop
      vertex 15.35 14 12.4722
      vertex 15.5349 20 12.3487
      vertex 15.5349 14 12.3487
    endloop
  endfacet
  facet normal -0.555426 0 -0.831566
    outer loop
      vertex 15.5349 20 12.3487
      vertex 15.35 14 12.4722
      vertex 15.35 20 12.4722
    endloop
  endfacet
  facet normal -0.98077 0 -0.195165
    outer loop
      vertex 16.1855 14 11.2219
      vertex 16.1421 20 11.44
      vertex 16.1855 20 11.2219
    endloop
  endfacet
  facet normal -0.98077 -0 -0.195165
    outer loop
      vertex 16.1421 20 11.44
      vertex 16.1855 14 11.2219
      vertex 16.1421 14 11.44
    endloop
  endfacet
  facet normal 0.321403 0 0.946943
    outer loop
      vertex 13.8494 20 9.42941
      vertex 14.06 14 9.35793
      vertex 14.06 20 9.35793
    endloop
  endfacet
  facet normal 0.321403 0 0.946943
    outer loop
      vertex 14.06 14 9.35793
      vertex 13.8494 20 9.42941
      vertex 13.8494 14 9.42941
    endloop
  endfacet
  facet normal 0.98077 -0 0.195165
    outer loop
      vertex 12.8145 14 10.7781
      vertex 12.8579 20 10.56
      vertex 12.8145 20 10.7781
    endloop
  endfacet
  facet normal 0.98077 0 0.195165
    outer loop
      vertex 12.8579 20 10.56
      vertex 12.8145 14 10.7781
      vertex 12.8579 14 10.56
    endloop
  endfacet
  facet normal -0.555551 0 0.831483
    outer loop
      vertex 15.35 20 9.52776
      vertex 15.5349 14 9.6513
      vertex 15.5349 20 9.6513
    endloop
  endfacet
  facet normal -0.555551 0 0.831483
    outer loop
      vertex 15.5349 14 9.6513
      vertex 15.35 20 9.52776
      vertex 15.35 14 9.52776
    endloop
  endfacet
  facet normal -0.98077 0 0.195165
    outer loop
      vertex 16.1421 14 10.56
      vertex 16.1855 20 10.7781
      vertex 16.1421 20 10.56
    endloop
  endfacet
  facet normal -0.98077 0 0.195165
    outer loop
      vertex 16.1855 20 10.7781
      vertex 16.1421 14 10.56
      vertex 16.1855 14 10.7781
    endloop
  endfacet
  facet normal -0.997872 0 0.0652057
    outer loop
      vertex 16.1855 14 10.7781
      vertex 16.2 20 11
      vertex 16.1855 20 10.7781
    endloop
  endfacet
  facet normal -0.997872 0 0.0652057
    outer loop
      vertex 16.2 20 11
      vertex 16.1855 14 10.7781
      vertex 16.2 14 11
    endloop
  endfacet
  facet normal -0.831552 0 0.555447
    outer loop
      vertex 15.8487 14 9.96511
      vertex 15.9722 20 10.15
      vertex 15.8487 20 9.96511
    endloop
  endfacet
  facet normal -0.831552 0 0.555447
    outer loop
      vertex 15.9722 20 10.15
      vertex 15.8487 14 9.96511
      vertex 15.9722 14 10.15
    endloop
  endfacet
  facet normal -0.44253 0 -0.896754
    outer loop
      vertex 15.1506 14 12.5706
      vertex 15.35 20 12.4722
      vertex 15.35 14 12.4722
    endloop
  endfacet
  facet normal -0.44253 0 -0.896754
    outer loop
      vertex 15.35 20 12.4722
      vertex 15.1506 14 12.5706
      vertex 15.1506 20 12.5706
    endloop
  endfacet
  facet normal -0.195165 0 -0.98077
    outer loop
      vertex 14.7219 14 12.6855
      vertex 14.94 20 12.6421
      vertex 14.94 14 12.6421
    endloop
  endfacet
  facet normal -0.195165 0 -0.98077
    outer loop
      vertex 14.94 20 12.6421
      vertex 14.7219 14 12.6855
      vertex 14.7219 20 12.6855
    endloop
  endfacet
  facet normal -0.0652057 0 -0.997872
    outer loop
      vertex 14.5 14 12.7
      vertex 14.7219 20 12.6855
      vertex 14.7219 14 12.6855
    endloop
  endfacet
  facet normal -0.0652057 0 -0.997872
    outer loop
      vertex 14.7219 20 12.6855
      vertex 14.5 14 12.7
      vertex 14.5 20 12.7
    endloop
  endfacet
  facet normal 0.0652057 0 -0.997872
    outer loop
      vertex 14.2781 14 12.6855
      vertex 14.5 20 12.7
      vertex 14.5 14 12.7
    endloop
  endfacet
  facet normal 0.0652057 0 -0.997872
    outer loop
      vertex 14.5 20 12.7
      vertex 14.2781 14 12.6855
      vertex 14.2781 20 12.6855
    endloop
  endfacet
  facet normal -0.831566 0 -0.555426
    outer loop
      vertex 15.9722 14 11.85
      vertex 15.8487 20 12.0349
      vertex 15.9722 20 11.85
    endloop
  endfacet
  facet normal -0.831566 -0 -0.555426
    outer loop
      vertex 15.8487 20 12.0349
      vertex 15.9722 14 11.85
      vertex 15.8487 14 12.0349
    endloop
  endfacet
  facet normal 0.831552 -0 0.555447
    outer loop
      vertex 13.0278 14 10.15
      vertex 13.1513 20 9.96511
      vertex 13.0278 20 10.15
    endloop
  endfacet
  facet normal 0.831552 0 0.555447
    outer loop
      vertex 13.1513 20 9.96511
      vertex 13.0278 14 10.15
      vertex 13.1513 14 9.96511
    endloop
  endfacet
  facet normal 0.442349 0 0.896843
    outer loop
      vertex 13.65 20 9.52776
      vertex 13.8494 14 9.42941
      vertex 13.8494 20 9.42941
    endloop
  endfacet
  facet normal 0.442349 0 0.896843
    outer loop
      vertex 13.8494 14 9.42941
      vertex 13.65 20 9.52776
      vertex 13.65 14 9.52776
    endloop
  endfacet
  facet normal 0.555426 0 -0.831566
    outer loop
      vertex 13.4651 14 12.3487
      vertex 13.65 20 12.4722
      vertex 13.65 14 12.4722
    endloop
  endfacet
  facet normal 0.555426 0 -0.831566
    outer loop
      vertex 13.65 20 12.4722
      vertex 13.4651 14 12.3487
      vertex 13.4651 20 12.3487
    endloop
  endfacet
  facet normal 0.659268 0 -0.751908
    outer loop
      vertex 13.2979 14 12.2021
      vertex 13.4651 20 12.3487
      vertex 13.4651 14 12.3487
    endloop
  endfacet
  facet normal 0.659268 0 -0.751908
    outer loop
      vertex 13.4651 20 12.3487
      vertex 13.2979 14 12.2021
      vertex 13.2979 20 12.2021
    endloop
  endfacet
  facet normal 0.195165 0 -0.98077
    outer loop
      vertex 14.06 14 12.6421
      vertex 14.2781 20 12.6855
      vertex 14.2781 14 12.6855
    endloop
  endfacet
  facet normal 0.195165 0 -0.98077
    outer loop
      vertex 14.2781 20 12.6855
      vertex 14.06 14 12.6421
      vertex 14.06 20 12.6421
    endloop
  endfacet
  facet normal 0.997872 -0 0.0652057
    outer loop
      vertex 12.8 14 11
      vertex 12.8145 20 10.7781
      vertex 12.8 20 11
    endloop
  endfacet
  facet normal 0.997872 0 0.0652057
    outer loop
      vertex 12.8145 20 10.7781
      vertex 12.8 14 11
      vertex 12.8145 14 10.7781
    endloop
  endfacet
  facet normal -0.321403 0 0.946943
    outer loop
      vertex 14.94 20 9.35793
      vertex 15.1506 14 9.42941
      vertex 15.1506 20 9.42941
    endloop
  endfacet
  facet normal -0.321403 0 0.946943
    outer loop
      vertex 15.1506 14 9.42941
      vertex 14.94 20 9.35793
      vertex 14.94 14 9.35793
    endloop
  endfacet
  facet normal -0.442349 0 0.896843
    outer loop
      vertex 15.1506 20 9.42941
      vertex 15.35 14 9.52776
      vertex 15.35 20 9.52776
    endloop
  endfacet
  facet normal -0.442349 0 0.896843
    outer loop
      vertex 15.35 14 9.52776
      vertex 15.1506 20 9.42941
      vertex 15.1506 14 9.42941
    endloop
  endfacet
  facet normal -0.659319 0 0.751863
    outer loop
      vertex 15.5349 20 9.6513
      vertex 15.7021 14 9.79792
      vertex 15.7021 20 9.79792
    endloop
  endfacet
  facet normal -0.659319 0 0.751863
    outer loop
      vertex 15.7021 14 9.79792
      vertex 15.5349 20 9.6513
      vertex 15.5349 14 9.6513
    endloop
  endfacet
  facet normal -0.751908 0 -0.659268
    outer loop
      vertex 15.8487 14 12.0349
      vertex 15.7021 20 12.2021
      vertex 15.8487 20 12.0349
    endloop
  endfacet
  facet normal -0.751908 -0 -0.659268
    outer loop
      vertex 15.7021 20 12.2021
      vertex 15.8487 14 12.0349
      vertex 15.7021 14 12.2021
    endloop
  endfacet
  facet normal -0.946915 0 -0.321484
    outer loop
      vertex 16.1421 14 11.44
      vertex 16.0706 20 11.6506
      vertex 16.1421 20 11.44
    endloop
  endfacet
  facet normal -0.946915 -0 -0.321484
    outer loop
      vertex 16.0706 20 11.6506
      vertex 16.1421 14 11.44
      vertex 16.0706 14 11.6506
    endloop
  endfacet
  facet normal 0.555551 0 0.831483
    outer loop
      vertex 13.4651 20 9.6513
      vertex 13.65 14 9.52776
      vertex 13.65 20 9.52776
    endloop
  endfacet
  facet normal 0.555551 0 0.831483
    outer loop
      vertex 13.65 14 9.52776
      vertex 13.4651 20 9.6513
      vertex 13.4651 14 9.6513
    endloop
  endfacet
  facet normal 0.195122 0 0.980779
    outer loop
      vertex 14.06 20 9.35793
      vertex 14.2781 14 9.31454
      vertex 14.2781 20 9.31454
    endloop
  endfacet
  facet normal 0.195122 0 0.980779
    outer loop
      vertex 14.2781 14 9.31454
      vertex 14.06 20 9.35793
      vertex 14.06 14 9.35793
    endloop
  endfacet
  facet normal 0.0653848 0 0.99786
    outer loop
      vertex 14.2781 20 9.31454
      vertex 14.5 14 9.3
      vertex 14.5 20 9.3
    endloop
  endfacet
  facet normal 0.0653848 0 0.99786
    outer loop
      vertex 14.5 14 9.3
      vertex 14.2781 20 9.31454
      vertex 14.2781 14 9.31454
    endloop
  endfacet
  facet normal 0.751908 0 -0.659268
    outer loop
      vertex 13.2979 14 12.2021
      vertex 13.1513 20 12.0349
      vertex 13.2979 20 12.2021
    endloop
  endfacet
  facet normal 0.751908 0 -0.659268
    outer loop
      vertex 13.1513 20 12.0349
      vertex 13.2979 14 12.2021
      vertex 13.1513 14 12.0349
    endloop
  endfacet
  facet normal 0.321484 0 -0.946915
    outer loop
      vertex 13.8494 14 12.5706
      vertex 14.06 20 12.6421
      vertex 14.06 14 12.6421
    endloop
  endfacet
  facet normal 0.321484 0 -0.946915
    outer loop
      vertex 14.06 20 12.6421
      vertex 13.8494 14 12.5706
      vertex 13.8494 20 12.5706
    endloop
  endfacet
  facet normal 0.44253 0 -0.896754
    outer loop
      vertex 13.65 14 12.4722
      vertex 13.8494 20 12.5706
      vertex 13.8494 14 12.5706
    endloop
  endfacet
  facet normal 0.44253 0 -0.896754
    outer loop
      vertex 13.8494 20 12.5706
      vertex 13.65 14 12.4722
      vertex 13.65 20 12.4722
    endloop
  endfacet
  facet normal 0.946915 -0 0.321484
    outer loop
      vertex 12.8579 14 10.56
      vertex 12.9294 20 10.3494
      vertex 12.8579 20 10.56
    endloop
  endfacet
  facet normal 0.946915 0 0.321484
    outer loop
      vertex 12.9294 20 10.3494
      vertex 12.8579 14 10.56
      vertex 12.9294 14 10.3494
    endloop
  endfacet
  facet normal 0.896754 -0 0.44253
    outer loop
      vertex 12.9294 14 10.3494
      vertex 13.0278 20 10.15
      vertex 12.9294 20 10.3494
    endloop
  endfacet
  facet normal 0.896754 0 0.44253
    outer loop
      vertex 13.0278 20 10.15
      vertex 12.9294 14 10.3494
      vertex 13.0278 14 10.15
    endloop
  endfacet
  facet normal 0.946915 0 -0.321484
    outer loop
      vertex 12.9294 14 11.6506
      vertex 12.8579 20 11.44
      vertex 12.9294 20 11.6506
    endloop
  endfacet
  facet normal 0.946915 0 -0.321484
    outer loop
      vertex 12.8579 20 11.44
      vertex 12.9294 14 11.6506
      vertex 12.8579 14 11.44
    endloop
  endfacet
  facet normal 0.751888 -0 0.659291
    outer loop
      vertex 13.1513 14 9.96511
      vertex 13.2979 20 9.79792
      vertex 13.1513 20 9.96511
    endloop
  endfacet
  facet normal 0.751888 0 0.659291
    outer loop
      vertex 13.2979 20 9.79792
      vertex 13.1513 14 9.96511
      vertex 13.2979 14 9.79792
    endloop
  endfacet
  facet normal 0.659319 0 0.751863
    outer loop
      vertex 13.2979 20 9.79792
      vertex 13.4651 14 9.6513
      vertex 13.4651 20 9.6513
    endloop
  endfacet
  facet normal 0.659319 0 0.751863
    outer loop
      vertex 13.4651 14 9.6513
      vertex 13.2979 20 9.79792
      vertex 13.2979 14 9.79792
    endloop
  endfacet
  facet normal 0.98077 0 -0.195165
    outer loop
      vertex 12.8579 14 11.44
      vertex 12.8145 20 11.2219
      vertex 12.8579 20 11.44
    endloop
  endfacet
  facet normal 0.98077 0 -0.195165
    outer loop
      vertex 12.8145 20 11.2219
      vertex 12.8579 14 11.44
      vertex 12.8145 14 11.2219
    endloop
  endfacet
  facet normal 0.997872 0 -0.0652057
    outer loop
      vertex 12.8145 14 11.2219
      vertex 12.8 20 11
      vertex 12.8145 20 11.2219
    endloop
  endfacet
  facet normal 0.997872 0 -0.0652057
    outer loop
      vertex 12.8 20 11
      vertex 12.8145 14 11.2219
      vertex 12.8 14 11
    endloop
  endfacet
  facet normal 0.831566 0 -0.555426
    outer loop
      vertex 13.1513 14 12.0349
      vertex 13.0278 20 11.85
      vertex 13.1513 20 12.0349
    endloop
  endfacet
  facet normal 0.831566 0 -0.555426
    outer loop
      vertex 13.0278 20 11.85
      vertex 13.1513 14 12.0349
      vertex 13.0278 14 11.85
    endloop
  endfacet
  facet normal 0.896754 0 -0.44253
    outer loop
      vertex 13.0278 14 11.85
      vertex 12.9294 20 11.6506
      vertex 13.0278 20 11.85
    endloop
  endfacet
  facet normal 0.896754 0 -0.44253
    outer loop
      vertex 12.9294 20 11.6506
      vertex 13.0278 14 11.85
      vertex 12.9294 14 11.6506
    endloop
  endfacet
  facet normal 0.658961 0 0.752177
    outer loop
      vertex 153.239 20 14.5701
      vertex 153.682 14 14.182
      vertex 153.682 20 14.182
    endloop
  endfacet
  facet normal 0.658961 0 0.752177
    outer loop
      vertex 153.682 14 14.182
      vertex 153.239 20 14.5701
      vertex 153.239 14 14.5701
    endloop
  endfacet
  facet normal 0.897096 -0 0.441836
    outer loop
      vertex 154.397 14 13.25
      vertex 154.657 20 12.7221
      vertex 154.397 20 13.25
    endloop
  endfacet
  facet normal 0.897096 0 0.441836
    outer loop
      vertex 154.657 20 12.7221
      vertex 154.397 14 13.25
      vertex 154.657 14 12.7221
    endloop
  endfacet
  facet normal 0.321628 0 0.946866
    outer loop
      vertex 151.665 20 15.3467
      vertex 152.222 14 15.1575
      vertex 152.222 20 15.1575
    endloop
  endfacet
  facet normal 0.321628 0 0.946866
    outer loop
      vertex 152.222 14 15.1575
      vertex 151.665 20 15.3467
      vertex 151.665 14 15.3467
    endloop
  endfacet
  facet normal 0.555877 0 0.831265
    outer loop
      vertex 152.75 20 14.8971
      vertex 153.239 14 14.5701
      vertex 153.239 20 14.5701
    endloop
  endfacet
  facet normal 0.555877 0 0.831265
    outer loop
      vertex 153.239 14 14.5701
      vertex 152.75 20 14.8971
      vertex 152.75 14 14.8971
    endloop
  endfacet
  facet normal 0.946522 -0 0.322639
    outer loop
      vertex 154.657 14 12.7221
      vertex 154.847 20 12.1647
      vertex 154.657 20 12.7221
    endloop
  endfacet
  facet normal 0.946522 0 0.322639
    outer loop
      vertex 154.847 20 12.1647
      vertex 154.657 14 12.7221
      vertex 154.847 14 12.1647
    endloop
  endfacet
  facet normal -0.831475 0 0.555562
    outer loop
      vertex 146.603 14 13.25
      vertex 146.93 20 13.7394
      vertex 146.603 20 13.25
    endloop
  endfacet
  facet normal -0.831475 0 0.555562
    outer loop
      vertex 146.93 20 13.7394
      vertex 146.603 14 13.25
      vertex 146.93 14 13.7394
    endloop
  endfacet
  facet normal 0.194811 0 0.980841
    outer loop
      vertex 151.087 20 15.4615
      vertex 151.665 14 15.3467
      vertex 151.665 20 15.3467
    endloop
  endfacet
  facet normal 0.194811 0 0.980841
    outer loop
      vertex 151.665 14 15.3467
      vertex 151.087 20 15.4615
      vertex 151.087 14 15.4615
    endloop
  endfacet
  facet normal 0 1 0
    outer loop
      vertex 151.972 20 10.15
      vertex 154.879 20 12
      vertex 155 20 12
    endloop
  endfacet
  facet normal 0 1 0
    outer loop
      vertex 154.879 20 12
      vertex 152.071 20 11.6506
      vertex 151.972 20 11.85
    endloop
  endfacet
  facet normal 0 1 0
    outer loop
      vertex 154.879 20 12
      vertex 152.142 20 11.44
      vertex 152.071 20 11.6506
    endloop
  endfacet
  facet normal 0 1 0
    outer loop
      vertex 154.879 20 12
      vertex 152.185 20 11.2219
      vertex 152.142 20 11.44
    endloop
  endfacet
  facet normal 0 1 0
    outer loop
      vertex 154.879 20 12
      vertex 152.2 20 11
      vertex 152.185 20 11.2219
    endloop
  endfacet
  facet normal 0 1 0
    outer loop
      vertex 154.879 20 12
      vertex 152.185 20 10.7781
      vertex 152.2 20 11
    endloop
  endfacet
  facet normal 0 1 0
    outer loop
      vertex 154.879 20 12
      vertex 152.142 20 10.56
      vertex 152.185 20 10.7781
    endloop
  endfacet
  facet normal 0 1 0
    outer loop
      vertex 154.879 20 12
      vertex 152.071 20 10.3494
      vertex 152.142 20 10.56
    endloop
  endfacet
  facet normal 0 1 0
    outer loop
      vertex 154.879 20 12
      vertex 151.972 20 10.15
      vertex 152.071 20 10.3494
    endloop
  endfacet
  facet normal 0 1 0
    outer loop
      vertex 155 20 12
      vertex 151.849 20 9.96511
      vertex 151.972 20 10.15
    endloop
  endfacet
  facet normal 0 1 -0
    outer loop
      vertex 155 20 2
      vertex 151.849 20 9.96511
      vertex 155 20 12
    endloop
  endfacet
  facet normal 0 1 0
    outer loop
      vertex 151.849 20 9.96511
      vertex 155 20 2
      vertex 151.702 20 9.79792
    endloop
  endfacet
  facet normal 0 1 0
    outer loop
      vertex 150.722 20 9.31454
      vertex 155 20 2
      vertex 150.5 20 9.3
    endloop
  endfacet
  facet normal 0 1 0
    outer loop
      vertex 150.94 20 9.35793
      vertex 155 20 2
      vertex 150.722 20 9.31454
    endloop
  endfacet
  facet normal 0 1 0
    outer loop
      vertex 151.151 20 9.42941
      vertex 155 20 2
      vertex 150.94 20 9.35793
    endloop
  endfacet
  facet normal 0 1 0
    outer loop
      vertex 151.35 20 9.52776
      vertex 155 20 2
      vertex 151.151 20 9.42941
    endloop
  endfacet
  facet normal 0 1 0
    outer loop
      vertex 151.535 20 9.6513
      vertex 155 20 2
      vertex 151.35 20 9.52776
    endloop
  endfacet
  facet normal 0 1 0
    outer loop
      vertex 151.702 20 9.79792
      vertex 155 20 2
      vertex 151.535 20 9.6513
    endloop
  endfacet
  facet normal 0 1 0
    outer loop
      vertex 150.5 20 12.7
      vertex 150.5 20 15.5
      vertex 151.087 20 15.4615
    endloop
  endfacet
  facet normal 0 1 0
    outer loop
      vertex 150.722 20 12.6855
      vertex 151.087 20 15.4615
      vertex 151.665 20 15.3467
    endloop
  endfacet
  facet normal 0 1 0
    outer loop
      vertex 150.5 20 15.5
      vertex 150.5 20 12.7
      vertex 149.913 20 15.4615
    endloop
  endfacet
  facet normal 0 1 0
    outer loop
      vertex 150.94 20 12.6421
      vertex 151.665 20 15.3467
      vertex 152.222 20 15.1575
    endloop
  endfacet
  facet normal 0 1 -0
    outer loop
      vertex 150.278 20 12.6855
      vertex 149.913 20 15.4615
      vertex 150.5 20 12.7
    endloop
  endfacet
  facet normal 0 1 0
    outer loop
      vertex 151.151 20 12.5706
      vertex 152.222 20 15.1575
      vertex 152.75 20 14.8971
    endloop
  endfacet
  facet normal 0 1 0
    outer loop
      vertex 149.913 20 15.4615
      vertex 150.278 20 12.6855
      vertex 149.335 20 15.3467
    endloop
  endfacet
  facet normal 0 1 0
    outer loop
      vertex 151.35 20 12.4722
      vertex 152.75 20 14.8971
      vertex 153.239 20 14.5701
    endloop
  endfacet
  facet normal 0 1 -0
    outer loop
      vertex 150.06 20 12.6421
      vertex 149.335 20 15.3467
      vertex 150.278 20 12.6855
    endloop
  endfacet
  facet normal 0 1 0
    outer loop
      vertex 151.535 20 12.3487
      vertex 153.239 20 14.5701
      vertex 153.682 20 14.182
    endloop
  endfacet
  facet normal 0 1 0
    outer loop
      vertex 149.335 20 15.3467
      vertex 150.06 20 12.6421
      vertex 148.778 20 15.1575
    endloop
  endfacet
  facet normal 0 1 0
    outer loop
      vertex 151.702 20 12.2021
      vertex 153.682 20 14.182
      vertex 154.07 20 13.7394
    endloop
  endfacet
  facet normal 0 1 -0
    outer loop
      vertex 149.849 20 12.5706
      vertex 148.778 20 15.1575
      vertex 150.06 20 12.6421
    endloop
  endfacet
  facet normal 0 1 0
    outer loop
      vertex 151.849 20 12.0349
      vertex 154.07 20 13.7394
      vertex 154.397 20 13.25
    endloop
  endfacet
  facet normal 0 1 0
    outer loop
      vertex 148.778 20 15.1575
      vertex 149.849 20 12.5706
      vertex 148.25 20 14.8971
    endloop
  endfacet
  facet normal 0 1 0
    outer loop
      vertex 151.972 20 11.85
      vertex 154.397 20 13.25
      vertex 154.657 20 12.7221
    endloop
  endfacet
  facet normal 0 1 -0
    outer loop
      vertex 149.65 20 12.4722
      vertex 148.25 20 14.8971
      vertex 149.849 20 12.5706
    endloop
  endfacet
  facet normal 0 1 0
    outer loop
      vertex 148.25 20 14.8971
      vertex 149.65 20 12.4722
      vertex 147.761 20 14.5701
    endloop
  endfacet
  facet normal 0 1 0
    outer loop
      vertex 151.087 20 15.4615
      vertex 150.722 20 12.6855
      vertex 150.5 20 12.7
    endloop
  endfacet
  facet normal 0 1 0
    outer loop
      vertex 151.665 20 15.3467
      vertex 150.94 20 12.6421
      vertex 150.722 20 12.6855
    endloop
  endfacet
  facet normal 0 1 0
    outer loop
      vertex 152.222 20 15.1575
      vertex 151.151 20 12.5706
      vertex 150.94 20 12.6421
    endloop
  endfacet
  facet normal 0 1 0
    outer loop
      vertex 152.75 20 14.8971
      vertex 151.35 20 12.4722
      vertex 151.151 20 12.5706
    endloop
  endfacet
  facet normal 0 1 0
    outer loop
      vertex 153.239 20 14.5701
      vertex 151.535 20 12.3487
      vertex 151.35 20 12.4722
    endloop
  endfacet
  facet normal 0 1 0
    outer loop
      vertex 153.682 20 14.182
      vertex 151.702 20 12.2021
      vertex 151.535 20 12.3487
    endloop
  endfacet
  facet normal 0 1 0
    outer loop
      vertex 151.972 20 11.85
      vertex 154.657 20 12.7221
      vertex 154.847 20 12.1647
    endloop
  endfacet
  facet normal 0 1 0
    outer loop
      vertex 154.07 20 13.7394
      vertex 151.849 20 12.0349
      vertex 151.702 20 12.2021
    endloop
  endfacet
  facet normal 0 1 0
    outer loop
      vertex 151.972 20 11.85
      vertex 154.847 20 12.1647
      vertex 154.879 20 12
    endloop
  endfacet
  facet normal 0 1 0
    outer loop
      vertex 154.397 20 13.25
      vertex 151.972 20 11.85
      vertex 151.849 20 12.0349
    endloop
  endfacet
  facet normal 0 1 -0
    outer loop
      vertex 149.465 20 12.3487
      vertex 147.761 20 14.5701
      vertex 149.65 20 12.4722
    endloop
  endfacet
  facet normal 0 1 0
    outer loop
      vertex 147.761 20 14.5701
      vertex 149.465 20 12.3487
      vertex 147.318 20 14.182
    endloop
  endfacet
  facet normal 0 1 -0
    outer loop
      vertex 149.298 20 12.2021
      vertex 147.318 20 14.182
      vertex 149.465 20 12.3487
    endloop
  endfacet
  facet normal 0 1 0
    outer loop
      vertex 147.318 20 14.182
      vertex 149.298 20 12.2021
      vertex 146.93 20 13.7394
    endloop
  endfacet
  facet normal 0 1 -0
    outer loop
      vertex 149.151 20 12.0349
      vertex 146.93 20 13.7394
      vertex 149.298 20 12.2021
    endloop
  endfacet
  facet normal 0 1 0
    outer loop
      vertex 146.93 20 13.7394
      vertex 149.151 20 12.0349
      vertex 146.603 20 13.25
    endloop
  endfacet
  facet normal 0 1 -0
    outer loop
      vertex 149.028 20 11.85
      vertex 146.603 20 13.25
      vertex 149.151 20 12.0349
    endloop
  endfacet
  facet normal 0 1 0
    outer loop
      vertex 146.603 20 13.25
      vertex 149.028 20 11.85
      vertex 146.343 20 12.7221
    endloop
  endfacet
  facet normal 0 1 -0
    outer loop
      vertex 148.929 20 11.6506
      vertex 146.343 20 12.7221
      vertex 149.028 20 11.85
    endloop
  endfacet
  facet normal 0 1 0
    outer loop
      vertex 146.343 20 12.7221
      vertex 148.929 20 11.6506
      vertex 146.153 20 12.1647
    endloop
  endfacet
  facet normal 0 1 -0
    outer loop
      vertex 148.858 20 11.44
      vertex 146.153 20 12.1647
      vertex 148.929 20 11.6506
    endloop
  endfacet
  facet normal 0 1 0
    outer loop
      vertex 146.153 20 12.1647
      vertex 148.858 20 11.44
      vertex 146.121 20 12
    endloop
  endfacet
  facet normal 0 1 -0
    outer loop
      vertex 148.815 20 11.2219
      vertex 146.121 20 12
      vertex 148.858 20 11.44
    endloop
  endfacet
  facet normal 0 1 -0
    outer loop
      vertex 148.8 20 11
      vertex 146.121 20 12
      vertex 148.815 20 11.2219
    endloop
  endfacet
  facet normal 0 1 0
    outer loop
      vertex 148.815 20 10.7781
      vertex 146.121 20 12
      vertex 148.8 20 11
    endloop
  endfacet
  facet normal 0 1 0
    outer loop
      vertex 148.858 20 10.56
      vertex 146.121 20 12
      vertex 148.815 20 10.7781
    endloop
  endfacet
  facet normal 0 1 0
    outer loop
      vertex 148.929 20 10.3494
      vertex 146.121 20 12
      vertex 148.858 20 10.56
    endloop
  endfacet
  facet normal 0 1 0
    outer loop
      vertex 149.028 20 10.15
      vertex 146.121 20 12
      vertex 148.929 20 10.3494
    endloop
  endfacet
  facet normal 0 1 0
    outer loop
      vertex 146.121 20 12
      vertex 149.028 20 10.15
      vertex 146 20 12
    endloop
  endfacet
  facet normal 0 1 0
    outer loop
      vertex 149.151 20 9.96511
      vertex 146 20 12
      vertex 149.028 20 10.15
    endloop
  endfacet
  facet normal 0 1 0
    outer loop
      vertex 146 20 2
      vertex 149.151 20 9.96511
      vertex 149.298 20 9.79792
    endloop
  endfacet
  facet normal 0 1 0
    outer loop
      vertex 146 20 2
      vertex 149.298 20 9.79792
      vertex 149.465 20 9.6513
    endloop
  endfacet
  facet normal 0 1 0
    outer loop
      vertex 146 20 2
      vertex 150.5 20 9.3
      vertex 155 20 2
    endloop
  endfacet
  facet normal 0 1 0
    outer loop
      vertex 150.5 20 9.3
      vertex 146 20 2
      vertex 150.278 20 9.31454
    endloop
  endfacet
  facet normal 0 1 0
    outer loop
      vertex 150.278 20 9.31454
      vertex 146 20 2
      vertex 150.06 20 9.35793
    endloop
  endfacet
  facet normal 0 1 0
    outer loop
      vertex 150.06 20 9.35793
      vertex 146 20 2
      vertex 149.849 20 9.42941
    endloop
  endfacet
  facet normal 0 1 0
    outer loop
      vertex 149.849 20 9.42941
      vertex 146 20 2
      vertex 149.65 20 9.52776
    endloop
  endfacet
  facet normal 0 1 0
    outer loop
      vertex 149.65 20 9.52776
      vertex 146 20 2
      vertex 149.465 20 9.6513
    endloop
  endfacet
  facet normal 0 1 0
    outer loop
      vertex 149.151 20 9.96511
      vertex 146 20 2
      vertex 146 20 12
    endloop
  endfacet
  facet normal 0 -1 0
    outer loop
      vertex 149.028 14 10.15
      vertex 146.121 14 12
      vertex 146 14 12
    endloop
  endfacet
  facet normal 0 -1 0
    outer loop
      vertex 146.121 14 12
      vertex 148.929 14 11.6506
      vertex 149.028 14 11.85
    endloop
  endfacet
  facet normal 0 -1 0
    outer loop
      vertex 146.121 14 12
      vertex 148.858 14 11.44
      vertex 148.929 14 11.6506
    endloop
  endfacet
  facet normal 0 -1 0
    outer loop
      vertex 146.121 14 12
      vertex 148.815 14 11.2219
      vertex 148.858 14 11.44
    endloop
  endfacet
  facet normal 0 -1 0
    outer loop
      vertex 146.121 14 12
      vertex 148.8 14 11
      vertex 148.815 14 11.2219
    endloop
  endfacet
  facet normal 0 -1 0
    outer loop
      vertex 146.121 14 12
      vertex 148.815 14 10.7781
      vertex 148.8 14 11
    endloop
  endfacet
  facet normal 0 -1 0
    outer loop
      vertex 146.121 14 12
      vertex 148.858 14 10.56
      vertex 148.815 14 10.7781
    endloop
  endfacet
  facet normal 0 -1 0
    outer loop
      vertex 146.121 14 12
      vertex 148.929 14 10.3494
      vertex 148.858 14 10.56
    endloop
  endfacet
  facet normal 0 -1 0
    outer loop
      vertex 146.121 14 12
      vertex 149.028 14 10.15
      vertex 148.929 14 10.3494
    endloop
  endfacet
  facet normal 0 -1 0
    outer loop
      vertex 146 14 12
      vertex 149.151 14 9.96511
      vertex 149.028 14 10.15
    endloop
  endfacet
  facet normal 0 -1 0
    outer loop
      vertex 146 14 3
      vertex 149.151 14 9.96511
      vertex 146 14 12
    endloop
  endfacet
  facet normal 0 -1 -0
    outer loop
      vertex 149.151 14 9.96511
      vertex 146 14 3
      vertex 149.298 14 9.79792
    endloop
  endfacet
  facet normal 0 -1 -0
    outer loop
      vertex 150.278 14 9.31454
      vertex 146 14 3
      vertex 150.5 14 9.3
    endloop
  endfacet
  facet normal 0 -1 -0
    outer loop
      vertex 150.06 14 9.35793
      vertex 146 14 3
      vertex 150.278 14 9.31454
    endloop
  endfacet
  facet normal 0 -1 -0
    outer loop
      vertex 149.849 14 9.42941
      vertex 146 14 3
      vertex 150.06 14 9.35793
    endloop
  endfacet
  facet normal 0 -1 -0
    outer loop
      vertex 149.65 14 9.52776
      vertex 146 14 3
      vertex 149.849 14 9.42941
    endloop
  endfacet
  facet normal 0 -1 -0
    outer loop
      vertex 149.465 14 9.6513
      vertex 146 14 3
      vertex 149.65 14 9.52776
    endloop
  endfacet
  facet normal 0 -1 -0
    outer loop
      vertex 149.298 14 9.79792
      vertex 146 14 3
      vertex 149.465 14 9.6513
    endloop
  endfacet
  facet normal 0 -1 0
    outer loop
      vertex 150.5 14 12.7
      vertex 150.5 14 15.5
      vertex 149.913 14 15.4615
    endloop
  endfacet
  facet normal 0 -1 0
    outer loop
      vertex 150.278 14 12.6855
      vertex 149.913 14 15.4615
      vertex 149.335 14 15.3467
    endloop
  endfacet
  facet normal 0 -1 0
    outer loop
      vertex 150.5 14 15.5
      vertex 150.5 14 12.7
      vertex 151.087 14 15.4615
    endloop
  endfacet
  facet normal 0 -1 0
    outer loop
      vertex 150.06 14 12.6421
      vertex 149.335 14 15.3467
      vertex 148.778 14 15.1575
    endloop
  endfacet
  facet normal 0 -1 0
    outer loop
      vertex 150.722 14 12.6855
      vertex 151.087 14 15.4615
      vertex 150.5 14 12.7
    endloop
  endfacet
  facet normal 0 -1 0
    outer loop
      vertex 149.849 14 12.5706
      vertex 148.778 14 15.1575
      vertex 148.25 14 14.8971
    endloop
  endfacet
  facet normal 0 -1 -0
    outer loop
      vertex 151.087 14 15.4615
      vertex 150.722 14 12.6855
      vertex 151.665 14 15.3467
    endloop
  endfacet
  facet normal 0 -1 0
    outer loop
      vertex 149.65 14 12.4722
      vertex 148.25 14 14.8971
      vertex 147.761 14 14.5701
    endloop
  endfacet
  facet normal 0 -1 0
    outer loop
      vertex 150.94 14 12.6421
      vertex 151.665 14 15.3467
      vertex 150.722 14 12.6855
    endloop
  endfacet
  facet normal 0 -1 0
    outer loop
      vertex 149.465 14 12.3487
      vertex 147.761 14 14.5701
      vertex 147.318 14 14.182
    endloop
  endfacet
  facet normal 0 -1 -0
    outer loop
      vertex 151.665 14 15.3467
      vertex 150.94 14 12.6421
      vertex 152.222 14 15.1575
    endloop
  endfacet
  facet normal 0 -1 0
    outer loop
      vertex 149.298 14 12.2021
      vertex 147.318 14 14.182
      vertex 146.93 14 13.7394
    endloop
  endfacet
  facet normal 0 -1 0
    outer loop
      vertex 151.151 14 12.5706
      vertex 152.222 14 15.1575
      vertex 150.94 14 12.6421
    endloop
  endfacet
  facet normal 0 -1 0
    outer loop
      vertex 149.151 14 12.0349
      vertex 146.93 14 13.7394
      vertex 146.603 14 13.25
    endloop
  endfacet
  facet normal 0 -1 -0
    outer loop
      vertex 152.222 14 15.1575
      vertex 151.151 14 12.5706
      vertex 152.75 14 14.8971
    endloop
  endfacet
  facet normal 0 -1 0
    outer loop
      vertex 149.028 14 11.85
      vertex 146.603 14 13.25
      vertex 146.343 14 12.7221
    endloop
  endfacet
  facet normal 0 -1 0
    outer loop
      vertex 151.35 14 12.4722
      vertex 152.75 14 14.8971
      vertex 151.151 14 12.5706
    endloop
  endfacet
  facet normal 0 -1 -0
    outer loop
      vertex 152.75 14 14.8971
      vertex 151.35 14 12.4722
      vertex 153.239 14 14.5701
    endloop
  endfacet
  facet normal 0 -1 0
    outer loop
      vertex 149.913 14 15.4615
      vertex 150.278 14 12.6855
      vertex 150.5 14 12.7
    endloop
  endfacet
  facet normal 0 -1 0
    outer loop
      vertex 149.335 14 15.3467
      vertex 150.06 14 12.6421
      vertex 150.278 14 12.6855
    endloop
  endfacet
  facet normal 0 -1 0
    outer loop
      vertex 148.778 14 15.1575
      vertex 149.849 14 12.5706
      vertex 150.06 14 12.6421
    endloop
  endfacet
  facet normal 0 -1 0
    outer loop
      vertex 148.25 14 14.8971
      vertex 149.65 14 12.4722
      vertex 149.849 14 12.5706
    endloop
  endfacet
  facet normal 0 -1 0
    outer loop
      vertex 147.761 14 14.5701
      vertex 149.465 14 12.3487
      vertex 149.65 14 12.4722
    endloop
  endfacet
  facet normal 0 -1 0
    outer loop
      vertex 147.318 14 14.182
      vertex 149.298 14 12.2021
      vertex 149.465 14 12.3487
    endloop
  endfacet
  facet normal 0 -1 0
    outer loop
      vertex 149.028 14 11.85
      vertex 146.343 14 12.7221
      vertex 146.153 14 12.1647
    endloop
  endfacet
  facet normal 0 -1 0
    outer loop
      vertex 146.93 14 13.7394
      vertex 149.151 14 12.0349
      vertex 149.298 14 12.2021
    endloop
  endfacet
  facet normal 0 -1 0
    outer loop
      vertex 149.028 14 11.85
      vertex 146.153 14 12.1647
      vertex 146.121 14 12
    endloop
  endfacet
  facet normal 0 -1 0
    outer loop
      vertex 146.603 14 13.25
      vertex 149.028 14 11.85
      vertex 149.151 14 12.0349
    endloop
  endfacet
  facet normal 0 -1 0
    outer loop
      vertex 151.535 14 12.3487
      vertex 153.239 14 14.5701
      vertex 151.35 14 12.4722
    endloop
  endfacet
  facet normal 0 -1 -0
    outer loop
      vertex 153.239 14 14.5701
      vertex 151.535 14 12.3487
      vertex 153.682 14 14.182
    endloop
  endfacet
  facet normal 0 -1 0
    outer loop
      vertex 151.702 14 12.2021
      vertex 153.682 14 14.182
      vertex 151.535 14 12.3487
    endloop
  endfacet
  facet normal 0 -1 -0
    outer loop
      vertex 153.682 14 14.182
      vertex 151.702 14 12.2021
      vertex 154.07 14 13.7394
    endloop
  endfacet
  facet normal 0 -1 0
    outer loop
      vertex 151.849 14 12.0349
      vertex 154.07 14 13.7394
      vertex 151.702 14 12.2021
    endloop
  endfacet
  facet normal 0 -1 -0
    outer loop
      vertex 154.07 14 13.7394
      vertex 151.849 14 12.0349
      vertex 154.397 14 13.25
    endloop
  endfacet
  facet normal 0 -1 0
    outer loop
      vertex 151.972 14 11.85
      vertex 154.397 14 13.25
      vertex 151.849 14 12.0349
    endloop
  endfacet
  facet normal 0 -1 -0
    outer loop
      vertex 154.397 14 13.25
      vertex 151.972 14 11.85
      vertex 154.657 14 12.7221
    endloop
  endfacet
  facet normal 0 -1 0
    outer loop
      vertex 152.071 14 11.6506
      vertex 154.657 14 12.7221
      vertex 151.972 14 11.85
    endloop
  endfacet
  facet normal 0 -1 -0
    outer loop
      vertex 154.657 14 12.7221
      vertex 152.071 14 11.6506
      vertex 154.847 14 12.1647
    endloop
  endfacet
  facet normal 0 -1 0
    outer loop
      vertex 152.142 14 11.44
      vertex 154.847 14 12.1647
      vertex 152.071 14 11.6506
    endloop
  endfacet
  facet normal 0 -1 -0
    outer loop
      vertex 154.847 14 12.1647
      vertex 152.142 14 11.44
      vertex 154.879 14 12
    endloop
  endfacet
  facet normal 0 -1 0
    outer loop
      vertex 152.185 14 11.2219
      vertex 154.879 14 12
      vertex 152.142 14 11.44
    endloop
  endfacet
  facet normal 0 -1 0
    outer loop
      vertex 152.2 14 11
      vertex 154.879 14 12
      vertex 152.185 14 11.2219
    endloop
  endfacet
  facet normal 0 -1 0
    outer loop
      vertex 152.185 14 10.7781
      vertex 154.879 14 12
      vertex 152.2 14 11
    endloop
  endfacet
  facet normal 0 -1 0
    outer loop
      vertex 152.142 14 10.56
      vertex 154.879 14 12
      vertex 152.185 14 10.7781
    endloop
  endfacet
  facet normal 0 -1 0
    outer loop
      vertex 152.071 14 10.3494
      vertex 154.879 14 12
      vertex 152.142 14 10.56
    endloop
  endfacet
  facet normal 0 -1 0
    outer loop
      vertex 151.972 14 10.15
      vertex 154.879 14 12
      vertex 152.071 14 10.3494
    endloop
  endfacet
  facet normal 0 -1 -0
    outer loop
      vertex 154.879 14 12
      vertex 151.972 14 10.15
      vertex 155 14 12
    endloop
  endfacet
  facet normal 0 -1 0
    outer loop
      vertex 151.849 14 9.96511
      vertex 155 14 12
      vertex 151.972 14 10.15
    endloop
  endfacet
  facet normal 0 -1 0
    outer loop
      vertex 155 14 3
      vertex 151.849 14 9.96511
      vertex 151.702 14 9.79792
    endloop
  endfacet
  facet normal 0 -1 0
    outer loop
      vertex 155 14 3
      vertex 151.702 14 9.79792
      vertex 151.535 14 9.6513
    endloop
  endfacet
  facet normal 0 -1 0
    outer loop
      vertex 155 14 3
      vertex 150.5 14 9.3
      vertex 146 14 3
    endloop
  endfacet
  facet normal 0 -1 0
    outer loop
      vertex 150.5 14 9.3
      vertex 155 14 3
      vertex 150.722 14 9.31454
    endloop
  endfacet
  facet normal 0 -1 0
    outer loop
      vertex 150.722 14 9.31454
      vertex 155 14 3
      vertex 150.94 14 9.35793
    endloop
  endfacet
  facet normal 0 -1 0
    outer loop
      vertex 150.94 14 9.35793
      vertex 155 14 3
      vertex 151.151 14 9.42941
    endloop
  endfacet
  facet normal 0 -1 0
    outer loop
      vertex 151.151 14 9.42941
      vertex 155 14 3
      vertex 151.35 14 9.52776
    endloop
  endfacet
  facet normal 0 -1 0
    outer loop
      vertex 151.35 14 9.52776
      vertex 155 14 3
      vertex 151.535 14 9.6513
    endloop
  endfacet
  facet normal 0 -1 0
    outer loop
      vertex 151.849 14 9.96511
      vertex 155 14 3
      vertex 155 14 12
    endloop
  endfacet
  facet normal 0.831475 -0 0.555562
    outer loop
      vertex 154.07 14 13.7394
      vertex 154.397 20 13.25
      vertex 154.07 20 13.7394
    endloop
  endfacet
  facet normal 0.831475 0 0.555562
    outer loop
      vertex 154.397 20 13.25
      vertex 154.07 14 13.7394
      vertex 154.397 14 13.25
    endloop
  endfacet
  facet normal 0.751966 -0 0.659202
    outer loop
      vertex 153.682 14 14.182
      vertex 154.07 20 13.7394
      vertex 153.682 20 14.182
    endloop
  endfacet
  facet normal 0.751966 0 0.659202
    outer loop
      vertex 154.07 20 13.7394
      vertex 153.682 14 14.182
      vertex 154.07 14 13.7394
    endloop
  endfacet
  facet normal 0.981643 -0 0.190726
    outer loop
      vertex 154.847 14 12.1647
      vertex 154.879 20 12
      vertex 154.847 20 12.1647
    endloop
  endfacet
  facet normal 0.981643 0 0.190726
    outer loop
      vertex 154.879 20 12
      vertex 154.847 14 12.1647
      vertex 154.879 14 12
    endloop
  endfacet
  facet normal -0.981643 0 0.190726
    outer loop
      vertex 146.121 14 12
      vertex 146.153 20 12.1647
      vertex 146.121 20 12
    endloop
  endfacet
  facet normal -0.981643 0 0.190726
    outer loop
      vertex 146.153 20 12.1647
      vertex 146.121 14 12
      vertex 146.153 14 12.1647
    endloop
  endfacet
  facet normal -0.555877 0 0.831265
    outer loop
      vertex 147.761 20 14.5701
      vertex 148.25 14 14.8971
      vertex 148.25 20 14.8971
    endloop
  endfacet
  facet normal -0.555877 0 0.831265
    outer loop
      vertex 148.25 14 14.8971
      vertex 147.761 20 14.5701
      vertex 147.761 14 14.5701
    endloop
  endfacet
  facet normal -0.751966 0 0.659202
    outer loop
      vertex 146.93 14 13.7394
      vertex 147.318 20 14.182
      vertex 146.93 20 13.7394
    endloop
  endfacet
  facet normal -0.751966 0 0.659202
    outer loop
      vertex 147.318 20 14.182
      vertex 146.93 14 13.7394
      vertex 147.318 14 14.182
    endloop
  endfacet
  facet normal -0.442315 0 0.89686
    outer loop
      vertex 148.25 20 14.8971
      vertex 148.778 14 15.1575
      vertex 148.778 20 15.1575
    endloop
  endfacet
  facet normal -0.442315 0 0.89686
    outer loop
      vertex 148.778 14 15.1575
      vertex 148.25 20 14.8971
      vertex 148.25 14 14.8971
    endloop
  endfacet
  facet normal -0.194811 0 0.980841
    outer loop
      vertex 149.335 20 15.3467
      vertex 149.913 14 15.4615
      vertex 149.913 20 15.4615
    endloop
  endfacet
  facet normal -0.194811 0 0.980841
    outer loop
      vertex 149.913 14 15.4615
      vertex 149.335 20 15.3467
      vertex 149.335 14 15.3467
    endloop
  endfacet
  facet normal 0.442315 0 0.89686
    outer loop
      vertex 152.222 20 15.1575
      vertex 152.75 14 14.8971
      vertex 152.75 20 14.8971
    endloop
  endfacet
  facet normal 0.442315 0 0.89686
    outer loop
      vertex 152.75 14 14.8971
      vertex 152.222 20 15.1575
      vertex 152.222 14 15.1575
    endloop
  endfacet
  facet normal 0.0654471 0 0.997856
    outer loop
      vertex 150.5 20 15.5
      vertex 151.087 14 15.4615
      vertex 151.087 20 15.4615
    endloop
  endfacet
  facet normal 0.0654471 0 0.997856
    outer loop
      vertex 151.087 14 15.4615
      vertex 150.5 20 15.5
      vertex 150.5 14 15.5
    endloop
  endfacet
  facet normal -0.0654471 0 0.997856
    outer loop
      vertex 149.913 20 15.4615
      vertex 150.5 14 15.5
      vertex 150.5 20 15.5
    endloop
  endfacet
  facet normal -0.0654471 0 0.997856
    outer loop
      vertex 150.5 14 15.5
      vertex 149.913 20 15.4615
      vertex 149.913 14 15.4615
    endloop
  endfacet
  facet normal -0.897096 0 0.441836
    outer loop
      vertex 146.343 14 12.7221
      vertex 146.603 20 13.25
      vertex 146.343 20 12.7221
    endloop
  endfacet
  facet normal -0.897096 0 0.441836
    outer loop
      vertex 146.603 20 13.25
      vertex 146.343 14 12.7221
      vertex 146.603 14 13.25
    endloop
  endfacet
  facet normal -0.946522 0 0.322639
    outer loop
      vertex 146.153 14 12.1647
      vertex 146.343 20 12.7221
      vertex 146.153 20 12.1647
    endloop
  endfacet
  facet normal -0.946522 0 0.322639
    outer loop
      vertex 146.343 20 12.7221
      vertex 146.153 14 12.1647
      vertex 146.343 14 12.7221
    endloop
  endfacet
  facet normal -0.658961 0 0.752177
    outer loop
      vertex 147.318 20 14.182
      vertex 147.761 14 14.5701
      vertex 147.761 20 14.5701
    endloop
  endfacet
  facet normal -0.658961 0 0.752177
    outer loop
      vertex 147.761 14 14.5701
      vertex 147.318 20 14.182
      vertex 147.318 14 14.182
    endloop
  endfacet
  facet normal -0.321628 0 0.946866
    outer loop
      vertex 148.778 20 15.1575
      vertex 149.335 14 15.3467
      vertex 149.335 20 15.3467
    endloop
  endfacet
  facet normal -0.321628 0 0.946866
    outer loop
      vertex 149.335 14 15.3467
      vertex 148.778 20 15.1575
      vertex 148.778 14 15.1575
    endloop
  endfacet
  facet normal -0 0 1
    outer loop
      vertex 146 20 12
      vertex 146.121 14 12
      vertex 146.121 20 12
    endloop
  endfacet
  facet normal 0 0 1
    outer loop
      vertex 146.121 14 12
      vertex 146 20 12
      vertex 146 14 12
    endloop
  endfacet
  facet normal -0 0 1
    outer loop
      vertex 154.879 20 12
      vertex 155 14 12
      vertex 155 20 12
    endloop
  endfacet
  facet normal 0 0 1
    outer loop
      vertex 155 14 12
      vertex 154.879 20 12
      vertex 154.879 14 12
    endloop
  endfacet
  facet normal 1 0 0
    outer loop
      vertex 155 20 12
      vertex 155 19.8707 3
      vertex 155 20 2
    endloop
  endfacet
  facet normal 1 -0 0
    outer loop
      vertex 155 14 12
      vertex 155 19.8707 3
      vertex 155 20 12
    endloop
  endfacet
  facet normal 1 0 0
    outer loop
      vertex 155 19.8707 3
      vertex 155 14 12
      vertex 155 14 3
    endloop
  endfacet
  facet normal 1 -0 0
    outer loop
      vertex 155 19.8637 2.96472
      vertex 155 20 2
      vertex 155 19.8707 3
    endloop
  endfacet
  facet normal 1 -0 0
    outer loop
      vertex 155 19.6955 2.46927
      vertex 155 20 2
      vertex 155 19.8637 2.96472
    endloop
  endfacet
  facet normal 1 0 0
    outer loop
      vertex 155 20 2
      vertex 155 19.6955 2.46927
      vertex 155 19.4641 2
    endloop
  endfacet
  facet normal 0 0 -1
    outer loop
      vertex 146 19.4641 2
      vertex 155 20 2
      vertex 155 19.4641 2
    endloop
  endfacet
  facet normal -0 0 -1
    outer loop
      vertex 155 20 2
      vertex 146 19.4641 2
      vertex 146 20 2
    endloop
  endfacet
  facet normal -1 0 0
    outer loop
      vertex 146 20 2
      vertex 146 19.8707 3
      vertex 146 20 12
    endloop
  endfacet
  facet normal -1 0 0
    outer loop
      vertex 146 20 2
      vertex 146 19.8637 2.96472
      vertex 146 19.8707 3
    endloop
  endfacet
  facet normal -1 0 0
    outer loop
      vertex 146 20 2
      vertex 146 19.6955 2.46927
      vertex 146 19.8637 2.96472
    endloop
  endfacet
  facet normal -1 0 -0
    outer loop
      vertex 146 19.6955 2.46927
      vertex 146 20 2
      vertex 146 19.4641 2
    endloop
  endfacet
  facet normal -1 0 0
    outer loop
      vertex 146 14 12
      vertex 146 19.8707 3
      vertex 146 14 3
    endloop
  endfacet
  facet normal -1 0 0
    outer loop
      vertex 146 19.8707 3
      vertex 146 14 12
      vertex 146 20 12
    endloop
  endfacet
  facet normal -0.0653555 0 0.997862
    outer loop
      vertex 150.5 20 9.3
      vertex 150.722 14 9.31454
      vertex 150.722 20 9.31454
    endloop
  endfacet
  facet normal -0.0653555 0 0.997862
    outer loop
      vertex 150.722 14 9.31454
      vertex 150.5 20 9.3
      vertex 150.5 14 9.3
    endloop
  endfacet
  facet normal -0.195208 0 0.980762
    outer loop
      vertex 150.722 20 9.31454
      vertex 150.94 14 9.35793
      vertex 150.94 20 9.35793
    endloop
  endfacet
  facet normal -0.195208 0 0.980762
    outer loop
      vertex 150.94 14 9.35793
      vertex 150.722 20 9.31454
      vertex 150.722 14 9.31454
    endloop
  endfacet
  facet normal -0.997723 0 -0.0674441
    outer loop
      vertex 152.2 14 11
      vertex 152.185 20 11.2219
      vertex 152.2 20 11
    endloop
  endfacet
  facet normal -0.997723 -0 -0.0674441
    outer loop
      vertex 152.185 20 11.2219
      vertex 152.2 14 11
      vertex 152.185 14 11.2219
    endloop
  endfacet
  facet normal -0.750997 0 0.660306
    outer loop
      vertex 151.702 14 9.79792
      vertex 151.849 20 9.96511
      vertex 151.702 20 9.79792
    endloop
  endfacet
  facet normal -0.750997 0 0.660306
    outer loop
      vertex 151.849 20 9.96511
      vertex 151.702 14 9.79792
      vertex 151.849 14 9.96511
    endloop
  endfacet
  facet normal -0.659714 0 -0.751516
    outer loop
      vertex 151.535 14 12.3487
      vertex 151.702 20 12.2021
      vertex 151.702 14 12.2021
    endloop
  endfacet
  facet normal -0.659714 0 -0.751516
    outer loop
      vertex 151.702 20 12.2021
      vertex 151.535 14 12.3487
      vertex 151.535 20 12.3487
    endloop
  endfacet
  facet normal -0.895681 0 -0.444696
    outer loop
      vertex 152.071 14 11.6506
      vertex 151.972 20 11.85
      vertex 152.071 20 11.6506
    endloop
  endfacet
  facet normal -0.895681 -0 -0.444696
    outer loop
      vertex 151.972 20 11.85
      vertex 152.071 14 11.6506
      vertex 151.972 14 11.85
    endloop
  endfacet
  facet normal -0.443064 0 0.89649
    outer loop
      vertex 151.151 20 9.42941
      vertex 151.35 14 9.52776
      vertex 151.35 20 9.52776
    endloop
  endfacet
  facet normal -0.443064 0 0.89649
    outer loop
      vertex 151.35 14 9.52776
      vertex 151.151 20 9.42941
      vertex 151.151 14 9.42941
    endloop
  endfacet
  facet normal -0.947598 0 0.319466
    outer loop
      vertex 152.071 14 10.3494
      vertex 152.142 20 10.56
      vertex 152.071 20 10.3494
    endloop
  endfacet
  facet normal -0.947598 0 0.319466
    outer loop
      vertex 152.142 20 10.56
      vertex 152.071 14 10.3494
      vertex 152.142 14 10.56
    endloop
  endfacet
  facet normal -0.895681 0 0.444696
    outer loop
      vertex 151.972 14 10.15
      vertex 152.071 20 10.3494
      vertex 151.972 20 10.15
    endloop
  endfacet
  facet normal -0.895681 0 0.444696
    outer loop
      vertex 152.071 20 10.3494
      vertex 151.972 14 10.15
      vertex 152.071 14 10.3494
    endloop
  endfacet
  facet normal -0.320937 0 -0.947101
    outer loop
      vertex 150.94 14 12.6421
      vertex 151.151 20 12.5706
      vertex 151.151 14 12.5706
    endloop
  endfacet
  facet normal -0.320937 0 -0.947101
    outer loop
      vertex 151.151 20 12.5706
      vertex 150.94 14 12.6421
      vertex 150.94 20 12.6421
    endloop
  endfacet
  facet normal -0.443245 0 -0.8964
    outer loop
      vertex 151.151 14 12.5706
      vertex 151.35 20 12.4722
      vertex 151.35 14 12.4722
    endloop
  endfacet
  facet normal -0.443245 0 -0.8964
    outer loop
      vertex 151.35 20 12.4722
      vertex 151.151 14 12.5706
      vertex 151.151 20 12.5706
    endloop
  endfacet
  facet normal -0.981113 0 -0.193434
    outer loop
      vertex 152.185 14 11.2219
      vertex 152.142 20 11.44
      vertex 152.185 20 11.2219
    endloop
  endfacet
  facet normal -0.981113 -0 -0.193434
    outer loop
      vertex 152.142 20 11.44
      vertex 152.185 14 11.2219
      vertex 152.142 14 11.44
    endloop
  endfacet
  facet normal 0.320856 0 0.947128
    outer loop
      vertex 149.849 20 9.42941
      vertex 150.06 14 9.35793
      vertex 150.06 20 9.35793
    endloop
  endfacet
  facet normal 0.320856 0 0.947128
    outer loop
      vertex 150.06 14 9.35793
      vertex 149.849 20 9.42941
      vertex 149.849 14 9.42941
    endloop
  endfacet
  facet normal 0.981113 -0 0.193434
    outer loop
      vertex 148.815 14 10.7781
      vertex 148.858 20 10.56
      vertex 148.815 20 10.7781
    endloop
  endfacet
  facet normal 0.981113 0 0.193434
    outer loop
      vertex 148.858 20 10.56
      vertex 148.815 14 10.7781
      vertex 148.858 14 10.56
    endloop
  endfacet
  facet normal -0.555343 0 0.831621
    outer loop
      vertex 151.35 20 9.52776
      vertex 151.535 14 9.6513
      vertex 151.535 20 9.6513
    endloop
  endfacet
  facet normal -0.555343 0 0.831621
    outer loop
      vertex 151.535 14 9.6513
      vertex 151.35 20 9.52776
      vertex 151.35 14 9.52776
    endloop
  endfacet
  facet normal -0.83259 0 0.553889
    outer loop
      vertex 151.849 14 9.96511
      vertex 151.972 20 10.15
      vertex 151.849 20 9.96511
    endloop
  endfacet
  facet normal -0.83259 0 0.553889
    outer loop
      vertex 151.972 20 10.15
      vertex 151.849 14 9.96511
      vertex 151.972 14 10.15
    endloop
  endfacet
  facet normal -0.0651764 0 -0.997874
    outer loop
      vertex 150.5 14 12.7
      vertex 150.722 20 12.6855
      vertex 150.722 14 12.6855
    endloop
  endfacet
  facet normal -0.0651764 0 -0.997874
    outer loop
      vertex 150.722 20 12.6855
      vertex 150.5 14 12.7
      vertex 150.5 20 12.7
    endloop
  endfacet
  facet normal 0.0651764 0 -0.997874
    outer loop
      vertex 150.278 14 12.6855
      vertex 150.5 20 12.7
      vertex 150.5 14 12.7
    endloop
  endfacet
  facet normal 0.0651764 0 -0.997874
    outer loop
      vertex 150.5 20 12.7
      vertex 150.278 14 12.6855
      vertex 150.278 20 12.6855
    endloop
  endfacet
  facet normal -0.832604 0 -0.553869
    outer loop
      vertex 151.972 14 11.85
      vertex 151.849 20 12.0349
      vertex 151.972 20 11.85
    endloop
  endfacet
  facet normal -0.832604 -0 -0.553869
    outer loop
      vertex 151.849 20 12.0349
      vertex 151.972 14 11.85
      vertex 151.849 14 12.0349
    endloop
  endfacet
  facet normal 0.443064 0 0.89649
    outer loop
      vertex 149.65 20 9.52776
      vertex 149.849 14 9.42941
      vertex 149.849 20 9.42941
    endloop
  endfacet
  facet normal 0.443064 0 0.89649
    outer loop
      vertex 149.849 14 9.42941
      vertex 149.65 20 9.52776
      vertex 149.65 14 9.52776
    endloop
  endfacet
  facet normal 0.659714 0 -0.751516
    outer loop
      vertex 149.298 14 12.2021
      vertex 149.465 20 12.3487
      vertex 149.465 14 12.3487
    endloop
  endfacet
  facet normal 0.659714 0 -0.751516
    outer loop
      vertex 149.465 20 12.3487
      vertex 149.298 14 12.2021
      vertex 149.298 20 12.2021
    endloop
  endfacet
  facet normal 0.443245 0 -0.8964
    outer loop
      vertex 149.65 14 12.4722
      vertex 149.849 20 12.5706
      vertex 149.849 14 12.5706
    endloop
  endfacet
  facet normal 0.443245 0 -0.8964
    outer loop
      vertex 149.849 20 12.5706
      vertex 149.65 14 12.4722
      vertex 149.65 20 12.4722
    endloop
  endfacet
  facet normal 0.555219 0 -0.831704
    outer loop
      vertex 149.465 14 12.3487
      vertex 149.65 20 12.4722
      vertex 149.65 14 12.4722
    endloop
  endfacet
  facet normal 0.555219 0 -0.831704
    outer loop
      vertex 149.65 20 12.4722
      vertex 149.465 14 12.3487
      vertex 149.465 20 12.3487
    endloop
  endfacet
  facet normal 0.195251 0 -0.980753
    outer loop
      vertex 150.06 14 12.6421
      vertex 150.278 20 12.6855
      vertex 150.278 14 12.6855
    endloop
  endfacet
  facet normal 0.195251 0 -0.980753
    outer loop
      vertex 150.278 20 12.6855
      vertex 150.06 14 12.6421
      vertex 150.06 20 12.6421
    endloop
  endfacet
  facet normal 0.997723 -0 0.0674441
    outer loop
      vertex 148.8 14 11
      vertex 148.815 20 10.7781
      vertex 148.8 20 11
    endloop
  endfacet
  facet normal 0.997723 0 0.0674441
    outer loop
      vertex 148.815 20 10.7781
      vertex 148.8 14 11
      vertex 148.815 14 10.7781
    endloop
  endfacet
  facet normal 0.895681 -0 0.444696
    outer loop
      vertex 148.929 14 10.3494
      vertex 149.028 20 10.15
      vertex 148.929 20 10.3494
    endloop
  endfacet
  facet normal 0.895681 0 0.444696
    outer loop
      vertex 149.028 20 10.15
      vertex 148.929 14 10.3494
      vertex 149.028 14 10.15
    endloop
  endfacet
  facet normal -0.320856 0 0.947128
    outer loop
      vertex 150.94 20 9.35793
      vertex 151.151 14 9.42941
      vertex 151.151 20 9.42941
    endloop
  endfacet
  facet normal -0.320856 0 0.947128
    outer loop
      vertex 151.151 14 9.42941
      vertex 150.94 20 9.35793
      vertex 150.94 14 9.35793
    endloop
  endfacet
  facet normal -0.659765 0 0.751472
    outer loop
      vertex 151.535 20 9.6513
      vertex 151.702 14 9.79792
      vertex 151.702 20 9.79792
    endloop
  endfacet
  facet normal -0.659765 0 0.751472
    outer loop
      vertex 151.702 14 9.79792
      vertex 151.535 20 9.6513
      vertex 151.535 14 9.6513
    endloop
  endfacet
  facet normal -0.981113 0 0.193434
    outer loop
      vertex 152.142 14 10.56
      vertex 152.185 20 10.7781
      vertex 152.142 20 10.56
    endloop
  endfacet
  facet normal -0.981113 0 0.193434
    outer loop
      vertex 152.185 20 10.7781
      vertex 152.142 14 10.56
      vertex 152.185 14 10.7781
    endloop
  endfacet
  facet normal -0.997723 0 0.0674441
    outer loop
      vertex 152.185 14 10.7781
      vertex 152.2 20 11
      vertex 152.185 20 10.7781
    endloop
  endfacet
  facet normal -0.997723 0 0.0674441
    outer loop
      vertex 152.2 20 11
      vertex 152.185 14 10.7781
      vertex 152.2 14 11
    endloop
  endfacet
  facet normal -0.555219 0 -0.831704
    outer loop
      vertex 151.35 14 12.4722
      vertex 151.535 20 12.3487
      vertex 151.535 14 12.3487
    endloop
  endfacet
  facet normal -0.555219 0 -0.831704
    outer loop
      vertex 151.535 20 12.3487
      vertex 151.35 14 12.4722
      vertex 151.35 20 12.4722
    endloop
  endfacet
  facet normal -0.195251 0 -0.980753
    outer loop
      vertex 150.722 14 12.6855
      vertex 150.94 20 12.6421
      vertex 150.94 14 12.6421
    endloop
  endfacet
  facet normal -0.195251 0 -0.980753
    outer loop
      vertex 150.94 20 12.6421
      vertex 150.722 14 12.6855
      vertex 150.722 20 12.6855
    endloop
  endfacet
  facet normal -0.751016 0 -0.660284
    outer loop
      vertex 151.849 14 12.0349
      vertex 151.702 20 12.2021
      vertex 151.849 20 12.0349
    endloop
  endfacet
  facet normal -0.751016 -0 -0.660284
    outer loop
      vertex 151.702 20 12.2021
      vertex 151.849 14 12.0349
      vertex 151.702 14 12.2021
    endloop
  endfacet
  facet normal -0.947598 0 -0.319466
    outer loop
      vertex 152.142 14 11.44
      vertex 152.071 20 11.6506
      vertex 152.142 20 11.44
    endloop
  endfacet
  facet normal -0.947598 -0 -0.319466
    outer loop
      vertex 152.071 20 11.6506
      vertex 152.142 14 11.44
      vertex 152.071 14 11.6506
    endloop
  endfacet
  facet normal 0.555343 0 0.831621
    outer loop
      vertex 149.465 20 9.6513
      vertex 149.65 14 9.52776
      vertex 149.65 20 9.52776
    endloop
  endfacet
  facet normal 0.555343 0 0.831621
    outer loop
      vertex 149.65 14 9.52776
      vertex 149.465 20 9.6513
      vertex 149.465 14 9.6513
    endloop
  endfacet
  facet normal 0.195208 0 0.980762
    outer loop
      vertex 150.06 20 9.35793
      vertex 150.278 14 9.31454
      vertex 150.278 20 9.31454
    endloop
  endfacet
  facet normal 0.195208 0 0.980762
    outer loop
      vertex 150.278 14 9.31454
      vertex 150.06 20 9.35793
      vertex 150.06 14 9.35793
    endloop
  endfacet
  facet normal 0.0653555 0 0.997862
    outer loop
      vertex 150.278 20 9.31454
      vertex 150.5 14 9.3
      vertex 150.5 20 9.3
    endloop
  endfacet
  facet normal 0.0653555 0 0.997862
    outer loop
      vertex 150.5 14 9.3
      vertex 150.278 20 9.31454
      vertex 150.278 14 9.31454
    endloop
  endfacet
  facet normal 0.751016 0 -0.660284
    outer loop
      vertex 149.298 14 12.2021
      vertex 149.151 20 12.0349
      vertex 149.298 20 12.2021
    endloop
  endfacet
  facet normal 0.751016 0 -0.660284
    outer loop
      vertex 149.151 20 12.0349
      vertex 149.298 14 12.2021
      vertex 149.151 14 12.0349
    endloop
  endfacet
  facet normal 0.320937 0 -0.947101
    outer loop
      vertex 149.849 14 12.5706
      vertex 150.06 20 12.6421
      vertex 150.06 14 12.6421
    endloop
  endfacet
  facet normal 0.320937 0 -0.947101
    outer loop
      vertex 150.06 20 12.6421
      vertex 149.849 14 12.5706
      vertex 149.849 20 12.5706
    endloop
  endfacet
  facet normal 0.83259 -0 0.553889
    outer loop
      vertex 149.028 14 10.15
      vertex 149.151 20 9.96511
      vertex 149.028 20 10.15
    endloop
  endfacet
  facet normal 0.83259 0 0.553889
    outer loop
      vertex 149.151 20 9.96511
      vertex 149.028 14 10.15
      vertex 149.151 14 9.96511
    endloop
  endfacet
  facet normal 0.947598 -0 0.319466
    outer loop
      vertex 148.858 14 10.56
      vertex 148.929 20 10.3494
      vertex 148.858 20 10.56
    endloop
  endfacet
  facet normal 0.947598 0 0.319466
    outer loop
      vertex 148.929 20 10.3494
      vertex 148.858 14 10.56
      vertex 148.929 14 10.3494
    endloop
  endfacet
  facet normal 0.895681 0 -0.444696
    outer loop
      vertex 149.028 14 11.85
      vertex 148.929 20 11.6506
      vertex 149.028 20 11.85
    endloop
  endfacet
  facet normal 0.895681 0 -0.444696
    outer loop
      vertex 148.929 20 11.6506
      vertex 149.028 14 11.85
      vertex 148.929 14 11.6506
    endloop
  endfacet
  facet normal 0.947598 0 -0.319466
    outer loop
      vertex 148.929 14 11.6506
      vertex 148.858 20 11.44
      vertex 148.929 20 11.6506
    endloop
  endfacet
  facet normal 0.947598 0 -0.319466
    outer loop
      vertex 148.858 20 11.44
      vertex 148.929 14 11.6506
      vertex 148.858 14 11.44
    endloop
  endfacet
  facet normal 0.750997 -0 0.660306
    outer loop
      vertex 149.151 14 9.96511
      vertex 149.298 20 9.79792
      vertex 149.151 20 9.96511
    endloop
  endfacet
  facet normal 0.750997 0 0.660306
    outer loop
      vertex 149.298 20 9.79792
      vertex 149.151 14 9.96511
      vertex 149.298 14 9.79792
    endloop
  endfacet
  facet normal 0.659765 0 0.751472
    outer loop
      vertex 149.298 20 9.79792
      vertex 149.465 14 9.6513
      vertex 149.465 20 9.6513
    endloop
  endfacet
  facet normal 0.659765 0 0.751472
    outer loop
      vertex 149.465 14 9.6513
      vertex 149.298 20 9.79792
      vertex 149.298 14 9.79792
    endloop
  endfacet
  facet normal 0.981113 0 -0.193434
    outer loop
      vertex 148.858 14 11.44
      vertex 148.815 20 11.2219
      vertex 148.858 20 11.44
    endloop
  endfacet
  facet normal 0.981113 0 -0.193434
    outer loop
      vertex 148.815 20 11.2219
      vertex 148.858 14 11.44
      vertex 148.815 14 11.2219
    endloop
  endfacet
  facet normal 0.997723 0 -0.0674441
    outer loop
      vertex 148.815 14 11.2219
      vertex 148.8 20 11
      vertex 148.815 20 11.2219
    endloop
  endfacet
  facet normal 0.997723 0 -0.0674441
    outer loop
      vertex 148.8 20 11
      vertex 148.815 14 11.2219
      vertex 148.8 14 11
    endloop
  endfacet
  facet normal 0.832604 0 -0.553869
    outer loop
      vertex 149.151 14 12.0349
      vertex 149.028 20 11.85
      vertex 149.151 20 12.0349
    endloop
  endfacet
  facet normal 0.832604 0 -0.553869
    outer loop
      vertex 149.028 20 11.85
      vertex 149.151 14 12.0349
      vertex 149.028 14 11.85
    endloop
  endfacet
  facet normal 0 -0.0652074 0.997872
    outer loop
      vertex 0 0.221894 85.3145
      vertex 3 0 85.3
      vertex 3 0.221894 85.3145
    endloop
  endfacet
  facet normal 0 -0.0652074 0.997872
    outer loop
      vertex 3 0 85.3
      vertex 0 0.221894 85.3145
      vertex 0 0 85.3
    endloop
  endfacet
  facet normal 0 -0.0652074 -0.997872
    outer loop
      vertex 0 0 88.7
      vertex 3 0.221894 88.6855
      vertex 3 0 88.7
    endloop
  endfacet
  facet normal -0 -0.0652074 -0.997872
    outer loop
      vertex 3 0.221894 88.6855
      vertex 0 0 88.7
      vertex 0 0.221894 88.6855
    endloop
  endfacet
  facet normal 0 -0.99786 0.0653848
    outer loop
      vertex 0 1.68546 86.7781
      vertex 3 1.7 87
      vertex 0 1.7 87
    endloop
  endfacet
  facet normal 0 -0.99786 0.0653848
    outer loop
      vertex 3 1.7 87
      vertex 0 1.68546 86.7781
      vertex 3 1.68546 86.7781
    endloop
  endfacet
  facet normal 0 0.99786 -0.0653848
    outer loop
      vertex 3 -1.7 87
      vertex 0 -1.68546 87.2219
      vertex 3 -1.68546 87.2219
    endloop
  endfacet
  facet normal 0 0.99786 -0.0653848
    outer loop
      vertex 0 -1.68546 87.2219
      vertex 3 -1.7 87
      vertex 0 -1.7 87
    endloop
  endfacet
  facet normal 0 0.659291 -0.751888
    outer loop
      vertex 0 -1.20208 88.2021
      vertex 3 -1.03489 88.3487
      vertex 3 -1.20208 88.2021
    endloop
  endfacet
  facet normal 0 0.659291 -0.751888
    outer loop
      vertex 3 -1.03489 88.3487
      vertex 0 -1.20208 88.2021
      vertex 0 -1.03489 88.3487
    endloop
  endfacet
  facet normal 0 -0.751863 0.659319
    outer loop
      vertex 0 1.20208 85.7979
      vertex 3 1.3487 85.9651
      vertex 0 1.3487 85.9651
    endloop
  endfacet
  facet normal 0 -0.751863 0.659319
    outer loop
      vertex 3 1.3487 85.9651
      vertex 0 1.20208 85.7979
      vertex 3 1.20208 85.7979
    endloop
  endfacet
  facet normal 0 -0.751863 -0.659319
    outer loop
      vertex 0 1.3487 88.0349
      vertex 3 1.20208 88.2021
      vertex 0 1.20208 88.2021
    endloop
  endfacet
  facet normal 0 -0.751863 -0.659319
    outer loop
      vertex 3 1.20208 88.2021
      vertex 0 1.3487 88.0349
      vertex 3 1.3487 88.0349
    endloop
  endfacet
  facet normal 0 -0.946943 -0.321403
    outer loop
      vertex 0 1.64207 87.44
      vertex 3 1.57059 87.6506
      vertex 0 1.57059 87.6506
    endloop
  endfacet
  facet normal 0 -0.946943 -0.321403
    outer loop
      vertex 3 1.57059 87.6506
      vertex 0 1.64207 87.44
      vertex 3 1.64207 87.44
    endloop
  endfacet
  facet normal 0 -0.442463 0.896787
    outer loop
      vertex 0 0.849999 85.5278
      vertex 3 0.650561 85.4294
      vertex 3 0.849999 85.5278
    endloop
  endfacet
  facet normal 0 -0.442463 0.896787
    outer loop
      vertex 3 0.650561 85.4294
      vertex 0 0.849999 85.5278
      vertex 0 0.650561 85.4294
    endloop
  endfacet
  facet normal 0 -0.195167 0.98077
    outer loop
      vertex 0 0.439992 85.3579
      vertex 3 0.221894 85.3145
      vertex 3 0.439992 85.3579
    endloop
  endfacet
  facet normal 0 -0.195167 0.98077
    outer loop
      vertex 3 0.221894 85.3145
      vertex 0 0.439992 85.3579
      vertex 0 0.221894 85.3145
    endloop
  endfacet
  facet normal 0 -0.555445 0.831553
    outer loop
      vertex 0 1.03489 85.6513
      vertex 3 0.849999 85.5278
      vertex 3 1.03489 85.6513
    endloop
  endfacet
  facet normal 0 -0.555445 0.831553
    outer loop
      vertex 3 0.849999 85.5278
      vertex 0 1.03489 85.6513
      vertex 0 0.849999 85.5278
    endloop
  endfacet
  facet normal 0 -0.946943 0.321403
    outer loop
      vertex 0 1.57059 86.3494
      vertex 3 1.64207 86.56
      vertex 0 1.64207 86.56
    endloop
  endfacet
  facet normal 0 -0.946943 0.321403
    outer loop
      vertex 3 1.64207 86.56
      vertex 0 1.57059 86.3494
      vertex 3 1.57059 86.3494
    endloop
  endfacet
  facet normal 0 -0.980779 0.195122
    outer loop
      vertex 0 1.64207 86.56
      vertex 3 1.68546 86.7781
      vertex 0 1.68546 86.7781
    endloop
  endfacet
  facet normal 0 -0.980779 0.195122
    outer loop
      vertex 3 1.68546 86.7781
      vertex 0 1.64207 86.56
      vertex 3 1.64207 86.56
    endloop
  endfacet
  facet normal 0 -0.896843 0.442349
    outer loop
      vertex 0 1.47224 86.15
      vertex 3 1.57059 86.3494
      vertex 0 1.57059 86.3494
    endloop
  endfacet
  facet normal 0 -0.896843 0.442349
    outer loop
      vertex 3 1.57059 86.3494
      vertex 0 1.47224 86.15
      vertex 3 1.47224 86.15
    endloop
  endfacet
  facet normal 0 -0.442463 -0.896787
    outer loop
      vertex 0 0.650561 88.5706
      vertex 3 0.849999 88.4722
      vertex 3 0.650561 88.5706
    endloop
  endfacet
  facet normal -0 -0.442463 -0.896787
    outer loop
      vertex 3 0.849999 88.4722
      vertex 0 0.650561 88.5706
      vertex 0 0.849999 88.4722
    endloop
  endfacet
  facet normal 0 -0.659291 -0.751888
    outer loop
      vertex 0 1.03489 88.3487
      vertex 3 1.20208 88.2021
      vertex 3 1.03489 88.3487
    endloop
  endfacet
  facet normal -0 -0.659291 -0.751888
    outer loop
      vertex 3 1.20208 88.2021
      vertex 0 1.03489 88.3487
      vertex 0 1.20208 88.2021
    endloop
  endfacet
  facet normal 0 -0.321526 -0.946901
    outer loop
      vertex 0 0.439992 88.6421
      vertex 3 0.650561 88.5706
      vertex 3 0.439992 88.6421
    endloop
  endfacet
  facet normal -0 -0.321526 -0.946901
    outer loop
      vertex 3 0.650561 88.5706
      vertex 0 0.439992 88.6421
      vertex 0 0.650561 88.5706
    endloop
  endfacet
  facet normal 0 -0.980779 -0.195122
    outer loop
      vertex 0 1.68546 87.2219
      vertex 3 1.64207 87.44
      vertex 0 1.64207 87.44
    endloop
  endfacet
  facet normal 0 -0.980779 -0.195122
    outer loop
      vertex 3 1.64207 87.44
      vertex 0 1.68546 87.2219
      vertex 3 1.68546 87.2219
    endloop
  endfacet
  facet normal -0 0.195167 0.98077
    outer loop
      vertex 0 -0.221894 85.3145
      vertex 3 -0.439992 85.3579
      vertex 3 -0.221894 85.3145
    endloop
  endfacet
  facet normal 0 0.195167 0.98077
    outer loop
      vertex 3 -0.439992 85.3579
      vertex 0 -0.221894 85.3145
      vertex 0 -0.439992 85.3579
    endloop
  endfacet
  facet normal 0 0.896843 -0.442349
    outer loop
      vertex 3 -1.57059 87.6506
      vertex 0 -1.47224 87.85
      vertex 3 -1.47224 87.85
    endloop
  endfacet
  facet normal 0 0.896843 -0.442349
    outer loop
      vertex 0 -1.47224 87.85
      vertex 3 -1.57059 87.6506
      vertex 0 -1.57059 87.6506
    endloop
  endfacet
  facet normal 0 0.751863 -0.659319
    outer loop
      vertex 3 -1.3487 88.0349
      vertex 0 -1.20208 88.2021
      vertex 3 -1.20208 88.2021
    endloop
  endfacet
  facet normal 0 0.751863 -0.659319
    outer loop
      vertex 0 -1.20208 88.2021
      vertex 3 -1.3487 88.0349
      vertex 0 -1.3487 88.0349
    endloop
  endfacet
  facet normal 0 0.946943 -0.321403
    outer loop
      vertex 3 -1.64207 87.44
      vertex 0 -1.57059 87.6506
      vertex 3 -1.57059 87.6506
    endloop
  endfacet
  facet normal 0 0.946943 -0.321403
    outer loop
      vertex 0 -1.57059 87.6506
      vertex 3 -1.64207 87.44
      vertex 0 -1.64207 87.44
    endloop
  endfacet
  facet normal 0 -0.321526 0.946901
    outer loop
      vertex 0 0.650561 85.4294
      vertex 3 0.439992 85.3579
      vertex 3 0.650561 85.4294
    endloop
  endfacet
  facet normal 0 -0.321526 0.946901
    outer loop
      vertex 3 0.439992 85.3579
      vertex 0 0.650561 85.4294
      vertex 0 0.439992 85.3579
    endloop
  endfacet
  facet normal 0 -0.659291 0.751888
    outer loop
      vertex 0 1.20208 85.7979
      vertex 3 1.03489 85.6513
      vertex 3 1.20208 85.7979
    endloop
  endfacet
  facet normal 0 -0.659291 0.751888
    outer loop
      vertex 3 1.03489 85.6513
      vertex 0 1.20208 85.7979
      vertex 0 1.03489 85.6513
    endloop
  endfacet
  facet normal 0 -0.831483 0.555551
    outer loop
      vertex 0 1.3487 85.9651
      vertex 3 1.47224 86.15
      vertex 0 1.47224 86.15
    endloop
  endfacet
  facet normal 0 -0.831483 0.555551
    outer loop
      vertex 3 1.47224 86.15
      vertex 0 1.3487 85.9651
      vertex 3 1.3487 85.9651
    endloop
  endfacet
  facet normal 0 -0.555445 -0.831553
    outer loop
      vertex 0 0.849999 88.4722
      vertex 3 1.03489 88.3487
      vertex 3 0.849999 88.4722
    endloop
  endfacet
  facet normal -0 -0.555445 -0.831553
    outer loop
      vertex 3 1.03489 88.3487
      vertex 0 0.849999 88.4722
      vertex 0 1.03489 88.3487
    endloop
  endfacet
  facet normal 0 -0.195167 -0.98077
    outer loop
      vertex 0 0.221894 88.6855
      vertex 3 0.439992 88.6421
      vertex 3 0.221894 88.6855
    endloop
  endfacet
  facet normal -0 -0.195167 -0.98077
    outer loop
      vertex 3 0.439992 88.6421
      vertex 0 0.221894 88.6855
      vertex 0 0.439992 88.6421
    endloop
  endfacet
  facet normal 0 -0.896843 -0.442349
    outer loop
      vertex 0 1.57059 87.6506
      vertex 3 1.47224 87.85
      vertex 0 1.47224 87.85
    endloop
  endfacet
  facet normal 0 -0.896843 -0.442349
    outer loop
      vertex 3 1.47224 87.85
      vertex 0 1.57059 87.6506
      vertex 3 1.57059 87.6506
    endloop
  endfacet
  facet normal 0 -0.831483 -0.555551
    outer loop
      vertex 0 1.47224 87.85
      vertex 3 1.3487 88.0349
      vertex 0 1.3487 88.0349
    endloop
  endfacet
  facet normal 0 -0.831483 -0.555551
    outer loop
      vertex 3 1.3487 88.0349
      vertex 0 1.47224 87.85
      vertex 3 1.47224 87.85
    endloop
  endfacet
  facet normal 0 -0.99786 -0.0653848
    outer loop
      vertex 0 1.7 87
      vertex 3 1.68546 87.2219
      vertex 0 1.68546 87.2219
    endloop
  endfacet
  facet normal 0 -0.99786 -0.0653848
    outer loop
      vertex 3 1.68546 87.2219
      vertex 0 1.7 87
      vertex 3 1.7 87
    endloop
  endfacet
  facet normal -0 0.0652074 0.997872
    outer loop
      vertex 0 0 85.3
      vertex 3 -0.221894 85.3145
      vertex 3 0 85.3
    endloop
  endfacet
  facet normal 0 0.0652074 0.997872
    outer loop
      vertex 3 -0.221894 85.3145
      vertex 0 0 85.3
      vertex 0 -0.221894 85.3145
    endloop
  endfacet
  facet normal 0 0.99786 0.0653848
    outer loop
      vertex 3 -1.68546 86.7781
      vertex 0 -1.7 87
      vertex 3 -1.7 87
    endloop
  endfacet
  facet normal 0 0.99786 0.0653848
    outer loop
      vertex 0 -1.7 87
      vertex 3 -1.68546 86.7781
      vertex 0 -1.68546 86.7781
    endloop
  endfacet
  facet normal 0 0.946943 0.321403
    outer loop
      vertex 3 -1.57059 86.3494
      vertex 0 -1.64207 86.56
      vertex 3 -1.64207 86.56
    endloop
  endfacet
  facet normal 0 0.946943 0.321403
    outer loop
      vertex 0 -1.64207 86.56
      vertex 3 -1.57059 86.3494
      vertex 0 -1.57059 86.3494
    endloop
  endfacet
  facet normal 0 0.751863 0.659319
    outer loop
      vertex 3 -1.20208 85.7979
      vertex 0 -1.3487 85.9651
      vertex 3 -1.3487 85.9651
    endloop
  endfacet
  facet normal 0 0.751863 0.659319
    outer loop
      vertex 0 -1.3487 85.9651
      vertex 3 -1.20208 85.7979
      vertex 0 -1.20208 85.7979
    endloop
  endfacet
  facet normal 0 0.896843 0.442349
    outer loop
      vertex 3 -1.47224 86.15
      vertex 0 -1.57059 86.3494
      vertex 3 -1.57059 86.3494
    endloop
  endfacet
  facet normal 0 0.896843 0.442349
    outer loop
      vertex 0 -1.57059 86.3494
      vertex 3 -1.47224 86.15
      vertex 0 -1.47224 86.15
    endloop
  endfacet
  facet normal -0 0.555445 0.831553
    outer loop
      vertex 0 -0.849999 85.5278
      vertex 3 -1.03489 85.6513
      vertex 3 -0.849999 85.5278
    endloop
  endfacet
  facet normal 0 0.555445 0.831553
    outer loop
      vertex 3 -1.03489 85.6513
      vertex 0 -0.849999 85.5278
      vertex 0 -1.03489 85.6513
    endloop
  endfacet
  facet normal -0 0.321526 0.946901
    outer loop
      vertex 0 -0.439992 85.3579
      vertex 3 -0.650561 85.4294
      vertex 3 -0.439992 85.3579
    endloop
  endfacet
  facet normal 0 0.321526 0.946901
    outer loop
      vertex 3 -0.650561 85.4294
      vertex 0 -0.439992 85.3579
      vertex 0 -0.650561 85.4294
    endloop
  endfacet
  facet normal 0 0.831483 -0.555551
    outer loop
      vertex 3 -1.47224 87.85
      vertex 0 -1.3487 88.0349
      vertex 3 -1.3487 88.0349
    endloop
  endfacet
  facet normal 0 0.831483 -0.555551
    outer loop
      vertex 0 -1.3487 88.0349
      vertex 3 -1.47224 87.85
      vertex 0 -1.47224 87.85
    endloop
  endfacet
  facet normal 0 0.980779 -0.195122
    outer loop
      vertex 3 -1.68546 87.2219
      vertex 0 -1.64207 87.44
      vertex 3 -1.64207 87.44
    endloop
  endfacet
  facet normal 0 0.980779 -0.195122
    outer loop
      vertex 0 -1.64207 87.44
      vertex 3 -1.68546 87.2219
      vertex 0 -1.68546 87.2219
    endloop
  endfacet
  facet normal 0 0.442463 -0.896787
    outer loop
      vertex 0 -0.849999 88.4722
      vertex 3 -0.650561 88.5706
      vertex 3 -0.849999 88.4722
    endloop
  endfacet
  facet normal 0 0.442463 -0.896787
    outer loop
      vertex 3 -0.650561 88.5706
      vertex 0 -0.849999 88.4722
      vertex 0 -0.650561 88.5706
    endloop
  endfacet
  facet normal 0 0.321526 -0.946901
    outer loop
      vertex 0 -0.650561 88.5706
      vertex 3 -0.439992 88.6421
      vertex 3 -0.650561 88.5706
    endloop
  endfacet
  facet normal 0 0.321526 -0.946901
    outer loop
      vertex 3 -0.439992 88.6421
      vertex 0 -0.650561 88.5706
      vertex 0 -0.439992 88.6421
    endloop
  endfacet
  facet normal 0 0.0652074 -0.997872
    outer loop
      vertex 0 -0.221894 88.6855
      vertex 3 0 88.7
      vertex 3 -0.221894 88.6855
    endloop
  endfacet
  facet normal 0 0.0652074 -0.997872
    outer loop
      vertex 3 0 88.7
      vertex 0 -0.221894 88.6855
      vertex 0 0 88.7
    endloop
  endfacet
  facet normal 0 0.980779 0.195122
    outer loop
      vertex 3 -1.64207 86.56
      vertex 0 -1.68546 86.7781
      vertex 3 -1.68546 86.7781
    endloop
  endfacet
  facet normal 0 0.980779 0.195122
    outer loop
      vertex 0 -1.68546 86.7781
      vertex 3 -1.64207 86.56
      vertex 0 -1.64207 86.56
    endloop
  endfacet
  facet normal -0 0.659291 0.751888
    outer loop
      vertex 0 -1.03489 85.6513
      vertex 3 -1.20208 85.7979
      vertex 3 -1.03489 85.6513
    endloop
  endfacet
  facet normal 0 0.659291 0.751888
    outer loop
      vertex 3 -1.20208 85.7979
      vertex 0 -1.03489 85.6513
      vertex 0 -1.20208 85.7979
    endloop
  endfacet
  facet normal 0 0.831483 0.555551
    outer loop
      vertex 3 -1.3487 85.9651
      vertex 0 -1.47224 86.15
      vertex 3 -1.47224 86.15
    endloop
  endfacet
  facet normal 0 0.831483 0.555551
    outer loop
      vertex 0 -1.47224 86.15
      vertex 3 -1.3487 85.9651
      vertex 0 -1.3487 85.9651
    endloop
  endfacet
  facet normal -0 0.442463 0.896787
    outer loop
      vertex 0 -0.650561 85.4294
      vertex 3 -0.849999 85.5278
      vertex 3 -0.650561 85.4294
    endloop
  endfacet
  facet normal 0 0.442463 0.896787
    outer loop
      vertex 3 -0.849999 85.5278
      vertex 0 -0.650561 85.4294
      vertex 0 -0.849999 85.5278
    endloop
  endfacet
  facet normal 0 0.555445 -0.831553
    outer loop
      vertex 0 -1.03489 88.3487
      vertex 3 -0.849999 88.4722
      vertex 3 -1.03489 88.3487
    endloop
  endfacet
  facet normal 0 0.555445 -0.831553
    outer loop
      vertex 3 -0.849999 88.4722
      vertex 0 -1.03489 88.3487
      vertex 0 -0.849999 88.4722
    endloop
  endfacet
  facet normal 0 0.195167 -0.98077
    outer loop
      vertex 0 -0.439992 88.6421
      vertex 3 -0.221894 88.6855
      vertex 3 -0.439992 88.6421
    endloop
  endfacet
  facet normal 0 0.195167 -0.98077
    outer loop
      vertex 3 -0.221894 88.6855
      vertex 0 -0.439992 88.6421
      vertex 0 -0.221894 88.6855
    endloop
  endfacet
  facet normal 0 -0.0652074 0.997872
    outer loop
      vertex 0 0.221894 21.3145
      vertex 3 0 21.3
      vertex 3 0.221894 21.3145
    endloop
  endfacet
  facet normal 0 -0.0652074 0.997872
    outer loop
      vertex 3 0 21.3
      vertex 0 0.221894 21.3145
      vertex 0 0 21.3
    endloop
  endfacet
  facet normal 0 -0.0652074 -0.997872
    outer loop
      vertex 0 0 24.7
      vertex 3 0.221894 24.6855
      vertex 3 0 24.7
    endloop
  endfacet
  facet normal -0 -0.0652074 -0.997872
    outer loop
      vertex 3 0.221894 24.6855
      vertex 0 0 24.7
      vertex 0 0.221894 24.6855
    endloop
  endfacet
  facet normal 0 -0.99786 0.0653848
    outer loop
      vertex 0 1.68546 22.7781
      vertex 3 1.7 23
      vertex 0 1.7 23
    endloop
  endfacet
  facet normal 0 -0.99786 0.0653848
    outer loop
      vertex 3 1.7 23
      vertex 0 1.68546 22.7781
      vertex 3 1.68546 22.7781
    endloop
  endfacet
  facet normal 0 0.99786 -0.0653848
    outer loop
      vertex 3 -1.7 23
      vertex 0 -1.68546 23.2219
      vertex 3 -1.68546 23.2219
    endloop
  endfacet
  facet normal 0 0.99786 -0.0653848
    outer loop
      vertex 0 -1.68546 23.2219
      vertex 3 -1.7 23
      vertex 0 -1.7 23
    endloop
  endfacet
  facet normal 0 0.659291 -0.751888
    outer loop
      vertex 0 -1.20208 24.2021
      vertex 3 -1.03489 24.3487
      vertex 3 -1.20208 24.2021
    endloop
  endfacet
  facet normal 0 0.659291 -0.751888
    outer loop
      vertex 3 -1.03489 24.3487
      vertex 0 -1.20208 24.2021
      vertex 0 -1.03489 24.3487
    endloop
  endfacet
  facet normal 0 -0.751863 0.659319
    outer loop
      vertex 0 1.20208 21.7979
      vertex 3 1.3487 21.9651
      vertex 0 1.3487 21.9651
    endloop
  endfacet
  facet normal 0 -0.751863 0.659319
    outer loop
      vertex 3 1.3487 21.9651
      vertex 0 1.20208 21.7979
      vertex 3 1.20208 21.7979
    endloop
  endfacet
  facet normal 0 -0.751863 -0.659319
    outer loop
      vertex 0 1.3487 24.0349
      vertex 3 1.20208 24.2021
      vertex 0 1.20208 24.2021
    endloop
  endfacet
  facet normal 0 -0.751863 -0.659319
    outer loop
      vertex 3 1.20208 24.2021
      vertex 0 1.3487 24.0349
      vertex 3 1.3487 24.0349
    endloop
  endfacet
  facet normal 0 -0.946943 -0.321403
    outer loop
      vertex 0 1.64207 23.44
      vertex 3 1.57059 23.6506
      vertex 0 1.57059 23.6506
    endloop
  endfacet
  facet normal 0 -0.946943 -0.321403
    outer loop
      vertex 3 1.57059 23.6506
      vertex 0 1.64207 23.44
      vertex 3 1.64207 23.44
    endloop
  endfacet
  facet normal 0 -0.442463 0.896787
    outer loop
      vertex 0 0.849999 21.5278
      vertex 3 0.650561 21.4294
      vertex 3 0.849999 21.5278
    endloop
  endfacet
  facet normal 0 -0.442463 0.896787
    outer loop
      vertex 3 0.650561 21.4294
      vertex 0 0.849999 21.5278
      vertex 0 0.650561 21.4294
    endloop
  endfacet
  facet normal 0 -0.195167 0.98077
    outer loop
      vertex 0 0.439992 21.3579
      vertex 3 0.221894 21.3145
      vertex 3 0.439992 21.3579
    endloop
  endfacet
  facet normal 0 -0.195167 0.98077
    outer loop
      vertex 3 0.221894 21.3145
      vertex 0 0.439992 21.3579
      vertex 0 0.221894 21.3145
    endloop
  endfacet
  facet normal 0 -0.555445 0.831553
    outer loop
      vertex 0 1.03489 21.6513
      vertex 3 0.849999 21.5278
      vertex 3 1.03489 21.6513
    endloop
  endfacet
  facet normal 0 -0.555445 0.831553
    outer loop
      vertex 3 0.849999 21.5278
      vertex 0 1.03489 21.6513
      vertex 0 0.849999 21.5278
    endloop
  endfacet
  facet normal 0 -0.946943 0.321403
    outer loop
      vertex 0 1.57059 22.3494
      vertex 3 1.64207 22.56
      vertex 0 1.64207 22.56
    endloop
  endfacet
  facet normal 0 -0.946943 0.321403
    outer loop
      vertex 3 1.64207 22.56
      vertex 0 1.57059 22.3494
      vertex 3 1.57059 22.3494
    endloop
  endfacet
  facet normal 0 -0.980779 0.195122
    outer loop
      vertex 0 1.64207 22.56
      vertex 3 1.68546 22.7781
      vertex 0 1.68546 22.7781
    endloop
  endfacet
  facet normal 0 -0.980779 0.195122
    outer loop
      vertex 3 1.68546 22.7781
      vertex 0 1.64207 22.56
      vertex 3 1.64207 22.56
    endloop
  endfacet
  facet normal 0 -0.896843 0.442349
    outer loop
      vertex 0 1.47224 22.15
      vertex 3 1.57059 22.3494
      vertex 0 1.57059 22.3494
    endloop
  endfacet
  facet normal 0 -0.896843 0.442349
    outer loop
      vertex 3 1.57059 22.3494
      vertex 0 1.47224 22.15
      vertex 3 1.47224 22.15
    endloop
  endfacet
  facet normal 0 -0.442463 -0.896787
    outer loop
      vertex 0 0.650561 24.5706
      vertex 3 0.849999 24.4722
      vertex 3 0.650561 24.5706
    endloop
  endfacet
  facet normal -0 -0.442463 -0.896787
    outer loop
      vertex 3 0.849999 24.4722
      vertex 0 0.650561 24.5706
      vertex 0 0.849999 24.4722
    endloop
  endfacet
  facet normal 0 -0.659291 -0.751888
    outer loop
      vertex 0 1.03489 24.3487
      vertex 3 1.20208 24.2021
      vertex 3 1.03489 24.3487
    endloop
  endfacet
  facet normal -0 -0.659291 -0.751888
    outer loop
      vertex 3 1.20208 24.2021
      vertex 0 1.03489 24.3487
      vertex 0 1.20208 24.2021
    endloop
  endfacet
  facet normal 0 -0.321526 -0.946901
    outer loop
      vertex 0 0.439992 24.6421
      vertex 3 0.650561 24.5706
      vertex 3 0.439992 24.6421
    endloop
  endfacet
  facet normal -0 -0.321526 -0.946901
    outer loop
      vertex 3 0.650561 24.5706
      vertex 0 0.439992 24.6421
      vertex 0 0.650561 24.5706
    endloop
  endfacet
  facet normal 0 -0.980779 -0.195122
    outer loop
      vertex 0 1.68546 23.2219
      vertex 3 1.64207 23.44
      vertex 0 1.64207 23.44
    endloop
  endfacet
  facet normal 0 -0.980779 -0.195122
    outer loop
      vertex 3 1.64207 23.44
      vertex 0 1.68546 23.2219
      vertex 3 1.68546 23.2219
    endloop
  endfacet
  facet normal -0 0.195167 0.98077
    outer loop
      vertex 0 -0.221894 21.3145
      vertex 3 -0.439992 21.3579
      vertex 3 -0.221894 21.3145
    endloop
  endfacet
  facet normal 0 0.195167 0.98077
    outer loop
      vertex 3 -0.439992 21.3579
      vertex 0 -0.221894 21.3145
      vertex 0 -0.439992 21.3579
    endloop
  endfacet
  facet normal 0 0.896843 -0.442349
    outer loop
      vertex 3 -1.57059 23.6506
      vertex 0 -1.47224 23.85
      vertex 3 -1.47224 23.85
    endloop
  endfacet
  facet normal 0 0.896843 -0.442349
    outer loop
      vertex 0 -1.47224 23.85
      vertex 3 -1.57059 23.6506
      vertex 0 -1.57059 23.6506
    endloop
  endfacet
  facet normal 0 0.751863 -0.659319
    outer loop
      vertex 3 -1.3487 24.0349
      vertex 0 -1.20208 24.2021
      vertex 3 -1.20208 24.2021
    endloop
  endfacet
  facet normal 0 0.751863 -0.659319
    outer loop
      vertex 0 -1.20208 24.2021
      vertex 3 -1.3487 24.0349
      vertex 0 -1.3487 24.0349
    endloop
  endfacet
  facet normal 0 0.946943 -0.321403
    outer loop
      vertex 3 -1.64207 23.44
      vertex 0 -1.57059 23.6506
      vertex 3 -1.57059 23.6506
    endloop
  endfacet
  facet normal 0 0.946943 -0.321403
    outer loop
      vertex 0 -1.57059 23.6506
      vertex 3 -1.64207 23.44
      vertex 0 -1.64207 23.44
    endloop
  endfacet
  facet normal 0 -0.321526 0.946901
    outer loop
      vertex 0 0.650561 21.4294
      vertex 3 0.439992 21.3579
      vertex 3 0.650561 21.4294
    endloop
  endfacet
  facet normal 0 -0.321526 0.946901
    outer loop
      vertex 3 0.439992 21.3579
      vertex 0 0.650561 21.4294
      vertex 0 0.439992 21.3579
    endloop
  endfacet
  facet normal 0 -0.659291 0.751888
    outer loop
      vertex 0 1.20208 21.7979
      vertex 3 1.03489 21.6513
      vertex 3 1.20208 21.7979
    endloop
  endfacet
  facet normal 0 -0.659291 0.751888
    outer loop
      vertex 3 1.03489 21.6513
      vertex 0 1.20208 21.7979
      vertex 0 1.03489 21.6513
    endloop
  endfacet
  facet normal 0 -0.831483 0.555551
    outer loop
      vertex 0 1.3487 21.9651
      vertex 3 1.47224 22.15
      vertex 0 1.47224 22.15
    endloop
  endfacet
  facet normal 0 -0.831483 0.555551
    outer loop
      vertex 3 1.47224 22.15
      vertex 0 1.3487 21.9651
      vertex 3 1.3487 21.9651
    endloop
  endfacet
  facet normal 0 -0.555445 -0.831553
    outer loop
      vertex 0 0.849999 24.4722
      vertex 3 1.03489 24.3487
      vertex 3 0.849999 24.4722
    endloop
  endfacet
  facet normal -0 -0.555445 -0.831553
    outer loop
      vertex 3 1.03489 24.3487
      vertex 0 0.849999 24.4722
      vertex 0 1.03489 24.3487
    endloop
  endfacet
  facet normal 0 -0.195167 -0.98077
    outer loop
      vertex 0 0.221894 24.6855
      vertex 3 0.439992 24.6421
      vertex 3 0.221894 24.6855
    endloop
  endfacet
  facet normal -0 -0.195167 -0.98077
    outer loop
      vertex 3 0.439992 24.6421
      vertex 0 0.221894 24.6855
      vertex 0 0.439992 24.6421
    endloop
  endfacet
  facet normal 0 -0.896843 -0.442349
    outer loop
      vertex 0 1.57059 23.6506
      vertex 3 1.47224 23.85
      vertex 0 1.47224 23.85
    endloop
  endfacet
  facet normal 0 -0.896843 -0.442349
    outer loop
      vertex 3 1.47224 23.85
      vertex 0 1.57059 23.6506
      vertex 3 1.57059 23.6506
    endloop
  endfacet
  facet normal 0 -0.831483 -0.555551
    outer loop
      vertex 0 1.47224 23.85
      vertex 3 1.3487 24.0349
      vertex 0 1.3487 24.0349
    endloop
  endfacet
  facet normal 0 -0.831483 -0.555551
    outer loop
      vertex 3 1.3487 24.0349
      vertex 0 1.47224 23.85
      vertex 3 1.47224 23.85
    endloop
  endfacet
  facet normal 0 -0.99786 -0.0653848
    outer loop
      vertex 0 1.7 23
      vertex 3 1.68546 23.2219
      vertex 0 1.68546 23.2219
    endloop
  endfacet
  facet normal 0 -0.99786 -0.0653848
    outer loop
      vertex 3 1.68546 23.2219
      vertex 0 1.7 23
      vertex 3 1.7 23
    endloop
  endfacet
  facet normal 0 0.99786 0.0653848
    outer loop
      vertex 3 -1.68546 22.7781
      vertex 0 -1.7 23
      vertex 3 -1.7 23
    endloop
  endfacet
  facet normal 0 0.99786 0.0653848
    outer loop
      vertex 0 -1.7 23
      vertex 3 -1.68546 22.7781
      vertex 0 -1.68546 22.7781
    endloop
  endfacet
  facet normal 0 0.946943 0.321403
    outer loop
      vertex 3 -1.57059 22.3494
      vertex 0 -1.64207 22.56
      vertex 3 -1.64207 22.56
    endloop
  endfacet
  facet normal 0 0.946943 0.321403
    outer loop
      vertex 0 -1.64207 22.56
      vertex 3 -1.57059 22.3494
      vertex 0 -1.57059 22.3494
    endloop
  endfacet
  facet normal 0 0.751863 0.659319
    outer loop
      vertex 3 -1.20208 21.7979
      vertex 0 -1.3487 21.9651
      vertex 3 -1.3487 21.9651
    endloop
  endfacet
  facet normal 0 0.751863 0.659319
    outer loop
      vertex 0 -1.3487 21.9651
      vertex 3 -1.20208 21.7979
      vertex 0 -1.20208 21.7979
    endloop
  endfacet
  facet normal 0 0.896843 0.442349
    outer loop
      vertex 3 -1.47224 22.15
      vertex 0 -1.57059 22.3494
      vertex 3 -1.57059 22.3494
    endloop
  endfacet
  facet normal 0 0.896843 0.442349
    outer loop
      vertex 0 -1.57059 22.3494
      vertex 3 -1.47224 22.15
      vertex 0 -1.47224 22.15
    endloop
  endfacet
  facet normal -0 0.555445 0.831553
    outer loop
      vertex 0 -0.849999 21.5278
      vertex 3 -1.03489 21.6513
      vertex 3 -0.849999 21.5278
    endloop
  endfacet
  facet normal 0 0.555445 0.831553
    outer loop
      vertex 3 -1.03489 21.6513
      vertex 0 -0.849999 21.5278
      vertex 0 -1.03489 21.6513
    endloop
  endfacet
  facet normal -0 0.321526 0.946901
    outer loop
      vertex 0 -0.439992 21.3579
      vertex 3 -0.650561 21.4294
      vertex 3 -0.439992 21.3579
    endloop
  endfacet
  facet normal 0 0.321526 0.946901
    outer loop
      vertex 3 -0.650561 21.4294
      vertex 0 -0.439992 21.3579
      vertex 0 -0.650561 21.4294
    endloop
  endfacet
  facet normal 0 0.831483 -0.555551
    outer loop
      vertex 3 -1.47224 23.85
      vertex 0 -1.3487 24.0349
      vertex 3 -1.3487 24.0349
    endloop
  endfacet
  facet normal 0 0.831483 -0.555551
    outer loop
      vertex 0 -1.3487 24.0349
      vertex 3 -1.47224 23.85
      vertex 0 -1.47224 23.85
    endloop
  endfacet
  facet normal 0 0.980779 -0.195122
    outer loop
      vertex 3 -1.68546 23.2219
      vertex 0 -1.64207 23.44
      vertex 3 -1.64207 23.44
    endloop
  endfacet
  facet normal 0 0.980779 -0.195122
    outer loop
      vertex 0 -1.64207 23.44
      vertex 3 -1.68546 23.2219
      vertex 0 -1.68546 23.2219
    endloop
  endfacet
  facet normal 0 0.442463 -0.896787
    outer loop
      vertex 0 -0.849999 24.4722
      vertex 3 -0.650561 24.5706
      vertex 3 -0.849999 24.4722
    endloop
  endfacet
  facet normal 0 0.442463 -0.896787
    outer loop
      vertex 3 -0.650561 24.5706
      vertex 0 -0.849999 24.4722
      vertex 0 -0.650561 24.5706
    endloop
  endfacet
  facet normal 0 0.321526 -0.946901
    outer loop
      vertex 0 -0.650561 24.5706
      vertex 3 -0.439992 24.6421
      vertex 3 -0.650561 24.5706
    endloop
  endfacet
  facet normal 0 0.321526 -0.946901
    outer loop
      vertex 3 -0.439992 24.6421
      vertex 0 -0.650561 24.5706
      vertex 0 -0.439992 24.6421
    endloop
  endfacet
  facet normal 0 0.0652074 -0.997872
    outer loop
      vertex 0 -0.221894 24.6855
      vertex 3 0 24.7
      vertex 3 -0.221894 24.6855
    endloop
  endfacet
  facet normal 0 0.0652074 -0.997872
    outer loop
      vertex 3 0 24.7
      vertex 0 -0.221894 24.6855
      vertex 0 0 24.7
    endloop
  endfacet
  facet normal -0 0.0652074 0.997872
    outer loop
      vertex 0 0 21.3
      vertex 3 -0.221894 21.3145
      vertex 3 0 21.3
    endloop
  endfacet
  facet normal 0 0.0652074 0.997872
    outer loop
      vertex 3 -0.221894 21.3145
      vertex 0 0 21.3
      vertex 0 -0.221894 21.3145
    endloop
  endfacet
  facet normal 0 0.980779 0.195122
    outer loop
      vertex 3 -1.64207 22.56
      vertex 0 -1.68546 22.7781
      vertex 3 -1.68546 22.7781
    endloop
  endfacet
  facet normal 0 0.980779 0.195122
    outer loop
      vertex 0 -1.68546 22.7781
      vertex 3 -1.64207 22.56
      vertex 0 -1.64207 22.56
    endloop
  endfacet
  facet normal -0 0.659291 0.751888
    outer loop
      vertex 0 -1.03489 21.6513
      vertex 3 -1.20208 21.7979
      vertex 3 -1.03489 21.6513
    endloop
  endfacet
  facet normal 0 0.659291 0.751888
    outer loop
      vertex 3 -1.20208 21.7979
      vertex 0 -1.03489 21.6513
      vertex 0 -1.20208 21.7979
    endloop
  endfacet
  facet normal 0 0.831483 0.555551
    outer loop
      vertex 3 -1.3487 21.9651
      vertex 0 -1.47224 22.15
      vertex 3 -1.47224 22.15
    endloop
  endfacet
  facet normal 0 0.831483 0.555551
    outer loop
      vertex 0 -1.47224 22.15
      vertex 3 -1.3487 21.9651
      vertex 0 -1.3487 21.9651
    endloop
  endfacet
  facet normal -0 0.442463 0.896787
    outer loop
      vertex 0 -0.650561 21.4294
      vertex 3 -0.849999 21.5278
      vertex 3 -0.650561 21.4294
    endloop
  endfacet
  facet normal 0 0.442463 0.896787
    outer loop
      vertex 3 -0.849999 21.5278
      vertex 0 -0.650561 21.4294
      vertex 0 -0.849999 21.5278
    endloop
  endfacet
  facet normal 0 0.555445 -0.831553
    outer loop
      vertex 0 -1.03489 24.3487
      vertex 3 -0.849999 24.4722
      vertex 3 -1.03489 24.3487
    endloop
  endfacet
  facet normal 0 0.555445 -0.831553
    outer loop
      vertex 3 -0.849999 24.4722
      vertex 0 -1.03489 24.3487
      vertex 0 -0.849999 24.4722
    endloop
  endfacet
  facet normal 0 0.195167 -0.98077
    outer loop
      vertex 0 -0.439992 24.6421
      vertex 3 -0.221894 24.6855
      vertex 3 -0.439992 24.6421
    endloop
  endfacet
  facet normal 0 0.195167 -0.98077
    outer loop
      vertex 3 -0.221894 24.6855
      vertex 0 -0.439992 24.6421
      vertex 0 -0.221894 24.6855
    endloop
  endfacet
endsolid OpenSCAD_Model
