solid OpenSCAD_Model
  facet normal 0.0653848 0.99786 -0
    outer loop
      vertex -36 -1.7 0
      vertex -36.2219 -1.68546 5
      vertex -36 -1.7 5
    endloop
  endfacet
  facet normal 0.0653848 0.99786 0
    outer loop
      vertex -36.2219 -1.68546 5
      vertex -36 -1.7 0
      vertex -36.2219 -1.68546 0
    endloop
  endfacet
  facet normal -0.0653848 0.99786 0
    outer loop
      vertex -27.7781 -1.68546 0
      vertex -28 -1.7 5
      vertex -27.7781 -1.68546 5
    endloop
  endfacet
  facet normal -0.0653848 0.99786 0
    outer loop
      vertex -28 -1.7 5
      vertex -27.7781 -1.68546 0
      vertex -28 -1.7 0
    endloop
  endfacet
  facet normal 0 -1 0
    outer loop
      vertex -36 1.7 0
      vertex -28 1.7 5
      vertex -36 1.7 5
    endloop
  endfacet
  facet normal 0 -1 -0
    outer loop
      vertex -28 1.7 5
      vertex -36 1.7 0
      vertex -28 1.7 0
    endloop
  endfacet
  facet normal 0 1 -0
    outer loop
      vertex -28 -1.7 0
      vertex -36 -1.7 5
      vertex -28 -1.7 5
    endloop
  endfacet
  facet normal 0 1 0
    outer loop
      vertex -36 -1.7 5
      vertex -28 -1.7 0
      vertex -36 -1.7 0
    endloop
  endfacet
  facet normal 0.997872 -0.0652074 0
    outer loop
      vertex -37.7 0 5
      vertex -37.6855 0.221894 0
      vertex -37.6855 0.221894 5
    endloop
  endfacet
  facet normal 0.997872 -0.0652074 0
    outer loop
      vertex -37.6855 0.221894 0
      vertex -37.7 0 5
      vertex -37.7 0 0
    endloop
  endfacet
  facet normal 0.195122 0.980779 -0
    outer loop
      vertex -36.2219 -1.68546 0
      vertex -36.44 -1.64207 5
      vertex -36.2219 -1.68546 5
    endloop
  endfacet
  facet normal 0.195122 0.980779 0
    outer loop
      vertex -36.44 -1.64207 5
      vertex -36.2219 -1.68546 0
      vertex -36.44 -1.64207 0
    endloop
  endfacet
  facet normal 0.659319 0.751863 -0
    outer loop
      vertex -37.0349 -1.3487 0
      vertex -37.2021 -1.20208 5
      vertex -37.0349 -1.3487 5
    endloop
  endfacet
  facet normal 0.659319 0.751863 0
    outer loop
      vertex -37.2021 -1.20208 5
      vertex -37.0349 -1.3487 0
      vertex -37.2021 -1.20208 0
    endloop
  endfacet
  facet normal -0.321403 -0.946943 0
    outer loop
      vertex -27.56 1.64207 0
      vertex -27.3494 1.57059 5
      vertex -27.56 1.64207 5
    endloop
  endfacet
  facet normal -0.321403 -0.946943 -0
    outer loop
      vertex -27.3494 1.57059 5
      vertex -27.56 1.64207 0
      vertex -27.3494 1.57059 0
    endloop
  endfacet
  facet normal 0.946901 0.321526 0
    outer loop
      vertex -37.5706 -0.650561 5
      vertex -37.6421 -0.439992 0
      vertex -37.6421 -0.439992 5
    endloop
  endfacet
  facet normal 0.946901 0.321526 0
    outer loop
      vertex -37.6421 -0.439992 0
      vertex -37.5706 -0.650561 5
      vertex -37.5706 -0.650561 0
    endloop
  endfacet
  facet normal 0.321403 -0.946943 0
    outer loop
      vertex -36.6506 1.57059 0
      vertex -36.44 1.64207 5
      vertex -36.6506 1.57059 5
    endloop
  endfacet
  facet normal 0.321403 -0.946943 0
    outer loop
      vertex -36.44 1.64207 5
      vertex -36.6506 1.57059 0
      vertex -36.44 1.64207 0
    endloop
  endfacet
  facet normal 0.195122 -0.980779 0
    outer loop
      vertex -36.44 1.64207 0
      vertex -36.2219 1.68546 5
      vertex -36.44 1.64207 5
    endloop
  endfacet
  facet normal 0.195122 -0.980779 0
    outer loop
      vertex -36.2219 1.68546 5
      vertex -36.44 1.64207 0
      vertex -36.2219 1.68546 0
    endloop
  endfacet
  facet normal 0.659319 -0.751863 0
    outer loop
      vertex -37.2021 1.20208 0
      vertex -37.0349 1.3487 5
      vertex -37.2021 1.20208 5
    endloop
  endfacet
  facet normal 0.659319 -0.751863 0
    outer loop
      vertex -37.0349 1.3487 5
      vertex -37.2021 1.20208 0
      vertex -37.0349 1.3487 0
    endloop
  endfacet
  facet normal -0.0653848 -0.99786 0
    outer loop
      vertex -28 1.7 0
      vertex -27.7781 1.68546 5
      vertex -28 1.7 5
    endloop
  endfacet
  facet normal -0.0653848 -0.99786 -0
    outer loop
      vertex -27.7781 1.68546 5
      vertex -28 1.7 0
      vertex -27.7781 1.68546 0
    endloop
  endfacet
  facet normal 0.98077 -0.195167 0
    outer loop
      vertex -37.6855 0.221894 5
      vertex -37.6421 0.439992 0
      vertex -37.6421 0.439992 5
    endloop
  endfacet
  facet normal 0.98077 -0.195167 0
    outer loop
      vertex -37.6421 0.439992 0
      vertex -37.6855 0.221894 5
      vertex -37.6855 0.221894 0
    endloop
  endfacet
  facet normal 0.946901 -0.321526 0
    outer loop
      vertex -37.6421 0.439992 5
      vertex -37.5706 0.650561 0
      vertex -37.5706 0.650561 5
    endloop
  endfacet
  facet normal 0.946901 -0.321526 0
    outer loop
      vertex -37.5706 0.650561 0
      vertex -37.6421 0.439992 5
      vertex -37.6421 0.439992 0
    endloop
  endfacet
  facet normal 0.997872 0.0652074 0
    outer loop
      vertex -37.6855 -0.221894 5
      vertex -37.7 0 0
      vertex -37.7 0 5
    endloop
  endfacet
  facet normal 0.997872 0.0652074 0
    outer loop
      vertex -37.7 0 0
      vertex -37.6855 -0.221894 5
      vertex -37.6855 -0.221894 0
    endloop
  endfacet
  facet normal 0.751888 0.659291 0
    outer loop
      vertex -37.2021 -1.20208 5
      vertex -37.3487 -1.03489 0
      vertex -37.3487 -1.03489 5
    endloop
  endfacet
  facet normal 0.751888 0.659291 0
    outer loop
      vertex -37.3487 -1.03489 0
      vertex -37.2021 -1.20208 5
      vertex -37.2021 -1.20208 0
    endloop
  endfacet
  facet normal 0.896787 0.442463 0
    outer loop
      vertex -37.4722 -0.849999 5
      vertex -37.5706 -0.650561 0
      vertex -37.5706 -0.650561 5
    endloop
  endfacet
  facet normal 0.896787 0.442463 0
    outer loop
      vertex -37.5706 -0.650561 0
      vertex -37.4722 -0.849999 5
      vertex -37.4722 -0.849999 0
    endloop
  endfacet
  facet normal 0.321403 0.946943 -0
    outer loop
      vertex -36.44 -1.64207 0
      vertex -36.6506 -1.57059 5
      vertex -36.44 -1.64207 5
    endloop
  endfacet
  facet normal 0.321403 0.946943 0
    outer loop
      vertex -36.6506 -1.57059 5
      vertex -36.44 -1.64207 0
      vertex -36.6506 -1.57059 0
    endloop
  endfacet
  facet normal 0.0653848 -0.99786 0
    outer loop
      vertex -36.2219 1.68546 0
      vertex -36 1.7 5
      vertex -36.2219 1.68546 5
    endloop
  endfacet
  facet normal 0.0653848 -0.99786 0
    outer loop
      vertex -36 1.7 5
      vertex -36.2219 1.68546 0
      vertex -36 1.7 0
    endloop
  endfacet
  facet normal 0.555551 -0.831483 0
    outer loop
      vertex -37.0349 1.3487 0
      vertex -36.85 1.47224 5
      vertex -37.0349 1.3487 5
    endloop
  endfacet
  facet normal 0.555551 -0.831483 0
    outer loop
      vertex -36.85 1.47224 5
      vertex -37.0349 1.3487 0
      vertex -36.85 1.47224 0
    endloop
  endfacet
  facet normal 0.442349 -0.896843 0
    outer loop
      vertex -36.85 1.47224 0
      vertex -36.6506 1.57059 5
      vertex -36.85 1.47224 5
    endloop
  endfacet
  facet normal 0.442349 -0.896843 0
    outer loop
      vertex -36.6506 1.57059 5
      vertex -36.85 1.47224 0
      vertex -36.6506 1.57059 0
    endloop
  endfacet
  facet normal -0.98077 0.195167 0
    outer loop
      vertex -26.3579 -0.439992 0
      vertex -26.3145 -0.221894 5
      vertex -26.3145 -0.221894 0
    endloop
  endfacet
  facet normal -0.98077 0.195167 0
    outer loop
      vertex -26.3145 -0.221894 5
      vertex -26.3579 -0.439992 0
      vertex -26.3579 -0.439992 5
    endloop
  endfacet
  facet normal 0.896787 -0.442463 0
    outer loop
      vertex -37.5706 0.650561 5
      vertex -37.4722 0.849999 0
      vertex -37.4722 0.849999 5
    endloop
  endfacet
  facet normal 0.896787 -0.442463 0
    outer loop
      vertex -37.4722 0.849999 0
      vertex -37.5706 0.650561 5
      vertex -37.5706 0.650561 0
    endloop
  endfacet
  facet normal 0.831553 -0.555445 0
    outer loop
      vertex -37.4722 0.849999 5
      vertex -37.3487 1.03489 0
      vertex -37.3487 1.03489 5
    endloop
  endfacet
  facet normal 0.831553 -0.555445 0
    outer loop
      vertex -37.3487 1.03489 0
      vertex -37.4722 0.849999 5
      vertex -37.4722 0.849999 0
    endloop
  endfacet
  facet normal 0.751888 -0.659291 0
    outer loop
      vertex -37.3487 1.03489 5
      vertex -37.2021 1.20208 0
      vertex -37.2021 1.20208 5
    endloop
  endfacet
  facet normal 0.751888 -0.659291 0
    outer loop
      vertex -37.2021 1.20208 0
      vertex -37.3487 1.03489 5
      vertex -37.3487 1.03489 0
    endloop
  endfacet
  facet normal 0.98077 0.195167 0
    outer loop
      vertex -37.6421 -0.439992 5
      vertex -37.6855 -0.221894 0
      vertex -37.6855 -0.221894 5
    endloop
  endfacet
  facet normal 0.98077 0.195167 0
    outer loop
      vertex -37.6855 -0.221894 0
      vertex -37.6421 -0.439992 5
      vertex -37.6421 -0.439992 0
    endloop
  endfacet
  facet normal 0.555551 0.831483 -0
    outer loop
      vertex -36.85 -1.47224 0
      vertex -37.0349 -1.3487 5
      vertex -36.85 -1.47224 5
    endloop
  endfacet
  facet normal 0.555551 0.831483 0
    outer loop
      vertex -37.0349 -1.3487 5
      vertex -36.85 -1.47224 0
      vertex -37.0349 -1.3487 0
    endloop
  endfacet
  facet normal -0.195122 -0.980779 0
    outer loop
      vertex -27.7781 1.68546 0
      vertex -27.56 1.64207 5
      vertex -27.7781 1.68546 5
    endloop
  endfacet
  facet normal -0.195122 -0.980779 -0
    outer loop
      vertex -27.56 1.64207 5
      vertex -27.7781 1.68546 0
      vertex -27.56 1.64207 0
    endloop
  endfacet
  facet normal -0.831553 0.555445 0
    outer loop
      vertex -26.6513 -1.03489 0
      vertex -26.5278 -0.849999 5
      vertex -26.5278 -0.849999 0
    endloop
  endfacet
  facet normal -0.831553 0.555445 0
    outer loop
      vertex -26.5278 -0.849999 5
      vertex -26.6513 -1.03489 0
      vertex -26.6513 -1.03489 5
    endloop
  endfacet
  facet normal -0.946901 -0.321526 0
    outer loop
      vertex -26.3579 0.439992 0
      vertex -26.4294 0.650561 5
      vertex -26.4294 0.650561 0
    endloop
  endfacet
  facet normal -0.946901 -0.321526 0
    outer loop
      vertex -26.4294 0.650561 5
      vertex -26.3579 0.439992 0
      vertex -26.3579 0.439992 5
    endloop
  endfacet
  facet normal -0.98077 -0.195167 0
    outer loop
      vertex -26.3145 0.221894 0
      vertex -26.3579 0.439992 5
      vertex -26.3579 0.439992 0
    endloop
  endfacet
  facet normal -0.98077 -0.195167 0
    outer loop
      vertex -26.3579 0.439992 5
      vertex -26.3145 0.221894 0
      vertex -26.3145 0.221894 5
    endloop
  endfacet
  facet normal 0.831553 0.555445 0
    outer loop
      vertex -37.3487 -1.03489 5
      vertex -37.4722 -0.849999 0
      vertex -37.4722 -0.849999 5
    endloop
  endfacet
  facet normal 0.831553 0.555445 0
    outer loop
      vertex -37.4722 -0.849999 0
      vertex -37.3487 -1.03489 5
      vertex -37.3487 -1.03489 0
    endloop
  endfacet
  facet normal 0.442349 0.896843 -0
    outer loop
      vertex -36.6506 -1.57059 0
      vertex -36.85 -1.47224 5
      vertex -36.6506 -1.57059 5
    endloop
  endfacet
  facet normal 0.442349 0.896843 0
    outer loop
      vertex -36.85 -1.47224 5
      vertex -36.6506 -1.57059 0
      vertex -36.85 -1.47224 0
    endloop
  endfacet
  facet normal -0.659319 0.751863 0
    outer loop
      vertex -26.7979 -1.20208 0
      vertex -26.9651 -1.3487 5
      vertex -26.7979 -1.20208 5
    endloop
  endfacet
  facet normal -0.659319 0.751863 0
    outer loop
      vertex -26.9651 -1.3487 5
      vertex -26.7979 -1.20208 0
      vertex -26.9651 -1.3487 0
    endloop
  endfacet
  facet normal -0.997872 0.0652074 0
    outer loop
      vertex -26.3145 -0.221894 0
      vertex -26.3 0 5
      vertex -26.3 0 0
    endloop
  endfacet
  facet normal -0.997872 0.0652074 0
    outer loop
      vertex -26.3 0 5
      vertex -26.3145 -0.221894 0
      vertex -26.3145 -0.221894 5
    endloop
  endfacet
  facet normal -0.442349 -0.896843 0
    outer loop
      vertex -27.3494 1.57059 0
      vertex -27.15 1.47224 5
      vertex -27.3494 1.57059 5
    endloop
  endfacet
  facet normal -0.442349 -0.896843 -0
    outer loop
      vertex -27.15 1.47224 5
      vertex -27.3494 1.57059 0
      vertex -27.15 1.47224 0
    endloop
  endfacet
  facet normal -0.946901 0.321526 0
    outer loop
      vertex -26.4294 -0.650561 0
      vertex -26.3579 -0.439992 5
      vertex -26.3579 -0.439992 0
    endloop
  endfacet
  facet normal -0.946901 0.321526 0
    outer loop
      vertex -26.3579 -0.439992 5
      vertex -26.4294 -0.650561 0
      vertex -26.4294 -0.650561 5
    endloop
  endfacet
  facet normal -0.896787 0.442463 0
    outer loop
      vertex -26.5278 -0.849999 0
      vertex -26.4294 -0.650561 5
      vertex -26.4294 -0.650561 0
    endloop
  endfacet
  facet normal -0.896787 0.442463 0
    outer loop
      vertex -26.4294 -0.650561 5
      vertex -26.5278 -0.849999 0
      vertex -26.5278 -0.849999 5
    endloop
  endfacet
  facet normal -0.555551 0.831483 0
    outer loop
      vertex -26.9651 -1.3487 0
      vertex -27.15 -1.47224 5
      vertex -26.9651 -1.3487 5
    endloop
  endfacet
  facet normal -0.555551 0.831483 0
    outer loop
      vertex -27.15 -1.47224 5
      vertex -26.9651 -1.3487 0
      vertex -27.15 -1.47224 0
    endloop
  endfacet
  facet normal -0.659319 -0.751863 0
    outer loop
      vertex -26.9651 1.3487 0
      vertex -26.7979 1.20208 5
      vertex -26.9651 1.3487 5
    endloop
  endfacet
  facet normal -0.659319 -0.751863 -0
    outer loop
      vertex -26.7979 1.20208 5
      vertex -26.9651 1.3487 0
      vertex -26.7979 1.20208 0
    endloop
  endfacet
  facet normal -0.751888 -0.659291 0
    outer loop
      vertex -26.6513 1.03489 0
      vertex -26.7979 1.20208 5
      vertex -26.7979 1.20208 0
    endloop
  endfacet
  facet normal -0.751888 -0.659291 0
    outer loop
      vertex -26.7979 1.20208 5
      vertex -26.6513 1.03489 0
      vertex -26.6513 1.03489 5
    endloop
  endfacet
  facet normal -0.896787 -0.442463 0
    outer loop
      vertex -26.4294 0.650561 0
      vertex -26.5278 0.849999 5
      vertex -26.5278 0.849999 0
    endloop
  endfacet
  facet normal -0.896787 -0.442463 0
    outer loop
      vertex -26.5278 0.849999 5
      vertex -26.4294 0.650561 0
      vertex -26.4294 0.650561 5
    endloop
  endfacet
  facet normal -0.831553 -0.555445 0
    outer loop
      vertex -26.5278 0.849999 0
      vertex -26.6513 1.03489 5
      vertex -26.6513 1.03489 0
    endloop
  endfacet
  facet normal -0.831553 -0.555445 0
    outer loop
      vertex -26.6513 1.03489 5
      vertex -26.5278 0.849999 0
      vertex -26.5278 0.849999 5
    endloop
  endfacet
  facet normal -0.997872 -0.0652074 0
    outer loop
      vertex -26.3 0 0
      vertex -26.3145 0.221894 5
      vertex -26.3145 0.221894 0
    endloop
  endfacet
  facet normal -0.997872 -0.0652074 0
    outer loop
      vertex -26.3145 0.221894 5
      vertex -26.3 0 0
      vertex -26.3 0 5
    endloop
  endfacet
  facet normal -0.555551 -0.831483 0
    outer loop
      vertex -27.15 1.47224 0
      vertex -26.9651 1.3487 5
      vertex -27.15 1.47224 5
    endloop
  endfacet
  facet normal -0.555551 -0.831483 -0
    outer loop
      vertex -26.9651 1.3487 5
      vertex -27.15 1.47224 0
      vertex -26.9651 1.3487 0
    endloop
  endfacet
  facet normal -0.195122 0.980779 0
    outer loop
      vertex -27.56 -1.64207 0
      vertex -27.7781 -1.68546 5
      vertex -27.56 -1.64207 5
    endloop
  endfacet
  facet normal -0.195122 0.980779 0
    outer loop
      vertex -27.7781 -1.68546 5
      vertex -27.56 -1.64207 0
      vertex -27.7781 -1.68546 0
    endloop
  endfacet
  facet normal -0.751888 0.659291 0
    outer loop
      vertex -26.7979 -1.20208 0
      vertex -26.6513 -1.03489 5
      vertex -26.6513 -1.03489 0
    endloop
  endfacet
  facet normal -0.751888 0.659291 0
    outer loop
      vertex -26.6513 -1.03489 5
      vertex -26.7979 -1.20208 0
      vertex -26.7979 -1.20208 5
    endloop
  endfacet
  facet normal -0.321403 0.946943 0
    outer loop
      vertex -27.3494 -1.57059 0
      vertex -27.56 -1.64207 5
      vertex -27.3494 -1.57059 5
    endloop
  endfacet
  facet normal -0.321403 0.946943 0
    outer loop
      vertex -27.56 -1.64207 5
      vertex -27.3494 -1.57059 0
      vertex -27.56 -1.64207 0
    endloop
  endfacet
  facet normal -0.442349 0.896843 0
    outer loop
      vertex -27.15 -1.47224 0
      vertex -27.3494 -1.57059 5
      vertex -27.15 -1.47224 5
    endloop
  endfacet
  facet normal -0.442349 0.896843 0
    outer loop
      vertex -27.3494 -1.57059 5
      vertex -27.15 -1.47224 0
      vertex -27.3494 -1.57059 0
    endloop
  endfacet
  facet normal 0.0653848 0.99786 -0
    outer loop
      vertex -20 -1.7 0
      vertex -20.2219 -1.68546 5
      vertex -20 -1.7 5
    endloop
  endfacet
  facet normal 0.0653848 0.99786 0
    outer loop
      vertex -20.2219 -1.68546 5
      vertex -20 -1.7 0
      vertex -20.2219 -1.68546 0
    endloop
  endfacet
  facet normal -0.0653848 0.99786 0
    outer loop
      vertex -11.7781 -1.68546 0
      vertex -12 -1.7 5
      vertex -11.7781 -1.68546 5
    endloop
  endfacet
  facet normal -0.0653848 0.99786 0
    outer loop
      vertex -12 -1.7 5
      vertex -11.7781 -1.68546 0
      vertex -12 -1.7 0
    endloop
  endfacet
  facet normal 0 -1 0
    outer loop
      vertex -20 1.7 0
      vertex -12 1.7 5
      vertex -20 1.7 5
    endloop
  endfacet
  facet normal 0 -1 -0
    outer loop
      vertex -12 1.7 5
      vertex -20 1.7 0
      vertex -12 1.7 0
    endloop
  endfacet
  facet normal 0 1 -0
    outer loop
      vertex -12 -1.7 0
      vertex -20 -1.7 5
      vertex -12 -1.7 5
    endloop
  endfacet
  facet normal 0 1 0
    outer loop
      vertex -20 -1.7 5
      vertex -12 -1.7 0
      vertex -20 -1.7 0
    endloop
  endfacet
  facet normal 0.997872 -0.0652074 0
    outer loop
      vertex -21.7 0 5
      vertex -21.6855 0.221894 0
      vertex -21.6855 0.221894 5
    endloop
  endfacet
  facet normal 0.997872 -0.0652074 0
    outer loop
      vertex -21.6855 0.221894 0
      vertex -21.7 0 5
      vertex -21.7 0 0
    endloop
  endfacet
  facet normal 0.195122 0.980779 -0
    outer loop
      vertex -20.2219 -1.68546 0
      vertex -20.44 -1.64207 5
      vertex -20.2219 -1.68546 5
    endloop
  endfacet
  facet normal 0.195122 0.980779 0
    outer loop
      vertex -20.44 -1.64207 5
      vertex -20.2219 -1.68546 0
      vertex -20.44 -1.64207 0
    endloop
  endfacet
  facet normal 0.659319 0.751863 -0
    outer loop
      vertex -21.0349 -1.3487 0
      vertex -21.2021 -1.20208 5
      vertex -21.0349 -1.3487 5
    endloop
  endfacet
  facet normal 0.659319 0.751863 0
    outer loop
      vertex -21.2021 -1.20208 5
      vertex -21.0349 -1.3487 0
      vertex -21.2021 -1.20208 0
    endloop
  endfacet
  facet normal -0.321403 -0.946943 0
    outer loop
      vertex -11.56 1.64207 0
      vertex -11.3494 1.57059 5
      vertex -11.56 1.64207 5
    endloop
  endfacet
  facet normal -0.321403 -0.946943 -0
    outer loop
      vertex -11.3494 1.57059 5
      vertex -11.56 1.64207 0
      vertex -11.3494 1.57059 0
    endloop
  endfacet
  facet normal 0.321403 0.946943 -0
    outer loop
      vertex -20.44 -1.64207 0
      vertex -20.6506 -1.57059 5
      vertex -20.44 -1.64207 5
    endloop
  endfacet
  facet normal 0.321403 0.946943 0
    outer loop
      vertex -20.6506 -1.57059 5
      vertex -20.44 -1.64207 0
      vertex -20.6506 -1.57059 0
    endloop
  endfacet
  facet normal 0.946901 0.321526 0
    outer loop
      vertex -21.5706 -0.650561 5
      vertex -21.6421 -0.439992 0
      vertex -21.6421 -0.439992 5
    endloop
  endfacet
  facet normal 0.946901 0.321526 0
    outer loop
      vertex -21.6421 -0.439992 0
      vertex -21.5706 -0.650561 5
      vertex -21.5706 -0.650561 0
    endloop
  endfacet
  facet normal 0.321403 -0.946943 0
    outer loop
      vertex -20.6506 1.57059 0
      vertex -20.44 1.64207 5
      vertex -20.6506 1.57059 5
    endloop
  endfacet
  facet normal 0.321403 -0.946943 0
    outer loop
      vertex -20.44 1.64207 5
      vertex -20.6506 1.57059 0
      vertex -20.44 1.64207 0
    endloop
  endfacet
  facet normal 0.195122 -0.980779 0
    outer loop
      vertex -20.44 1.64207 0
      vertex -20.2219 1.68546 5
      vertex -20.44 1.64207 5
    endloop
  endfacet
  facet normal 0.195122 -0.980779 0
    outer loop
      vertex -20.2219 1.68546 5
      vertex -20.44 1.64207 0
      vertex -20.2219 1.68546 0
    endloop
  endfacet
  facet normal 0.659319 -0.751863 0
    outer loop
      vertex -21.2021 1.20208 0
      vertex -21.0349 1.3487 5
      vertex -21.2021 1.20208 5
    endloop
  endfacet
  facet normal 0.659319 -0.751863 0
    outer loop
      vertex -21.0349 1.3487 5
      vertex -21.2021 1.20208 0
      vertex -21.0349 1.3487 0
    endloop
  endfacet
  facet normal -0.0653848 -0.99786 0
    outer loop
      vertex -12 1.7 0
      vertex -11.7781 1.68546 5
      vertex -12 1.7 5
    endloop
  endfacet
  facet normal -0.0653848 -0.99786 -0
    outer loop
      vertex -11.7781 1.68546 5
      vertex -12 1.7 0
      vertex -11.7781 1.68546 0
    endloop
  endfacet
  facet normal 0.98077 -0.195167 0
    outer loop
      vertex -21.6855 0.221894 5
      vertex -21.6421 0.439992 0
      vertex -21.6421 0.439992 5
    endloop
  endfacet
  facet normal 0.98077 -0.195167 0
    outer loop
      vertex -21.6421 0.439992 0
      vertex -21.6855 0.221894 5
      vertex -21.6855 0.221894 0
    endloop
  endfacet
  facet normal 0.946901 -0.321526 0
    outer loop
      vertex -21.6421 0.439992 5
      vertex -21.5706 0.650561 0
      vertex -21.5706 0.650561 5
    endloop
  endfacet
  facet normal 0.946901 -0.321526 0
    outer loop
      vertex -21.5706 0.650561 0
      vertex -21.6421 0.439992 5
      vertex -21.6421 0.439992 0
    endloop
  endfacet
  facet normal 0.997872 0.0652074 0
    outer loop
      vertex -21.6855 -0.221894 5
      vertex -21.7 0 0
      vertex -21.7 0 5
    endloop
  endfacet
  facet normal 0.997872 0.0652074 0
    outer loop
      vertex -21.7 0 0
      vertex -21.6855 -0.221894 5
      vertex -21.6855 -0.221894 0
    endloop
  endfacet
  facet normal 0.751888 0.659291 0
    outer loop
      vertex -21.2021 -1.20208 5
      vertex -21.3487 -1.03489 0
      vertex -21.3487 -1.03489 5
    endloop
  endfacet
  facet normal 0.751888 0.659291 0
    outer loop
      vertex -21.3487 -1.03489 0
      vertex -21.2021 -1.20208 5
      vertex -21.2021 -1.20208 0
    endloop
  endfacet
  facet normal 0.896787 0.442463 0
    outer loop
      vertex -21.4722 -0.849999 5
      vertex -21.5706 -0.650561 0
      vertex -21.5706 -0.650561 5
    endloop
  endfacet
  facet normal 0.896787 0.442463 0
    outer loop
      vertex -21.5706 -0.650561 0
      vertex -21.4722 -0.849999 5
      vertex -21.4722 -0.849999 0
    endloop
  endfacet
  facet normal 0.0653848 -0.99786 0
    outer loop
      vertex -20.2219 1.68546 0
      vertex -20 1.7 5
      vertex -20.2219 1.68546 5
    endloop
  endfacet
  facet normal 0.0653848 -0.99786 0
    outer loop
      vertex -20 1.7 5
      vertex -20.2219 1.68546 0
      vertex -20 1.7 0
    endloop
  endfacet
  facet normal 0.555551 -0.831483 0
    outer loop
      vertex -21.0349 1.3487 0
      vertex -20.85 1.47224 5
      vertex -21.0349 1.3487 5
    endloop
  endfacet
  facet normal 0.555551 -0.831483 0
    outer loop
      vertex -20.85 1.47224 5
      vertex -21.0349 1.3487 0
      vertex -20.85 1.47224 0
    endloop
  endfacet
  facet normal 0.442349 -0.896843 0
    outer loop
      vertex -20.85 1.47224 0
      vertex -20.6506 1.57059 5
      vertex -20.85 1.47224 5
    endloop
  endfacet
  facet normal 0.442349 -0.896843 0
    outer loop
      vertex -20.6506 1.57059 5
      vertex -20.85 1.47224 0
      vertex -20.6506 1.57059 0
    endloop
  endfacet
  facet normal -0.98077 0.195167 0
    outer loop
      vertex -10.3579 -0.439992 0
      vertex -10.3145 -0.221894 5
      vertex -10.3145 -0.221894 0
    endloop
  endfacet
  facet normal -0.98077 0.195167 0
    outer loop
      vertex -10.3145 -0.221894 5
      vertex -10.3579 -0.439992 0
      vertex -10.3579 -0.439992 5
    endloop
  endfacet
  facet normal 0.896787 -0.442463 0
    outer loop
      vertex -21.5706 0.650561 5
      vertex -21.4722 0.849999 0
      vertex -21.4722 0.849999 5
    endloop
  endfacet
  facet normal 0.896787 -0.442463 0
    outer loop
      vertex -21.4722 0.849999 0
      vertex -21.5706 0.650561 5
      vertex -21.5706 0.650561 0
    endloop
  endfacet
  facet normal 0.831553 -0.555445 0
    outer loop
      vertex -21.4722 0.849999 5
      vertex -21.3487 1.03489 0
      vertex -21.3487 1.03489 5
    endloop
  endfacet
  facet normal 0.831553 -0.555445 0
    outer loop
      vertex -21.3487 1.03489 0
      vertex -21.4722 0.849999 5
      vertex -21.4722 0.849999 0
    endloop
  endfacet
  facet normal 0.751888 -0.659291 0
    outer loop
      vertex -21.3487 1.03489 5
      vertex -21.2021 1.20208 0
      vertex -21.2021 1.20208 5
    endloop
  endfacet
  facet normal 0.751888 -0.659291 0
    outer loop
      vertex -21.2021 1.20208 0
      vertex -21.3487 1.03489 5
      vertex -21.3487 1.03489 0
    endloop
  endfacet
  facet normal 0.98077 0.195167 0
    outer loop
      vertex -21.6421 -0.439992 5
      vertex -21.6855 -0.221894 0
      vertex -21.6855 -0.221894 5
    endloop
  endfacet
  facet normal 0.98077 0.195167 0
    outer loop
      vertex -21.6855 -0.221894 0
      vertex -21.6421 -0.439992 5
      vertex -21.6421 -0.439992 0
    endloop
  endfacet
  facet normal 0.555551 0.831483 -0
    outer loop
      vertex -20.85 -1.47224 0
      vertex -21.0349 -1.3487 5
      vertex -20.85 -1.47224 5
    endloop
  endfacet
  facet normal 0.555551 0.831483 0
    outer loop
      vertex -21.0349 -1.3487 5
      vertex -20.85 -1.47224 0
      vertex -21.0349 -1.3487 0
    endloop
  endfacet
  facet normal -0.195122 -0.980779 0
    outer loop
      vertex -11.7781 1.68546 0
      vertex -11.56 1.64207 5
      vertex -11.7781 1.68546 5
    endloop
  endfacet
  facet normal -0.195122 -0.980779 -0
    outer loop
      vertex -11.56 1.64207 5
      vertex -11.7781 1.68546 0
      vertex -11.56 1.64207 0
    endloop
  endfacet
  facet normal -0.831553 0.555445 0
    outer loop
      vertex -10.6513 -1.03489 0
      vertex -10.5278 -0.849999 5
      vertex -10.5278 -0.849999 0
    endloop
  endfacet
  facet normal -0.831553 0.555445 0
    outer loop
      vertex -10.5278 -0.849999 5
      vertex -10.6513 -1.03489 0
      vertex -10.6513 -1.03489 5
    endloop
  endfacet
  facet normal -0.946901 -0.321526 0
    outer loop
      vertex -10.3579 0.439992 0
      vertex -10.4294 0.650561 5
      vertex -10.4294 0.650561 0
    endloop
  endfacet
  facet normal -0.946901 -0.321526 0
    outer loop
      vertex -10.4294 0.650561 5
      vertex -10.3579 0.439992 0
      vertex -10.3579 0.439992 5
    endloop
  endfacet
  facet normal -0.98077 -0.195167 0
    outer loop
      vertex -10.3145 0.221894 0
      vertex -10.3579 0.439992 5
      vertex -10.3579 0.439992 0
    endloop
  endfacet
  facet normal -0.98077 -0.195167 0
    outer loop
      vertex -10.3579 0.439992 5
      vertex -10.3145 0.221894 0
      vertex -10.3145 0.221894 5
    endloop
  endfacet
  facet normal 0.831553 0.555445 0
    outer loop
      vertex -21.3487 -1.03489 5
      vertex -21.4722 -0.849999 0
      vertex -21.4722 -0.849999 5
    endloop
  endfacet
  facet normal 0.831553 0.555445 0
    outer loop
      vertex -21.4722 -0.849999 0
      vertex -21.3487 -1.03489 5
      vertex -21.3487 -1.03489 0
    endloop
  endfacet
  facet normal 0.442349 0.896843 -0
    outer loop
      vertex -20.6506 -1.57059 0
      vertex -20.85 -1.47224 5
      vertex -20.6506 -1.57059 5
    endloop
  endfacet
  facet normal 0.442349 0.896843 0
    outer loop
      vertex -20.85 -1.47224 5
      vertex -20.6506 -1.57059 0
      vertex -20.85 -1.47224 0
    endloop
  endfacet
  facet normal -0.997872 0.0652074 0
    outer loop
      vertex -10.3145 -0.221894 0
      vertex -10.3 0 5
      vertex -10.3 0 0
    endloop
  endfacet
  facet normal -0.997872 0.0652074 0
    outer loop
      vertex -10.3 0 5
      vertex -10.3145 -0.221894 0
      vertex -10.3145 -0.221894 5
    endloop
  endfacet
  facet normal -0.442349 -0.896843 0
    outer loop
      vertex -11.3494 1.57059 0
      vertex -11.15 1.47224 5
      vertex -11.3494 1.57059 5
    endloop
  endfacet
  facet normal -0.442349 -0.896843 -0
    outer loop
      vertex -11.15 1.47224 5
      vertex -11.3494 1.57059 0
      vertex -11.15 1.47224 0
    endloop
  endfacet
  facet normal -0.946901 0.321526 0
    outer loop
      vertex -10.4294 -0.650561 0
      vertex -10.3579 -0.439992 5
      vertex -10.3579 -0.439992 0
    endloop
  endfacet
  facet normal -0.946901 0.321526 0
    outer loop
      vertex -10.3579 -0.439992 5
      vertex -10.4294 -0.650561 0
      vertex -10.4294 -0.650561 5
    endloop
  endfacet
  facet normal -0.659319 -0.751863 0
    outer loop
      vertex -10.9651 1.3487 0
      vertex -10.7979 1.20208 5
      vertex -10.9651 1.3487 5
    endloop
  endfacet
  facet normal -0.659319 -0.751863 -0
    outer loop
      vertex -10.7979 1.20208 5
      vertex -10.9651 1.3487 0
      vertex -10.7979 1.20208 0
    endloop
  endfacet
  facet normal -0.751888 -0.659291 0
    outer loop
      vertex -10.6513 1.03489 0
      vertex -10.7979 1.20208 5
      vertex -10.7979 1.20208 0
    endloop
  endfacet
  facet normal -0.751888 -0.659291 0
    outer loop
      vertex -10.7979 1.20208 5
      vertex -10.6513 1.03489 0
      vertex -10.6513 1.03489 5
    endloop
  endfacet
  facet normal -0.896787 -0.442463 0
    outer loop
      vertex -10.4294 0.650561 0
      vertex -10.5278 0.849999 5
      vertex -10.5278 0.849999 0
    endloop
  endfacet
  facet normal -0.896787 -0.442463 0
    outer loop
      vertex -10.5278 0.849999 5
      vertex -10.4294 0.650561 0
      vertex -10.4294 0.650561 5
    endloop
  endfacet
  facet normal -0.831553 -0.555445 0
    outer loop
      vertex -10.5278 0.849999 0
      vertex -10.6513 1.03489 5
      vertex -10.6513 1.03489 0
    endloop
  endfacet
  facet normal -0.831553 -0.555445 0
    outer loop
      vertex -10.6513 1.03489 5
      vertex -10.5278 0.849999 0
      vertex -10.5278 0.849999 5
    endloop
  endfacet
  facet normal -0.997872 -0.0652074 0
    outer loop
      vertex -10.3 0 0
      vertex -10.3145 0.221894 5
      vertex -10.3145 0.221894 0
    endloop
  endfacet
  facet normal -0.997872 -0.0652074 0
    outer loop
      vertex -10.3145 0.221894 5
      vertex -10.3 0 0
      vertex -10.3 0 5
    endloop
  endfacet
  facet normal -0.555551 -0.831483 0
    outer loop
      vertex -11.15 1.47224 0
      vertex -10.9651 1.3487 5
      vertex -11.15 1.47224 5
    endloop
  endfacet
  facet normal -0.555551 -0.831483 -0
    outer loop
      vertex -10.9651 1.3487 5
      vertex -11.15 1.47224 0
      vertex -10.9651 1.3487 0
    endloop
  endfacet
  facet normal -0.751888 0.659291 0
    outer loop
      vertex -10.7979 -1.20208 0
      vertex -10.6513 -1.03489 5
      vertex -10.6513 -1.03489 0
    endloop
  endfacet
  facet normal -0.751888 0.659291 0
    outer loop
      vertex -10.6513 -1.03489 5
      vertex -10.7979 -1.20208 0
      vertex -10.7979 -1.20208 5
    endloop
  endfacet
  facet normal -0.896787 0.442463 0
    outer loop
      vertex -10.5278 -0.849999 0
      vertex -10.4294 -0.650561 5
      vertex -10.4294 -0.650561 0
    endloop
  endfacet
  facet normal -0.896787 0.442463 0
    outer loop
      vertex -10.4294 -0.650561 5
      vertex -10.5278 -0.849999 0
      vertex -10.5278 -0.849999 5
    endloop
  endfacet
  facet normal -0.321403 0.946943 0
    outer loop
      vertex -11.3494 -1.57059 0
      vertex -11.56 -1.64207 5
      vertex -11.3494 -1.57059 5
    endloop
  endfacet
  facet normal -0.321403 0.946943 0
    outer loop
      vertex -11.56 -1.64207 5
      vertex -11.3494 -1.57059 0
      vertex -11.56 -1.64207 0
    endloop
  endfacet
  facet normal -0.195122 0.980779 0
    outer loop
      vertex -11.56 -1.64207 0
      vertex -11.7781 -1.68546 5
      vertex -11.56 -1.64207 5
    endloop
  endfacet
  facet normal -0.195122 0.980779 0
    outer loop
      vertex -11.7781 -1.68546 5
      vertex -11.56 -1.64207 0
      vertex -11.7781 -1.68546 0
    endloop
  endfacet
  facet normal -0.442349 0.896843 0
    outer loop
      vertex -11.15 -1.47224 0
      vertex -11.3494 -1.57059 5
      vertex -11.15 -1.47224 5
    endloop
  endfacet
  facet normal -0.442349 0.896843 0
    outer loop
      vertex -11.3494 -1.57059 5
      vertex -11.15 -1.47224 0
      vertex -11.3494 -1.57059 0
    endloop
  endfacet
  facet normal -0.659319 0.751863 0
    outer loop
      vertex -10.7979 -1.20208 0
      vertex -10.9651 -1.3487 5
      vertex -10.7979 -1.20208 5
    endloop
  endfacet
  facet normal -0.659319 0.751863 0
    outer loop
      vertex -10.9651 -1.3487 5
      vertex -10.7979 -1.20208 0
      vertex -10.9651 -1.3487 0
    endloop
  endfacet
  facet normal -0.555551 0.831483 0
    outer loop
      vertex -10.9651 -1.3487 0
      vertex -11.15 -1.47224 5
      vertex -10.9651 -1.3487 5
    endloop
  endfacet
  facet normal -0.555551 0.831483 0
    outer loop
      vertex -11.15 -1.47224 5
      vertex -10.9651 -1.3487 0
      vertex -11.15 -1.47224 0
    endloop
  endfacet
  facet normal 0.0653877 0.99786 -0
    outer loop
      vertex -4 -1.7 0
      vertex -4.22189 -1.68546 5
      vertex -4 -1.7 5
    endloop
  endfacet
  facet normal 0.0653877 0.99786 0
    outer loop
      vertex -4.22189 -1.68546 5
      vertex -4 -1.7 0
      vertex -4.22189 -1.68546 0
    endloop
  endfacet
  facet normal -0.0653877 0.99786 0
    outer loop
      vertex 4.22189 -1.68546 0
      vertex 4 -1.7 5
      vertex 4.22189 -1.68546 5
    endloop
  endfacet
  facet normal -0.0653877 0.99786 0
    outer loop
      vertex 4 -1.7 5
      vertex 4.22189 -1.68546 0
      vertex 4 -1.7 0
    endloop
  endfacet
  facet normal 0 -1 0
    outer loop
      vertex -4 1.7 0
      vertex 4 1.7 5
      vertex -4 1.7 5
    endloop
  endfacet
  facet normal 0 -1 -0
    outer loop
      vertex 4 1.7 5
      vertex -4 1.7 0
      vertex 4 1.7 0
    endloop
  endfacet
  facet normal 0 1 -0
    outer loop
      vertex 4 -1.7 0
      vertex -4 -1.7 5
      vertex 4 -1.7 5
    endloop
  endfacet
  facet normal 0 1 0
    outer loop
      vertex -4 -1.7 5
      vertex 4 -1.7 0
      vertex -4 -1.7 0
    endloop
  endfacet
  facet normal 0.99786 -0.0653866 0
    outer loop
      vertex -5.7 0 5
      vertex -5.68546 0.221894 0
      vertex -5.68546 0.221894 5
    endloop
  endfacet
  facet normal 0.99786 -0.0653866 0
    outer loop
      vertex -5.68546 0.221894 0
      vertex -5.7 0 5
      vertex -5.7 0 0
    endloop
  endfacet
  facet normal 0.195122 0.980779 -0
    outer loop
      vertex -4.22189 -1.68546 0
      vertex -4.43999 -1.64207 5
      vertex -4.22189 -1.68546 5
    endloop
  endfacet
  facet normal 0.195122 0.980779 0
    outer loop
      vertex -4.43999 -1.64207 5
      vertex -4.22189 -1.68546 0
      vertex -4.43999 -1.64207 0
    endloop
  endfacet
  facet normal 0.659342 0.751844 -0
    outer loop
      vertex -5.03489 -1.3487 0
      vertex -5.20208 -1.20208 5
      vertex -5.03489 -1.3487 5
    endloop
  endfacet
  facet normal 0.659342 0.751844 0
    outer loop
      vertex -5.20208 -1.20208 5
      vertex -5.03489 -1.3487 0
      vertex -5.20208 -1.20208 0
    endloop
  endfacet
  facet normal -0.321444 -0.946929 0
    outer loop
      vertex 4.43999 1.64207 0
      vertex 4.65056 1.57059 5
      vertex 4.43999 1.64207 5
    endloop
  endfacet
  facet normal -0.321444 -0.946929 -0
    outer loop
      vertex 4.65056 1.57059 5
      vertex 4.43999 1.64207 0
      vertex 4.65056 1.57059 0
    endloop
  endfacet
  facet normal 0.946928 0.321445 0
    outer loop
      vertex -5.57059 -0.650561 5
      vertex -5.64207 -0.439992 0
      vertex -5.64207 -0.439992 5
    endloop
  endfacet
  facet normal 0.946928 0.321445 0
    outer loop
      vertex -5.64207 -0.439992 0
      vertex -5.57059 -0.650561 5
      vertex -5.57059 -0.650561 0
    endloop
  endfacet
  facet normal 0.321444 -0.946929 0
    outer loop
      vertex -4.65056 1.57059 0
      vertex -4.43999 1.64207 5
      vertex -4.65056 1.57059 5
    endloop
  endfacet
  facet normal 0.321444 -0.946929 0
    outer loop
      vertex -4.43999 1.64207 5
      vertex -4.65056 1.57059 0
      vertex -4.43999 1.64207 0
    endloop
  endfacet
  facet normal 0.195122 -0.980779 0
    outer loop
      vertex -4.43999 1.64207 0
      vertex -4.22189 1.68546 5
      vertex -4.43999 1.64207 5
    endloop
  endfacet
  facet normal 0.195122 -0.980779 0
    outer loop
      vertex -4.22189 1.68546 5
      vertex -4.43999 1.64207 0
      vertex -4.22189 1.68546 0
    endloop
  endfacet
  facet normal 0.659342 -0.751844 0
    outer loop
      vertex -5.20208 1.20208 0
      vertex -5.03489 1.3487 5
      vertex -5.20208 1.20208 5
    endloop
  endfacet
  facet normal 0.659342 -0.751844 0
    outer loop
      vertex -5.03489 1.3487 5
      vertex -5.20208 1.20208 0
      vertex -5.03489 1.3487 0
    endloop
  endfacet
  facet normal -0.0653877 -0.99786 0
    outer loop
      vertex 4 1.7 0
      vertex 4.22189 1.68546 5
      vertex 4 1.7 5
    endloop
  endfacet
  facet normal -0.0653877 -0.99786 -0
    outer loop
      vertex 4.22189 1.68546 5
      vertex 4 1.7 0
      vertex 4.22189 1.68546 0
    endloop
  endfacet
  facet normal 0.980779 -0.195123 0
    outer loop
      vertex -5.68546 0.221894 5
      vertex -5.64207 0.439992 0
      vertex -5.64207 0.439992 5
    endloop
  endfacet
  facet normal 0.980779 -0.195123 0
    outer loop
      vertex -5.64207 0.439992 0
      vertex -5.68546 0.221894 5
      vertex -5.68546 0.221894 0
    endloop
  endfacet
  facet normal 0.946928 -0.321445 0
    outer loop
      vertex -5.64207 0.439992 5
      vertex -5.57059 0.650561 0
      vertex -5.57059 0.650561 5
    endloop
  endfacet
  facet normal 0.946928 -0.321445 0
    outer loop
      vertex -5.57059 0.650561 0
      vertex -5.64207 0.439992 5
      vertex -5.64207 0.439992 0
    endloop
  endfacet
  facet normal 0.99786 0.0653866 0
    outer loop
      vertex -5.68546 -0.221894 5
      vertex -5.7 0 0
      vertex -5.7 0 5
    endloop
  endfacet
  facet normal 0.99786 0.0653866 0
    outer loop
      vertex -5.7 0 0
      vertex -5.68546 -0.221894 5
      vertex -5.68546 -0.221894 0
    endloop
  endfacet
  facet normal 0.751844 0.659342 0
    outer loop
      vertex -5.20208 -1.20208 5
      vertex -5.3487 -1.03489 0
      vertex -5.3487 -1.03489 5
    endloop
  endfacet
  facet normal 0.751844 0.659342 0
    outer loop
      vertex -5.3487 -1.03489 0
      vertex -5.20208 -1.20208 5
      vertex -5.20208 -1.20208 0
    endloop
  endfacet
  facet normal 0.896876 0.442282 0
    outer loop
      vertex -5.47224 -0.849999 5
      vertex -5.57059 -0.650561 0
      vertex -5.57059 -0.650561 5
    endloop
  endfacet
  facet normal 0.896876 0.442282 0
    outer loop
      vertex -5.57059 -0.650561 0
      vertex -5.47224 -0.849999 5
      vertex -5.47224 -0.849999 0
    endloop
  endfacet
  facet normal 0.321444 0.946929 -0
    outer loop
      vertex -4.43999 -1.64207 0
      vertex -4.65056 -1.57059 5
      vertex -4.43999 -1.64207 5
    endloop
  endfacet
  facet normal 0.321444 0.946929 0
    outer loop
      vertex -4.65056 -1.57059 5
      vertex -4.43999 -1.64207 0
      vertex -4.65056 -1.57059 0
    endloop
  endfacet
  facet normal 0.0653877 -0.99786 0
    outer loop
      vertex -4.22189 1.68546 0
      vertex -4 1.7 5
      vertex -4.22189 1.68546 5
    endloop
  endfacet
  facet normal 0.0653877 -0.99786 0
    outer loop
      vertex -4 1.7 5
      vertex -4.22189 1.68546 0
      vertex -4 1.7 0
    endloop
  endfacet
  facet normal 0.555572 -0.831469 0
    outer loop
      vertex -5.03489 1.3487 0
      vertex -4.85 1.47224 5
      vertex -5.03489 1.3487 5
    endloop
  endfacet
  facet normal 0.555572 -0.831469 0
    outer loop
      vertex -4.85 1.47224 5
      vertex -5.03489 1.3487 0
      vertex -4.85 1.47224 0
    endloop
  endfacet
  facet normal 0.442278 -0.896878 0
    outer loop
      vertex -4.85 1.47224 0
      vertex -4.65056 1.57059 5
      vertex -4.85 1.47224 5
    endloop
  endfacet
  facet normal 0.442278 -0.896878 0
    outer loop
      vertex -4.65056 1.57059 5
      vertex -4.85 1.47224 0
      vertex -4.65056 1.57059 0
    endloop
  endfacet
  facet normal -0.980779 0.195123 0
    outer loop
      vertex 5.64207 -0.439992 0
      vertex 5.68546 -0.221894 5
      vertex 5.68546 -0.221894 0
    endloop
  endfacet
  facet normal -0.980779 0.195123 0
    outer loop
      vertex 5.68546 -0.221894 5
      vertex 5.64207 -0.439992 0
      vertex 5.64207 -0.439992 5
    endloop
  endfacet
  facet normal 0.896876 -0.442282 0
    outer loop
      vertex -5.57059 0.650561 5
      vertex -5.47224 0.849999 0
      vertex -5.47224 0.849999 5
    endloop
  endfacet
  facet normal 0.896876 -0.442282 0
    outer loop
      vertex -5.47224 0.849999 0
      vertex -5.57059 0.650561 5
      vertex -5.57059 0.650561 0
    endloop
  endfacet
  facet normal 0.83147 -0.55557 0
    outer loop
      vertex -5.47224 0.849999 5
      vertex -5.3487 1.03489 0
      vertex -5.3487 1.03489 5
    endloop
  endfacet
  facet normal 0.83147 -0.55557 0
    outer loop
      vertex -5.3487 1.03489 0
      vertex -5.47224 0.849999 5
      vertex -5.47224 0.849999 0
    endloop
  endfacet
  facet normal 0.751844 -0.659342 0
    outer loop
      vertex -5.3487 1.03489 5
      vertex -5.20208 1.20208 0
      vertex -5.20208 1.20208 5
    endloop
  endfacet
  facet normal 0.751844 -0.659342 0
    outer loop
      vertex -5.20208 1.20208 0
      vertex -5.3487 1.03489 5
      vertex -5.3487 1.03489 0
    endloop
  endfacet
  facet normal 0.980779 0.195123 0
    outer loop
      vertex -5.64207 -0.439992 5
      vertex -5.68546 -0.221894 0
      vertex -5.68546 -0.221894 5
    endloop
  endfacet
  facet normal 0.980779 0.195123 0
    outer loop
      vertex -5.68546 -0.221894 0
      vertex -5.64207 -0.439992 5
      vertex -5.64207 -0.439992 0
    endloop
  endfacet
  facet normal 0.555572 0.831469 -0
    outer loop
      vertex -4.85 -1.47224 0
      vertex -5.03489 -1.3487 5
      vertex -4.85 -1.47224 5
    endloop
  endfacet
  facet normal 0.555572 0.831469 0
    outer loop
      vertex -5.03489 -1.3487 5
      vertex -4.85 -1.47224 0
      vertex -5.03489 -1.3487 0
    endloop
  endfacet
  facet normal -0.195122 -0.980779 0
    outer loop
      vertex 4.22189 1.68546 0
      vertex 4.43999 1.64207 5
      vertex 4.22189 1.68546 5
    endloop
  endfacet
  facet normal -0.195122 -0.980779 -0
    outer loop
      vertex 4.43999 1.64207 5
      vertex 4.22189 1.68546 0
      vertex 4.43999 1.64207 0
    endloop
  endfacet
  facet normal -0.83147 0.55557 0
    outer loop
      vertex 5.3487 -1.03489 0
      vertex 5.47224 -0.849999 5
      vertex 5.47224 -0.849999 0
    endloop
  endfacet
  facet normal -0.83147 0.55557 0
    outer loop
      vertex 5.47224 -0.849999 5
      vertex 5.3487 -1.03489 0
      vertex 5.3487 -1.03489 5
    endloop
  endfacet
  facet normal -0.946928 -0.321445 0
    outer loop
      vertex 5.64207 0.439992 0
      vertex 5.57059 0.650561 5
      vertex 5.57059 0.650561 0
    endloop
  endfacet
  facet normal -0.946928 -0.321445 0
    outer loop
      vertex 5.57059 0.650561 5
      vertex 5.64207 0.439992 0
      vertex 5.64207 0.439992 5
    endloop
  endfacet
  facet normal -0.980779 -0.195123 0
    outer loop
      vertex 5.68546 0.221894 0
      vertex 5.64207 0.439992 5
      vertex 5.64207 0.439992 0
    endloop
  endfacet
  facet normal -0.980779 -0.195123 0
    outer loop
      vertex 5.64207 0.439992 5
      vertex 5.68546 0.221894 0
      vertex 5.68546 0.221894 5
    endloop
  endfacet
  facet normal 0.83147 0.55557 0
    outer loop
      vertex -5.3487 -1.03489 5
      vertex -5.47224 -0.849999 0
      vertex -5.47224 -0.849999 5
    endloop
  endfacet
  facet normal 0.83147 0.55557 0
    outer loop
      vertex -5.47224 -0.849999 0
      vertex -5.3487 -1.03489 5
      vertex -5.3487 -1.03489 0
    endloop
  endfacet
  facet normal 0.442278 0.896878 -0
    outer loop
      vertex -4.65056 -1.57059 0
      vertex -4.85 -1.47224 5
      vertex -4.65056 -1.57059 5
    endloop
  endfacet
  facet normal 0.442278 0.896878 0
    outer loop
      vertex -4.85 -1.47224 5
      vertex -4.65056 -1.57059 0
      vertex -4.85 -1.47224 0
    endloop
  endfacet
  facet normal -0.751844 0.659342 0
    outer loop
      vertex 5.20208 -1.20208 0
      vertex 5.3487 -1.03489 5
      vertex 5.3487 -1.03489 0
    endloop
  endfacet
  facet normal -0.751844 0.659342 0
    outer loop
      vertex 5.3487 -1.03489 5
      vertex 5.20208 -1.20208 0
      vertex 5.20208 -1.20208 5
    endloop
  endfacet
  facet normal -0.659342 0.751844 0
    outer loop
      vertex 5.20208 -1.20208 0
      vertex 5.03489 -1.3487 5
      vertex 5.20208 -1.20208 5
    endloop
  endfacet
  facet normal -0.659342 0.751844 0
    outer loop
      vertex 5.03489 -1.3487 5
      vertex 5.20208 -1.20208 0
      vertex 5.03489 -1.3487 0
    endloop
  endfacet
  facet normal -0.99786 0.0653866 0
    outer loop
      vertex 5.68546 -0.221894 0
      vertex 5.7 0 5
      vertex 5.7 0 0
    endloop
  endfacet
  facet normal -0.99786 0.0653866 0
    outer loop
      vertex 5.7 0 5
      vertex 5.68546 -0.221894 0
      vertex 5.68546 -0.221894 5
    endloop
  endfacet
  facet normal -0.442278 -0.896878 0
    outer loop
      vertex 4.65056 1.57059 0
      vertex 4.85 1.47224 5
      vertex 4.65056 1.57059 5
    endloop
  endfacet
  facet normal -0.442278 -0.896878 -0
    outer loop
      vertex 4.85 1.47224 5
      vertex 4.65056 1.57059 0
      vertex 4.85 1.47224 0
    endloop
  endfacet
  facet normal -0.946928 0.321445 0
    outer loop
      vertex 5.57059 -0.650561 0
      vertex 5.64207 -0.439992 5
      vertex 5.64207 -0.439992 0
    endloop
  endfacet
  facet normal -0.946928 0.321445 0
    outer loop
      vertex 5.64207 -0.439992 5
      vertex 5.57059 -0.650561 0
      vertex 5.57059 -0.650561 5
    endloop
  endfacet
  facet normal -0.896876 0.442282 0
    outer loop
      vertex 5.47224 -0.849999 0
      vertex 5.57059 -0.650561 5
      vertex 5.57059 -0.650561 0
    endloop
  endfacet
  facet normal -0.896876 0.442282 0
    outer loop
      vertex 5.57059 -0.650561 5
      vertex 5.47224 -0.849999 0
      vertex 5.47224 -0.849999 5
    endloop
  endfacet
  facet normal -0.555572 0.831469 0
    outer loop
      vertex 5.03489 -1.3487 0
      vertex 4.85 -1.47224 5
      vertex 5.03489 -1.3487 5
    endloop
  endfacet
  facet normal -0.555572 0.831469 0
    outer loop
      vertex 4.85 -1.47224 5
      vertex 5.03489 -1.3487 0
      vertex 4.85 -1.47224 0
    endloop
  endfacet
  facet normal -0.659342 -0.751844 0
    outer loop
      vertex 5.03489 1.3487 0
      vertex 5.20208 1.20208 5
      vertex 5.03489 1.3487 5
    endloop
  endfacet
  facet normal -0.659342 -0.751844 -0
    outer loop
      vertex 5.20208 1.20208 5
      vertex 5.03489 1.3487 0
      vertex 5.20208 1.20208 0
    endloop
  endfacet
  facet normal -0.751844 -0.659342 0
    outer loop
      vertex 5.3487 1.03489 0
      vertex 5.20208 1.20208 5
      vertex 5.20208 1.20208 0
    endloop
  endfacet
  facet normal -0.751844 -0.659342 0
    outer loop
      vertex 5.20208 1.20208 5
      vertex 5.3487 1.03489 0
      vertex 5.3487 1.03489 5
    endloop
  endfacet
  facet normal -0.896876 -0.442282 0
    outer loop
      vertex 5.57059 0.650561 0
      vertex 5.47224 0.849999 5
      vertex 5.47224 0.849999 0
    endloop
  endfacet
  facet normal -0.896876 -0.442282 0
    outer loop
      vertex 5.47224 0.849999 5
      vertex 5.57059 0.650561 0
      vertex 5.57059 0.650561 5
    endloop
  endfacet
  facet normal -0.83147 -0.55557 0
    outer loop
      vertex 5.47224 0.849999 0
      vertex 5.3487 1.03489 5
      vertex 5.3487 1.03489 0
    endloop
  endfacet
  facet normal -0.83147 -0.55557 0
    outer loop
      vertex 5.3487 1.03489 5
      vertex 5.47224 0.849999 0
      vertex 5.47224 0.849999 5
    endloop
  endfacet
  facet normal -0.99786 -0.0653866 0
    outer loop
      vertex 5.7 0 0
      vertex 5.68546 0.221894 5
      vertex 5.68546 0.221894 0
    endloop
  endfacet
  facet normal -0.99786 -0.0653866 0
    outer loop
      vertex 5.68546 0.221894 5
      vertex 5.7 0 0
      vertex 5.7 0 5
    endloop
  endfacet
  facet normal -0.555572 -0.831469 0
    outer loop
      vertex 4.85 1.47224 0
      vertex 5.03489 1.3487 5
      vertex 4.85 1.47224 5
    endloop
  endfacet
  facet normal -0.555572 -0.831469 -0
    outer loop
      vertex 5.03489 1.3487 5
      vertex 4.85 1.47224 0
      vertex 5.03489 1.3487 0
    endloop
  endfacet
  facet normal -0.195122 0.980779 0
    outer loop
      vertex 4.43999 -1.64207 0
      vertex 4.22189 -1.68546 5
      vertex 4.43999 -1.64207 5
    endloop
  endfacet
  facet normal -0.195122 0.980779 0
    outer loop
      vertex 4.22189 -1.68546 5
      vertex 4.43999 -1.64207 0
      vertex 4.22189 -1.68546 0
    endloop
  endfacet
  facet normal -0.442278 0.896878 0
    outer loop
      vertex 4.85 -1.47224 0
      vertex 4.65056 -1.57059 5
      vertex 4.85 -1.47224 5
    endloop
  endfacet
  facet normal -0.442278 0.896878 0
    outer loop
      vertex 4.65056 -1.57059 5
      vertex 4.85 -1.47224 0
      vertex 4.65056 -1.57059 0
    endloop
  endfacet
  facet normal -0.321444 0.946929 0
    outer loop
      vertex 4.65056 -1.57059 0
      vertex 4.43999 -1.64207 5
      vertex 4.65056 -1.57059 5
    endloop
  endfacet
  facet normal -0.321444 0.946929 0
    outer loop
      vertex 4.43999 -1.64207 5
      vertex 4.65056 -1.57059 0
      vertex 4.43999 -1.64207 0
    endloop
  endfacet
  facet normal 0.195122 0.980779 -0
    outer loop
      vertex 11.7781 -1.68546 0
      vertex 11.56 -1.64207 5
      vertex 11.7781 -1.68546 5
    endloop
  endfacet
  facet normal 0.195122 0.980779 0
    outer loop
      vertex 11.56 -1.64207 5
      vertex 11.7781 -1.68546 0
      vertex 11.56 -1.64207 0
    endloop
  endfacet
  facet normal -0.0653848 0.99786 0
    outer loop
      vertex 20.2219 -1.68546 0
      vertex 20 -1.7 5
      vertex 20.2219 -1.68546 5
    endloop
  endfacet
  facet normal -0.0653848 0.99786 0
    outer loop
      vertex 20 -1.7 5
      vertex 20.2219 -1.68546 0
      vertex 20 -1.7 0
    endloop
  endfacet
  facet normal 0.0653848 -0.99786 0
    outer loop
      vertex 11.7781 1.68546 0
      vertex 12 1.7 5
      vertex 11.7781 1.68546 5
    endloop
  endfacet
  facet normal 0.0653848 -0.99786 0
    outer loop
      vertex 12 1.7 5
      vertex 11.7781 1.68546 0
      vertex 12 1.7 0
    endloop
  endfacet
  facet normal 0 1 -0
    outer loop
      vertex 20 -1.7 0
      vertex 12 -1.7 5
      vertex 20 -1.7 5
    endloop
  endfacet
  facet normal 0 1 0
    outer loop
      vertex 12 -1.7 5
      vertex 20 -1.7 0
      vertex 12 -1.7 0
    endloop
  endfacet
  facet normal 0.321403 0.946943 -0
    outer loop
      vertex 11.56 -1.64207 0
      vertex 11.3494 -1.57059 5
      vertex 11.56 -1.64207 5
    endloop
  endfacet
  facet normal 0.321403 0.946943 0
    outer loop
      vertex 11.3494 -1.57059 5
      vertex 11.56 -1.64207 0
      vertex 11.3494 -1.57059 0
    endloop
  endfacet
  facet normal 0.946901 0.321526 0
    outer loop
      vertex 10.4294 -0.650561 5
      vertex 10.3579 -0.439992 0
      vertex 10.3579 -0.439992 5
    endloop
  endfacet
  facet normal 0.946901 0.321526 0
    outer loop
      vertex 10.3579 -0.439992 0
      vertex 10.4294 -0.650561 5
      vertex 10.4294 -0.650561 0
    endloop
  endfacet
  facet normal 0 -1 0
    outer loop
      vertex 12 1.7 0
      vertex 20 1.7 5
      vertex 12 1.7 5
    endloop
  endfacet
  facet normal 0 -1 -0
    outer loop
      vertex 20 1.7 5
      vertex 12 1.7 0
      vertex 20 1.7 0
    endloop
  endfacet
  facet normal -0.98077 0.195167 0
    outer loop
      vertex 21.6421 -0.439992 0
      vertex 21.6855 -0.221894 5
      vertex 21.6855 -0.221894 0
    endloop
  endfacet
  facet normal -0.98077 0.195167 0
    outer loop
      vertex 21.6855 -0.221894 5
      vertex 21.6421 -0.439992 0
      vertex 21.6421 -0.439992 5
    endloop
  endfacet
  facet normal 0.98077 -0.195167 0
    outer loop
      vertex 10.3145 0.221894 5
      vertex 10.3579 0.439992 0
      vertex 10.3579 0.439992 5
    endloop
  endfacet
  facet normal 0.98077 -0.195167 0
    outer loop
      vertex 10.3579 0.439992 0
      vertex 10.3145 0.221894 5
      vertex 10.3145 0.221894 0
    endloop
  endfacet
  facet normal 0.997872 0.0652074 0
    outer loop
      vertex 10.3145 -0.221894 5
      vertex 10.3 0 0
      vertex 10.3 0 5
    endloop
  endfacet
  facet normal 0.997872 0.0652074 0
    outer loop
      vertex 10.3 0 0
      vertex 10.3145 -0.221894 5
      vertex 10.3145 -0.221894 0
    endloop
  endfacet
  facet normal 0.98077 0.195167 0
    outer loop
      vertex 10.3579 -0.439992 5
      vertex 10.3145 -0.221894 0
      vertex 10.3145 -0.221894 5
    endloop
  endfacet
  facet normal 0.98077 0.195167 0
    outer loop
      vertex 10.3145 -0.221894 0
      vertex 10.3579 -0.439992 5
      vertex 10.3579 -0.439992 0
    endloop
  endfacet
  facet normal 0.442349 0.896843 -0
    outer loop
      vertex 11.3494 -1.57059 0
      vertex 11.15 -1.47224 5
      vertex 11.3494 -1.57059 5
    endloop
  endfacet
  facet normal 0.442349 0.896843 0
    outer loop
      vertex 11.15 -1.47224 5
      vertex 11.3494 -1.57059 0
      vertex 11.15 -1.47224 0
    endloop
  endfacet
  facet normal 0.896787 0.442463 0
    outer loop
      vertex 10.5278 -0.849999 5
      vertex 10.4294 -0.650561 0
      vertex 10.4294 -0.650561 5
    endloop
  endfacet
  facet normal 0.896787 0.442463 0
    outer loop
      vertex 10.4294 -0.650561 0
      vertex 10.5278 -0.849999 5
      vertex 10.5278 -0.849999 0
    endloop
  endfacet
  facet normal 0.321403 -0.946943 0
    outer loop
      vertex 11.3494 1.57059 0
      vertex 11.56 1.64207 5
      vertex 11.3494 1.57059 5
    endloop
  endfacet
  facet normal 0.321403 -0.946943 0
    outer loop
      vertex 11.56 1.64207 5
      vertex 11.3494 1.57059 0
      vertex 11.56 1.64207 0
    endloop
  endfacet
  facet normal 0.659319 -0.751863 0
    outer loop
      vertex 10.7979 1.20208 0
      vertex 10.9651 1.3487 5
      vertex 10.7979 1.20208 5
    endloop
  endfacet
  facet normal 0.659319 -0.751863 0
    outer loop
      vertex 10.9651 1.3487 5
      vertex 10.7979 1.20208 0
      vertex 10.9651 1.3487 0
    endloop
  endfacet
  facet normal -0.321403 -0.946943 0
    outer loop
      vertex 20.44 1.64207 0
      vertex 20.6506 1.57059 5
      vertex 20.44 1.64207 5
    endloop
  endfacet
  facet normal -0.321403 -0.946943 -0
    outer loop
      vertex 20.6506 1.57059 5
      vertex 20.44 1.64207 0
      vertex 20.6506 1.57059 0
    endloop
  endfacet
  facet normal 0.0653848 0.99786 -0
    outer loop
      vertex 12 -1.7 0
      vertex 11.7781 -1.68546 5
      vertex 12 -1.7 5
    endloop
  endfacet
  facet normal 0.0653848 0.99786 0
    outer loop
      vertex 11.7781 -1.68546 5
      vertex 12 -1.7 0
      vertex 11.7781 -1.68546 0
    endloop
  endfacet
  facet normal 0.751888 -0.659291 0
    outer loop
      vertex 10.6513 1.03489 5
      vertex 10.7979 1.20208 0
      vertex 10.7979 1.20208 5
    endloop
  endfacet
  facet normal 0.751888 -0.659291 0
    outer loop
      vertex 10.7979 1.20208 0
      vertex 10.6513 1.03489 5
      vertex 10.6513 1.03489 0
    endloop
  endfacet
  facet normal 0.946901 -0.321526 0
    outer loop
      vertex 10.3579 0.439992 5
      vertex 10.4294 0.650561 0
      vertex 10.4294 0.650561 5
    endloop
  endfacet
  facet normal 0.946901 -0.321526 0
    outer loop
      vertex 10.4294 0.650561 0
      vertex 10.3579 0.439992 5
      vertex 10.3579 0.439992 0
    endloop
  endfacet
  facet normal 0.997872 -0.0652074 0
    outer loop
      vertex 10.3 0 5
      vertex 10.3145 0.221894 0
      vertex 10.3145 0.221894 5
    endloop
  endfacet
  facet normal 0.997872 -0.0652074 0
    outer loop
      vertex 10.3145 0.221894 0
      vertex 10.3 0 5
      vertex 10.3 0 0
    endloop
  endfacet
  facet normal 0.659319 0.751863 -0
    outer loop
      vertex 10.9651 -1.3487 0
      vertex 10.7979 -1.20208 5
      vertex 10.9651 -1.3487 5
    endloop
  endfacet
  facet normal 0.659319 0.751863 0
    outer loop
      vertex 10.7979 -1.20208 5
      vertex 10.9651 -1.3487 0
      vertex 10.7979 -1.20208 0
    endloop
  endfacet
  facet normal 0.555551 0.831483 -0
    outer loop
      vertex 11.15 -1.47224 0
      vertex 10.9651 -1.3487 5
      vertex 11.15 -1.47224 5
    endloop
  endfacet
  facet normal 0.555551 0.831483 0
    outer loop
      vertex 10.9651 -1.3487 5
      vertex 11.15 -1.47224 0
      vertex 10.9651 -1.3487 0
    endloop
  endfacet
  facet normal 0.195122 -0.980779 0
    outer loop
      vertex 11.56 1.64207 0
      vertex 11.7781 1.68546 5
      vertex 11.56 1.64207 5
    endloop
  endfacet
  facet normal 0.195122 -0.980779 0
    outer loop
      vertex 11.7781 1.68546 5
      vertex 11.56 1.64207 0
      vertex 11.7781 1.68546 0
    endloop
  endfacet
  facet normal 0.442349 -0.896843 0
    outer loop
      vertex 11.15 1.47224 0
      vertex 11.3494 1.57059 5
      vertex 11.15 1.47224 5
    endloop
  endfacet
  facet normal 0.442349 -0.896843 0
    outer loop
      vertex 11.3494 1.57059 5
      vertex 11.15 1.47224 0
      vertex 11.3494 1.57059 0
    endloop
  endfacet
  facet normal 0.555551 -0.831483 0
    outer loop
      vertex 10.9651 1.3487 0
      vertex 11.15 1.47224 5
      vertex 10.9651 1.3487 5
    endloop
  endfacet
  facet normal 0.555551 -0.831483 0
    outer loop
      vertex 11.15 1.47224 5
      vertex 10.9651 1.3487 0
      vertex 11.15 1.47224 0
    endloop
  endfacet
  facet normal -0.0653848 -0.99786 0
    outer loop
      vertex 20 1.7 0
      vertex 20.2219 1.68546 5
      vertex 20 1.7 5
    endloop
  endfacet
  facet normal -0.0653848 -0.99786 -0
    outer loop
      vertex 20.2219 1.68546 5
      vertex 20 1.7 0
      vertex 20.2219 1.68546 0
    endloop
  endfacet
  facet normal 0.831553 -0.555445 0
    outer loop
      vertex 10.5278 0.849999 5
      vertex 10.6513 1.03489 0
      vertex 10.6513 1.03489 5
    endloop
  endfacet
  facet normal 0.831553 -0.555445 0
    outer loop
      vertex 10.6513 1.03489 0
      vertex 10.5278 0.849999 5
      vertex 10.5278 0.849999 0
    endloop
  endfacet
  facet normal 0.896787 -0.442463 0
    outer loop
      vertex 10.4294 0.650561 5
      vertex 10.5278 0.849999 0
      vertex 10.5278 0.849999 5
    endloop
  endfacet
  facet normal 0.896787 -0.442463 0
    outer loop
      vertex 10.5278 0.849999 0
      vertex 10.4294 0.650561 5
      vertex 10.4294 0.650561 0
    endloop
  endfacet
  facet normal 0.751888 0.659291 0
    outer loop
      vertex 10.7979 -1.20208 5
      vertex 10.6513 -1.03489 0
      vertex 10.6513 -1.03489 5
    endloop
  endfacet
  facet normal 0.751888 0.659291 0
    outer loop
      vertex 10.6513 -1.03489 0
      vertex 10.7979 -1.20208 5
      vertex 10.7979 -1.20208 0
    endloop
  endfacet
  facet normal 0.831553 0.555445 0
    outer loop
      vertex 10.6513 -1.03489 5
      vertex 10.5278 -0.849999 0
      vertex 10.5278 -0.849999 5
    endloop
  endfacet
  facet normal 0.831553 0.555445 0
    outer loop
      vertex 10.5278 -0.849999 0
      vertex 10.6513 -1.03489 5
      vertex 10.6513 -1.03489 0
    endloop
  endfacet
  facet normal -0.195122 -0.980779 0
    outer loop
      vertex 20.2219 1.68546 0
      vertex 20.44 1.64207 5
      vertex 20.2219 1.68546 5
    endloop
  endfacet
  facet normal -0.195122 -0.980779 -0
    outer loop
      vertex 20.44 1.64207 5
      vertex 20.2219 1.68546 0
      vertex 20.44 1.64207 0
    endloop
  endfacet
  facet normal -0.997872 -0.0652074 0
    outer loop
      vertex 21.7 0 0
      vertex 21.6855 0.221894 5
      vertex 21.6855 0.221894 0
    endloop
  endfacet
  facet normal -0.997872 -0.0652074 0
    outer loop
      vertex 21.6855 0.221894 5
      vertex 21.7 0 0
      vertex 21.7 0 5
    endloop
  endfacet
  facet normal -0.946901 -0.321526 0
    outer loop
      vertex 21.6421 0.439992 0
      vertex 21.5706 0.650561 5
      vertex 21.5706 0.650561 0
    endloop
  endfacet
  facet normal -0.946901 -0.321526 0
    outer loop
      vertex 21.5706 0.650561 5
      vertex 21.6421 0.439992 0
      vertex 21.6421 0.439992 5
    endloop
  endfacet
  facet normal -0.555551 0.831483 0
    outer loop
      vertex 21.0349 -1.3487 0
      vertex 20.85 -1.47224 5
      vertex 21.0349 -1.3487 5
    endloop
  endfacet
  facet normal -0.555551 0.831483 0
    outer loop
      vertex 20.85 -1.47224 5
      vertex 21.0349 -1.3487 0
      vertex 20.85 -1.47224 0
    endloop
  endfacet
  facet normal -0.195122 0.980779 0
    outer loop
      vertex 20.44 -1.64207 0
      vertex 20.2219 -1.68546 5
      vertex 20.44 -1.64207 5
    endloop
  endfacet
  facet normal -0.195122 0.980779 0
    outer loop
      vertex 20.2219 -1.68546 5
      vertex 20.44 -1.64207 0
      vertex 20.2219 -1.68546 0
    endloop
  endfacet
  facet normal -0.997872 0.0652074 0
    outer loop
      vertex 21.6855 -0.221894 0
      vertex 21.7 0 5
      vertex 21.7 0 0
    endloop
  endfacet
  facet normal -0.997872 0.0652074 0
    outer loop
      vertex 21.7 0 5
      vertex 21.6855 -0.221894 0
      vertex 21.6855 -0.221894 5
    endloop
  endfacet
  facet normal -0.98077 -0.195167 0
    outer loop
      vertex 21.6855 0.221894 0
      vertex 21.6421 0.439992 5
      vertex 21.6421 0.439992 0
    endloop
  endfacet
  facet normal -0.98077 -0.195167 0
    outer loop
      vertex 21.6421 0.439992 5
      vertex 21.6855 0.221894 0
      vertex 21.6855 0.221894 5
    endloop
  endfacet
  facet normal -0.831553 0.555445 0
    outer loop
      vertex 21.3487 -1.03489 0
      vertex 21.4722 -0.849999 5
      vertex 21.4722 -0.849999 0
    endloop
  endfacet
  facet normal -0.831553 0.555445 0
    outer loop
      vertex 21.4722 -0.849999 5
      vertex 21.3487 -1.03489 0
      vertex 21.3487 -1.03489 5
    endloop
  endfacet
  facet normal -0.321403 0.946943 0
    outer loop
      vertex 20.6506 -1.57059 0
      vertex 20.44 -1.64207 5
      vertex 20.6506 -1.57059 5
    endloop
  endfacet
  facet normal -0.321403 0.946943 0
    outer loop
      vertex 20.44 -1.64207 5
      vertex 20.6506 -1.57059 0
      vertex 20.44 -1.64207 0
    endloop
  endfacet
  facet normal -0.896787 -0.442463 0
    outer loop
      vertex 21.5706 0.650561 0
      vertex 21.4722 0.849999 5
      vertex 21.4722 0.849999 0
    endloop
  endfacet
  facet normal -0.896787 -0.442463 0
    outer loop
      vertex 21.4722 0.849999 5
      vertex 21.5706 0.650561 0
      vertex 21.5706 0.650561 5
    endloop
  endfacet
  facet normal -0.831553 -0.555445 0
    outer loop
      vertex 21.4722 0.849999 0
      vertex 21.3487 1.03489 5
      vertex 21.3487 1.03489 0
    endloop
  endfacet
  facet normal -0.831553 -0.555445 0
    outer loop
      vertex 21.3487 1.03489 5
      vertex 21.4722 0.849999 0
      vertex 21.4722 0.849999 5
    endloop
  endfacet
  facet normal -0.659319 -0.751863 0
    outer loop
      vertex 21.0349 1.3487 0
      vertex 21.2021 1.20208 5
      vertex 21.0349 1.3487 5
    endloop
  endfacet
  facet normal -0.659319 -0.751863 -0
    outer loop
      vertex 21.2021 1.20208 5
      vertex 21.0349 1.3487 0
      vertex 21.2021 1.20208 0
    endloop
  endfacet
  facet normal -0.751888 -0.659291 0
    outer loop
      vertex 21.3487 1.03489 0
      vertex 21.2021 1.20208 5
      vertex 21.2021 1.20208 0
    endloop
  endfacet
  facet normal -0.751888 -0.659291 0
    outer loop
      vertex 21.2021 1.20208 5
      vertex 21.3487 1.03489 0
      vertex 21.3487 1.03489 5
    endloop
  endfacet
  facet normal -0.442349 -0.896843 0
    outer loop
      vertex 20.6506 1.57059 0
      vertex 20.85 1.47224 5
      vertex 20.6506 1.57059 5
    endloop
  endfacet
  facet normal -0.442349 -0.896843 -0
    outer loop
      vertex 20.85 1.47224 5
      vertex 20.6506 1.57059 0
      vertex 20.85 1.47224 0
    endloop
  endfacet
  facet normal -0.555551 -0.831483 0
    outer loop
      vertex 20.85 1.47224 0
      vertex 21.0349 1.3487 5
      vertex 20.85 1.47224 5
    endloop
  endfacet
  facet normal -0.555551 -0.831483 -0
    outer loop
      vertex 21.0349 1.3487 5
      vertex 20.85 1.47224 0
      vertex 21.0349 1.3487 0
    endloop
  endfacet
  facet normal -0.946901 0.321526 0
    outer loop
      vertex 21.5706 -0.650561 0
      vertex 21.6421 -0.439992 5
      vertex 21.6421 -0.439992 0
    endloop
  endfacet
  facet normal -0.946901 0.321526 0
    outer loop
      vertex 21.6421 -0.439992 5
      vertex 21.5706 -0.650561 0
      vertex 21.5706 -0.650561 5
    endloop
  endfacet
  facet normal -0.659319 0.751863 0
    outer loop
      vertex 21.2021 -1.20208 0
      vertex 21.0349 -1.3487 5
      vertex 21.2021 -1.20208 5
    endloop
  endfacet
  facet normal -0.659319 0.751863 0
    outer loop
      vertex 21.0349 -1.3487 5
      vertex 21.2021 -1.20208 0
      vertex 21.0349 -1.3487 0
    endloop
  endfacet
  facet normal -0.751888 0.659291 0
    outer loop
      vertex 21.2021 -1.20208 0
      vertex 21.3487 -1.03489 5
      vertex 21.3487 -1.03489 0
    endloop
  endfacet
  facet normal -0.751888 0.659291 0
    outer loop
      vertex 21.3487 -1.03489 5
      vertex 21.2021 -1.20208 0
      vertex 21.2021 -1.20208 5
    endloop
  endfacet
  facet normal -0.442349 0.896843 0
    outer loop
      vertex 20.85 -1.47224 0
      vertex 20.6506 -1.57059 5
      vertex 20.85 -1.47224 5
    endloop
  endfacet
  facet normal -0.442349 0.896843 0
    outer loop
      vertex 20.6506 -1.57059 5
      vertex 20.85 -1.47224 0
      vertex 20.6506 -1.57059 0
    endloop
  endfacet
  facet normal -0.896787 0.442463 0
    outer loop
      vertex 21.4722 -0.849999 0
      vertex 21.5706 -0.650561 5
      vertex 21.5706 -0.650561 0
    endloop
  endfacet
  facet normal -0.896787 0.442463 0
    outer loop
      vertex 21.5706 -0.650561 5
      vertex 21.4722 -0.849999 0
      vertex 21.4722 -0.849999 5
    endloop
  endfacet
  facet normal 0.195122 0.980779 -0
    outer loop
      vertex 27.7781 -1.68546 0
      vertex 27.56 -1.64207 5
      vertex 27.7781 -1.68546 5
    endloop
  endfacet
  facet normal 0.195122 0.980779 0
    outer loop
      vertex 27.56 -1.64207 5
      vertex 27.7781 -1.68546 0
      vertex 27.56 -1.64207 0
    endloop
  endfacet
  facet normal -0.0653848 0.99786 0
    outer loop
      vertex 36.2219 -1.68546 0
      vertex 36 -1.7 5
      vertex 36.2219 -1.68546 5
    endloop
  endfacet
  facet normal -0.0653848 0.99786 0
    outer loop
      vertex 36 -1.7 5
      vertex 36.2219 -1.68546 0
      vertex 36 -1.7 0
    endloop
  endfacet
  facet normal 0.0653848 -0.99786 0
    outer loop
      vertex 27.7781 1.68546 0
      vertex 28 1.7 5
      vertex 27.7781 1.68546 5
    endloop
  endfacet
  facet normal 0.0653848 -0.99786 0
    outer loop
      vertex 28 1.7 5
      vertex 27.7781 1.68546 0
      vertex 28 1.7 0
    endloop
  endfacet
  facet normal 0 1 -0
    outer loop
      vertex 36 -1.7 0
      vertex 28 -1.7 5
      vertex 36 -1.7 5
    endloop
  endfacet
  facet normal 0 1 0
    outer loop
      vertex 28 -1.7 5
      vertex 36 -1.7 0
      vertex 28 -1.7 0
    endloop
  endfacet
  facet normal 0.321403 0.946943 -0
    outer loop
      vertex 27.56 -1.64207 0
      vertex 27.3494 -1.57059 5
      vertex 27.56 -1.64207 5
    endloop
  endfacet
  facet normal 0.321403 0.946943 0
    outer loop
      vertex 27.3494 -1.57059 5
      vertex 27.56 -1.64207 0
      vertex 27.3494 -1.57059 0
    endloop
  endfacet
  facet normal 0.946901 0.321526 0
    outer loop
      vertex 26.4294 -0.650561 5
      vertex 26.3579 -0.439992 0
      vertex 26.3579 -0.439992 5
    endloop
  endfacet
  facet normal 0.946901 0.321526 0
    outer loop
      vertex 26.3579 -0.439992 0
      vertex 26.4294 -0.650561 5
      vertex 26.4294 -0.650561 0
    endloop
  endfacet
  facet normal 0 -1 0
    outer loop
      vertex 28 1.7 0
      vertex 36 1.7 5
      vertex 28 1.7 5
    endloop
  endfacet
  facet normal 0 -1 -0
    outer loop
      vertex 36 1.7 5
      vertex 28 1.7 0
      vertex 36 1.7 0
    endloop
  endfacet
  facet normal -0.98077 0.195167 0
    outer loop
      vertex 37.6421 -0.439992 0
      vertex 37.6855 -0.221894 5
      vertex 37.6855 -0.221894 0
    endloop
  endfacet
  facet normal -0.98077 0.195167 0
    outer loop
      vertex 37.6855 -0.221894 5
      vertex 37.6421 -0.439992 0
      vertex 37.6421 -0.439992 5
    endloop
  endfacet
  facet normal 0.831553 -0.555445 0
    outer loop
      vertex 26.5278 0.849999 5
      vertex 26.6513 1.03489 0
      vertex 26.6513 1.03489 5
    endloop
  endfacet
  facet normal 0.831553 -0.555445 0
    outer loop
      vertex 26.6513 1.03489 0
      vertex 26.5278 0.849999 5
      vertex 26.5278 0.849999 0
    endloop
  endfacet
  facet normal 0.98077 -0.195167 0
    outer loop
      vertex 26.3145 0.221894 5
      vertex 26.3579 0.439992 0
      vertex 26.3579 0.439992 5
    endloop
  endfacet
  facet normal 0.98077 -0.195167 0
    outer loop
      vertex 26.3579 0.439992 0
      vertex 26.3145 0.221894 5
      vertex 26.3145 0.221894 0
    endloop
  endfacet
  facet normal 0.997872 0.0652074 0
    outer loop
      vertex 26.3145 -0.221894 5
      vertex 26.3 0 0
      vertex 26.3 0 5
    endloop
  endfacet
  facet normal 0.997872 0.0652074 0
    outer loop
      vertex 26.3 0 0
      vertex 26.3145 -0.221894 5
      vertex 26.3145 -0.221894 0
    endloop
  endfacet
  facet normal 0.98077 0.195167 0
    outer loop
      vertex 26.3579 -0.439992 5
      vertex 26.3145 -0.221894 0
      vertex 26.3145 -0.221894 5
    endloop
  endfacet
  facet normal 0.98077 0.195167 0
    outer loop
      vertex 26.3145 -0.221894 0
      vertex 26.3579 -0.439992 5
      vertex 26.3579 -0.439992 0
    endloop
  endfacet
  facet normal 0.442349 0.896843 -0
    outer loop
      vertex 27.3494 -1.57059 0
      vertex 27.15 -1.47224 5
      vertex 27.3494 -1.57059 5
    endloop
  endfacet
  facet normal 0.442349 0.896843 0
    outer loop
      vertex 27.15 -1.47224 5
      vertex 27.3494 -1.57059 0
      vertex 27.15 -1.47224 0
    endloop
  endfacet
  facet normal 0.896787 0.442463 0
    outer loop
      vertex 26.5278 -0.849999 5
      vertex 26.4294 -0.650561 0
      vertex 26.4294 -0.650561 5
    endloop
  endfacet
  facet normal 0.896787 0.442463 0
    outer loop
      vertex 26.4294 -0.650561 0
      vertex 26.5278 -0.849999 5
      vertex 26.5278 -0.849999 0
    endloop
  endfacet
  facet normal 0.321403 -0.946943 0
    outer loop
      vertex 27.3494 1.57059 0
      vertex 27.56 1.64207 5
      vertex 27.3494 1.57059 5
    endloop
  endfacet
  facet normal 0.321403 -0.946943 0
    outer loop
      vertex 27.56 1.64207 5
      vertex 27.3494 1.57059 0
      vertex 27.56 1.64207 0
    endloop
  endfacet
  facet normal 0.659319 -0.751863 0
    outer loop
      vertex 26.7979 1.20208 0
      vertex 26.9651 1.3487 5
      vertex 26.7979 1.20208 5
    endloop
  endfacet
  facet normal 0.659319 -0.751863 0
    outer loop
      vertex 26.9651 1.3487 5
      vertex 26.7979 1.20208 0
      vertex 26.9651 1.3487 0
    endloop
  endfacet
  facet normal -0.321403 -0.946943 0
    outer loop
      vertex 36.44 1.64207 0
      vertex 36.6506 1.57059 5
      vertex 36.44 1.64207 5
    endloop
  endfacet
  facet normal -0.321403 -0.946943 -0
    outer loop
      vertex 36.6506 1.57059 5
      vertex 36.44 1.64207 0
      vertex 36.6506 1.57059 0
    endloop
  endfacet
  facet normal 0.0653848 0.99786 -0
    outer loop
      vertex 28 -1.7 0
      vertex 27.7781 -1.68546 5
      vertex 28 -1.7 5
    endloop
  endfacet
  facet normal 0.0653848 0.99786 0
    outer loop
      vertex 27.7781 -1.68546 5
      vertex 28 -1.7 0
      vertex 27.7781 -1.68546 0
    endloop
  endfacet
  facet normal 0.751888 -0.659291 0
    outer loop
      vertex 26.6513 1.03489 5
      vertex 26.7979 1.20208 0
      vertex 26.7979 1.20208 5
    endloop
  endfacet
  facet normal 0.751888 -0.659291 0
    outer loop
      vertex 26.7979 1.20208 0
      vertex 26.6513 1.03489 5
      vertex 26.6513 1.03489 0
    endloop
  endfacet
  facet normal 0.946901 -0.321526 0
    outer loop
      vertex 26.3579 0.439992 5
      vertex 26.4294 0.650561 0
      vertex 26.4294 0.650561 5
    endloop
  endfacet
  facet normal 0.946901 -0.321526 0
    outer loop
      vertex 26.4294 0.650561 0
      vertex 26.3579 0.439992 5
      vertex 26.3579 0.439992 0
    endloop
  endfacet
  facet normal 0.997872 -0.0652074 0
    outer loop
      vertex 26.3 0 5
      vertex 26.3145 0.221894 0
      vertex 26.3145 0.221894 5
    endloop
  endfacet
  facet normal 0.997872 -0.0652074 0
    outer loop
      vertex 26.3145 0.221894 0
      vertex 26.3 0 5
      vertex 26.3 0 0
    endloop
  endfacet
  facet normal 0.659319 0.751863 -0
    outer loop
      vertex 26.9651 -1.3487 0
      vertex 26.7979 -1.20208 5
      vertex 26.9651 -1.3487 5
    endloop
  endfacet
  facet normal 0.659319 0.751863 0
    outer loop
      vertex 26.7979 -1.20208 5
      vertex 26.9651 -1.3487 0
      vertex 26.7979 -1.20208 0
    endloop
  endfacet
  facet normal 0.555551 0.831483 -0
    outer loop
      vertex 27.15 -1.47224 0
      vertex 26.9651 -1.3487 5
      vertex 27.15 -1.47224 5
    endloop
  endfacet
  facet normal 0.555551 0.831483 0
    outer loop
      vertex 26.9651 -1.3487 5
      vertex 27.15 -1.47224 0
      vertex 26.9651 -1.3487 0
    endloop
  endfacet
  facet normal 0.195122 -0.980779 0
    outer loop
      vertex 27.56 1.64207 0
      vertex 27.7781 1.68546 5
      vertex 27.56 1.64207 5
    endloop
  endfacet
  facet normal 0.195122 -0.980779 0
    outer loop
      vertex 27.7781 1.68546 5
      vertex 27.56 1.64207 0
      vertex 27.7781 1.68546 0
    endloop
  endfacet
  facet normal 0.442349 -0.896843 0
    outer loop
      vertex 27.15 1.47224 0
      vertex 27.3494 1.57059 5
      vertex 27.15 1.47224 5
    endloop
  endfacet
  facet normal 0.442349 -0.896843 0
    outer loop
      vertex 27.3494 1.57059 5
      vertex 27.15 1.47224 0
      vertex 27.3494 1.57059 0
    endloop
  endfacet
  facet normal 0.555551 -0.831483 0
    outer loop
      vertex 26.9651 1.3487 0
      vertex 27.15 1.47224 5
      vertex 26.9651 1.3487 5
    endloop
  endfacet
  facet normal 0.555551 -0.831483 0
    outer loop
      vertex 27.15 1.47224 5
      vertex 26.9651 1.3487 0
      vertex 27.15 1.47224 0
    endloop
  endfacet
  facet normal -0.0653848 -0.99786 0
    outer loop
      vertex 36 1.7 0
      vertex 36.2219 1.68546 5
      vertex 36 1.7 5
    endloop
  endfacet
  facet normal -0.0653848 -0.99786 -0
    outer loop
      vertex 36.2219 1.68546 5
      vertex 36 1.7 0
      vertex 36.2219 1.68546 0
    endloop
  endfacet
  facet normal 0.896787 -0.442463 0
    outer loop
      vertex 26.4294 0.650561 5
      vertex 26.5278 0.849999 0
      vertex 26.5278 0.849999 5
    endloop
  endfacet
  facet normal 0.896787 -0.442463 0
    outer loop
      vertex 26.5278 0.849999 0
      vertex 26.4294 0.650561 5
      vertex 26.4294 0.650561 0
    endloop
  endfacet
  facet normal 0.751888 0.659291 0
    outer loop
      vertex 26.7979 -1.20208 5
      vertex 26.6513 -1.03489 0
      vertex 26.6513 -1.03489 5
    endloop
  endfacet
  facet normal 0.751888 0.659291 0
    outer loop
      vertex 26.6513 -1.03489 0
      vertex 26.7979 -1.20208 5
      vertex 26.7979 -1.20208 0
    endloop
  endfacet
  facet normal 0.831553 0.555445 0
    outer loop
      vertex 26.6513 -1.03489 5
      vertex 26.5278 -0.849999 0
      vertex 26.5278 -0.849999 5
    endloop
  endfacet
  facet normal 0.831553 0.555445 0
    outer loop
      vertex 26.5278 -0.849999 0
      vertex 26.6513 -1.03489 5
      vertex 26.6513 -1.03489 0
    endloop
  endfacet
  facet normal -0.195122 -0.980779 0
    outer loop
      vertex 36.2219 1.68546 0
      vertex 36.44 1.64207 5
      vertex 36.2219 1.68546 5
    endloop
  endfacet
  facet normal -0.195122 -0.980779 -0
    outer loop
      vertex 36.44 1.64207 5
      vertex 36.2219 1.68546 0
      vertex 36.44 1.64207 0
    endloop
  endfacet
  facet normal -0.831553 0.555445 0
    outer loop
      vertex 37.3487 -1.03489 0
      vertex 37.4722 -0.849999 5
      vertex 37.4722 -0.849999 0
    endloop
  endfacet
  facet normal -0.831553 0.555445 0
    outer loop
      vertex 37.4722 -0.849999 5
      vertex 37.3487 -1.03489 0
      vertex 37.3487 -1.03489 5
    endloop
  endfacet
  facet normal -0.997872 -0.0652074 0
    outer loop
      vertex 37.7 0 0
      vertex 37.6855 0.221894 5
      vertex 37.6855 0.221894 0
    endloop
  endfacet
  facet normal -0.997872 -0.0652074 0
    outer loop
      vertex 37.6855 0.221894 5
      vertex 37.7 0 0
      vertex 37.7 0 5
    endloop
  endfacet
  facet normal -0.946901 -0.321526 0
    outer loop
      vertex 37.6421 0.439992 0
      vertex 37.5706 0.650561 5
      vertex 37.5706 0.650561 0
    endloop
  endfacet
  facet normal -0.946901 -0.321526 0
    outer loop
      vertex 37.5706 0.650561 5
      vertex 37.6421 0.439992 0
      vertex 37.6421 0.439992 5
    endloop
  endfacet
  facet normal -0.555551 0.831483 0
    outer loop
      vertex 37.0349 -1.3487 0
      vertex 36.85 -1.47224 5
      vertex 37.0349 -1.3487 5
    endloop
  endfacet
  facet normal -0.555551 0.831483 0
    outer loop
      vertex 36.85 -1.47224 5
      vertex 37.0349 -1.3487 0
      vertex 36.85 -1.47224 0
    endloop
  endfacet
  facet normal -0.195122 0.980779 0
    outer loop
      vertex 36.44 -1.64207 0
      vertex 36.2219 -1.68546 5
      vertex 36.44 -1.64207 5
    endloop
  endfacet
  facet normal -0.195122 0.980779 0
    outer loop
      vertex 36.2219 -1.68546 5
      vertex 36.44 -1.64207 0
      vertex 36.2219 -1.68546 0
    endloop
  endfacet
  facet normal -0.997872 0.0652074 0
    outer loop
      vertex 37.6855 -0.221894 0
      vertex 37.7 0 5
      vertex 37.7 0 0
    endloop
  endfacet
  facet normal -0.997872 0.0652074 0
    outer loop
      vertex 37.7 0 5
      vertex 37.6855 -0.221894 0
      vertex 37.6855 -0.221894 5
    endloop
  endfacet
  facet normal -0.98077 -0.195167 0
    outer loop
      vertex 37.6855 0.221894 0
      vertex 37.6421 0.439992 5
      vertex 37.6421 0.439992 0
    endloop
  endfacet
  facet normal -0.98077 -0.195167 0
    outer loop
      vertex 37.6421 0.439992 5
      vertex 37.6855 0.221894 0
      vertex 37.6855 0.221894 5
    endloop
  endfacet
  facet normal -0.442349 -0.896843 0
    outer loop
      vertex 36.6506 1.57059 0
      vertex 36.85 1.47224 5
      vertex 36.6506 1.57059 5
    endloop
  endfacet
  facet normal -0.442349 -0.896843 -0
    outer loop
      vertex 36.85 1.47224 5
      vertex 36.6506 1.57059 0
      vertex 36.85 1.47224 0
    endloop
  endfacet
  facet normal -0.659319 0.751863 0
    outer loop
      vertex 37.2021 -1.20208 0
      vertex 37.0349 -1.3487 5
      vertex 37.2021 -1.20208 5
    endloop
  endfacet
  facet normal -0.659319 0.751863 0
    outer loop
      vertex 37.0349 -1.3487 5
      vertex 37.2021 -1.20208 0
      vertex 37.0349 -1.3487 0
    endloop
  endfacet
  facet normal -0.321403 0.946943 0
    outer loop
      vertex 36.6506 -1.57059 0
      vertex 36.44 -1.64207 5
      vertex 36.6506 -1.57059 5
    endloop
  endfacet
  facet normal -0.321403 0.946943 0
    outer loop
      vertex 36.44 -1.64207 5
      vertex 36.6506 -1.57059 0
      vertex 36.44 -1.64207 0
    endloop
  endfacet
  facet normal -0.896787 -0.442463 0
    outer loop
      vertex 37.5706 0.650561 0
      vertex 37.4722 0.849999 5
      vertex 37.4722 0.849999 0
    endloop
  endfacet
  facet normal -0.896787 -0.442463 0
    outer loop
      vertex 37.4722 0.849999 5
      vertex 37.5706 0.650561 0
      vertex 37.5706 0.650561 5
    endloop
  endfacet
  facet normal -0.831553 -0.555445 0
    outer loop
      vertex 37.4722 0.849999 0
      vertex 37.3487 1.03489 5
      vertex 37.3487 1.03489 0
    endloop
  endfacet
  facet normal -0.831553 -0.555445 0
    outer loop
      vertex 37.3487 1.03489 5
      vertex 37.4722 0.849999 0
      vertex 37.4722 0.849999 5
    endloop
  endfacet
  facet normal -0.659319 -0.751863 0
    outer loop
      vertex 37.0349 1.3487 0
      vertex 37.2021 1.20208 5
      vertex 37.0349 1.3487 5
    endloop
  endfacet
  facet normal -0.659319 -0.751863 -0
    outer loop
      vertex 37.2021 1.20208 5
      vertex 37.0349 1.3487 0
      vertex 37.2021 1.20208 0
    endloop
  endfacet
  facet normal -0.751888 -0.659291 0
    outer loop
      vertex 37.3487 1.03489 0
      vertex 37.2021 1.20208 5
      vertex 37.2021 1.20208 0
    endloop
  endfacet
  facet normal -0.751888 -0.659291 0
    outer loop
      vertex 37.2021 1.20208 5
      vertex 37.3487 1.03489 0
      vertex 37.3487 1.03489 5
    endloop
  endfacet
  facet normal -0.555551 -0.831483 0
    outer loop
      vertex 36.85 1.47224 0
      vertex 37.0349 1.3487 5
      vertex 36.85 1.47224 5
    endloop
  endfacet
  facet normal -0.555551 -0.831483 -0
    outer loop
      vertex 37.0349 1.3487 5
      vertex 36.85 1.47224 0
      vertex 37.0349 1.3487 0
    endloop
  endfacet
  facet normal -0.946901 0.321526 0
    outer loop
      vertex 37.5706 -0.650561 0
      vertex 37.6421 -0.439992 5
      vertex 37.6421 -0.439992 0
    endloop
  endfacet
  facet normal -0.946901 0.321526 0
    outer loop
      vertex 37.6421 -0.439992 5
      vertex 37.5706 -0.650561 0
      vertex 37.5706 -0.650561 5
    endloop
  endfacet
  facet normal -0.896787 0.442463 0
    outer loop
      vertex 37.4722 -0.849999 0
      vertex 37.5706 -0.650561 5
      vertex 37.5706 -0.650561 0
    endloop
  endfacet
  facet normal -0.896787 0.442463 0
    outer loop
      vertex 37.5706 -0.650561 5
      vertex 37.4722 -0.849999 0
      vertex 37.4722 -0.849999 5
    endloop
  endfacet
  facet normal -0.442349 0.896843 0
    outer loop
      vertex 36.85 -1.47224 0
      vertex 36.6506 -1.57059 5
      vertex 36.85 -1.47224 5
    endloop
  endfacet
  facet normal -0.442349 0.896843 0
    outer loop
      vertex 36.6506 -1.57059 5
      vertex 36.85 -1.47224 0
      vertex 36.6506 -1.57059 0
    endloop
  endfacet
  facet normal -0.751888 0.659291 0
    outer loop
      vertex 37.2021 -1.20208 0
      vertex 37.3487 -1.03489 5
      vertex 37.3487 -1.03489 0
    endloop
  endfacet
  facet normal -0.751888 0.659291 0
    outer loop
      vertex 37.3487 -1.03489 5
      vertex 37.2021 -1.20208 0
      vertex 37.2021 -1.20208 5
    endloop
  endfacet
  facet normal 1 -0 0
    outer loop
      vertex -42.5 -5 2.5
      vertex -42.5 5 0
      vertex -42.5 5 2.5
    endloop
  endfacet
  facet normal 1 0 0
    outer loop
      vertex -42.5 5 0
      vertex -42.5 -5 2.5
      vertex -42.5 -5 0
    endloop
  endfacet
  facet normal 0 0 -1
    outer loop
      vertex -42.5 -5 2.5
      vertex -39.5 5 2.5
      vertex -39.5 -5 2.5
    endloop
  endfacet
  facet normal -0 0 -1
    outer loop
      vertex -39.5 5 2.5
      vertex -42.5 -5 2.5
      vertex -42.5 5 2.5
    endloop
  endfacet
  facet normal -1 0 0
    outer loop
      vertex -39.5 -5 0
      vertex -39.5 5 2.5
      vertex -39.5 5 0
    endloop
  endfacet
  facet normal -1 -0 0
    outer loop
      vertex -39.5 5 2.5
      vertex -39.5 -5 0
      vertex -39.5 -5 2.5
    endloop
  endfacet
  facet normal 0 1 -0
    outer loop
      vertex -39.5 -5 0
      vertex -42.5 -5 2.5
      vertex -39.5 -5 2.5
    endloop
  endfacet
  facet normal 0 1 0
    outer loop
      vertex -42.5 -5 2.5
      vertex -39.5 -5 0
      vertex -42.5 -5 0
    endloop
  endfacet
  facet normal 0 -1 0
    outer loop
      vertex -42.5 5 0
      vertex -39.5 5 2.5
      vertex -42.5 5 2.5
    endloop
  endfacet
  facet normal 0 -1 -0
    outer loop
      vertex -39.5 5 2.5
      vertex -42.5 5 0
      vertex -39.5 5 0
    endloop
  endfacet
  facet normal 1 -0 0
    outer loop
      vertex 39.5 -5 2.5
      vertex 39.5 5 0
      vertex 39.5 5 2.5
    endloop
  endfacet
  facet normal 1 0 0
    outer loop
      vertex 39.5 5 0
      vertex 39.5 -5 2.5
      vertex 39.5 -5 0
    endloop
  endfacet
  facet normal 0 0 -1
    outer loop
      vertex 39.5 -5 2.5
      vertex 42.5 5 2.5
      vertex 42.5 -5 2.5
    endloop
  endfacet
  facet normal -0 0 -1
    outer loop
      vertex 42.5 5 2.5
      vertex 39.5 -5 2.5
      vertex 39.5 5 2.5
    endloop
  endfacet
  facet normal -1 0 0
    outer loop
      vertex 42.5 -5 0
      vertex 42.5 5 2.5
      vertex 42.5 5 0
    endloop
  endfacet
  facet normal -1 -0 0
    outer loop
      vertex 42.5 5 2.5
      vertex 42.5 -5 0
      vertex 42.5 -5 2.5
    endloop
  endfacet
  facet normal 0 -1 0
    outer loop
      vertex 39.5 5 0
      vertex 42.5 5 2.5
      vertex 39.5 5 2.5
    endloop
  endfacet
  facet normal 0 -1 -0
    outer loop
      vertex 42.5 5 2.5
      vertex 39.5 5 0
      vertex 42.5 5 0
    endloop
  endfacet
  facet normal 0 1 -0
    outer loop
      vertex 42.5 -5 0
      vertex 39.5 -5 2.5
      vertex 42.5 -5 2.5
    endloop
  endfacet
  facet normal 0 1 0
    outer loop
      vertex 39.5 -5 2.5
      vertex 42.5 -5 0
      vertex 39.5 -5 0
    endloop
  endfacet
  facet normal 0 -1 0
    outer loop
      vertex -43 -8 0
      vertex 43 -8 5
      vertex -43 -8 5
    endloop
  endfacet
  facet normal 0 -1 -0
    outer loop
      vertex 43 -8 5
      vertex -43 -8 0
      vertex 43 -8 0
    endloop
  endfacet
  facet normal 0.0654151 -0.997858 0
    outer loop
      vertex 43 -8 0
      vertex 43.261 -7.98289 5
      vertex 43 -8 5
    endloop
  endfacet
  facet normal 0.0654151 -0.997858 0
    outer loop
      vertex 43.261 -7.98289 5
      vertex 43 -8 0
      vertex 43.261 -7.98289 0
    endloop
  endfacet
  facet normal 0.195087 -0.980786 0
    outer loop
      vertex 43.261 -7.98289 0
      vertex 43.5176 -7.93185 5
      vertex 43.261 -7.98289 5
    endloop
  endfacet
  facet normal 0.195087 -0.980786 0
    outer loop
      vertex 43.5176 -7.93185 5
      vertex 43.261 -7.98289 0
      vertex 43.5176 -7.93185 0
    endloop
  endfacet
  facet normal -0.0654151 0.997858 0
    outer loop
      vertex -43 8 0
      vertex -43.261 7.98289 5
      vertex -43 8 5
    endloop
  endfacet
  facet normal -0.0654151 0.997858 0
    outer loop
      vertex -43.261 7.98289 5
      vertex -43 8 0
      vertex -43.261 7.98289 0
    endloop
  endfacet
  facet normal 0.0654151 0.997858 -0
    outer loop
      vertex 43.261 7.98289 0
      vertex 43 8 5
      vertex 43.261 7.98289 5
    endloop
  endfacet
  facet normal 0.0654151 0.997858 0
    outer loop
      vertex 43 8 5
      vertex 43.261 7.98289 0
      vertex 43 8 0
    endloop
  endfacet
  facet normal -0.980814 -0.194947 0
    outer loop
      vertex -44.9319 -6.51764 0
      vertex -44.9829 -6.26105 5
      vertex -44.9829 -6.26105 0
    endloop
  endfacet
  facet normal -0.980814 -0.194947 0
    outer loop
      vertex -44.9829 -6.26105 5
      vertex -44.9319 -6.51764 0
      vertex -44.9319 -6.51764 5
    endloop
  endfacet
  facet normal 0 0 -1
    outer loop
      vertex 42.5 -5 0
      vertex 45 -6 0
      vertex 44.9829 -6.26105 0
    endloop
  endfacet
  facet normal 0 0 -1
    outer loop
      vertex 45 -6 0
      vertex 42.5 -5 0
      vertex 45 6 0
    endloop
  endfacet
  facet normal 0 0 -1
    outer loop
      vertex 42.5 -5 0
      vertex 44.9829 -6.26105 0
      vertex 44.9319 -6.51764 0
    endloop
  endfacet
  facet normal 0 0 -1
    outer loop
      vertex 42.5 5 0
      vertex 45 6 0
      vertex 42.5 -5 0
    endloop
  endfacet
  facet normal 0 0 -1
    outer loop
      vertex 42.5 -5 0
      vertex 44.9319 -6.51764 0
      vertex 44.8478 -6.76537 0
    endloop
  endfacet
  facet normal -0 0 -1
    outer loop
      vertex 45 6 0
      vertex 42.5 5 0
      vertex 44.9829 6.26105 0
    endloop
  endfacet
  facet normal 0 0 -1
    outer loop
      vertex 42.5 -5 0
      vertex 44.8478 -6.76537 0
      vertex 44.7321 -7 0
    endloop
  endfacet
  facet normal -0 0 -1
    outer loop
      vertex 44.9829 6.26105 0
      vertex 42.5 5 0
      vertex 44.9319 6.51764 0
    endloop
  endfacet
  facet normal 0 0 -1
    outer loop
      vertex 42.5 -5 0
      vertex 44.7321 -7 0
      vertex 44.5867 -7.21753 0
    endloop
  endfacet
  facet normal -0 0 -1
    outer loop
      vertex 44.9319 6.51764 0
      vertex 42.5 5 0
      vertex 44.8478 6.76537 0
    endloop
  endfacet
  facet normal 0 0 -1
    outer loop
      vertex 42.5 -5 0
      vertex 44.5867 -7.21753 0
      vertex 44.4142 -7.41422 0
    endloop
  endfacet
  facet normal -0 0 -1
    outer loop
      vertex 44.8478 6.76537 0
      vertex 42.5 5 0
      vertex 44.7321 7 0
    endloop
  endfacet
  facet normal 0 0 -1
    outer loop
      vertex 42.5 -5 0
      vertex 44.4142 -7.41422 0
      vertex 44.2175 -7.5867 0
    endloop
  endfacet
  facet normal -0 0 -1
    outer loop
      vertex 44.7321 7 0
      vertex 42.5 5 0
      vertex 44.5867 7.21753 0
    endloop
  endfacet
  facet normal 0 0 -1
    outer loop
      vertex 42.5 -5 0
      vertex 44.2175 -7.5867 0
      vertex 44 -7.73206 0
    endloop
  endfacet
  facet normal -0 0 -1
    outer loop
      vertex 44.5867 7.21753 0
      vertex 42.5 5 0
      vertex 44.4142 7.41422 0
    endloop
  endfacet
  facet normal 0 0 -1
    outer loop
      vertex 42.5 -5 0
      vertex 44 -7.73206 0
      vertex 43.7654 -7.84776 0
    endloop
  endfacet
  facet normal -0 0 -1
    outer loop
      vertex 44.4142 7.41422 0
      vertex 42.5 5 0
      vertex 44.2175 7.5867 0
    endloop
  endfacet
  facet normal 0 0 -1
    outer loop
      vertex 42.5 -5 0
      vertex 43.7654 -7.84776 0
      vertex 43.5176 -7.93185 0
    endloop
  endfacet
  facet normal -0 0 -1
    outer loop
      vertex 44.2175 7.5867 0
      vertex 42.5 5 0
      vertex 44 7.73206 0
    endloop
  endfacet
  facet normal 0 0 -1
    outer loop
      vertex 42.5 -5 0
      vertex 43.5176 -7.93185 0
      vertex 43.261 -7.98289 0
    endloop
  endfacet
  facet normal -0 0 -1
    outer loop
      vertex 44 7.73206 0
      vertex 42.5 5 0
      vertex 43.7654 7.84776 0
    endloop
  endfacet
  facet normal 0 0 -1
    outer loop
      vertex 42.5 -5 0
      vertex 43.261 -7.98289 0
      vertex 43 -8 0
    endloop
  endfacet
  facet normal -0 0 -1
    outer loop
      vertex 43.7654 7.84776 0
      vertex 42.5 5 0
      vertex 43.5176 7.93185 0
    endloop
  endfacet
  facet normal -0 0 -1
    outer loop
      vertex 43.5176 7.93185 0
      vertex 42.5 5 0
      vertex 43.261 7.98289 0
    endloop
  endfacet
  facet normal 0 0 -1
    outer loop
      vertex 43 -8 0
      vertex 39.5 -5 0
      vertex 42.5 -5 0
    endloop
  endfacet
  facet normal 0 0 -1
    outer loop
      vertex 39.5 -5 0
      vertex 37.7 0 0
      vertex 39.5 5 0
    endloop
  endfacet
  facet normal 0 0 -1
    outer loop
      vertex 39.5 -5 0
      vertex 37.6855 -0.221894 0
      vertex 37.7 0 0
    endloop
  endfacet
  facet normal 0 0 -1
    outer loop
      vertex 39.5 -5 0
      vertex 37.6421 -0.439992 0
      vertex 37.6855 -0.221894 0
    endloop
  endfacet
  facet normal 0 0 -1
    outer loop
      vertex 39.5 -5 0
      vertex 37.5706 -0.650561 0
      vertex 37.6421 -0.439992 0
    endloop
  endfacet
  facet normal 0 0 -1
    outer loop
      vertex 39.5 -5 0
      vertex 37.4722 -0.849999 0
      vertex 37.5706 -0.650561 0
    endloop
  endfacet
  facet normal 0 0 -1
    outer loop
      vertex 39.5 -5 0
      vertex 37.3487 -1.03489 0
      vertex 37.4722 -0.849999 0
    endloop
  endfacet
  facet normal 0 0 -1
    outer loop
      vertex 39.5 -5 0
      vertex 37.2021 -1.20208 0
      vertex 37.3487 -1.03489 0
    endloop
  endfacet
  facet normal 0 0 -1
    outer loop
      vertex 39.5 -5 0
      vertex 37.0349 -1.3487 0
      vertex 37.2021 -1.20208 0
    endloop
  endfacet
  facet normal 0 0 -1
    outer loop
      vertex 39.5 -5 0
      vertex 36.85 -1.47224 0
      vertex 37.0349 -1.3487 0
    endloop
  endfacet
  facet normal 0 0 -1
    outer loop
      vertex 39.5 -5 0
      vertex 36.6506 -1.57059 0
      vertex 36.85 -1.47224 0
    endloop
  endfacet
  facet normal 0 0 -1
    outer loop
      vertex 39.5 -5 0
      vertex 36.44 -1.64207 0
      vertex 36.6506 -1.57059 0
    endloop
  endfacet
  facet normal 0 0 -1
    outer loop
      vertex 39.5 -5 0
      vertex 36.2219 -1.68546 0
      vertex 36.44 -1.64207 0
    endloop
  endfacet
  facet normal 0 0 -1
    outer loop
      vertex 39.5 -5 0
      vertex 36 -1.7 0
      vertex 36.2219 -1.68546 0
    endloop
  endfacet
  facet normal 0 0 -1
    outer loop
      vertex 39.5 -5 0
      vertex 28 -1.7 0
      vertex 36 -1.7 0
    endloop
  endfacet
  facet normal 0 0 -1
    outer loop
      vertex 43 -8 0
      vertex 28 -1.7 0
      vertex 39.5 -5 0
    endloop
  endfacet
  facet normal 0 0 -1
    outer loop
      vertex 43 -8 0
      vertex 27.7781 -1.68546 0
      vertex 28 -1.7 0
    endloop
  endfacet
  facet normal 0 0 -1
    outer loop
      vertex 20.2219 -1.68546 0
      vertex 27.7781 -1.68546 0
      vertex 43 -8 0
    endloop
  endfacet
  facet normal 0 0 -1
    outer loop
      vertex 27.7781 -1.68546 0
      vertex 20.2219 -1.68546 0
      vertex 27.56 -1.64207 0
    endloop
  endfacet
  facet normal 0 0 -1
    outer loop
      vertex 26.3145 -0.221894 0
      vertex 21.7 0 0
      vertex 26.3 0 0
    endloop
  endfacet
  facet normal 0 0 -1
    outer loop
      vertex 21.6855 -0.221894 0
      vertex 26.3145 -0.221894 0
      vertex 26.3579 -0.439992 0
    endloop
  endfacet
  facet normal 0 0 -1
    outer loop
      vertex 21.6421 -0.439992 0
      vertex 26.3579 -0.439992 0
      vertex 26.4294 -0.650561 0
    endloop
  endfacet
  facet normal 0 0 -1
    outer loop
      vertex 21.5706 -0.650561 0
      vertex 26.4294 -0.650561 0
      vertex 26.5278 -0.849999 0
    endloop
  endfacet
  facet normal 0 0 -1
    outer loop
      vertex 21.4722 -0.849999 0
      vertex 26.5278 -0.849999 0
      vertex 26.6513 -1.03489 0
    endloop
  endfacet
  facet normal 0 0 -1
    outer loop
      vertex 21.3487 -1.03489 0
      vertex 26.6513 -1.03489 0
      vertex 26.7979 -1.20208 0
    endloop
  endfacet
  facet normal 0 0 -1
    outer loop
      vertex 21.2021 -1.20208 0
      vertex 26.7979 -1.20208 0
      vertex 26.9651 -1.3487 0
    endloop
  endfacet
  facet normal 0 0 -1
    outer loop
      vertex 21.0349 -1.3487 0
      vertex 26.9651 -1.3487 0
      vertex 27.15 -1.47224 0
    endloop
  endfacet
  facet normal 0 0 -1
    outer loop
      vertex 20.85 -1.47224 0
      vertex 27.15 -1.47224 0
      vertex 27.3494 -1.57059 0
    endloop
  endfacet
  facet normal 0 -0 -1
    outer loop
      vertex 20.44 -1.64207 0
      vertex 27.56 -1.64207 0
      vertex 20.2219 -1.68546 0
    endloop
  endfacet
  facet normal 0 0 -1
    outer loop
      vertex 26.3145 -0.221894 0
      vertex 21.6855 -0.221894 0
      vertex 21.7 0 0
    endloop
  endfacet
  facet normal 0 0 -1
    outer loop
      vertex 26.3579 -0.439992 0
      vertex 21.6421 -0.439992 0
      vertex 21.6855 -0.221894 0
    endloop
  endfacet
  facet normal 0 0 -1
    outer loop
      vertex 26.4294 -0.650561 0
      vertex 21.5706 -0.650561 0
      vertex 21.6421 -0.439992 0
    endloop
  endfacet
  facet normal 0 0 -1
    outer loop
      vertex 26.5278 -0.849999 0
      vertex 21.4722 -0.849999 0
      vertex 21.5706 -0.650561 0
    endloop
  endfacet
  facet normal 0 0 -1
    outer loop
      vertex 26.6513 -1.03489 0
      vertex 21.3487 -1.03489 0
      vertex 21.4722 -0.849999 0
    endloop
  endfacet
  facet normal 0 0 -1
    outer loop
      vertex 26.7979 -1.20208 0
      vertex 21.2021 -1.20208 0
      vertex 21.3487 -1.03489 0
    endloop
  endfacet
  facet normal 0 0 -1
    outer loop
      vertex 26.9651 -1.3487 0
      vertex 21.0349 -1.3487 0
      vertex 21.2021 -1.20208 0
    endloop
  endfacet
  facet normal 0 0 -1
    outer loop
      vertex 27.15 -1.47224 0
      vertex 20.85 -1.47224 0
      vertex 21.0349 -1.3487 0
    endloop
  endfacet
  facet normal 0 0 -1
    outer loop
      vertex 27.3494 -1.57059 0
      vertex 20.6506 -1.57059 0
      vertex 20.85 -1.47224 0
    endloop
  endfacet
  facet normal -0 0 -1
    outer loop
      vertex 27.3494 -1.57059 0
      vertex 20.44 -1.64207 0
      vertex 20.6506 -1.57059 0
    endloop
  endfacet
  facet normal 0 0 -1
    outer loop
      vertex 27.56 -1.64207 0
      vertex 20.44 -1.64207 0
      vertex 27.3494 -1.57059 0
    endloop
  endfacet
  facet normal 0 0 -1
    outer loop
      vertex 43 -8 0
      vertex 20 -1.7 0
      vertex 20.2219 -1.68546 0
    endloop
  endfacet
  facet normal 0 0 -1
    outer loop
      vertex 43 -8 0
      vertex 12 -1.7 0
      vertex 20 -1.7 0
    endloop
  endfacet
  facet normal 0 0 -1
    outer loop
      vertex 4 -1.7 0
      vertex 12 -1.7 0
      vertex 43 -8 0
    endloop
  endfacet
  facet normal 0 0 -1
    outer loop
      vertex 12 -1.7 0
      vertex 4 -1.7 0
      vertex 11.7781 -1.68546 0
    endloop
  endfacet
  facet normal 0 0 -1
    outer loop
      vertex 10.3145 -0.221894 0
      vertex 5.7 0 0
      vertex 10.3 0 0
    endloop
  endfacet
  facet normal 0 0 -1
    outer loop
      vertex 5.68546 -0.221894 0
      vertex 10.3145 -0.221894 0
      vertex 10.3579 -0.439992 0
    endloop
  endfacet
  facet normal 0 0 -1
    outer loop
      vertex 5.64207 -0.439992 0
      vertex 10.3579 -0.439992 0
      vertex 10.4294 -0.650561 0
    endloop
  endfacet
  facet normal 0 0 -1
    outer loop
      vertex 5.57059 -0.650561 0
      vertex 10.4294 -0.650561 0
      vertex 10.5278 -0.849999 0
    endloop
  endfacet
  facet normal 0 0 -1
    outer loop
      vertex 5.47224 -0.849999 0
      vertex 10.5278 -0.849999 0
      vertex 10.6513 -1.03489 0
    endloop
  endfacet
  facet normal 0 0 -1
    outer loop
      vertex 5.3487 -1.03489 0
      vertex 10.6513 -1.03489 0
      vertex 10.7979 -1.20208 0
    endloop
  endfacet
  facet normal 0 0 -1
    outer loop
      vertex 5.20208 -1.20208 0
      vertex 10.7979 -1.20208 0
      vertex 10.9651 -1.3487 0
    endloop
  endfacet
  facet normal 0 0 -1
    outer loop
      vertex 5.03489 -1.3487 0
      vertex 10.9651 -1.3487 0
      vertex 11.15 -1.47224 0
    endloop
  endfacet
  facet normal 0 0 -1
    outer loop
      vertex 4.85 -1.47224 0
      vertex 11.15 -1.47224 0
      vertex 11.3494 -1.57059 0
    endloop
  endfacet
  facet normal 0 0 -1
    outer loop
      vertex 4.65056 -1.57059 0
      vertex 11.3494 -1.57059 0
      vertex 11.56 -1.64207 0
    endloop
  endfacet
  facet normal 0 0 -1
    outer loop
      vertex 10.3145 -0.221894 0
      vertex 5.68546 -0.221894 0
      vertex 5.7 0 0
    endloop
  endfacet
  facet normal 0 0 -1
    outer loop
      vertex 10.3579 -0.439992 0
      vertex 5.64207 -0.439992 0
      vertex 5.68546 -0.221894 0
    endloop
  endfacet
  facet normal 0 0 -1
    outer loop
      vertex 10.4294 -0.650561 0
      vertex 5.57059 -0.650561 0
      vertex 5.64207 -0.439992 0
    endloop
  endfacet
  facet normal 0 -0 -1
    outer loop
      vertex 4.22189 -1.68546 0
      vertex 11.7781 -1.68546 0
      vertex 4 -1.7 0
    endloop
  endfacet
  facet normal 0 0 -1
    outer loop
      vertex 10.5278 -0.849999 0
      vertex 5.47224 -0.849999 0
      vertex 5.57059 -0.650561 0
    endloop
  endfacet
  facet normal 0 0 -1
    outer loop
      vertex 10.6513 -1.03489 0
      vertex 5.3487 -1.03489 0
      vertex 5.47224 -0.849999 0
    endloop
  endfacet
  facet normal 0 0 -1
    outer loop
      vertex 10.7979 -1.20208 0
      vertex 5.20208 -1.20208 0
      vertex 5.3487 -1.03489 0
    endloop
  endfacet
  facet normal 0 0 -1
    outer loop
      vertex 10.9651 -1.3487 0
      vertex 5.03489 -1.3487 0
      vertex 5.20208 -1.20208 0
    endloop
  endfacet
  facet normal 0 0 -1
    outer loop
      vertex 11.15 -1.47224 0
      vertex 4.85 -1.47224 0
      vertex 5.03489 -1.3487 0
    endloop
  endfacet
  facet normal 0 0 -1
    outer loop
      vertex 11.3494 -1.57059 0
      vertex 4.65056 -1.57059 0
      vertex 4.85 -1.47224 0
    endloop
  endfacet
  facet normal 0 0 -1
    outer loop
      vertex 11.56 -1.64207 0
      vertex 4.43999 -1.64207 0
      vertex 4.65056 -1.57059 0
    endloop
  endfacet
  facet normal -0 0 -1
    outer loop
      vertex 11.56 -1.64207 0
      vertex 4.22189 -1.68546 0
      vertex 4.43999 -1.64207 0
    endloop
  endfacet
  facet normal 0 0 -1
    outer loop
      vertex 11.7781 -1.68546 0
      vertex 4.22189 -1.68546 0
      vertex 11.56 -1.64207 0
    endloop
  endfacet
  facet normal 0 0 -1
    outer loop
      vertex 43 -8 0
      vertex -4 -1.7 0
      vertex 4 -1.7 0
    endloop
  endfacet
  facet normal 0 0 -1
    outer loop
      vertex -43 -8 0
      vertex -4 -1.7 0
      vertex 43 -8 0
    endloop
  endfacet
  facet normal 0 0 -1
    outer loop
      vertex -5.68546 -0.221894 0
      vertex -10.3 0 0
      vertex -5.7 0 0
    endloop
  endfacet
  facet normal 0 0 -1
    outer loop
      vertex -10.3145 -0.221894 0
      vertex -5.68546 -0.221894 0
      vertex -5.64207 -0.439992 0
    endloop
  endfacet
  facet normal 0 0 -1
    outer loop
      vertex -10.3579 -0.439992 0
      vertex -5.64207 -0.439992 0
      vertex -5.57059 -0.650561 0
    endloop
  endfacet
  facet normal 0 0 -1
    outer loop
      vertex -10.4294 -0.650561 0
      vertex -5.57059 -0.650561 0
      vertex -5.47224 -0.849999 0
    endloop
  endfacet
  facet normal 0 0 -1
    outer loop
      vertex -10.5278 -0.849999 0
      vertex -5.47224 -0.849999 0
      vertex -5.3487 -1.03489 0
    endloop
  endfacet
  facet normal 0 0 -1
    outer loop
      vertex -10.6513 -1.03489 0
      vertex -5.3487 -1.03489 0
      vertex -5.20208 -1.20208 0
    endloop
  endfacet
  facet normal 0 0 -1
    outer loop
      vertex -10.7979 -1.20208 0
      vertex -5.20208 -1.20208 0
      vertex -5.03489 -1.3487 0
    endloop
  endfacet
  facet normal 0 0 -1
    outer loop
      vertex -10.9651 -1.3487 0
      vertex -5.03489 -1.3487 0
      vertex -4.85 -1.47224 0
    endloop
  endfacet
  facet normal 0 0 -1
    outer loop
      vertex -11.15 -1.47224 0
      vertex -4.85 -1.47224 0
      vertex -4.65056 -1.57059 0
    endloop
  endfacet
  facet normal 0 0 -1
    outer loop
      vertex -11.3494 -1.57059 0
      vertex -4.65056 -1.57059 0
      vertex -4.43999 -1.64207 0
    endloop
  endfacet
  facet normal 0 0 -1
    outer loop
      vertex -5.68546 -0.221894 0
      vertex -10.3145 -0.221894 0
      vertex -10.3 0 0
    endloop
  endfacet
  facet normal 0 0 -1
    outer loop
      vertex -5.64207 -0.439992 0
      vertex -10.3579 -0.439992 0
      vertex -10.3145 -0.221894 0
    endloop
  endfacet
  facet normal 0 0 -1
    outer loop
      vertex -5.57059 -0.650561 0
      vertex -10.4294 -0.650561 0
      vertex -10.3579 -0.439992 0
    endloop
  endfacet
  facet normal 0 0 -1
    outer loop
      vertex -11.56 -1.64207 0
      vertex -4.43999 -1.64207 0
      vertex -4.22189 -1.68546 0
    endloop
  endfacet
  facet normal 0 0 -1
    outer loop
      vertex -5.47224 -0.849999 0
      vertex -10.5278 -0.849999 0
      vertex -10.4294 -0.650561 0
    endloop
  endfacet
  facet normal 0 -0 -1
    outer loop
      vertex -12 -1.7 0
      vertex -4 -1.7 0
      vertex -43 -8 0
    endloop
  endfacet
  facet normal 0 0 -1
    outer loop
      vertex -5.3487 -1.03489 0
      vertex -10.6513 -1.03489 0
      vertex -10.5278 -0.849999 0
    endloop
  endfacet
  facet normal 0 0 -1
    outer loop
      vertex -5.20208 -1.20208 0
      vertex -10.7979 -1.20208 0
      vertex -10.6513 -1.03489 0
    endloop
  endfacet
  facet normal 0 0 -1
    outer loop
      vertex -5.03489 -1.3487 0
      vertex -10.9651 -1.3487 0
      vertex -10.7979 -1.20208 0
    endloop
  endfacet
  facet normal 0 0 -1
    outer loop
      vertex -4.85 -1.47224 0
      vertex -11.15 -1.47224 0
      vertex -10.9651 -1.3487 0
    endloop
  endfacet
  facet normal 0 0 -1
    outer loop
      vertex -4.65056 -1.57059 0
      vertex -11.3494 -1.57059 0
      vertex -11.15 -1.47224 0
    endloop
  endfacet
  facet normal 0 0 -1
    outer loop
      vertex -4.43999 -1.64207 0
      vertex -11.56 -1.64207 0
      vertex -11.3494 -1.57059 0
    endloop
  endfacet
  facet normal 0 0 -1
    outer loop
      vertex -4.22189 -1.68546 0
      vertex -11.7781 -1.68546 0
      vertex -11.56 -1.64207 0
    endloop
  endfacet
  facet normal 0 0 -1
    outer loop
      vertex -4 -1.7 0
      vertex -12 -1.7 0
      vertex -4.22189 -1.68546 0
    endloop
  endfacet
  facet normal -0 0 -1
    outer loop
      vertex -4.22189 -1.68546 0
      vertex -12 -1.7 0
      vertex -11.7781 -1.68546 0
    endloop
  endfacet
  facet normal -0 0 -1
    outer loop
      vertex -12 -1.7 0
      vertex -43 -8 0
      vertex -20 -1.7 0
    endloop
  endfacet
  facet normal 0 0 -1
    outer loop
      vertex -21.6855 -0.221894 0
      vertex -26.3 0 0
      vertex -21.7 0 0
    endloop
  endfacet
  facet normal 0 0 -1
    outer loop
      vertex -26.3145 -0.221894 0
      vertex -21.6855 -0.221894 0
      vertex -21.6421 -0.439992 0
    endloop
  endfacet
  facet normal 0 0 -1
    outer loop
      vertex -26.3579 -0.439992 0
      vertex -21.6421 -0.439992 0
      vertex -21.5706 -0.650561 0
    endloop
  endfacet
  facet normal 0 0 -1
    outer loop
      vertex -26.4294 -0.650561 0
      vertex -21.5706 -0.650561 0
      vertex -21.4722 -0.849999 0
    endloop
  endfacet
  facet normal 0 0 -1
    outer loop
      vertex -26.5278 -0.849999 0
      vertex -21.4722 -0.849999 0
      vertex -21.3487 -1.03489 0
    endloop
  endfacet
  facet normal 0 0 -1
    outer loop
      vertex -26.6513 -1.03489 0
      vertex -21.3487 -1.03489 0
      vertex -21.2021 -1.20208 0
    endloop
  endfacet
  facet normal 0 0 -1
    outer loop
      vertex -26.7979 -1.20208 0
      vertex -21.2021 -1.20208 0
      vertex -21.0349 -1.3487 0
    endloop
  endfacet
  facet normal 0 0 -1
    outer loop
      vertex -26.9651 -1.3487 0
      vertex -21.0349 -1.3487 0
      vertex -20.85 -1.47224 0
    endloop
  endfacet
  facet normal 0 0 -1
    outer loop
      vertex -27.15 -1.47224 0
      vertex -20.85 -1.47224 0
      vertex -20.6506 -1.57059 0
    endloop
  endfacet
  facet normal 0 0 -1
    outer loop
      vertex -27.3494 -1.57059 0
      vertex -20.6506 -1.57059 0
      vertex -20.44 -1.64207 0
    endloop
  endfacet
  facet normal 0 0 -1
    outer loop
      vertex -21.6855 -0.221894 0
      vertex -26.3145 -0.221894 0
      vertex -26.3 0 0
    endloop
  endfacet
  facet normal 0 0 -1
    outer loop
      vertex -21.6421 -0.439992 0
      vertex -26.3579 -0.439992 0
      vertex -26.3145 -0.221894 0
    endloop
  endfacet
  facet normal 0 0 -1
    outer loop
      vertex -21.5706 -0.650561 0
      vertex -26.4294 -0.650561 0
      vertex -26.3579 -0.439992 0
    endloop
  endfacet
  facet normal 0 0 -1
    outer loop
      vertex -27.56 -1.64207 0
      vertex -20.44 -1.64207 0
      vertex -20.2219 -1.68546 0
    endloop
  endfacet
  facet normal 0 0 -1
    outer loop
      vertex -21.4722 -0.849999 0
      vertex -26.5278 -0.849999 0
      vertex -26.4294 -0.650561 0
    endloop
  endfacet
  facet normal 0 0 -1
    outer loop
      vertex -21.3487 -1.03489 0
      vertex -26.6513 -1.03489 0
      vertex -26.5278 -0.849999 0
    endloop
  endfacet
  facet normal 0 0 -1
    outer loop
      vertex -21.2021 -1.20208 0
      vertex -26.7979 -1.20208 0
      vertex -26.6513 -1.03489 0
    endloop
  endfacet
  facet normal -0 0 -1
    outer loop
      vertex -20 -1.7 0
      vertex -43 -8 0
      vertex -20.2219 -1.68546 0
    endloop
  endfacet
  facet normal 0 0 -1
    outer loop
      vertex -21.0349 -1.3487 0
      vertex -26.9651 -1.3487 0
      vertex -26.7979 -1.20208 0
    endloop
  endfacet
  facet normal 0 0 -1
    outer loop
      vertex -20.85 -1.47224 0
      vertex -27.15 -1.47224 0
      vertex -26.9651 -1.3487 0
    endloop
  endfacet
  facet normal 0 0 -1
    outer loop
      vertex -20.6506 -1.57059 0
      vertex -27.3494 -1.57059 0
      vertex -27.15 -1.47224 0
    endloop
  endfacet
  facet normal 0 0 -1
    outer loop
      vertex -20.44 -1.64207 0
      vertex -27.56 -1.64207 0
      vertex -27.3494 -1.57059 0
    endloop
  endfacet
  facet normal 0 -0 -1
    outer loop
      vertex -27.7781 -1.68546 0
      vertex -20.2219 -1.68546 0
      vertex -43 -8 0
    endloop
  endfacet
  facet normal 0 0 -1
    outer loop
      vertex -20.2219 -1.68546 0
      vertex -27.7781 -1.68546 0
      vertex -27.56 -1.64207 0
    endloop
  endfacet
  facet normal 0 0 -1
    outer loop
      vertex -27.7781 -1.68546 0
      vertex -43 -8 0
      vertex -28 -1.7 0
    endloop
  endfacet
  facet normal -0 0 -1
    outer loop
      vertex -28 -1.7 0
      vertex -39.5 -5 0
      vertex -36 -1.7 0
    endloop
  endfacet
  facet normal -0 0 -1
    outer loop
      vertex -37.6855 -0.221894 0
      vertex -39.5 -5 0
      vertex -37.7 0 0
    endloop
  endfacet
  facet normal -0 0 -1
    outer loop
      vertex -37.6421 -0.439992 0
      vertex -39.5 -5 0
      vertex -37.6855 -0.221894 0
    endloop
  endfacet
  facet normal -0 0 -1
    outer loop
      vertex -37.5706 -0.650561 0
      vertex -39.5 -5 0
      vertex -37.6421 -0.439992 0
    endloop
  endfacet
  facet normal -0 0 -1
    outer loop
      vertex -37.4722 -0.849999 0
      vertex -39.5 -5 0
      vertex -37.5706 -0.650561 0
    endloop
  endfacet
  facet normal -0 0 -1
    outer loop
      vertex -37.3487 -1.03489 0
      vertex -39.5 -5 0
      vertex -37.4722 -0.849999 0
    endloop
  endfacet
  facet normal -0 0 -1
    outer loop
      vertex -37.2021 -1.20208 0
      vertex -39.5 -5 0
      vertex -37.3487 -1.03489 0
    endloop
  endfacet
  facet normal -0 0 -1
    outer loop
      vertex -37.0349 -1.3487 0
      vertex -39.5 -5 0
      vertex -37.2021 -1.20208 0
    endloop
  endfacet
  facet normal -0 0 -1
    outer loop
      vertex -36.85 -1.47224 0
      vertex -39.5 -5 0
      vertex -37.0349 -1.3487 0
    endloop
  endfacet
  facet normal -0 0 -1
    outer loop
      vertex -36.6506 -1.57059 0
      vertex -39.5 -5 0
      vertex -36.85 -1.47224 0
    endloop
  endfacet
  facet normal -0 0 -1
    outer loop
      vertex -36.44 -1.64207 0
      vertex -39.5 -5 0
      vertex -36.6506 -1.57059 0
    endloop
  endfacet
  facet normal -0 0 -1
    outer loop
      vertex -36.2219 -1.68546 0
      vertex -39.5 -5 0
      vertex -36.44 -1.64207 0
    endloop
  endfacet
  facet normal -0 0 -1
    outer loop
      vertex -36 -1.7 0
      vertex -39.5 -5 0
      vertex -36.2219 -1.68546 0
    endloop
  endfacet
  facet normal 0 0 -1
    outer loop
      vertex -28 -1.7 0
      vertex -43 -8 0
      vertex -39.5 -5 0
    endloop
  endfacet
  facet normal 0 0 -1
    outer loop
      vertex -43.261 -7.98289 0
      vertex -42.5 -5 0
      vertex -43 -8 0
    endloop
  endfacet
  facet normal -0 0 -1
    outer loop
      vertex -39.5 -5 0
      vertex -43 -8 0
      vertex -42.5 -5 0
    endloop
  endfacet
  facet normal -0 0 -1
    outer loop
      vertex 43.261 7.98289 0
      vertex 42.5 5 0
      vertex 43 8 0
    endloop
  endfacet
  facet normal 0 0 -1
    outer loop
      vertex 39.5 5 0
      vertex 43 8 0
      vertex 42.5 5 0
    endloop
  endfacet
  facet normal 0 0 -1
    outer loop
      vertex 37.6855 0.221894 0
      vertex 39.5 5 0
      vertex 37.7 0 0
    endloop
  endfacet
  facet normal 0 0 -1
    outer loop
      vertex 37.6421 0.439992 0
      vertex 39.5 5 0
      vertex 37.6855 0.221894 0
    endloop
  endfacet
  facet normal 0 0 -1
    outer loop
      vertex 37.5706 0.650561 0
      vertex 39.5 5 0
      vertex 37.6421 0.439992 0
    endloop
  endfacet
  facet normal 0 0 -1
    outer loop
      vertex 37.4722 0.849999 0
      vertex 39.5 5 0
      vertex 37.5706 0.650561 0
    endloop
  endfacet
  facet normal 0 0 -1
    outer loop
      vertex 37.3487 1.03489 0
      vertex 39.5 5 0
      vertex 37.4722 0.849999 0
    endloop
  endfacet
  facet normal 0 0 -1
    outer loop
      vertex 37.2021 1.20208 0
      vertex 39.5 5 0
      vertex 37.3487 1.03489 0
    endloop
  endfacet
  facet normal 0 0 -1
    outer loop
      vertex 37.0349 1.3487 0
      vertex 39.5 5 0
      vertex 37.2021 1.20208 0
    endloop
  endfacet
  facet normal 0 0 -1
    outer loop
      vertex 36.85 1.47224 0
      vertex 39.5 5 0
      vertex 37.0349 1.3487 0
    endloop
  endfacet
  facet normal 0 0 -1
    outer loop
      vertex 36.6506 1.57059 0
      vertex 39.5 5 0
      vertex 36.85 1.47224 0
    endloop
  endfacet
  facet normal 0 0 -1
    outer loop
      vertex 36.44 1.64207 0
      vertex 39.5 5 0
      vertex 36.6506 1.57059 0
    endloop
  endfacet
  facet normal 0 0 -1
    outer loop
      vertex 36.2219 1.68546 0
      vertex 39.5 5 0
      vertex 36.44 1.64207 0
    endloop
  endfacet
  facet normal 0 0 -1
    outer loop
      vertex 36 1.7 0
      vertex 39.5 5 0
      vertex 36.2219 1.68546 0
    endloop
  endfacet
  facet normal 0 0 -1
    outer loop
      vertex 28 1.7 0
      vertex 39.5 5 0
      vertex 36 1.7 0
    endloop
  endfacet
  facet normal 0 0 -1
    outer loop
      vertex 28 1.7 0
      vertex 43 8 0
      vertex 39.5 5 0
    endloop
  endfacet
  facet normal 0 0 -1
    outer loop
      vertex 27.7781 1.68546 0
      vertex 43 8 0
      vertex 28 1.7 0
    endloop
  endfacet
  facet normal 0 0 -1
    outer loop
      vertex 20.2219 1.68546 0
      vertex 27.7781 1.68546 0
      vertex 27.56 1.64207 0
    endloop
  endfacet
  facet normal 0 0 -1
    outer loop
      vertex 20.44 1.64207 0
      vertex 27.56 1.64207 0
      vertex 27.3494 1.57059 0
    endloop
  endfacet
  facet normal 0 0 -1
    outer loop
      vertex 21.7 0 0
      vertex 26.3145 0.221894 0
      vertex 26.3 0 0
    endloop
  endfacet
  facet normal 0 0 -1
    outer loop
      vertex 21.6855 0.221894 0
      vertex 26.3145 0.221894 0
      vertex 21.7 0 0
    endloop
  endfacet
  facet normal 0 0 -1
    outer loop
      vertex 26.3145 0.221894 0
      vertex 21.6855 0.221894 0
      vertex 26.3579 0.439992 0
    endloop
  endfacet
  facet normal 0 0 -1
    outer loop
      vertex 21.6421 0.439992 0
      vertex 26.3579 0.439992 0
      vertex 21.6855 0.221894 0
    endloop
  endfacet
  facet normal 0 0 -1
    outer loop
      vertex 26.3579 0.439992 0
      vertex 21.6421 0.439992 0
      vertex 26.4294 0.650561 0
    endloop
  endfacet
  facet normal 0 0 -1
    outer loop
      vertex 21.5706 0.650561 0
      vertex 26.4294 0.650561 0
      vertex 21.6421 0.439992 0
    endloop
  endfacet
  facet normal 0 0 -1
    outer loop
      vertex 26.4294 0.650561 0
      vertex 21.5706 0.650561 0
      vertex 26.5278 0.849999 0
    endloop
  endfacet
  facet normal 0 0 -1
    outer loop
      vertex 21.4722 0.849999 0
      vertex 26.5278 0.849999 0
      vertex 21.5706 0.650561 0
    endloop
  endfacet
  facet normal 0 0 -1
    outer loop
      vertex 26.5278 0.849999 0
      vertex 21.4722 0.849999 0
      vertex 26.6513 1.03489 0
    endloop
  endfacet
  facet normal 0 0 -1
    outer loop
      vertex 21.3487 1.03489 0
      vertex 26.6513 1.03489 0
      vertex 21.4722 0.849999 0
    endloop
  endfacet
  facet normal 0 0 -1
    outer loop
      vertex 26.6513 1.03489 0
      vertex 21.3487 1.03489 0
      vertex 26.7979 1.20208 0
    endloop
  endfacet
  facet normal 0 0 -1
    outer loop
      vertex 21.2021 1.20208 0
      vertex 26.7979 1.20208 0
      vertex 21.3487 1.03489 0
    endloop
  endfacet
  facet normal 0 0 -1
    outer loop
      vertex 26.7979 1.20208 0
      vertex 21.2021 1.20208 0
      vertex 26.9651 1.3487 0
    endloop
  endfacet
  facet normal 0 0 -1
    outer loop
      vertex 21.0349 1.3487 0
      vertex 26.9651 1.3487 0
      vertex 21.2021 1.20208 0
    endloop
  endfacet
  facet normal 0 0 -1
    outer loop
      vertex 26.9651 1.3487 0
      vertex 21.0349 1.3487 0
      vertex 27.15 1.47224 0
    endloop
  endfacet
  facet normal 0 0 -1
    outer loop
      vertex 20.85 1.47224 0
      vertex 27.15 1.47224 0
      vertex 21.0349 1.3487 0
    endloop
  endfacet
  facet normal 0 0 -1
    outer loop
      vertex 27.15 1.47224 0
      vertex 20.85 1.47224 0
      vertex 27.3494 1.57059 0
    endloop
  endfacet
  facet normal 0 0 -1
    outer loop
      vertex 20.6506 1.57059 0
      vertex 27.3494 1.57059 0
      vertex 20.85 1.47224 0
    endloop
  endfacet
  facet normal 0 0 -1
    outer loop
      vertex 20.44 1.64207 0
      vertex 27.3494 1.57059 0
      vertex 20.6506 1.57059 0
    endloop
  endfacet
  facet normal 0 0 -1
    outer loop
      vertex 27.56 1.64207 0
      vertex 20.44 1.64207 0
      vertex 20.2219 1.68546 0
    endloop
  endfacet
  facet normal 0 0 -1
    outer loop
      vertex 27.7781 1.68546 0
      vertex 20.2219 1.68546 0
      vertex 43 8 0
    endloop
  endfacet
  facet normal 0 0 -1
    outer loop
      vertex 20 1.7 0
      vertex 43 8 0
      vertex 20.2219 1.68546 0
    endloop
  endfacet
  facet normal 0 0 -1
    outer loop
      vertex 12 1.7 0
      vertex 43 8 0
      vertex 20 1.7 0
    endloop
  endfacet
  facet normal 0 0 -1
    outer loop
      vertex 4 1.7 0
      vertex 12 1.7 0
      vertex 11.7781 1.68546 0
    endloop
  endfacet
  facet normal 0 0 -1
    outer loop
      vertex 4.22189 1.68546 0
      vertex 11.7781 1.68546 0
      vertex 11.56 1.64207 0
    endloop
  endfacet
  facet normal 0 0 -1
    outer loop
      vertex 5.7 0 0
      vertex 10.3145 0.221894 0
      vertex 10.3 0 0
    endloop
  endfacet
  facet normal 0 0 -1
    outer loop
      vertex 5.68546 0.221894 0
      vertex 10.3145 0.221894 0
      vertex 5.7 0 0
    endloop
  endfacet
  facet normal 0 0 -1
    outer loop
      vertex 10.3145 0.221894 0
      vertex 5.68546 0.221894 0
      vertex 10.3579 0.439992 0
    endloop
  endfacet
  facet normal 0 0 -1
    outer loop
      vertex 5.64207 0.439992 0
      vertex 10.3579 0.439992 0
      vertex 5.68546 0.221894 0
    endloop
  endfacet
  facet normal 0 0 -1
    outer loop
      vertex 10.3579 0.439992 0
      vertex 5.64207 0.439992 0
      vertex 10.4294 0.650561 0
    endloop
  endfacet
  facet normal 0 0 -1
    outer loop
      vertex 5.57059 0.650561 0
      vertex 10.4294 0.650561 0
      vertex 5.64207 0.439992 0
    endloop
  endfacet
  facet normal 0 0 -1
    outer loop
      vertex 10.4294 0.650561 0
      vertex 5.57059 0.650561 0
      vertex 10.5278 0.849999 0
    endloop
  endfacet
  facet normal 0 0 -1
    outer loop
      vertex 5.47224 0.849999 0
      vertex 10.5278 0.849999 0
      vertex 5.57059 0.650561 0
    endloop
  endfacet
  facet normal 0 0 -1
    outer loop
      vertex 10.5278 0.849999 0
      vertex 5.47224 0.849999 0
      vertex 10.6513 1.03489 0
    endloop
  endfacet
  facet normal 0 0 -1
    outer loop
      vertex 5.3487 1.03489 0
      vertex 10.6513 1.03489 0
      vertex 5.47224 0.849999 0
    endloop
  endfacet
  facet normal 0 0 -1
    outer loop
      vertex 10.6513 1.03489 0
      vertex 5.3487 1.03489 0
      vertex 10.7979 1.20208 0
    endloop
  endfacet
  facet normal 0 0 -1
    outer loop
      vertex 5.20208 1.20208 0
      vertex 10.7979 1.20208 0
      vertex 5.3487 1.03489 0
    endloop
  endfacet
  facet normal 0 0 -1
    outer loop
      vertex 10.7979 1.20208 0
      vertex 5.20208 1.20208 0
      vertex 10.9651 1.3487 0
    endloop
  endfacet
  facet normal 0 0 -1
    outer loop
      vertex 5.03489 1.3487 0
      vertex 10.9651 1.3487 0
      vertex 5.20208 1.20208 0
    endloop
  endfacet
  facet normal 0 0 -1
    outer loop
      vertex 10.9651 1.3487 0
      vertex 5.03489 1.3487 0
      vertex 11.15 1.47224 0
    endloop
  endfacet
  facet normal 0 0 -1
    outer loop
      vertex 4.85 1.47224 0
      vertex 11.15 1.47224 0
      vertex 5.03489 1.3487 0
    endloop
  endfacet
  facet normal 0 0 -1
    outer loop
      vertex 11.15 1.47224 0
      vertex 4.85 1.47224 0
      vertex 11.3494 1.57059 0
    endloop
  endfacet
  facet normal 0 0 -1
    outer loop
      vertex 4.65056 1.57059 0
      vertex 11.3494 1.57059 0
      vertex 4.85 1.47224 0
    endloop
  endfacet
  facet normal 0 0 -1
    outer loop
      vertex 11.3494 1.57059 0
      vertex 4.65056 1.57059 0
      vertex 11.56 1.64207 0
    endloop
  endfacet
  facet normal 0 0 -1
    outer loop
      vertex 4.43999 1.64207 0
      vertex 11.56 1.64207 0
      vertex 4.65056 1.57059 0
    endloop
  endfacet
  facet normal 0 0 -1
    outer loop
      vertex 4.22189 1.68546 0
      vertex 11.56 1.64207 0
      vertex 4.43999 1.64207 0
    endloop
  endfacet
  facet normal 0 0 -1
    outer loop
      vertex 11.7781 1.68546 0
      vertex 4.22189 1.68546 0
      vertex 4 1.7 0
    endloop
  endfacet
  facet normal 0 0 -1
    outer loop
      vertex 12 1.7 0
      vertex 4 1.7 0
      vertex 43 8 0
    endloop
  endfacet
  facet normal 0 0 -1
    outer loop
      vertex -4 1.7 0
      vertex 43 8 0
      vertex 4 1.7 0
    endloop
  endfacet
  facet normal 0 0 -1
    outer loop
      vertex -12 1.7 0
      vertex -4 1.7 0
      vertex -4.22189 1.68546 0
    endloop
  endfacet
  facet normal 0 0 -1
    outer loop
      vertex -10.3 0 0
      vertex -5.68546 0.221894 0
      vertex -5.7 0 0
    endloop
  endfacet
  facet normal 0 0 -1
    outer loop
      vertex -10.3145 0.221894 0
      vertex -5.68546 0.221894 0
      vertex -10.3 0 0
    endloop
  endfacet
  facet normal 0 0 -1
    outer loop
      vertex -5.68546 0.221894 0
      vertex -10.3145 0.221894 0
      vertex -5.64207 0.439992 0
    endloop
  endfacet
  facet normal 0 0 -1
    outer loop
      vertex -10.3579 0.439992 0
      vertex -5.64207 0.439992 0
      vertex -10.3145 0.221894 0
    endloop
  endfacet
  facet normal 0 0 -1
    outer loop
      vertex -5.64207 0.439992 0
      vertex -10.3579 0.439992 0
      vertex -5.57059 0.650561 0
    endloop
  endfacet
  facet normal 0 0 -1
    outer loop
      vertex -10.4294 0.650561 0
      vertex -5.57059 0.650561 0
      vertex -10.3579 0.439992 0
    endloop
  endfacet
  facet normal 0 0 -1
    outer loop
      vertex -5.57059 0.650561 0
      vertex -10.4294 0.650561 0
      vertex -5.47224 0.849999 0
    endloop
  endfacet
  facet normal 0 0 -1
    outer loop
      vertex -10.5278 0.849999 0
      vertex -5.47224 0.849999 0
      vertex -10.4294 0.650561 0
    endloop
  endfacet
  facet normal 0 0 -1
    outer loop
      vertex -5.47224 0.849999 0
      vertex -10.5278 0.849999 0
      vertex -5.3487 1.03489 0
    endloop
  endfacet
  facet normal 0 0 -1
    outer loop
      vertex -10.6513 1.03489 0
      vertex -5.3487 1.03489 0
      vertex -10.5278 0.849999 0
    endloop
  endfacet
  facet normal 0 0 -1
    outer loop
      vertex -5.3487 1.03489 0
      vertex -10.6513 1.03489 0
      vertex -5.20208 1.20208 0
    endloop
  endfacet
  facet normal 0 0 -1
    outer loop
      vertex -10.7979 1.20208 0
      vertex -5.20208 1.20208 0
      vertex -10.6513 1.03489 0
    endloop
  endfacet
  facet normal 0 0 -1
    outer loop
      vertex -5.20208 1.20208 0
      vertex -10.7979 1.20208 0
      vertex -5.03489 1.3487 0
    endloop
  endfacet
  facet normal 0 0 -1
    outer loop
      vertex -10.9651 1.3487 0
      vertex -5.03489 1.3487 0
      vertex -10.7979 1.20208 0
    endloop
  endfacet
  facet normal 0 0 -1
    outer loop
      vertex -5.03489 1.3487 0
      vertex -10.9651 1.3487 0
      vertex -4.85 1.47224 0
    endloop
  endfacet
  facet normal 0 0 -1
    outer loop
      vertex -11.15 1.47224 0
      vertex -4.85 1.47224 0
      vertex -10.9651 1.3487 0
    endloop
  endfacet
  facet normal 0 0 -1
    outer loop
      vertex -4.85 1.47224 0
      vertex -11.15 1.47224 0
      vertex -4.65056 1.57059 0
    endloop
  endfacet
  facet normal 0 0 -1
    outer loop
      vertex -11.3494 1.57059 0
      vertex -4.65056 1.57059 0
      vertex -11.15 1.47224 0
    endloop
  endfacet
  facet normal 0 0 -1
    outer loop
      vertex -4.65056 1.57059 0
      vertex -11.3494 1.57059 0
      vertex -4.43999 1.64207 0
    endloop
  endfacet
  facet normal 0 0 -1
    outer loop
      vertex -11.56 1.64207 0
      vertex -4.43999 1.64207 0
      vertex -11.3494 1.57059 0
    endloop
  endfacet
  facet normal 0 0 -1
    outer loop
      vertex -4.43999 1.64207 0
      vertex -11.56 1.64207 0
      vertex -4.22189 1.68546 0
    endloop
  endfacet
  facet normal 0 0 -1
    outer loop
      vertex -11.7781 1.68546 0
      vertex -4.22189 1.68546 0
      vertex -11.56 1.64207 0
    endloop
  endfacet
  facet normal 0 0 -1
    outer loop
      vertex -12 1.7 0
      vertex -4.22189 1.68546 0
      vertex -11.7781 1.68546 0
    endloop
  endfacet
  facet normal 0 0 -1
    outer loop
      vertex -4 1.7 0
      vertex -12 1.7 0
      vertex -43 8 0
    endloop
  endfacet
  facet normal 0 0 -1
    outer loop
      vertex -43 8 0
      vertex -12 1.7 0
      vertex -20 1.7 0
    endloop
  endfacet
  facet normal 0 0 -1
    outer loop
      vertex -43 8 0
      vertex -20 1.7 0
      vertex -20.2219 1.68546 0
    endloop
  endfacet
  facet normal 0 0 -1
    outer loop
      vertex -26.3 0 0
      vertex -21.6855 0.221894 0
      vertex -21.7 0 0
    endloop
  endfacet
  facet normal 0 0 -1
    outer loop
      vertex -26.3145 0.221894 0
      vertex -21.6855 0.221894 0
      vertex -26.3 0 0
    endloop
  endfacet
  facet normal 0 0 -1
    outer loop
      vertex -21.6855 0.221894 0
      vertex -26.3145 0.221894 0
      vertex -21.6421 0.439992 0
    endloop
  endfacet
  facet normal 0 0 -1
    outer loop
      vertex -26.3579 0.439992 0
      vertex -21.6421 0.439992 0
      vertex -26.3145 0.221894 0
    endloop
  endfacet
  facet normal 0 0 -1
    outer loop
      vertex -21.6421 0.439992 0
      vertex -26.3579 0.439992 0
      vertex -21.5706 0.650561 0
    endloop
  endfacet
  facet normal 0 0 -1
    outer loop
      vertex -26.4294 0.650561 0
      vertex -21.5706 0.650561 0
      vertex -26.3579 0.439992 0
    endloop
  endfacet
  facet normal 0 0 -1
    outer loop
      vertex -21.5706 0.650561 0
      vertex -26.4294 0.650561 0
      vertex -21.4722 0.849999 0
    endloop
  endfacet
  facet normal 0 0 -1
    outer loop
      vertex -26.5278 0.849999 0
      vertex -21.4722 0.849999 0
      vertex -26.4294 0.650561 0
    endloop
  endfacet
  facet normal 0 0 -1
    outer loop
      vertex -21.4722 0.849999 0
      vertex -26.5278 0.849999 0
      vertex -21.3487 1.03489 0
    endloop
  endfacet
  facet normal 0 0 -1
    outer loop
      vertex -26.6513 1.03489 0
      vertex -21.3487 1.03489 0
      vertex -26.5278 0.849999 0
    endloop
  endfacet
  facet normal 0 0 -1
    outer loop
      vertex -21.3487 1.03489 0
      vertex -26.6513 1.03489 0
      vertex -21.2021 1.20208 0
    endloop
  endfacet
  facet normal 0 0 -1
    outer loop
      vertex -26.7979 1.20208 0
      vertex -21.2021 1.20208 0
      vertex -26.6513 1.03489 0
    endloop
  endfacet
  facet normal 0 0 -1
    outer loop
      vertex -21.2021 1.20208 0
      vertex -26.7979 1.20208 0
      vertex -21.0349 1.3487 0
    endloop
  endfacet
  facet normal 0 0 -1
    outer loop
      vertex -26.9651 1.3487 0
      vertex -21.0349 1.3487 0
      vertex -26.7979 1.20208 0
    endloop
  endfacet
  facet normal 0 0 -1
    outer loop
      vertex -21.0349 1.3487 0
      vertex -26.9651 1.3487 0
      vertex -20.85 1.47224 0
    endloop
  endfacet
  facet normal 0 0 -1
    outer loop
      vertex -27.15 1.47224 0
      vertex -20.85 1.47224 0
      vertex -26.9651 1.3487 0
    endloop
  endfacet
  facet normal 0 0 -1
    outer loop
      vertex -20.85 1.47224 0
      vertex -27.15 1.47224 0
      vertex -20.6506 1.57059 0
    endloop
  endfacet
  facet normal 0 0 -1
    outer loop
      vertex -27.3494 1.57059 0
      vertex -20.6506 1.57059 0
      vertex -27.15 1.47224 0
    endloop
  endfacet
  facet normal 0 0 -1
    outer loop
      vertex -20.6506 1.57059 0
      vertex -27.3494 1.57059 0
      vertex -20.44 1.64207 0
    endloop
  endfacet
  facet normal 0 0 -1
    outer loop
      vertex -27.56 1.64207 0
      vertex -20.44 1.64207 0
      vertex -27.3494 1.57059 0
    endloop
  endfacet
  facet normal 0 0 -1
    outer loop
      vertex -20.44 1.64207 0
      vertex -27.56 1.64207 0
      vertex -20.2219 1.68546 0
    endloop
  endfacet
  facet normal 0 0 -1
    outer loop
      vertex -27.7781 1.68546 0
      vertex -20.2219 1.68546 0
      vertex -27.56 1.64207 0
    endloop
  endfacet
  facet normal 0 0 -1
    outer loop
      vertex -20.2219 1.68546 0
      vertex -27.7781 1.68546 0
      vertex -43 8 0
    endloop
  endfacet
  facet normal 0 0 -1
    outer loop
      vertex -43 8 0
      vertex -27.7781 1.68546 0
      vertex -28 1.7 0
    endloop
  endfacet
  facet normal 0 0 -1
    outer loop
      vertex -39.5 5 0
      vertex -28 1.7 0
      vertex -36 1.7 0
    endloop
  endfacet
  facet normal 0 0 -1
    outer loop
      vertex -39.5 5 0
      vertex -36 1.7 0
      vertex -36.2219 1.68546 0
    endloop
  endfacet
  facet normal 0 0 -1
    outer loop
      vertex -39.5 5 0
      vertex -37.7 0 0
      vertex -39.5 -5 0
    endloop
  endfacet
  facet normal 0 0 -1
    outer loop
      vertex -37.7 0 0
      vertex -39.5 5 0
      vertex -37.6855 0.221894 0
    endloop
  endfacet
  facet normal 0 0 -1
    outer loop
      vertex -37.6855 0.221894 0
      vertex -39.5 5 0
      vertex -37.6421 0.439992 0
    endloop
  endfacet
  facet normal 0 0 -1
    outer loop
      vertex -37.6421 0.439992 0
      vertex -39.5 5 0
      vertex -37.5706 0.650561 0
    endloop
  endfacet
  facet normal 0 0 -1
    outer loop
      vertex -39.5 5 0
      vertex -37.4722 0.849999 0
      vertex -37.5706 0.650561 0
    endloop
  endfacet
  facet normal 0 0 -1
    outer loop
      vertex -39.5 5 0
      vertex -37.3487 1.03489 0
      vertex -37.4722 0.849999 0
    endloop
  endfacet
  facet normal 0 0 -1
    outer loop
      vertex -39.5 5 0
      vertex -37.2021 1.20208 0
      vertex -37.3487 1.03489 0
    endloop
  endfacet
  facet normal 0 0 -1
    outer loop
      vertex -39.5 5 0
      vertex -37.0349 1.3487 0
      vertex -37.2021 1.20208 0
    endloop
  endfacet
  facet normal 0 0 -1
    outer loop
      vertex -39.5 5 0
      vertex -36.85 1.47224 0
      vertex -37.0349 1.3487 0
    endloop
  endfacet
  facet normal 0 0 -1
    outer loop
      vertex -39.5 5 0
      vertex -36.6506 1.57059 0
      vertex -36.85 1.47224 0
    endloop
  endfacet
  facet normal 0 0 -1
    outer loop
      vertex -39.5 5 0
      vertex -36.44 1.64207 0
      vertex -36.6506 1.57059 0
    endloop
  endfacet
  facet normal 0 0 -1
    outer loop
      vertex -39.5 5 0
      vertex -36.2219 1.68546 0
      vertex -36.44 1.64207 0
    endloop
  endfacet
  facet normal 0 0 -1
    outer loop
      vertex -43 8 0
      vertex -28 1.7 0
      vertex -39.5 5 0
    endloop
  endfacet
  facet normal 0 0 -1
    outer loop
      vertex -43 8 0
      vertex -39.5 5 0
      vertex -42.5 5 0
    endloop
  endfacet
  facet normal 0 0 -1
    outer loop
      vertex -4 1.7 0
      vertex -43 8 0
      vertex 43 8 0
    endloop
  endfacet
  facet normal -0 0 -1
    outer loop
      vertex -42.5 -5 0
      vertex -45 -6 0
      vertex -42.5 5 0
    endloop
  endfacet
  facet normal 0 0 -1
    outer loop
      vertex -43.5176 -7.93185 0
      vertex -42.5 -5 0
      vertex -43.261 -7.98289 0
    endloop
  endfacet
  facet normal 0 0 -1
    outer loop
      vertex -45 6 0
      vertex -42.5 5 0
      vertex -45 -6 0
    endloop
  endfacet
  facet normal 0 0 -1
    outer loop
      vertex -43.7654 -7.84776 0
      vertex -42.5 -5 0
      vertex -43.5176 -7.93185 0
    endloop
  endfacet
  facet normal 0 -0 -1
    outer loop
      vertex -44.9829 6.26105 0
      vertex -42.5 5 0
      vertex -45 6 0
    endloop
  endfacet
  facet normal 0 0 -1
    outer loop
      vertex -44 -7.73206 0
      vertex -42.5 -5 0
      vertex -43.7654 -7.84776 0
    endloop
  endfacet
  facet normal 0 0 -1
    outer loop
      vertex -42.5 5 0
      vertex -43.261 7.98289 0
      vertex -43 8 0
    endloop
  endfacet
  facet normal 0 0 -1
    outer loop
      vertex -44.2175 -7.5867 0
      vertex -42.5 -5 0
      vertex -44 -7.73206 0
    endloop
  endfacet
  facet normal 0 0 -1
    outer loop
      vertex -42.5 5 0
      vertex -43.5176 7.93185 0
      vertex -43.261 7.98289 0
    endloop
  endfacet
  facet normal 0 0 -1
    outer loop
      vertex -44.4142 -7.41422 0
      vertex -42.5 -5 0
      vertex -44.2175 -7.5867 0
    endloop
  endfacet
  facet normal 0 0 -1
    outer loop
      vertex -42.5 5 0
      vertex -43.7654 7.84776 0
      vertex -43.5176 7.93185 0
    endloop
  endfacet
  facet normal 0 0 -1
    outer loop
      vertex -44.5867 -7.21753 0
      vertex -42.5 -5 0
      vertex -44.4142 -7.41422 0
    endloop
  endfacet
  facet normal 0 0 -1
    outer loop
      vertex -42.5 5 0
      vertex -44 7.73206 0
      vertex -43.7654 7.84776 0
    endloop
  endfacet
  facet normal 0 0 -1
    outer loop
      vertex -44.7321 -7 0
      vertex -42.5 -5 0
      vertex -44.5867 -7.21753 0
    endloop
  endfacet
  facet normal 0 0 -1
    outer loop
      vertex -42.5 5 0
      vertex -44.2175 7.5867 0
      vertex -44 7.73206 0
    endloop
  endfacet
  facet normal 0 0 -1
    outer loop
      vertex -44.8478 -6.76537 0
      vertex -42.5 -5 0
      vertex -44.7321 -7 0
    endloop
  endfacet
  facet normal 0 0 -1
    outer loop
      vertex -42.5 5 0
      vertex -44.4142 7.41422 0
      vertex -44.2175 7.5867 0
    endloop
  endfacet
  facet normal 0 0 -1
    outer loop
      vertex -44.9319 -6.51764 0
      vertex -42.5 -5 0
      vertex -44.8478 -6.76537 0
    endloop
  endfacet
  facet normal 0 0 -1
    outer loop
      vertex -42.5 5 0
      vertex -44.5867 7.21753 0
      vertex -44.4142 7.41422 0
    endloop
  endfacet
  facet normal 0 0 -1
    outer loop
      vertex -44.9829 -6.26105 0
      vertex -42.5 -5 0
      vertex -44.9319 -6.51764 0
    endloop
  endfacet
  facet normal 0 0 -1
    outer loop
      vertex -42.5 5 0
      vertex -44.7321 7 0
      vertex -44.5867 7.21753 0
    endloop
  endfacet
  facet normal 0 0 -1
    outer loop
      vertex -42.5 -5 0
      vertex -44.9829 -6.26105 0
      vertex -45 -6 0
    endloop
  endfacet
  facet normal 0 0 -1
    outer loop
      vertex -42.5 5 0
      vertex -44.8478 6.76537 0
      vertex -44.7321 7 0
    endloop
  endfacet
  facet normal 0 0 -1
    outer loop
      vertex -42.5 5 0
      vertex -44.9319 6.51764 0
      vertex -44.8478 6.76537 0
    endloop
  endfacet
  facet normal 0 0 -1
    outer loop
      vertex -42.5 5 0
      vertex -44.9829 6.26105 0
      vertex -44.9319 6.51764 0
    endloop
  endfacet
  facet normal 0 1 -0
    outer loop
      vertex 43 8 0
      vertex -43 8 5
      vertex 43 8 5
    endloop
  endfacet
  facet normal 0 1 0
    outer loop
      vertex -43 8 5
      vertex 43 8 0
      vertex -43 8 0
    endloop
  endfacet
  facet normal -0.6593 -0.75188 0
    outer loop
      vertex -44.4142 -7.41422 0
      vertex -44.2175 -7.5867 5
      vertex -44.4142 -7.41422 5
    endloop
  endfacet
  facet normal -0.6593 -0.75188 -0
    outer loop
      vertex -44.2175 -7.5867 5
      vertex -44.4142 -7.41422 0
      vertex -44.2175 -7.5867 0
    endloop
  endfacet
  facet normal 0 0 1
    outer loop
      vertex 43 8 5
      vertex 45 6 5
      vertex 44.9829 6.26105 5
    endloop
  endfacet
  facet normal 0 0 1
    outer loop
      vertex 45 6 5
      vertex 37.7 0 5
      vertex 45 -6 5
    endloop
  endfacet
  facet normal 0 0 1
    outer loop
      vertex 43 8 5
      vertex 44.9829 6.26105 5
      vertex 44.9319 6.51764 5
    endloop
  endfacet
  facet normal -0 0 1
    outer loop
      vertex 37.6855 -0.221894 5
      vertex 45 -6 5
      vertex 37.7 0 5
    endloop
  endfacet
  facet normal 0 0 1
    outer loop
      vertex 43 8 5
      vertex 44.9319 6.51764 5
      vertex 44.8478 6.76537 5
    endloop
  endfacet
  facet normal -0 0 1
    outer loop
      vertex 37.6421 -0.439992 5
      vertex 45 -6 5
      vertex 37.6855 -0.221894 5
    endloop
  endfacet
  facet normal 0 0 1
    outer loop
      vertex 43 8 5
      vertex 44.8478 6.76537 5
      vertex 44.7321 7 5
    endloop
  endfacet
  facet normal -0 0 1
    outer loop
      vertex 37.5706 -0.650561 5
      vertex 45 -6 5
      vertex 37.6421 -0.439992 5
    endloop
  endfacet
  facet normal 0 0 1
    outer loop
      vertex 43 8 5
      vertex 44.7321 7 5
      vertex 44.5867 7.21753 5
    endloop
  endfacet
  facet normal -0 0 1
    outer loop
      vertex 37.4722 -0.849999 5
      vertex 45 -6 5
      vertex 37.5706 -0.650561 5
    endloop
  endfacet
  facet normal 0 0 1
    outer loop
      vertex 43 8 5
      vertex 44.5867 7.21753 5
      vertex 44.4142 7.41422 5
    endloop
  endfacet
  facet normal -0 0 1
    outer loop
      vertex 37.3487 -1.03489 5
      vertex 45 -6 5
      vertex 37.4722 -0.849999 5
    endloop
  endfacet
  facet normal 0 0 1
    outer loop
      vertex 43 8 5
      vertex 44.4142 7.41422 5
      vertex 44.2175 7.5867 5
    endloop
  endfacet
  facet normal 0 -0 1
    outer loop
      vertex 43 -8 5
      vertex 45 -6 5
      vertex 37.3487 -1.03489 5
    endloop
  endfacet
  facet normal 0 0 1
    outer loop
      vertex 43 8 5
      vertex 44.2175 7.5867 5
      vertex 44 7.73206 5
    endloop
  endfacet
  facet normal 0 0 1
    outer loop
      vertex 45 -6 5
      vertex 43 -8 5
      vertex 44.9829 -6.26105 5
    endloop
  endfacet
  facet normal 0 0 1
    outer loop
      vertex 43 8 5
      vertex 44 7.73206 5
      vertex 43.7654 7.84776 5
    endloop
  endfacet
  facet normal 0 0 1
    outer loop
      vertex 44.9319 -6.51764 5
      vertex 43 -8 5
      vertex 44.8478 -6.76537 5
    endloop
  endfacet
  facet normal 0 0 1
    outer loop
      vertex 43 8 5
      vertex 43.7654 7.84776 5
      vertex 43.5176 7.93185 5
    endloop
  endfacet
  facet normal 0 0 1
    outer loop
      vertex 44.8478 -6.76537 5
      vertex 43 -8 5
      vertex 44.7321 -7 5
    endloop
  endfacet
  facet normal 0 0 1
    outer loop
      vertex 43 8 5
      vertex 43.5176 7.93185 5
      vertex 43.261 7.98289 5
    endloop
  endfacet
  facet normal 0 0 1
    outer loop
      vertex 44.7321 -7 5
      vertex 43 -8 5
      vertex 44.5867 -7.21753 5
    endloop
  endfacet
  facet normal 0 0 1
    outer loop
      vertex 45 6 5
      vertex 43 8 5
      vertex 37.3487 1.03489 5
    endloop
  endfacet
  facet normal 0 0 1
    outer loop
      vertex 44.5867 -7.21753 5
      vertex 43 -8 5
      vertex 44.4142 -7.41422 5
    endloop
  endfacet
  facet normal 0 0 1
    outer loop
      vertex 44.2175 -7.5867 5
      vertex 43 -8 5
      vertex 44 -7.73206 5
    endloop
  endfacet
  facet normal 0 0 1
    outer loop
      vertex 45 6 5
      vertex 37.6855 0.221894 5
      vertex 37.7 0 5
    endloop
  endfacet
  facet normal 0 0 1
    outer loop
      vertex 45 6 5
      vertex 37.6421 0.439992 5
      vertex 37.6855 0.221894 5
    endloop
  endfacet
  facet normal 0 0 1
    outer loop
      vertex 45 6 5
      vertex 37.5706 0.650561 5
      vertex 37.6421 0.439992 5
    endloop
  endfacet
  facet normal 0 0 1
    outer loop
      vertex 45 6 5
      vertex 37.4722 0.849999 5
      vertex 37.5706 0.650561 5
    endloop
  endfacet
  facet normal 0 0 1
    outer loop
      vertex 45 6 5
      vertex 37.3487 1.03489 5
      vertex 37.4722 0.849999 5
    endloop
  endfacet
  facet normal 0 0 1
    outer loop
      vertex 43 8 5
      vertex 37.2021 1.20208 5
      vertex 37.3487 1.03489 5
    endloop
  endfacet
  facet normal 0 0 1
    outer loop
      vertex 43 8 5
      vertex 37.0349 1.3487 5
      vertex 37.2021 1.20208 5
    endloop
  endfacet
  facet normal 0 0 1
    outer loop
      vertex 43 8 5
      vertex 36.85 1.47224 5
      vertex 37.0349 1.3487 5
    endloop
  endfacet
  facet normal 0 0 1
    outer loop
      vertex 43 8 5
      vertex 36.6506 1.57059 5
      vertex 36.85 1.47224 5
    endloop
  endfacet
  facet normal 0 0 1
    outer loop
      vertex 43 8 5
      vertex 36.44 1.64207 5
      vertex 36.6506 1.57059 5
    endloop
  endfacet
  facet normal 0 0 1
    outer loop
      vertex 43 8 5
      vertex 36.2219 1.68546 5
      vertex 36.44 1.64207 5
    endloop
  endfacet
  facet normal 0 0 1
    outer loop
      vertex 43 8 5
      vertex 36 1.7 5
      vertex 36.2219 1.68546 5
    endloop
  endfacet
  facet normal 0 0 1
    outer loop
      vertex 43 8 5
      vertex 28 1.7 5
      vertex 36 1.7 5
    endloop
  endfacet
  facet normal 0 0 1
    outer loop
      vertex 43 8 5
      vertex 27.7781 1.68546 5
      vertex 28 1.7 5
    endloop
  endfacet
  facet normal 0 0 1
    outer loop
      vertex 20.2219 1.68546 5
      vertex 27.7781 1.68546 5
      vertex 43 8 5
    endloop
  endfacet
  facet normal 0 0 1
    outer loop
      vertex 27.7781 1.68546 5
      vertex 20.2219 1.68546 5
      vertex 27.56 1.64207 5
    endloop
  endfacet
  facet normal 0 0 1
    outer loop
      vertex 26.3145 0.221894 5
      vertex 21.7 0 5
      vertex 26.3 0 5
    endloop
  endfacet
  facet normal 0 0 1
    outer loop
      vertex 21.6855 0.221894 5
      vertex 26.3145 0.221894 5
      vertex 26.3579 0.439992 5
    endloop
  endfacet
  facet normal 0 0 1
    outer loop
      vertex 21.6421 0.439992 5
      vertex 26.3579 0.439992 5
      vertex 26.4294 0.650561 5
    endloop
  endfacet
  facet normal 0 0 1
    outer loop
      vertex 21.5706 0.650561 5
      vertex 26.4294 0.650561 5
      vertex 26.5278 0.849999 5
    endloop
  endfacet
  facet normal 0 0 1
    outer loop
      vertex 21.4722 0.849999 5
      vertex 26.5278 0.849999 5
      vertex 26.6513 1.03489 5
    endloop
  endfacet
  facet normal 0 0 1
    outer loop
      vertex 21.3487 1.03489 5
      vertex 26.6513 1.03489 5
      vertex 26.7979 1.20208 5
    endloop
  endfacet
  facet normal 0 0 1
    outer loop
      vertex 21.2021 1.20208 5
      vertex 26.7979 1.20208 5
      vertex 26.9651 1.3487 5
    endloop
  endfacet
  facet normal 0 0 1
    outer loop
      vertex 21.0349 1.3487 5
      vertex 26.9651 1.3487 5
      vertex 27.15 1.47224 5
    endloop
  endfacet
  facet normal 0 0 1
    outer loop
      vertex 20.85 1.47224 5
      vertex 27.15 1.47224 5
      vertex 27.3494 1.57059 5
    endloop
  endfacet
  facet normal 0 -0 1
    outer loop
      vertex 20.44 1.64207 5
      vertex 27.56 1.64207 5
      vertex 20.2219 1.68546 5
    endloop
  endfacet
  facet normal 0 0 1
    outer loop
      vertex 26.3145 0.221894 5
      vertex 21.6855 0.221894 5
      vertex 21.7 0 5
    endloop
  endfacet
  facet normal 0 0 1
    outer loop
      vertex 26.3579 0.439992 5
      vertex 21.6421 0.439992 5
      vertex 21.6855 0.221894 5
    endloop
  endfacet
  facet normal 0 0 1
    outer loop
      vertex 26.4294 0.650561 5
      vertex 21.5706 0.650561 5
      vertex 21.6421 0.439992 5
    endloop
  endfacet
  facet normal 0 0 1
    outer loop
      vertex 26.5278 0.849999 5
      vertex 21.4722 0.849999 5
      vertex 21.5706 0.650561 5
    endloop
  endfacet
  facet normal 0 0 1
    outer loop
      vertex 26.6513 1.03489 5
      vertex 21.3487 1.03489 5
      vertex 21.4722 0.849999 5
    endloop
  endfacet
  facet normal 0 0 1
    outer loop
      vertex 26.7979 1.20208 5
      vertex 21.2021 1.20208 5
      vertex 21.3487 1.03489 5
    endloop
  endfacet
  facet normal 0 0 1
    outer loop
      vertex 26.9651 1.3487 5
      vertex 21.0349 1.3487 5
      vertex 21.2021 1.20208 5
    endloop
  endfacet
  facet normal 0 0 1
    outer loop
      vertex 27.15 1.47224 5
      vertex 20.85 1.47224 5
      vertex 21.0349 1.3487 5
    endloop
  endfacet
  facet normal 0 0 1
    outer loop
      vertex 27.3494 1.57059 5
      vertex 20.6506 1.57059 5
      vertex 20.85 1.47224 5
    endloop
  endfacet
  facet normal 0 0 1
    outer loop
      vertex 27.3494 1.57059 5
      vertex 20.44 1.64207 5
      vertex 20.6506 1.57059 5
    endloop
  endfacet
  facet normal 0 0 1
    outer loop
      vertex 27.56 1.64207 5
      vertex 20.44 1.64207 5
      vertex 27.3494 1.57059 5
    endloop
  endfacet
  facet normal 0 0 1
    outer loop
      vertex 43 8 5
      vertex 20 1.7 5
      vertex 20.2219 1.68546 5
    endloop
  endfacet
  facet normal 0 0 1
    outer loop
      vertex 43 8 5
      vertex 12 1.7 5
      vertex 20 1.7 5
    endloop
  endfacet
  facet normal 0 0 1
    outer loop
      vertex 4 1.7 5
      vertex 12 1.7 5
      vertex 43 8 5
    endloop
  endfacet
  facet normal 0 0 1
    outer loop
      vertex 12 1.7 5
      vertex 4 1.7 5
      vertex 11.7781 1.68546 5
    endloop
  endfacet
  facet normal 0 0 1
    outer loop
      vertex 10.3145 0.221894 5
      vertex 5.7 0 5
      vertex 10.3 0 5
    endloop
  endfacet
  facet normal 0 0 1
    outer loop
      vertex 5.68546 0.221894 5
      vertex 10.3145 0.221894 5
      vertex 10.3579 0.439992 5
    endloop
  endfacet
  facet normal 0 0 1
    outer loop
      vertex 5.64207 0.439992 5
      vertex 10.3579 0.439992 5
      vertex 10.4294 0.650561 5
    endloop
  endfacet
  facet normal 0 0 1
    outer loop
      vertex 5.57059 0.650561 5
      vertex 10.4294 0.650561 5
      vertex 10.5278 0.849999 5
    endloop
  endfacet
  facet normal 0 0 1
    outer loop
      vertex 5.47224 0.849999 5
      vertex 10.5278 0.849999 5
      vertex 10.6513 1.03489 5
    endloop
  endfacet
  facet normal 0 0 1
    outer loop
      vertex 5.3487 1.03489 5
      vertex 10.6513 1.03489 5
      vertex 10.7979 1.20208 5
    endloop
  endfacet
  facet normal 0 0 1
    outer loop
      vertex 5.20208 1.20208 5
      vertex 10.7979 1.20208 5
      vertex 10.9651 1.3487 5
    endloop
  endfacet
  facet normal 0 0 1
    outer loop
      vertex 5.03489 1.3487 5
      vertex 10.9651 1.3487 5
      vertex 11.15 1.47224 5
    endloop
  endfacet
  facet normal 0 0 1
    outer loop
      vertex 4.85 1.47224 5
      vertex 11.15 1.47224 5
      vertex 11.3494 1.57059 5
    endloop
  endfacet
  facet normal 0 0 1
    outer loop
      vertex 4.65056 1.57059 5
      vertex 11.3494 1.57059 5
      vertex 11.56 1.64207 5
    endloop
  endfacet
  facet normal 0 0 1
    outer loop
      vertex 10.3145 0.221894 5
      vertex 5.68546 0.221894 5
      vertex 5.7 0 5
    endloop
  endfacet
  facet normal 0 0 1
    outer loop
      vertex 10.3579 0.439992 5
      vertex 5.64207 0.439992 5
      vertex 5.68546 0.221894 5
    endloop
  endfacet
  facet normal 0 0 1
    outer loop
      vertex 10.4294 0.650561 5
      vertex 5.57059 0.650561 5
      vertex 5.64207 0.439992 5
    endloop
  endfacet
  facet normal 0 -0 1
    outer loop
      vertex 4.22189 1.68546 5
      vertex 11.7781 1.68546 5
      vertex 4 1.7 5
    endloop
  endfacet
  facet normal 0 0 1
    outer loop
      vertex 10.5278 0.849999 5
      vertex 5.47224 0.849999 5
      vertex 5.57059 0.650561 5
    endloop
  endfacet
  facet normal 0 0 1
    outer loop
      vertex 10.6513 1.03489 5
      vertex 5.3487 1.03489 5
      vertex 5.47224 0.849999 5
    endloop
  endfacet
  facet normal 0 0 1
    outer loop
      vertex 10.7979 1.20208 5
      vertex 5.20208 1.20208 5
      vertex 5.3487 1.03489 5
    endloop
  endfacet
  facet normal 0 0 1
    outer loop
      vertex 10.9651 1.3487 5
      vertex 5.03489 1.3487 5
      vertex 5.20208 1.20208 5
    endloop
  endfacet
  facet normal 0 0 1
    outer loop
      vertex 11.15 1.47224 5
      vertex 4.85 1.47224 5
      vertex 5.03489 1.3487 5
    endloop
  endfacet
  facet normal 0 0 1
    outer loop
      vertex 11.3494 1.57059 5
      vertex 4.65056 1.57059 5
      vertex 4.85 1.47224 5
    endloop
  endfacet
  facet normal 0 0 1
    outer loop
      vertex 11.56 1.64207 5
      vertex 4.43999 1.64207 5
      vertex 4.65056 1.57059 5
    endloop
  endfacet
  facet normal 0 0 1
    outer loop
      vertex 11.56 1.64207 5
      vertex 4.22189 1.68546 5
      vertex 4.43999 1.64207 5
    endloop
  endfacet
  facet normal 0 0 1
    outer loop
      vertex 11.7781 1.68546 5
      vertex 4.22189 1.68546 5
      vertex 11.56 1.64207 5
    endloop
  endfacet
  facet normal 0 0 1
    outer loop
      vertex 43 8 5
      vertex -4 1.7 5
      vertex 4 1.7 5
    endloop
  endfacet
  facet normal -0 0 1
    outer loop
      vertex -43 8 5
      vertex -4 1.7 5
      vertex 43 8 5
    endloop
  endfacet
  facet normal 0 0 1
    outer loop
      vertex -5.68546 0.221894 5
      vertex -10.3 0 5
      vertex -5.7 0 5
    endloop
  endfacet
  facet normal 0 0 1
    outer loop
      vertex -10.3145 0.221894 5
      vertex -5.68546 0.221894 5
      vertex -5.64207 0.439992 5
    endloop
  endfacet
  facet normal 0 0 1
    outer loop
      vertex -10.3579 0.439992 5
      vertex -5.64207 0.439992 5
      vertex -5.57059 0.650561 5
    endloop
  endfacet
  facet normal 0 0 1
    outer loop
      vertex -10.4294 0.650561 5
      vertex -5.57059 0.650561 5
      vertex -5.47224 0.849999 5
    endloop
  endfacet
  facet normal 0 0 1
    outer loop
      vertex -10.5278 0.849999 5
      vertex -5.47224 0.849999 5
      vertex -5.3487 1.03489 5
    endloop
  endfacet
  facet normal 0 0 1
    outer loop
      vertex -10.6513 1.03489 5
      vertex -5.3487 1.03489 5
      vertex -5.20208 1.20208 5
    endloop
  endfacet
  facet normal 0 0 1
    outer loop
      vertex -10.7979 1.20208 5
      vertex -5.20208 1.20208 5
      vertex -5.03489 1.3487 5
    endloop
  endfacet
  facet normal 0 0 1
    outer loop
      vertex -10.9651 1.3487 5
      vertex -5.03489 1.3487 5
      vertex -4.85 1.47224 5
    endloop
  endfacet
  facet normal 0 0 1
    outer loop
      vertex -11.15 1.47224 5
      vertex -4.85 1.47224 5
      vertex -4.65056 1.57059 5
    endloop
  endfacet
  facet normal 0 0 1
    outer loop
      vertex -11.3494 1.57059 5
      vertex -4.65056 1.57059 5
      vertex -4.43999 1.64207 5
    endloop
  endfacet
  facet normal 0 0 1
    outer loop
      vertex -5.68546 0.221894 5
      vertex -10.3145 0.221894 5
      vertex -10.3 0 5
    endloop
  endfacet
  facet normal 0 0 1
    outer loop
      vertex -5.64207 0.439992 5
      vertex -10.3579 0.439992 5
      vertex -10.3145 0.221894 5
    endloop
  endfacet
  facet normal 0 0 1
    outer loop
      vertex -5.57059 0.650561 5
      vertex -10.4294 0.650561 5
      vertex -10.3579 0.439992 5
    endloop
  endfacet
  facet normal 0 0 1
    outer loop
      vertex -11.56 1.64207 5
      vertex -4.43999 1.64207 5
      vertex -4.22189 1.68546 5
    endloop
  endfacet
  facet normal 0 0 1
    outer loop
      vertex -5.47224 0.849999 5
      vertex -10.5278 0.849999 5
      vertex -10.4294 0.650561 5
    endloop
  endfacet
  facet normal 0 -0 1
    outer loop
      vertex -12 1.7 5
      vertex -4 1.7 5
      vertex -43 8 5
    endloop
  endfacet
  facet normal 0 0 1
    outer loop
      vertex -5.3487 1.03489 5
      vertex -10.6513 1.03489 5
      vertex -10.5278 0.849999 5
    endloop
  endfacet
  facet normal 0 0 1
    outer loop
      vertex -5.20208 1.20208 5
      vertex -10.7979 1.20208 5
      vertex -10.6513 1.03489 5
    endloop
  endfacet
  facet normal 0 0 1
    outer loop
      vertex -5.03489 1.3487 5
      vertex -10.9651 1.3487 5
      vertex -10.7979 1.20208 5
    endloop
  endfacet
  facet normal 0 0 1
    outer loop
      vertex -4.85 1.47224 5
      vertex -11.15 1.47224 5
      vertex -10.9651 1.3487 5
    endloop
  endfacet
  facet normal 0 0 1
    outer loop
      vertex -4.65056 1.57059 5
      vertex -11.3494 1.57059 5
      vertex -11.15 1.47224 5
    endloop
  endfacet
  facet normal 0 0 1
    outer loop
      vertex -4.43999 1.64207 5
      vertex -11.56 1.64207 5
      vertex -11.3494 1.57059 5
    endloop
  endfacet
  facet normal 0 0 1
    outer loop
      vertex -4.22189 1.68546 5
      vertex -11.7781 1.68546 5
      vertex -11.56 1.64207 5
    endloop
  endfacet
  facet normal 0 0 1
    outer loop
      vertex -4 1.7 5
      vertex -12 1.7 5
      vertex -4.22189 1.68546 5
    endloop
  endfacet
  facet normal 0 0 1
    outer loop
      vertex -4.22189 1.68546 5
      vertex -12 1.7 5
      vertex -11.7781 1.68546 5
    endloop
  endfacet
  facet normal 0 0 1
    outer loop
      vertex -12 1.7 5
      vertex -43 8 5
      vertex -20 1.7 5
    endloop
  endfacet
  facet normal 0 0 1
    outer loop
      vertex -21.6855 0.221894 5
      vertex -26.3 0 5
      vertex -21.7 0 5
    endloop
  endfacet
  facet normal 0 0 1
    outer loop
      vertex -26.3145 0.221894 5
      vertex -21.6855 0.221894 5
      vertex -21.6421 0.439992 5
    endloop
  endfacet
  facet normal 0 0 1
    outer loop
      vertex -26.3579 0.439992 5
      vertex -21.6421 0.439992 5
      vertex -21.5706 0.650561 5
    endloop
  endfacet
  facet normal 0 0 1
    outer loop
      vertex -26.4294 0.650561 5
      vertex -21.5706 0.650561 5
      vertex -21.4722 0.849999 5
    endloop
  endfacet
  facet normal 0 0 1
    outer loop
      vertex -26.5278 0.849999 5
      vertex -21.4722 0.849999 5
      vertex -21.3487 1.03489 5
    endloop
  endfacet
  facet normal 0 0 1
    outer loop
      vertex -26.6513 1.03489 5
      vertex -21.3487 1.03489 5
      vertex -21.2021 1.20208 5
    endloop
  endfacet
  facet normal 0 0 1
    outer loop
      vertex -26.7979 1.20208 5
      vertex -21.2021 1.20208 5
      vertex -21.0349 1.3487 5
    endloop
  endfacet
  facet normal 0 0 1
    outer loop
      vertex -26.9651 1.3487 5
      vertex -21.0349 1.3487 5
      vertex -20.85 1.47224 5
    endloop
  endfacet
  facet normal 0 0 1
    outer loop
      vertex -27.15 1.47224 5
      vertex -20.85 1.47224 5
      vertex -20.6506 1.57059 5
    endloop
  endfacet
  facet normal 0 0 1
    outer loop
      vertex -27.3494 1.57059 5
      vertex -20.6506 1.57059 5
      vertex -20.44 1.64207 5
    endloop
  endfacet
  facet normal 0 0 1
    outer loop
      vertex -21.6855 0.221894 5
      vertex -26.3145 0.221894 5
      vertex -26.3 0 5
    endloop
  endfacet
  facet normal 0 0 1
    outer loop
      vertex -21.6421 0.439992 5
      vertex -26.3579 0.439992 5
      vertex -26.3145 0.221894 5
    endloop
  endfacet
  facet normal 0 0 1
    outer loop
      vertex -21.5706 0.650561 5
      vertex -26.4294 0.650561 5
      vertex -26.3579 0.439992 5
    endloop
  endfacet
  facet normal 0 0 1
    outer loop
      vertex -27.56 1.64207 5
      vertex -20.44 1.64207 5
      vertex -20.2219 1.68546 5
    endloop
  endfacet
  facet normal 0 0 1
    outer loop
      vertex -21.4722 0.849999 5
      vertex -26.5278 0.849999 5
      vertex -26.4294 0.650561 5
    endloop
  endfacet
  facet normal 0 0 1
    outer loop
      vertex -21.3487 1.03489 5
      vertex -26.6513 1.03489 5
      vertex -26.5278 0.849999 5
    endloop
  endfacet
  facet normal 0 0 1
    outer loop
      vertex -21.2021 1.20208 5
      vertex -26.7979 1.20208 5
      vertex -26.6513 1.03489 5
    endloop
  endfacet
  facet normal 0 0 1
    outer loop
      vertex -20 1.7 5
      vertex -43 8 5
      vertex -20.2219 1.68546 5
    endloop
  endfacet
  facet normal 0 0 1
    outer loop
      vertex -21.0349 1.3487 5
      vertex -26.9651 1.3487 5
      vertex -26.7979 1.20208 5
    endloop
  endfacet
  facet normal 0 0 1
    outer loop
      vertex -20.85 1.47224 5
      vertex -27.15 1.47224 5
      vertex -26.9651 1.3487 5
    endloop
  endfacet
  facet normal 0 0 1
    outer loop
      vertex -20.6506 1.57059 5
      vertex -27.3494 1.57059 5
      vertex -27.15 1.47224 5
    endloop
  endfacet
  facet normal 0 0 1
    outer loop
      vertex -20.44 1.64207 5
      vertex -27.56 1.64207 5
      vertex -27.3494 1.57059 5
    endloop
  endfacet
  facet normal 0 -0 1
    outer loop
      vertex -27.7781 1.68546 5
      vertex -20.2219 1.68546 5
      vertex -43 8 5
    endloop
  endfacet
  facet normal 0 0 1
    outer loop
      vertex -20.2219 1.68546 5
      vertex -27.7781 1.68546 5
      vertex -27.56 1.64207 5
    endloop
  endfacet
  facet normal 0 0 1
    outer loop
      vertex -27.7781 1.68546 5
      vertex -43 8 5
      vertex -28 1.7 5
    endloop
  endfacet
  facet normal 0 0 1
    outer loop
      vertex -28 1.7 5
      vertex -43 8 5
      vertex -36 1.7 5
    endloop
  endfacet
  facet normal 0 0 1
    outer loop
      vertex -37.6421 0.439992 5
      vertex -45 6 5
      vertex -37.6855 0.221894 5
    endloop
  endfacet
  facet normal 0 0 1
    outer loop
      vertex -37.5706 0.650561 5
      vertex -45 6 5
      vertex -37.6421 0.439992 5
    endloop
  endfacet
  facet normal 0 0 1
    outer loop
      vertex -37.4722 0.849999 5
      vertex -45 6 5
      vertex -37.5706 0.650561 5
    endloop
  endfacet
  facet normal 0 0 1
    outer loop
      vertex -37.3487 1.03489 5
      vertex -45 6 5
      vertex -37.4722 0.849999 5
    endloop
  endfacet
  facet normal -0 0 1
    outer loop
      vertex -45 6 5
      vertex -37.3487 1.03489 5
      vertex -43 8 5
    endloop
  endfacet
  facet normal 0 0 1
    outer loop
      vertex -37.2021 1.20208 5
      vertex -43 8 5
      vertex -37.3487 1.03489 5
    endloop
  endfacet
  facet normal 0 0 1
    outer loop
      vertex -37.0349 1.3487 5
      vertex -43 8 5
      vertex -37.2021 1.20208 5
    endloop
  endfacet
  facet normal 0 0 1
    outer loop
      vertex -36.85 1.47224 5
      vertex -43 8 5
      vertex -37.0349 1.3487 5
    endloop
  endfacet
  facet normal 0 0 1
    outer loop
      vertex -36.6506 1.57059 5
      vertex -43 8 5
      vertex -36.85 1.47224 5
    endloop
  endfacet
  facet normal 0 0 1
    outer loop
      vertex -36.44 1.64207 5
      vertex -43 8 5
      vertex -36.6506 1.57059 5
    endloop
  endfacet
  facet normal 0 0 1
    outer loop
      vertex -36.2219 1.68546 5
      vertex -43 8 5
      vertex -36.44 1.64207 5
    endloop
  endfacet
  facet normal 0 0 1
    outer loop
      vertex -36 1.7 5
      vertex -43 8 5
      vertex -36.2219 1.68546 5
    endloop
  endfacet
  facet normal 0 0 1
    outer loop
      vertex 44 -7.73206 5
      vertex 43 -8 5
      vertex 43.7654 -7.84776 5
    endloop
  endfacet
  facet normal 0 0 1
    outer loop
      vertex 43.7654 -7.84776 5
      vertex 43 -8 5
      vertex 43.5176 -7.93185 5
    endloop
  endfacet
  facet normal 0 0 1
    outer loop
      vertex 43.5176 -7.93185 5
      vertex 43 -8 5
      vertex 43.261 -7.98289 5
    endloop
  endfacet
  facet normal 0 0 1
    outer loop
      vertex 44.4142 -7.41422 5
      vertex 43 -8 5
      vertex 44.2175 -7.5867 5
    endloop
  endfacet
  facet normal 0 0 1
    outer loop
      vertex 44.9829 -6.26105 5
      vertex 43 -8 5
      vertex 44.9319 -6.51764 5
    endloop
  endfacet
  facet normal -0 0 1
    outer loop
      vertex 37.2021 -1.20208 5
      vertex 43 -8 5
      vertex 37.3487 -1.03489 5
    endloop
  endfacet
  facet normal -0 0 1
    outer loop
      vertex 37.0349 -1.3487 5
      vertex 43 -8 5
      vertex 37.2021 -1.20208 5
    endloop
  endfacet
  facet normal -0 0 1
    outer loop
      vertex 36.85 -1.47224 5
      vertex 43 -8 5
      vertex 37.0349 -1.3487 5
    endloop
  endfacet
  facet normal -0 0 1
    outer loop
      vertex 36.6506 -1.57059 5
      vertex 43 -8 5
      vertex 36.85 -1.47224 5
    endloop
  endfacet
  facet normal -0 0 1
    outer loop
      vertex 36.44 -1.64207 5
      vertex 43 -8 5
      vertex 36.6506 -1.57059 5
    endloop
  endfacet
  facet normal -0 0 1
    outer loop
      vertex 36.2219 -1.68546 5
      vertex 43 -8 5
      vertex 36.44 -1.64207 5
    endloop
  endfacet
  facet normal -0 0 1
    outer loop
      vertex 36 -1.7 5
      vertex 43 -8 5
      vertex 36.2219 -1.68546 5
    endloop
  endfacet
  facet normal -0 0 1
    outer loop
      vertex 28 -1.7 5
      vertex 43 -8 5
      vertex 36 -1.7 5
    endloop
  endfacet
  facet normal 0 0 1
    outer loop
      vertex 27.7781 -1.68546 5
      vertex 43 -8 5
      vertex 28 -1.7 5
    endloop
  endfacet
  facet normal 0 0 1
    outer loop
      vertex 20.2219 -1.68546 5
      vertex 27.7781 -1.68546 5
      vertex 27.56 -1.64207 5
    endloop
  endfacet
  facet normal 0 0 1
    outer loop
      vertex 20.44 -1.64207 5
      vertex 27.56 -1.64207 5
      vertex 27.3494 -1.57059 5
    endloop
  endfacet
  facet normal -0 0 1
    outer loop
      vertex 21.7 0 5
      vertex 26.3145 -0.221894 5
      vertex 26.3 0 5
    endloop
  endfacet
  facet normal 0 0 1
    outer loop
      vertex 21.6855 -0.221894 5
      vertex 26.3145 -0.221894 5
      vertex 21.7 0 5
    endloop
  endfacet
  facet normal 0 0 1
    outer loop
      vertex 26.3145 -0.221894 5
      vertex 21.6855 -0.221894 5
      vertex 26.3579 -0.439992 5
    endloop
  endfacet
  facet normal 0 0 1
    outer loop
      vertex 21.6421 -0.439992 5
      vertex 26.3579 -0.439992 5
      vertex 21.6855 -0.221894 5
    endloop
  endfacet
  facet normal 0 0 1
    outer loop
      vertex 26.3579 -0.439992 5
      vertex 21.6421 -0.439992 5
      vertex 26.4294 -0.650561 5
    endloop
  endfacet
  facet normal 0 0 1
    outer loop
      vertex 21.5706 -0.650561 5
      vertex 26.4294 -0.650561 5
      vertex 21.6421 -0.439992 5
    endloop
  endfacet
  facet normal 0 0 1
    outer loop
      vertex 26.4294 -0.650561 5
      vertex 21.5706 -0.650561 5
      vertex 26.5278 -0.849999 5
    endloop
  endfacet
  facet normal 0 0 1
    outer loop
      vertex 21.4722 -0.849999 5
      vertex 26.5278 -0.849999 5
      vertex 21.5706 -0.650561 5
    endloop
  endfacet
  facet normal 0 0 1
    outer loop
      vertex 26.5278 -0.849999 5
      vertex 21.4722 -0.849999 5
      vertex 26.6513 -1.03489 5
    endloop
  endfacet
  facet normal 0 0 1
    outer loop
      vertex 21.3487 -1.03489 5
      vertex 26.6513 -1.03489 5
      vertex 21.4722 -0.849999 5
    endloop
  endfacet
  facet normal 0 0 1
    outer loop
      vertex 26.6513 -1.03489 5
      vertex 21.3487 -1.03489 5
      vertex 26.7979 -1.20208 5
    endloop
  endfacet
  facet normal 0 0 1
    outer loop
      vertex 21.2021 -1.20208 5
      vertex 26.7979 -1.20208 5
      vertex 21.3487 -1.03489 5
    endloop
  endfacet
  facet normal 0 0 1
    outer loop
      vertex 26.7979 -1.20208 5
      vertex 21.2021 -1.20208 5
      vertex 26.9651 -1.3487 5
    endloop
  endfacet
  facet normal 0 0 1
    outer loop
      vertex 21.0349 -1.3487 5
      vertex 26.9651 -1.3487 5
      vertex 21.2021 -1.20208 5
    endloop
  endfacet
  facet normal 0 0 1
    outer loop
      vertex 26.9651 -1.3487 5
      vertex 21.0349 -1.3487 5
      vertex 27.15 -1.47224 5
    endloop
  endfacet
  facet normal 0 0 1
    outer loop
      vertex 20.85 -1.47224 5
      vertex 27.15 -1.47224 5
      vertex 21.0349 -1.3487 5
    endloop
  endfacet
  facet normal 0 0 1
    outer loop
      vertex 27.15 -1.47224 5
      vertex 20.85 -1.47224 5
      vertex 27.3494 -1.57059 5
    endloop
  endfacet
  facet normal 0 0 1
    outer loop
      vertex 20.6506 -1.57059 5
      vertex 27.3494 -1.57059 5
      vertex 20.85 -1.47224 5
    endloop
  endfacet
  facet normal 0 0 1
    outer loop
      vertex 20.44 -1.64207 5
      vertex 27.3494 -1.57059 5
      vertex 20.6506 -1.57059 5
    endloop
  endfacet
  facet normal 0 0 1
    outer loop
      vertex 27.56 -1.64207 5
      vertex 20.44 -1.64207 5
      vertex 20.2219 -1.68546 5
    endloop
  endfacet
  facet normal 0 0 1
    outer loop
      vertex 27.7781 -1.68546 5
      vertex 20.2219 -1.68546 5
      vertex 43 -8 5
    endloop
  endfacet
  facet normal -0 0 1
    outer loop
      vertex 20 -1.7 5
      vertex 43 -8 5
      vertex 20.2219 -1.68546 5
    endloop
  endfacet
  facet normal -0 0 1
    outer loop
      vertex 12 -1.7 5
      vertex 43 -8 5
      vertex 20 -1.7 5
    endloop
  endfacet
  facet normal 0 0 1
    outer loop
      vertex 4 -1.7 5
      vertex 12 -1.7 5
      vertex 11.7781 -1.68546 5
    endloop
  endfacet
  facet normal 0 0 1
    outer loop
      vertex 4.22189 -1.68546 5
      vertex 11.7781 -1.68546 5
      vertex 11.56 -1.64207 5
    endloop
  endfacet
  facet normal -0 0 1
    outer loop
      vertex 5.7 0 5
      vertex 10.3145 -0.221894 5
      vertex 10.3 0 5
    endloop
  endfacet
  facet normal 0 0 1
    outer loop
      vertex 5.68546 -0.221894 5
      vertex 10.3145 -0.221894 5
      vertex 5.7 0 5
    endloop
  endfacet
  facet normal 0 0 1
    outer loop
      vertex 10.3145 -0.221894 5
      vertex 5.68546 -0.221894 5
      vertex 10.3579 -0.439992 5
    endloop
  endfacet
  facet normal 0 0 1
    outer loop
      vertex 5.64207 -0.439992 5
      vertex 10.3579 -0.439992 5
      vertex 5.68546 -0.221894 5
    endloop
  endfacet
  facet normal 0 0 1
    outer loop
      vertex 10.3579 -0.439992 5
      vertex 5.64207 -0.439992 5
      vertex 10.4294 -0.650561 5
    endloop
  endfacet
  facet normal 0 0 1
    outer loop
      vertex 5.57059 -0.650561 5
      vertex 10.4294 -0.650561 5
      vertex 5.64207 -0.439992 5
    endloop
  endfacet
  facet normal 0 0 1
    outer loop
      vertex 10.4294 -0.650561 5
      vertex 5.57059 -0.650561 5
      vertex 10.5278 -0.849999 5
    endloop
  endfacet
  facet normal 0 0 1
    outer loop
      vertex 5.47224 -0.849999 5
      vertex 10.5278 -0.849999 5
      vertex 5.57059 -0.650561 5
    endloop
  endfacet
  facet normal 0 0 1
    outer loop
      vertex 10.5278 -0.849999 5
      vertex 5.47224 -0.849999 5
      vertex 10.6513 -1.03489 5
    endloop
  endfacet
  facet normal 0 0 1
    outer loop
      vertex 5.3487 -1.03489 5
      vertex 10.6513 -1.03489 5
      vertex 5.47224 -0.849999 5
    endloop
  endfacet
  facet normal 0 0 1
    outer loop
      vertex 10.6513 -1.03489 5
      vertex 5.3487 -1.03489 5
      vertex 10.7979 -1.20208 5
    endloop
  endfacet
  facet normal 0 0 1
    outer loop
      vertex 5.20208 -1.20208 5
      vertex 10.7979 -1.20208 5
      vertex 5.3487 -1.03489 5
    endloop
  endfacet
  facet normal 0 0 1
    outer loop
      vertex 10.7979 -1.20208 5
      vertex 5.20208 -1.20208 5
      vertex 10.9651 -1.3487 5
    endloop
  endfacet
  facet normal 0 0 1
    outer loop
      vertex 5.03489 -1.3487 5
      vertex 10.9651 -1.3487 5
      vertex 5.20208 -1.20208 5
    endloop
  endfacet
  facet normal 0 0 1
    outer loop
      vertex 10.9651 -1.3487 5
      vertex 5.03489 -1.3487 5
      vertex 11.15 -1.47224 5
    endloop
  endfacet
  facet normal 0 0 1
    outer loop
      vertex 4.85 -1.47224 5
      vertex 11.15 -1.47224 5
      vertex 5.03489 -1.3487 5
    endloop
  endfacet
  facet normal 0 0 1
    outer loop
      vertex 11.15 -1.47224 5
      vertex 4.85 -1.47224 5
      vertex 11.3494 -1.57059 5
    endloop
  endfacet
  facet normal 0 0 1
    outer loop
      vertex 4.65056 -1.57059 5
      vertex 11.3494 -1.57059 5
      vertex 4.85 -1.47224 5
    endloop
  endfacet
  facet normal 0 0 1
    outer loop
      vertex 11.3494 -1.57059 5
      vertex 4.65056 -1.57059 5
      vertex 11.56 -1.64207 5
    endloop
  endfacet
  facet normal 0 0 1
    outer loop
      vertex 4.43999 -1.64207 5
      vertex 11.56 -1.64207 5
      vertex 4.65056 -1.57059 5
    endloop
  endfacet
  facet normal 0 0 1
    outer loop
      vertex 4.22189 -1.68546 5
      vertex 11.56 -1.64207 5
      vertex 4.43999 -1.64207 5
    endloop
  endfacet
  facet normal 0 0 1
    outer loop
      vertex 11.7781 -1.68546 5
      vertex 4.22189 -1.68546 5
      vertex 4 -1.7 5
    endloop
  endfacet
  facet normal 0 0 1
    outer loop
      vertex 12 -1.7 5
      vertex 4 -1.7 5
      vertex 43 -8 5
    endloop
  endfacet
  facet normal -0 0 1
    outer loop
      vertex -4 -1.7 5
      vertex 43 -8 5
      vertex 4 -1.7 5
    endloop
  endfacet
  facet normal 0 0 1
    outer loop
      vertex -12 -1.7 5
      vertex -4 -1.7 5
      vertex -4.22189 -1.68546 5
    endloop
  endfacet
  facet normal -0 0 1
    outer loop
      vertex -10.3 0 5
      vertex -5.68546 -0.221894 5
      vertex -5.7 0 5
    endloop
  endfacet
  facet normal 0 0 1
    outer loop
      vertex -10.3145 -0.221894 5
      vertex -5.68546 -0.221894 5
      vertex -10.3 0 5
    endloop
  endfacet
  facet normal 0 0 1
    outer loop
      vertex -5.68546 -0.221894 5
      vertex -10.3145 -0.221894 5
      vertex -5.64207 -0.439992 5
    endloop
  endfacet
  facet normal 0 0 1
    outer loop
      vertex -10.3579 -0.439992 5
      vertex -5.64207 -0.439992 5
      vertex -10.3145 -0.221894 5
    endloop
  endfacet
  facet normal 0 0 1
    outer loop
      vertex -5.64207 -0.439992 5
      vertex -10.3579 -0.439992 5
      vertex -5.57059 -0.650561 5
    endloop
  endfacet
  facet normal 0 0 1
    outer loop
      vertex -10.4294 -0.650561 5
      vertex -5.57059 -0.650561 5
      vertex -10.3579 -0.439992 5
    endloop
  endfacet
  facet normal 0 0 1
    outer loop
      vertex -5.57059 -0.650561 5
      vertex -10.4294 -0.650561 5
      vertex -5.47224 -0.849999 5
    endloop
  endfacet
  facet normal 0 0 1
    outer loop
      vertex -10.5278 -0.849999 5
      vertex -5.47224 -0.849999 5
      vertex -10.4294 -0.650561 5
    endloop
  endfacet
  facet normal 0 0 1
    outer loop
      vertex -5.47224 -0.849999 5
      vertex -10.5278 -0.849999 5
      vertex -5.3487 -1.03489 5
    endloop
  endfacet
  facet normal 0 0 1
    outer loop
      vertex -10.6513 -1.03489 5
      vertex -5.3487 -1.03489 5
      vertex -10.5278 -0.849999 5
    endloop
  endfacet
  facet normal 0 0 1
    outer loop
      vertex -5.3487 -1.03489 5
      vertex -10.6513 -1.03489 5
      vertex -5.20208 -1.20208 5
    endloop
  endfacet
  facet normal 0 0 1
    outer loop
      vertex -10.7979 -1.20208 5
      vertex -5.20208 -1.20208 5
      vertex -10.6513 -1.03489 5
    endloop
  endfacet
  facet normal 0 0 1
    outer loop
      vertex -5.20208 -1.20208 5
      vertex -10.7979 -1.20208 5
      vertex -5.03489 -1.3487 5
    endloop
  endfacet
  facet normal 0 0 1
    outer loop
      vertex -10.9651 -1.3487 5
      vertex -5.03489 -1.3487 5
      vertex -10.7979 -1.20208 5
    endloop
  endfacet
  facet normal 0 0 1
    outer loop
      vertex -5.03489 -1.3487 5
      vertex -10.9651 -1.3487 5
      vertex -4.85 -1.47224 5
    endloop
  endfacet
  facet normal 0 0 1
    outer loop
      vertex -11.15 -1.47224 5
      vertex -4.85 -1.47224 5
      vertex -10.9651 -1.3487 5
    endloop
  endfacet
  facet normal 0 0 1
    outer loop
      vertex -4.85 -1.47224 5
      vertex -11.15 -1.47224 5
      vertex -4.65056 -1.57059 5
    endloop
  endfacet
  facet normal 0 0 1
    outer loop
      vertex -11.3494 -1.57059 5
      vertex -4.65056 -1.57059 5
      vertex -11.15 -1.47224 5
    endloop
  endfacet
  facet normal 0 0 1
    outer loop
      vertex -4.65056 -1.57059 5
      vertex -11.3494 -1.57059 5
      vertex -4.43999 -1.64207 5
    endloop
  endfacet
  facet normal 0 0 1
    outer loop
      vertex -11.56 -1.64207 5
      vertex -4.43999 -1.64207 5
      vertex -11.3494 -1.57059 5
    endloop
  endfacet
  facet normal 0 0 1
    outer loop
      vertex -4.43999 -1.64207 5
      vertex -11.56 -1.64207 5
      vertex -4.22189 -1.68546 5
    endloop
  endfacet
  facet normal 0 0 1
    outer loop
      vertex -11.7781 -1.68546 5
      vertex -4.22189 -1.68546 5
      vertex -11.56 -1.64207 5
    endloop
  endfacet
  facet normal 0 0 1
    outer loop
      vertex -12 -1.7 5
      vertex -4.22189 -1.68546 5
      vertex -11.7781 -1.68546 5
    endloop
  endfacet
  facet normal 0 0 1
    outer loop
      vertex -4 -1.7 5
      vertex -12 -1.7 5
      vertex -43 -8 5
    endloop
  endfacet
  facet normal 0 0 1
    outer loop
      vertex -43 -8 5
      vertex -12 -1.7 5
      vertex -20 -1.7 5
    endloop
  endfacet
  facet normal 0 0 1
    outer loop
      vertex -43 -8 5
      vertex -20 -1.7 5
      vertex -20.2219 -1.68546 5
    endloop
  endfacet
  facet normal -0 0 1
    outer loop
      vertex -26.3 0 5
      vertex -21.6855 -0.221894 5
      vertex -21.7 0 5
    endloop
  endfacet
  facet normal 0 0 1
    outer loop
      vertex -26.3145 -0.221894 5
      vertex -21.6855 -0.221894 5
      vertex -26.3 0 5
    endloop
  endfacet
  facet normal 0 0 1
    outer loop
      vertex -21.6855 -0.221894 5
      vertex -26.3145 -0.221894 5
      vertex -21.6421 -0.439992 5
    endloop
  endfacet
  facet normal 0 0 1
    outer loop
      vertex -26.3579 -0.439992 5
      vertex -21.6421 -0.439992 5
      vertex -26.3145 -0.221894 5
    endloop
  endfacet
  facet normal 0 0 1
    outer loop
      vertex -21.6421 -0.439992 5
      vertex -26.3579 -0.439992 5
      vertex -21.5706 -0.650561 5
    endloop
  endfacet
  facet normal 0 0 1
    outer loop
      vertex -26.4294 -0.650561 5
      vertex -21.5706 -0.650561 5
      vertex -26.3579 -0.439992 5
    endloop
  endfacet
  facet normal 0 0 1
    outer loop
      vertex -21.5706 -0.650561 5
      vertex -26.4294 -0.650561 5
      vertex -21.4722 -0.849999 5
    endloop
  endfacet
  facet normal 0 0 1
    outer loop
      vertex -26.5278 -0.849999 5
      vertex -21.4722 -0.849999 5
      vertex -26.4294 -0.650561 5
    endloop
  endfacet
  facet normal 0 0 1
    outer loop
      vertex -21.4722 -0.849999 5
      vertex -26.5278 -0.849999 5
      vertex -21.3487 -1.03489 5
    endloop
  endfacet
  facet normal 0 0 1
    outer loop
      vertex -26.6513 -1.03489 5
      vertex -21.3487 -1.03489 5
      vertex -26.5278 -0.849999 5
    endloop
  endfacet
  facet normal 0 0 1
    outer loop
      vertex -21.3487 -1.03489 5
      vertex -26.6513 -1.03489 5
      vertex -21.2021 -1.20208 5
    endloop
  endfacet
  facet normal 0 0 1
    outer loop
      vertex -26.7979 -1.20208 5
      vertex -21.2021 -1.20208 5
      vertex -26.6513 -1.03489 5
    endloop
  endfacet
  facet normal 0 0 1
    outer loop
      vertex -21.2021 -1.20208 5
      vertex -26.7979 -1.20208 5
      vertex -21.0349 -1.3487 5
    endloop
  endfacet
  facet normal 0 0 1
    outer loop
      vertex -26.9651 -1.3487 5
      vertex -21.0349 -1.3487 5
      vertex -26.7979 -1.20208 5
    endloop
  endfacet
  facet normal 0 0 1
    outer loop
      vertex -21.0349 -1.3487 5
      vertex -26.9651 -1.3487 5
      vertex -20.85 -1.47224 5
    endloop
  endfacet
  facet normal 0 0 1
    outer loop
      vertex -27.15 -1.47224 5
      vertex -20.85 -1.47224 5
      vertex -26.9651 -1.3487 5
    endloop
  endfacet
  facet normal 0 0 1
    outer loop
      vertex -20.85 -1.47224 5
      vertex -27.15 -1.47224 5
      vertex -20.6506 -1.57059 5
    endloop
  endfacet
  facet normal 0 0 1
    outer loop
      vertex -27.3494 -1.57059 5
      vertex -20.6506 -1.57059 5
      vertex -27.15 -1.47224 5
    endloop
  endfacet
  facet normal 0 0 1
    outer loop
      vertex -20.6506 -1.57059 5
      vertex -27.3494 -1.57059 5
      vertex -20.44 -1.64207 5
    endloop
  endfacet
  facet normal 0 0 1
    outer loop
      vertex -27.56 -1.64207 5
      vertex -20.44 -1.64207 5
      vertex -27.3494 -1.57059 5
    endloop
  endfacet
  facet normal 0 0 1
    outer loop
      vertex -20.44 -1.64207 5
      vertex -27.56 -1.64207 5
      vertex -20.2219 -1.68546 5
    endloop
  endfacet
  facet normal 0 0 1
    outer loop
      vertex -27.7781 -1.68546 5
      vertex -20.2219 -1.68546 5
      vertex -27.56 -1.64207 5
    endloop
  endfacet
  facet normal 0 0 1
    outer loop
      vertex -20.2219 -1.68546 5
      vertex -27.7781 -1.68546 5
      vertex -43 -8 5
    endloop
  endfacet
  facet normal 0 0 1
    outer loop
      vertex -43 -8 5
      vertex -27.7781 -1.68546 5
      vertex -28 -1.7 5
    endloop
  endfacet
  facet normal 0 0 1
    outer loop
      vertex -43 -8 5
      vertex -28 -1.7 5
      vertex -36 -1.7 5
    endloop
  endfacet
  facet normal 0 0 1
    outer loop
      vertex -43 -8 5
      vertex -36 -1.7 5
      vertex -36.2219 -1.68546 5
    endloop
  endfacet
  facet normal 0 0 1
    outer loop
      vertex -37.6855 0.221894 5
      vertex -45 6 5
      vertex -37.7 0 5
    endloop
  endfacet
  facet normal 0 0 1
    outer loop
      vertex -45 -6 5
      vertex -37.7 0 5
      vertex -45 6 5
    endloop
  endfacet
  facet normal 0 0 1
    outer loop
      vertex -37.7 0 5
      vertex -45 -6 5
      vertex -37.6855 -0.221894 5
    endloop
  endfacet
  facet normal 0 0 1
    outer loop
      vertex -37.6855 -0.221894 5
      vertex -45 -6 5
      vertex -37.6421 -0.439992 5
    endloop
  endfacet
  facet normal 0 0 1
    outer loop
      vertex -4 -1.7 5
      vertex -43 -8 5
      vertex 43 -8 5
    endloop
  endfacet
  facet normal 0 0 1
    outer loop
      vertex -36.44 -1.64207 5
      vertex -43 -8 5
      vertex -36.2219 -1.68546 5
    endloop
  endfacet
  facet normal 0 0 1
    outer loop
      vertex -36.6506 -1.57059 5
      vertex -43 -8 5
      vertex -36.44 -1.64207 5
    endloop
  endfacet
  facet normal 0 0 1
    outer loop
      vertex -36.85 -1.47224 5
      vertex -43 -8 5
      vertex -36.6506 -1.57059 5
    endloop
  endfacet
  facet normal 0 0 1
    outer loop
      vertex -37.0349 -1.3487 5
      vertex -43 -8 5
      vertex -36.85 -1.47224 5
    endloop
  endfacet
  facet normal 0 0 1
    outer loop
      vertex -37.2021 -1.20208 5
      vertex -43 -8 5
      vertex -37.0349 -1.3487 5
    endloop
  endfacet
  facet normal 0 0 1
    outer loop
      vertex -37.3487 -1.03489 5
      vertex -43 -8 5
      vertex -37.2021 -1.20208 5
    endloop
  endfacet
  facet normal 0 0 1
    outer loop
      vertex -45 -6 5
      vertex -37.3487 -1.03489 5
      vertex -37.4722 -0.849999 5
    endloop
  endfacet
  facet normal 0 0 1
    outer loop
      vertex -37.6421 -0.439992 5
      vertex -45 -6 5
      vertex -37.5706 -0.650561 5
    endloop
  endfacet
  facet normal 0 0 1
    outer loop
      vertex -45 6 5
      vertex -43 8 5
      vertex -43.261 7.98289 5
    endloop
  endfacet
  facet normal 0 0 1
    outer loop
      vertex -37.5706 -0.650561 5
      vertex -45 -6 5
      vertex -37.4722 -0.849999 5
    endloop
  endfacet
  facet normal 0 0 1
    outer loop
      vertex -45 6 5
      vertex -43.261 7.98289 5
      vertex -43.5176 7.93185 5
    endloop
  endfacet
  facet normal 0 0 1
    outer loop
      vertex -37.3487 -1.03489 5
      vertex -45 -6 5
      vertex -43 -8 5
    endloop
  endfacet
  facet normal 0 0 1
    outer loop
      vertex -45 6 5
      vertex -43.5176 7.93185 5
      vertex -43.7654 7.84776 5
    endloop
  endfacet
  facet normal 0 0 1
    outer loop
      vertex -43 -8 5
      vertex -45 -6 5
      vertex -43.261 -7.98289 5
    endloop
  endfacet
  facet normal 0 0 1
    outer loop
      vertex -45 6 5
      vertex -43.7654 7.84776 5
      vertex -44 7.73206 5
    endloop
  endfacet
  facet normal 0 0 1
    outer loop
      vertex -43.261 -7.98289 5
      vertex -45 -6 5
      vertex -43.5176 -7.93185 5
    endloop
  endfacet
  facet normal 0 0 1
    outer loop
      vertex -45 6 5
      vertex -44 7.73206 5
      vertex -44.2175 7.5867 5
    endloop
  endfacet
  facet normal 0 0 1
    outer loop
      vertex -43.5176 -7.93185 5
      vertex -45 -6 5
      vertex -43.7654 -7.84776 5
    endloop
  endfacet
  facet normal 0 0 1
    outer loop
      vertex -45 6 5
      vertex -44.2175 7.5867 5
      vertex -44.4142 7.41422 5
    endloop
  endfacet
  facet normal 0 0 1
    outer loop
      vertex -43.7654 -7.84776 5
      vertex -45 -6 5
      vertex -44 -7.73206 5
    endloop
  endfacet
  facet normal 0 0 1
    outer loop
      vertex -45 6 5
      vertex -44.4142 7.41422 5
      vertex -44.5867 7.21753 5
    endloop
  endfacet
  facet normal 0 0 1
    outer loop
      vertex -44 -7.73206 5
      vertex -45 -6 5
      vertex -44.2175 -7.5867 5
    endloop
  endfacet
  facet normal 0 0 1
    outer loop
      vertex -45 6 5
      vertex -44.5867 7.21753 5
      vertex -44.7321 7 5
    endloop
  endfacet
  facet normal 0 0 1
    outer loop
      vertex -44.2175 -7.5867 5
      vertex -45 -6 5
      vertex -44.4142 -7.41422 5
    endloop
  endfacet
  facet normal 0 0 1
    outer loop
      vertex -45 6 5
      vertex -44.7321 7 5
      vertex -44.8478 6.76537 5
    endloop
  endfacet
  facet normal 0 0 1
    outer loop
      vertex -44.4142 -7.41422 5
      vertex -45 -6 5
      vertex -44.5867 -7.21753 5
    endloop
  endfacet
  facet normal 0 0 1
    outer loop
      vertex -45 6 5
      vertex -44.8478 6.76537 5
      vertex -44.9319 6.51764 5
    endloop
  endfacet
  facet normal 0 0 1
    outer loop
      vertex -44.5867 -7.21753 5
      vertex -45 -6 5
      vertex -44.7321 -7 5
    endloop
  endfacet
  facet normal 0 0 1
    outer loop
      vertex -45 6 5
      vertex -44.9319 6.51764 5
      vertex -44.9829 6.26105 5
    endloop
  endfacet
  facet normal 0 0 1
    outer loop
      vertex -44.7321 -7 5
      vertex -45 -6 5
      vertex -44.8478 -6.76537 5
    endloop
  endfacet
  facet normal 0 0 1
    outer loop
      vertex -44.8478 -6.76537 5
      vertex -45 -6 5
      vertex -44.9319 -6.51764 5
    endloop
  endfacet
  facet normal 0 0 1
    outer loop
      vertex -44.9319 -6.51764 5
      vertex -45 -6 5
      vertex -44.9829 -6.26105 5
    endloop
  endfacet
  facet normal 0.997861 -0.0653646 0
    outer loop
      vertex 44.9829 -6.26105 5
      vertex 45 -6 0
      vertex 45 -6 5
    endloop
  endfacet
  facet normal 0.997861 -0.0653646 0
    outer loop
      vertex 45 -6 0
      vertex 44.9829 -6.26105 5
      vertex 44.9829 -6.26105 0
    endloop
  endfacet
  facet normal -0.997861 0.0653646 0
    outer loop
      vertex -45 6 0
      vertex -44.9829 6.26105 5
      vertex -44.9829 6.26105 0
    endloop
  endfacet
  facet normal -0.997861 0.0653646 0
    outer loop
      vertex -44.9829 6.26105 5
      vertex -45 6 0
      vertex -45 6 5
    endloop
  endfacet
  facet normal -0.997861 -0.0653646 0
    outer loop
      vertex -44.9829 -6.26105 0
      vertex -45 -6 5
      vertex -45 -6 0
    endloop
  endfacet
  facet normal -0.997861 -0.0653646 0
    outer loop
      vertex -45 -6 5
      vertex -44.9829 -6.26105 0
      vertex -44.9829 -6.26105 5
    endloop
  endfacet
  facet normal -1 0 0
    outer loop
      vertex -45 -6 0
      vertex -45 6 5
      vertex -45 6 0
    endloop
  endfacet
  facet normal -1 -0 0
    outer loop
      vertex -45 6 5
      vertex -45 -6 0
      vertex -45 -6 5
    endloop
  endfacet
  facet normal 1 -0 0
    outer loop
      vertex 45 -6 5
      vertex 45 6 0
      vertex 45 6 5
    endloop
  endfacet
  facet normal 1 0 0
    outer loop
      vertex 45 6 0
      vertex 45 -6 5
      vertex 45 -6 0
    endloop
  endfacet
  facet normal -0.442314 0.89686 0
    outer loop
      vertex -43.7654 7.84776 0
      vertex -44 7.73206 5
      vertex -43.7654 7.84776 5
    endloop
  endfacet
  facet normal -0.442314 0.89686 0
    outer loop
      vertex -44 7.73206 5
      vertex -43.7654 7.84776 0
      vertex -44 7.73206 0
    endloop
  endfacet
  facet normal -0.555653 0.831415 0
    outer loop
      vertex -44 7.73206 0
      vertex -44.2175 7.5867 5
      vertex -44 7.73206 5
    endloop
  endfacet
  facet normal -0.555653 0.831415 0
    outer loop
      vertex -44.2175 7.5867 5
      vertex -44 7.73206 0
      vertex -44.2175 7.5867 0
    endloop
  endfacet
  facet normal -0.6593 0.75188 0
    outer loop
      vertex -44.2175 7.5867 0
      vertex -44.4142 7.41422 5
      vertex -44.2175 7.5867 5
    endloop
  endfacet
  facet normal -0.6593 0.75188 0
    outer loop
      vertex -44.4142 7.41422 5
      vertex -44.2175 7.5867 0
      vertex -44.4142 7.41422 0
    endloop
  endfacet
  facet normal -0.896883 0.442268 0
    outer loop
      vertex -44.8478 6.76537 0
      vertex -44.7321 7 5
      vertex -44.7321 7 0
    endloop
  endfacet
  facet normal -0.896883 0.442268 0
    outer loop
      vertex -44.7321 7 5
      vertex -44.8478 6.76537 0
      vertex -44.8478 6.76537 5
    endloop
  endfacet
  facet normal -0.831379 -0.555705 0
    outer loop
      vertex -44.5867 -7.21753 0
      vertex -44.7321 -7 5
      vertex -44.7321 -7 0
    endloop
  endfacet
  facet normal -0.831379 -0.555705 0
    outer loop
      vertex -44.7321 -7 5
      vertex -44.5867 -7.21753 0
      vertex -44.5867 -7.21753 5
    endloop
  endfacet
  facet normal -0.751826 -0.659362 0
    outer loop
      vertex -44.4142 -7.41422 0
      vertex -44.5867 -7.21753 5
      vertex -44.5867 -7.21753 0
    endloop
  endfacet
  facet normal -0.751826 -0.659362 0
    outer loop
      vertex -44.5867 -7.21753 5
      vertex -44.4142 -7.41422 0
      vertex -44.4142 -7.41422 5
    endloop
  endfacet
  facet normal -0.0654151 -0.997858 0
    outer loop
      vertex -43.261 -7.98289 0
      vertex -43 -8 5
      vertex -43.261 -7.98289 5
    endloop
  endfacet
  facet normal -0.0654151 -0.997858 -0
    outer loop
      vertex -43 -8 5
      vertex -43.261 -7.98289 0
      vertex -43 -8 0
    endloop
  endfacet
  facet normal 0.751826 0.659362 0
    outer loop
      vertex 44.5867 7.21753 5
      vertex 44.4142 7.41422 0
      vertex 44.4142 7.41422 5
    endloop
  endfacet
  facet normal 0.751826 0.659362 0
    outer loop
      vertex 44.4142 7.41422 0
      vertex 44.5867 7.21753 5
      vertex 44.5867 7.21753 0
    endloop
  endfacet
  facet normal 0.946922 -0.321463 0
    outer loop
      vertex 44.8478 -6.76537 5
      vertex 44.9319 -6.51764 0
      vertex 44.9319 -6.51764 5
    endloop
  endfacet
  facet normal 0.946922 -0.321463 0
    outer loop
      vertex 44.9319 -6.51764 0
      vertex 44.8478 -6.76537 5
      vertex 44.8478 -6.76537 0
    endloop
  endfacet
  facet normal -0.321348 0.946961 0
    outer loop
      vertex -43.5176 7.93185 0
      vertex -43.7654 7.84776 5
      vertex -43.5176 7.93185 5
    endloop
  endfacet
  facet normal -0.321348 0.946961 0
    outer loop
      vertex -43.7654 7.84776 5
      vertex -43.5176 7.93185 0
      vertex -43.7654 7.84776 0
    endloop
  endfacet
  facet normal -0.195087 0.980786 0
    outer loop
      vertex -43.261 7.98289 0
      vertex -43.5176 7.93185 5
      vertex -43.261 7.98289 5
    endloop
  endfacet
  facet normal -0.195087 0.980786 0
    outer loop
      vertex -43.5176 7.93185 5
      vertex -43.261 7.98289 0
      vertex -43.5176 7.93185 0
    endloop
  endfacet
  facet normal -0.831379 0.555705 0
    outer loop
      vertex -44.7321 7 0
      vertex -44.5867 7.21753 5
      vertex -44.5867 7.21753 0
    endloop
  endfacet
  facet normal -0.831379 0.555705 0
    outer loop
      vertex -44.5867 7.21753 5
      vertex -44.7321 7 0
      vertex -44.7321 7 5
    endloop
  endfacet
  facet normal -0.751826 0.659362 0
    outer loop
      vertex -44.5867 7.21753 0
      vertex -44.4142 7.41422 5
      vertex -44.4142 7.41422 0
    endloop
  endfacet
  facet normal -0.751826 0.659362 0
    outer loop
      vertex -44.4142 7.41422 5
      vertex -44.5867 7.21753 0
      vertex -44.5867 7.21753 5
    endloop
  endfacet
  facet normal -0.980814 0.194947 0
    outer loop
      vertex -44.9829 6.26105 0
      vertex -44.9319 6.51764 5
      vertex -44.9319 6.51764 0
    endloop
  endfacet
  facet normal -0.980814 0.194947 0
    outer loop
      vertex -44.9319 6.51764 5
      vertex -44.9829 6.26105 0
      vertex -44.9829 6.26105 5
    endloop
  endfacet
  facet normal -0.946922 0.321463 0
    outer loop
      vertex -44.9319 6.51764 0
      vertex -44.8478 6.76537 5
      vertex -44.8478 6.76537 0
    endloop
  endfacet
  facet normal -0.946922 0.321463 0
    outer loop
      vertex -44.8478 6.76537 5
      vertex -44.9319 6.51764 0
      vertex -44.9319 6.51764 5
    endloop
  endfacet
  facet normal -0.896883 -0.442268 0
    outer loop
      vertex -44.7321 -7 0
      vertex -44.8478 -6.76537 5
      vertex -44.8478 -6.76537 0
    endloop
  endfacet
  facet normal -0.896883 -0.442268 0
    outer loop
      vertex -44.8478 -6.76537 5
      vertex -44.7321 -7 0
      vertex -44.7321 -7 5
    endloop
  endfacet
  facet normal -0.442314 -0.89686 0
    outer loop
      vertex -44 -7.73206 0
      vertex -43.7654 -7.84776 5
      vertex -44 -7.73206 5
    endloop
  endfacet
  facet normal -0.442314 -0.89686 -0
    outer loop
      vertex -43.7654 -7.84776 5
      vertex -44 -7.73206 0
      vertex -43.7654 -7.84776 0
    endloop
  endfacet
  facet normal 0.896883 0.442268 0
    outer loop
      vertex 44.8478 6.76537 5
      vertex 44.7321 7 0
      vertex 44.7321 7 5
    endloop
  endfacet
  facet normal 0.896883 0.442268 0
    outer loop
      vertex 44.7321 7 0
      vertex 44.8478 6.76537 5
      vertex 44.8478 6.76537 0
    endloop
  endfacet
  facet normal 0.946922 0.321463 0
    outer loop
      vertex 44.9319 6.51764 5
      vertex 44.8478 6.76537 0
      vertex 44.8478 6.76537 5
    endloop
  endfacet
  facet normal 0.946922 0.321463 0
    outer loop
      vertex 44.8478 6.76537 0
      vertex 44.9319 6.51764 5
      vertex 44.9319 6.51764 0
    endloop
  endfacet
  facet normal 0.997861 0.0653646 0
    outer loop
      vertex 45 6 5
      vertex 44.9829 6.26105 0
      vertex 44.9829 6.26105 5
    endloop
  endfacet
  facet normal 0.997861 0.0653646 0
    outer loop
      vertex 44.9829 6.26105 0
      vertex 45 6 5
      vertex 45 6 0
    endloop
  endfacet
  facet normal 0.555653 0.831415 -0
    outer loop
      vertex 44.2175 7.5867 0
      vertex 44 7.73206 5
      vertex 44.2175 7.5867 5
    endloop
  endfacet
  facet normal 0.555653 0.831415 0
    outer loop
      vertex 44 7.73206 5
      vertex 44.2175 7.5867 0
      vertex 44 7.73206 0
    endloop
  endfacet
  facet normal 0.6593 0.75188 -0
    outer loop
      vertex 44.4142 7.41422 0
      vertex 44.2175 7.5867 5
      vertex 44.4142 7.41422 5
    endloop
  endfacet
  facet normal 0.6593 0.75188 0
    outer loop
      vertex 44.2175 7.5867 5
      vertex 44.4142 7.41422 0
      vertex 44.2175 7.5867 0
    endloop
  endfacet
  facet normal 0.442314 0.89686 -0
    outer loop
      vertex 44 7.73206 0
      vertex 43.7654 7.84776 5
      vertex 44 7.73206 5
    endloop
  endfacet
  facet normal 0.442314 0.89686 0
    outer loop
      vertex 43.7654 7.84776 5
      vertex 44 7.73206 0
      vertex 43.7654 7.84776 0
    endloop
  endfacet
  facet normal 0.195087 0.980786 -0
    outer loop
      vertex 43.5176 7.93185 0
      vertex 43.261 7.98289 5
      vertex 43.5176 7.93185 5
    endloop
  endfacet
  facet normal 0.195087 0.980786 0
    outer loop
      vertex 43.261 7.98289 5
      vertex 43.5176 7.93185 0
      vertex 43.261 7.98289 0
    endloop
  endfacet
  facet normal 0.321348 -0.946961 0
    outer loop
      vertex 43.5176 -7.93185 0
      vertex 43.7654 -7.84776 5
      vertex 43.5176 -7.93185 5
    endloop
  endfacet
  facet normal 0.321348 -0.946961 0
    outer loop
      vertex 43.7654 -7.84776 5
      vertex 43.5176 -7.93185 0
      vertex 43.7654 -7.84776 0
    endloop
  endfacet
  facet normal 0.896883 -0.442268 0
    outer loop
      vertex 44.7321 -7 5
      vertex 44.8478 -6.76537 0
      vertex 44.8478 -6.76537 5
    endloop
  endfacet
  facet normal 0.896883 -0.442268 0
    outer loop
      vertex 44.8478 -6.76537 0
      vertex 44.7321 -7 5
      vertex 44.7321 -7 0
    endloop
  endfacet
  facet normal -0.946922 -0.321463 0
    outer loop
      vertex -44.8478 -6.76537 0
      vertex -44.9319 -6.51764 5
      vertex -44.9319 -6.51764 0
    endloop
  endfacet
  facet normal -0.946922 -0.321463 0
    outer loop
      vertex -44.9319 -6.51764 5
      vertex -44.8478 -6.76537 0
      vertex -44.8478 -6.76537 5
    endloop
  endfacet
  facet normal -0.321348 -0.946961 0
    outer loop
      vertex -43.7654 -7.84776 0
      vertex -43.5176 -7.93185 5
      vertex -43.7654 -7.84776 5
    endloop
  endfacet
  facet normal -0.321348 -0.946961 -0
    outer loop
      vertex -43.5176 -7.93185 5
      vertex -43.7654 -7.84776 0
      vertex -43.5176 -7.93185 0
    endloop
  endfacet
  facet normal -0.555653 -0.831415 0
    outer loop
      vertex -44.2175 -7.5867 0
      vertex -44 -7.73206 5
      vertex -44.2175 -7.5867 5
    endloop
  endfacet
  facet normal -0.555653 -0.831415 -0
    outer loop
      vertex -44 -7.73206 5
      vertex -44.2175 -7.5867 0
      vertex -44 -7.73206 0
    endloop
  endfacet
  facet normal 0.831379 0.555705 0
    outer loop
      vertex 44.7321 7 5
      vertex 44.5867 7.21753 0
      vertex 44.5867 7.21753 5
    endloop
  endfacet
  facet normal 0.831379 0.555705 0
    outer loop
      vertex 44.5867 7.21753 0
      vertex 44.7321 7 5
      vertex 44.7321 7 0
    endloop
  endfacet
  facet normal 0.980814 0.194947 0
    outer loop
      vertex 44.9829 6.26105 5
      vertex 44.9319 6.51764 0
      vertex 44.9319 6.51764 5
    endloop
  endfacet
  facet normal 0.980814 0.194947 0
    outer loop
      vertex 44.9319 6.51764 0
      vertex 44.9829 6.26105 5
      vertex 44.9829 6.26105 0
    endloop
  endfacet
  facet normal 0.321348 0.946961 -0
    outer loop
      vertex 43.7654 7.84776 0
      vertex 43.5176 7.93185 5
      vertex 43.7654 7.84776 5
    endloop
  endfacet
  facet normal 0.321348 0.946961 0
    outer loop
      vertex 43.5176 7.93185 5
      vertex 43.7654 7.84776 0
      vertex 43.5176 7.93185 0
    endloop
  endfacet
  facet normal 0.442314 -0.89686 0
    outer loop
      vertex 43.7654 -7.84776 0
      vertex 44 -7.73206 5
      vertex 43.7654 -7.84776 5
    endloop
  endfacet
  facet normal 0.442314 -0.89686 0
    outer loop
      vertex 44 -7.73206 5
      vertex 43.7654 -7.84776 0
      vertex 44 -7.73206 0
    endloop
  endfacet
  facet normal 0.6593 -0.75188 0
    outer loop
      vertex 44.2175 -7.5867 0
      vertex 44.4142 -7.41422 5
      vertex 44.2175 -7.5867 5
    endloop
  endfacet
  facet normal 0.6593 -0.75188 0
    outer loop
      vertex 44.4142 -7.41422 5
      vertex 44.2175 -7.5867 0
      vertex 44.4142 -7.41422 0
    endloop
  endfacet
  facet normal 0.831379 -0.555705 0
    outer loop
      vertex 44.5867 -7.21753 5
      vertex 44.7321 -7 0
      vertex 44.7321 -7 5
    endloop
  endfacet
  facet normal 0.831379 -0.555705 0
    outer loop
      vertex 44.7321 -7 0
      vertex 44.5867 -7.21753 5
      vertex 44.5867 -7.21753 0
    endloop
  endfacet
  facet normal 0.751826 -0.659362 0
    outer loop
      vertex 44.4142 -7.41422 5
      vertex 44.5867 -7.21753 0
      vertex 44.5867 -7.21753 5
    endloop
  endfacet
  facet normal 0.751826 -0.659362 0
    outer loop
      vertex 44.5867 -7.21753 0
      vertex 44.4142 -7.41422 5
      vertex 44.4142 -7.41422 0
    endloop
  endfacet
  facet normal -0.195087 -0.980786 0
    outer loop
      vertex -43.5176 -7.93185 0
      vertex -43.261 -7.98289 5
      vertex -43.5176 -7.93185 5
    endloop
  endfacet
  facet normal -0.195087 -0.980786 -0
    outer loop
      vertex -43.261 -7.98289 5
      vertex -43.5176 -7.93185 0
      vertex -43.261 -7.98289 0
    endloop
  endfacet
  facet normal 0.555653 -0.831415 0
    outer loop
      vertex 44 -7.73206 0
      vertex 44.2175 -7.5867 5
      vertex 44 -7.73206 5
    endloop
  endfacet
  facet normal 0.555653 -0.831415 0
    outer loop
      vertex 44.2175 -7.5867 5
      vertex 44 -7.73206 0
      vertex 44.2175 -7.5867 0
    endloop
  endfacet
  facet normal 0.980814 -0.194947 0
    outer loop
      vertex 44.9319 -6.51764 5
      vertex 44.9829 -6.26105 0
      vertex 44.9829 -6.26105 5
    endloop
  endfacet
  facet normal 0.980814 -0.194947 0
    outer loop
      vertex 44.9829 -6.26105 0
      vertex 44.9319 -6.51764 5
      vertex 44.9319 -6.51764 0
    endloop
  endfacet
endsolid OpenSCAD_Model
