solid OpenSCAD_Model
  facet normal -0.997872 -0.0652074 -0
    outer loop
      vertex -30.3 0 3.46621
      vertex -30.3145 0.221894 0
      vertex -30.3 0 0
    endloop
  endfacet
  facet normal -0.997872 -0.0652074 0
    outer loop
      vertex -30.3145 0.221894 0
      vertex -30.3 0 3.46621
      vertex -30.3145 0.221894 3.49345
    endloop
  endfacet
  facet normal 0.997872 -0.0652074 0
    outer loop
      vertex -33.7 0 3.46621
      vertex -33.6855 0.221894 0
      vertex -33.6855 0.221894 3.49345
    endloop
  endfacet
  facet normal 0.997872 -0.0652074 0
    outer loop
      vertex -33.6855 0.221894 0
      vertex -33.7 0 3.46621
      vertex -33.7 0 0
    endloop
  endfacet
  facet normal -0.0653848 -0.99786 0
    outer loop
      vertex -32 1.7 0
      vertex -31.7781 1.68546 3.67315
      vertex -32 1.7 3.67494
    endloop
  endfacet
  facet normal -0.0653848 -0.99786 -0
    outer loop
      vertex -31.7781 1.68546 3.67315
      vertex -32 1.7 0
      vertex -31.7781 1.68546 0
    endloop
  endfacet
  facet normal 0.0653848 0.99786 -0
    outer loop
      vertex -32 -1.7 0
      vertex -32.2219 -1.68546 3.25926
      vertex -32 -1.7 3.25747
    endloop
  endfacet
  facet normal 0.0653848 0.99786 0
    outer loop
      vertex -32.2219 -1.68546 3.25926
      vertex -32 -1.7 0
      vertex -32.2219 -1.68546 0
    endloop
  endfacet
  facet normal 0.751888 0.659291 0
    outer loop
      vertex -33.2021 -1.20208 3.31861
      vertex -33.3487 -1.03489 0
      vertex -33.3487 -1.03489 3.33914
    endloop
  endfacet
  facet normal 0.751888 0.659291 0
    outer loop
      vertex -33.3487 -1.03489 0
      vertex -33.2021 -1.20208 3.31861
      vertex -33.2021 -1.20208 0
    endloop
  endfacet
  facet normal -0.659319 -0.751863 0
    outer loop
      vertex -30.9651 1.3487 0
      vertex -30.7979 1.20208 3.6138
      vertex -30.9651 1.3487 3.6318
    endloop
  endfacet
  facet normal -0.659319 -0.751863 -0
    outer loop
      vertex -30.7979 1.20208 3.6138
      vertex -30.9651 1.3487 0
      vertex -30.7979 1.20208 0
    endloop
  endfacet
  facet normal 0.659319 -0.751863 0
    outer loop
      vertex -33.0349 1.3487 0
      vertex -33.2021 1.20208 3.6138
      vertex -33.2021 1.20208 0
    endloop
  endfacet
  facet normal 0.659319 -0.751863 0
    outer loop
      vertex -33.2021 1.20208 3.6138
      vertex -33.0349 1.3487 0
      vertex -33.0349 1.3487 3.6318
    endloop
  endfacet
  facet normal 0.321403 -0.946943 0
    outer loop
      vertex -32.44 1.64207 0
      vertex -32.6506 1.57059 3.65905
      vertex -32.6506 1.57059 0
    endloop
  endfacet
  facet normal 0.321403 -0.946943 0
    outer loop
      vertex -32.6506 1.57059 3.65905
      vertex -32.44 1.64207 0
      vertex -32.44 1.64207 3.66783
    endloop
  endfacet
  facet normal -0.896787 -0.442463 -0
    outer loop
      vertex -30.4294 0.650561 3.54608
      vertex -30.5278 0.849999 0
      vertex -30.4294 0.650561 0
    endloop
  endfacet
  facet normal -0.896787 -0.442463 0
    outer loop
      vertex -30.5278 0.849999 0
      vertex -30.4294 0.650561 3.54608
      vertex -30.5278 0.849999 3.57057
    endloop
  endfacet
  facet normal -0.98077 -0.195167 -0
    outer loop
      vertex -30.3145 0.221894 3.49345
      vertex -30.3579 0.439992 0
      vertex -30.3145 0.221894 0
    endloop
  endfacet
  facet normal -0.98077 -0.195167 0
    outer loop
      vertex -30.3579 0.439992 0
      vertex -30.3145 0.221894 3.49345
      vertex -30.3579 0.439992 3.52023
    endloop
  endfacet
  facet normal -0.831553 -0.555445 -0
    outer loop
      vertex -30.5278 0.849999 3.57057
      vertex -30.6513 1.03489 0
      vertex -30.5278 0.849999 0
    endloop
  endfacet
  facet normal -0.831553 -0.555445 0
    outer loop
      vertex -30.6513 1.03489 0
      vertex -30.5278 0.849999 3.57057
      vertex -30.6513 1.03489 3.59327
    endloop
  endfacet
  facet normal -0.321403 -0.946943 0
    outer loop
      vertex -31.56 1.64207 0
      vertex -31.3494 1.57059 3.65905
      vertex -31.56 1.64207 3.66783
    endloop
  endfacet
  facet normal -0.321403 -0.946943 -0
    outer loop
      vertex -31.3494 1.57059 3.65905
      vertex -31.56 1.64207 0
      vertex -31.3494 1.57059 0
    endloop
  endfacet
  facet normal -0.195122 -0.980779 0
    outer loop
      vertex -31.7781 1.68546 0
      vertex -31.56 1.64207 3.66783
      vertex -31.7781 1.68546 3.67315
    endloop
  endfacet
  facet normal -0.195122 -0.980779 -0
    outer loop
      vertex -31.56 1.64207 3.66783
      vertex -31.7781 1.68546 0
      vertex -31.56 1.64207 0
    endloop
  endfacet
  facet normal -0.442349 -0.896843 0
    outer loop
      vertex -31.3494 1.57059 0
      vertex -31.15 1.47224 3.64697
      vertex -31.3494 1.57059 3.65905
    endloop
  endfacet
  facet normal -0.442349 -0.896843 -0
    outer loop
      vertex -31.15 1.47224 3.64697
      vertex -31.3494 1.57059 0
      vertex -31.15 1.47224 0
    endloop
  endfacet
  facet normal 0.896787 -0.442463 0
    outer loop
      vertex -33.5706 0.650561 3.54608
      vertex -33.4722 0.849999 0
      vertex -33.4722 0.849999 3.57057
    endloop
  endfacet
  facet normal 0.896787 -0.442463 0
    outer loop
      vertex -33.4722 0.849999 0
      vertex -33.5706 0.650561 3.54608
      vertex -33.5706 0.650561 0
    endloop
  endfacet
  facet normal 0.751888 -0.659291 0
    outer loop
      vertex -33.3487 1.03489 3.59327
      vertex -33.2021 1.20208 0
      vertex -33.2021 1.20208 3.6138
    endloop
  endfacet
  facet normal 0.751888 -0.659291 0
    outer loop
      vertex -33.2021 1.20208 0
      vertex -33.3487 1.03489 3.59327
      vertex -33.3487 1.03489 0
    endloop
  endfacet
  facet normal 0.946901 -0.321526 0
    outer loop
      vertex -33.6421 0.439992 3.52023
      vertex -33.5706 0.650561 0
      vertex -33.5706 0.650561 3.54608
    endloop
  endfacet
  facet normal 0.946901 -0.321526 0
    outer loop
      vertex -33.5706 0.650561 0
      vertex -33.6421 0.439992 3.52023
      vertex -33.6421 0.439992 0
    endloop
  endfacet
  facet normal 0.195122 -0.980779 0
    outer loop
      vertex -32.2219 1.68546 0
      vertex -32.44 1.64207 3.66783
      vertex -32.44 1.64207 0
    endloop
  endfacet
  facet normal 0.195122 -0.980779 0
    outer loop
      vertex -32.44 1.64207 3.66783
      vertex -32.2219 1.68546 0
      vertex -32.2219 1.68546 3.67315
    endloop
  endfacet
  facet normal -0.98077 0.195167 0
    outer loop
      vertex -30.3579 -0.439992 3.41218
      vertex -30.3145 -0.221894 0
      vertex -30.3579 -0.439992 0
    endloop
  endfacet
  facet normal -0.98077 0.195167 0
    outer loop
      vertex -30.3145 -0.221894 0
      vertex -30.3579 -0.439992 3.41218
      vertex -30.3145 -0.221894 3.43896
    endloop
  endfacet
  facet normal 0.659319 0.751863 0
    outer loop
      vertex -33.2021 -1.20208 0
      vertex -33.0349 -1.3487 3.30061
      vertex -33.0349 -1.3487 0
    endloop
  endfacet
  facet normal 0.659319 0.751863 0
    outer loop
      vertex -33.0349 -1.3487 3.30061
      vertex -33.2021 -1.20208 0
      vertex -33.2021 -1.20208 3.31861
    endloop
  endfacet
  facet normal 0.321403 0.946943 0
    outer loop
      vertex -32.6506 -1.57059 0
      vertex -32.44 -1.64207 3.26458
      vertex -32.44 -1.64207 0
    endloop
  endfacet
  facet normal 0.321403 0.946943 0
    outer loop
      vertex -32.44 -1.64207 3.26458
      vertex -32.6506 -1.57059 0
      vertex -32.6506 -1.57059 3.27336
    endloop
  endfacet
  facet normal -0.946901 -0.321526 -0
    outer loop
      vertex -30.3579 0.439992 3.52023
      vertex -30.4294 0.650561 0
      vertex -30.3579 0.439992 0
    endloop
  endfacet
  facet normal -0.946901 -0.321526 0
    outer loop
      vertex -30.4294 0.650561 0
      vertex -30.3579 0.439992 3.52023
      vertex -30.4294 0.650561 3.54608
    endloop
  endfacet
  facet normal -0.751888 -0.659291 -0
    outer loop
      vertex -30.6513 1.03489 3.59327
      vertex -30.7979 1.20208 0
      vertex -30.6513 1.03489 0
    endloop
  endfacet
  facet normal -0.751888 -0.659291 0
    outer loop
      vertex -30.7979 1.20208 0
      vertex -30.6513 1.03489 3.59327
      vertex -30.7979 1.20208 3.6138
    endloop
  endfacet
  facet normal -0.555551 -0.831483 0
    outer loop
      vertex -31.15 1.47224 0
      vertex -30.9651 1.3487 3.6318
      vertex -31.15 1.47224 3.64697
    endloop
  endfacet
  facet normal -0.555551 -0.831483 -0
    outer loop
      vertex -30.9651 1.3487 3.6318
      vertex -31.15 1.47224 0
      vertex -30.9651 1.3487 0
    endloop
  endfacet
  facet normal 0.831553 -0.555445 0
    outer loop
      vertex -33.4722 0.849999 3.57057
      vertex -33.3487 1.03489 0
      vertex -33.3487 1.03489 3.59327
    endloop
  endfacet
  facet normal 0.831553 -0.555445 0
    outer loop
      vertex -33.3487 1.03489 0
      vertex -33.4722 0.849999 3.57057
      vertex -33.4722 0.849999 0
    endloop
  endfacet
  facet normal 0.98077 -0.195167 0
    outer loop
      vertex -33.6855 0.221894 3.49345
      vertex -33.6421 0.439992 0
      vertex -33.6421 0.439992 3.52023
    endloop
  endfacet
  facet normal 0.98077 -0.195167 0
    outer loop
      vertex -33.6421 0.439992 0
      vertex -33.6855 0.221894 3.49345
      vertex -33.6855 0.221894 0
    endloop
  endfacet
  facet normal 0.442349 -0.896843 0
    outer loop
      vertex -32.6506 1.57059 0
      vertex -32.85 1.47224 3.64697
      vertex -32.85 1.47224 0
    endloop
  endfacet
  facet normal 0.442349 -0.896843 0
    outer loop
      vertex -32.85 1.47224 3.64697
      vertex -32.6506 1.57059 0
      vertex -32.6506 1.57059 3.65905
    endloop
  endfacet
  facet normal 0.555551 -0.831483 0
    outer loop
      vertex -32.85 1.47224 0
      vertex -33.0349 1.3487 3.6318
      vertex -33.0349 1.3487 0
    endloop
  endfacet
  facet normal 0.555551 -0.831483 0
    outer loop
      vertex -33.0349 1.3487 3.6318
      vertex -32.85 1.47224 0
      vertex -32.85 1.47224 3.64697
    endloop
  endfacet
  facet normal 0.0653848 -0.99786 0
    outer loop
      vertex -32.2219 1.68546 0
      vertex -32 1.7 3.67494
      vertex -32.2219 1.68546 3.67315
    endloop
  endfacet
  facet normal 0.0653848 -0.99786 0
    outer loop
      vertex -32 1.7 3.67494
      vertex -32.2219 1.68546 0
      vertex -32 1.7 0
    endloop
  endfacet
  facet normal -0.997872 0.0652074 0
    outer loop
      vertex -30.3145 -0.221894 3.43896
      vertex -30.3 0 0
      vertex -30.3145 -0.221894 0
    endloop
  endfacet
  facet normal -0.997872 0.0652074 0
    outer loop
      vertex -30.3 0 0
      vertex -30.3145 -0.221894 3.43896
      vertex -30.3 0 3.46621
    endloop
  endfacet
  facet normal -0.0653848 0.99786 0
    outer loop
      vertex -31.7781 -1.68546 0
      vertex -32 -1.7 3.25747
      vertex -31.7781 -1.68546 3.25926
    endloop
  endfacet
  facet normal -0.0653848 0.99786 0
    outer loop
      vertex -32 -1.7 3.25747
      vertex -31.7781 -1.68546 0
      vertex -32 -1.7 0
    endloop
  endfacet
  facet normal -0.321403 0.946943 0
    outer loop
      vertex -31.3494 -1.57059 0
      vertex -31.56 -1.64207 3.26458
      vertex -31.3494 -1.57059 3.27336
    endloop
  endfacet
  facet normal -0.321403 0.946943 0
    outer loop
      vertex -31.56 -1.64207 3.26458
      vertex -31.3494 -1.57059 0
      vertex -31.56 -1.64207 0
    endloop
  endfacet
  facet normal -0.659319 0.751863 0
    outer loop
      vertex -30.7979 -1.20208 0
      vertex -30.9651 -1.3487 3.30061
      vertex -30.7979 -1.20208 3.31861
    endloop
  endfacet
  facet normal -0.659319 0.751863 0
    outer loop
      vertex -30.9651 -1.3487 3.30061
      vertex -30.7979 -1.20208 0
      vertex -30.9651 -1.3487 0
    endloop
  endfacet
  facet normal -0.442349 0.896843 0
    outer loop
      vertex -31.15 -1.47224 0
      vertex -31.3494 -1.57059 3.27336
      vertex -31.15 -1.47224 3.28544
    endloop
  endfacet
  facet normal -0.442349 0.896843 0
    outer loop
      vertex -31.3494 -1.57059 3.27336
      vertex -31.15 -1.47224 0
      vertex -31.3494 -1.57059 0
    endloop
  endfacet
  facet normal -0.831553 0.555445 0
    outer loop
      vertex -30.6513 -1.03489 3.33914
      vertex -30.5278 -0.849999 0
      vertex -30.6513 -1.03489 0
    endloop
  endfacet
  facet normal -0.831553 0.555445 0
    outer loop
      vertex -30.5278 -0.849999 0
      vertex -30.6513 -1.03489 3.33914
      vertex -30.5278 -0.849999 3.36184
    endloop
  endfacet
  facet normal -0.946901 0.321526 0
    outer loop
      vertex -30.4294 -0.650561 3.38633
      vertex -30.3579 -0.439992 0
      vertex -30.4294 -0.650561 0
    endloop
  endfacet
  facet normal -0.946901 0.321526 0
    outer loop
      vertex -30.3579 -0.439992 0
      vertex -30.4294 -0.650561 3.38633
      vertex -30.3579 -0.439992 3.41218
    endloop
  endfacet
  facet normal 0.555551 0.831483 0
    outer loop
      vertex -33.0349 -1.3487 0
      vertex -32.85 -1.47224 3.28544
      vertex -32.85 -1.47224 0
    endloop
  endfacet
  facet normal 0.555551 0.831483 0
    outer loop
      vertex -32.85 -1.47224 3.28544
      vertex -33.0349 -1.3487 0
      vertex -33.0349 -1.3487 3.30061
    endloop
  endfacet
  facet normal 0.195122 0.980779 0
    outer loop
      vertex -32.44 -1.64207 0
      vertex -32.2219 -1.68546 3.25926
      vertex -32.2219 -1.68546 0
    endloop
  endfacet
  facet normal 0.195122 0.980779 0
    outer loop
      vertex -32.2219 -1.68546 3.25926
      vertex -32.44 -1.64207 0
      vertex -32.44 -1.64207 3.26458
    endloop
  endfacet
  facet normal 0.896787 0.442463 0
    outer loop
      vertex -33.4722 -0.849999 3.36184
      vertex -33.5706 -0.650561 0
      vertex -33.5706 -0.650561 3.38633
    endloop
  endfacet
  facet normal 0.896787 0.442463 0
    outer loop
      vertex -33.5706 -0.650561 0
      vertex -33.4722 -0.849999 3.36184
      vertex -33.4722 -0.849999 0
    endloop
  endfacet
  facet normal 0.946901 0.321526 0
    outer loop
      vertex -33.5706 -0.650561 3.38633
      vertex -33.6421 -0.439992 0
      vertex -33.6421 -0.439992 3.41218
    endloop
  endfacet
  facet normal 0.946901 0.321526 0
    outer loop
      vertex -33.6421 -0.439992 0
      vertex -33.5706 -0.650561 3.38633
      vertex -33.5706 -0.650561 0
    endloop
  endfacet
  facet normal 0.997872 0.0652074 0
    outer loop
      vertex -33.6855 -0.221894 3.43896
      vertex -33.7 0 0
      vertex -33.7 0 3.46621
    endloop
  endfacet
  facet normal 0.997872 0.0652074 0
    outer loop
      vertex -33.7 0 0
      vertex -33.6855 -0.221894 3.43896
      vertex -33.6855 -0.221894 0
    endloop
  endfacet
  facet normal -0.195122 0.980779 0
    outer loop
      vertex -31.56 -1.64207 0
      vertex -31.7781 -1.68546 3.25926
      vertex -31.56 -1.64207 3.26458
    endloop
  endfacet
  facet normal -0.195122 0.980779 0
    outer loop
      vertex -31.7781 -1.68546 3.25926
      vertex -31.56 -1.64207 0
      vertex -31.7781 -1.68546 0
    endloop
  endfacet
  facet normal -0.751888 0.659291 0
    outer loop
      vertex -30.7979 -1.20208 3.31861
      vertex -30.6513 -1.03489 0
      vertex -30.7979 -1.20208 0
    endloop
  endfacet
  facet normal -0.751888 0.659291 0
    outer loop
      vertex -30.6513 -1.03489 0
      vertex -30.7979 -1.20208 3.31861
      vertex -30.6513 -1.03489 3.33914
    endloop
  endfacet
  facet normal -0.555551 0.831483 0
    outer loop
      vertex -30.9651 -1.3487 0
      vertex -31.15 -1.47224 3.28544
      vertex -30.9651 -1.3487 3.30061
    endloop
  endfacet
  facet normal -0.555551 0.831483 0
    outer loop
      vertex -31.15 -1.47224 3.28544
      vertex -30.9651 -1.3487 0
      vertex -31.15 -1.47224 0
    endloop
  endfacet
  facet normal -0.896787 0.442463 0
    outer loop
      vertex -30.5278 -0.849999 3.36184
      vertex -30.4294 -0.650561 0
      vertex -30.5278 -0.849999 0
    endloop
  endfacet
  facet normal -0.896787 0.442463 0
    outer loop
      vertex -30.4294 -0.650561 0
      vertex -30.5278 -0.849999 3.36184
      vertex -30.4294 -0.650561 3.38633
    endloop
  endfacet
  facet normal 0.442349 0.896843 0
    outer loop
      vertex -32.85 -1.47224 0
      vertex -32.6506 -1.57059 3.27336
      vertex -32.6506 -1.57059 0
    endloop
  endfacet
  facet normal 0.442349 0.896843 0
    outer loop
      vertex -32.6506 -1.57059 3.27336
      vertex -32.85 -1.47224 0
      vertex -32.85 -1.47224 3.28544
    endloop
  endfacet
  facet normal 0.831553 0.555445 0
    outer loop
      vertex -33.3487 -1.03489 3.33914
      vertex -33.4722 -0.849999 0
      vertex -33.4722 -0.849999 3.36184
    endloop
  endfacet
  facet normal 0.831553 0.555445 0
    outer loop
      vertex -33.4722 -0.849999 0
      vertex -33.3487 -1.03489 3.33914
      vertex -33.3487 -1.03489 0
    endloop
  endfacet
  facet normal 0.98077 0.195167 0
    outer loop
      vertex -33.6421 -0.439992 3.41218
      vertex -33.6855 -0.221894 0
      vertex -33.6855 -0.221894 3.43896
    endloop
  endfacet
  facet normal 0.98077 0.195167 0
    outer loop
      vertex -33.6855 -0.221894 0
      vertex -33.6421 -0.439992 3.41218
      vertex -33.6421 -0.439992 0
    endloop
  endfacet
  facet normal -0.997872 -0.0652074 -0
    outer loop
      vertex 33.7 0 3.46621
      vertex 33.6855 0.221894 0
      vertex 33.7 0 0
    endloop
  endfacet
  facet normal -0.997872 -0.0652074 0
    outer loop
      vertex 33.6855 0.221894 0
      vertex 33.7 0 3.46621
      vertex 33.6855 0.221894 3.49345
    endloop
  endfacet
  facet normal 0.997872 -0.0652074 0
    outer loop
      vertex 30.3 0 3.46621
      vertex 30.3145 0.221894 0
      vertex 30.3145 0.221894 3.49345
    endloop
  endfacet
  facet normal 0.997872 -0.0652074 0
    outer loop
      vertex 30.3145 0.221894 0
      vertex 30.3 0 3.46621
      vertex 30.3 0 0
    endloop
  endfacet
  facet normal -0.0653848 -0.99786 0
    outer loop
      vertex 32 1.7 0
      vertex 32.2219 1.68546 3.67315
      vertex 32 1.7 3.67494
    endloop
  endfacet
  facet normal -0.0653848 -0.99786 -0
    outer loop
      vertex 32.2219 1.68546 3.67315
      vertex 32 1.7 0
      vertex 32.2219 1.68546 0
    endloop
  endfacet
  facet normal 0.0653848 0.99786 -0
    outer loop
      vertex 32 -1.7 0
      vertex 31.7781 -1.68546 3.25926
      vertex 32 -1.7 3.25747
    endloop
  endfacet
  facet normal 0.0653848 0.99786 0
    outer loop
      vertex 31.7781 -1.68546 3.25926
      vertex 32 -1.7 0
      vertex 31.7781 -1.68546 0
    endloop
  endfacet
  facet normal -0.659319 -0.751863 0
    outer loop
      vertex 33.0349 1.3487 0
      vertex 33.2021 1.20208 3.6138
      vertex 33.0349 1.3487 3.6318
    endloop
  endfacet
  facet normal -0.659319 -0.751863 -0
    outer loop
      vertex 33.2021 1.20208 3.6138
      vertex 33.0349 1.3487 0
      vertex 33.2021 1.20208 0
    endloop
  endfacet
  facet normal 0.659319 -0.751863 0
    outer loop
      vertex 30.9651 1.3487 0
      vertex 30.7979 1.20208 3.6138
      vertex 30.7979 1.20208 0
    endloop
  endfacet
  facet normal 0.659319 -0.751863 0
    outer loop
      vertex 30.7979 1.20208 3.6138
      vertex 30.9651 1.3487 0
      vertex 30.9651 1.3487 3.6318
    endloop
  endfacet
  facet normal 0.321403 -0.946943 0
    outer loop
      vertex 31.56 1.64207 0
      vertex 31.3494 1.57059 3.65905
      vertex 31.3494 1.57059 0
    endloop
  endfacet
  facet normal 0.321403 -0.946943 0
    outer loop
      vertex 31.3494 1.57059 3.65905
      vertex 31.56 1.64207 0
      vertex 31.56 1.64207 3.66783
    endloop
  endfacet
  facet normal -0.896787 -0.442463 -0
    outer loop
      vertex 33.5706 0.650561 3.54608
      vertex 33.4722 0.849999 0
      vertex 33.5706 0.650561 0
    endloop
  endfacet
  facet normal -0.896787 -0.442463 0
    outer loop
      vertex 33.4722 0.849999 0
      vertex 33.5706 0.650561 3.54608
      vertex 33.4722 0.849999 3.57057
    endloop
  endfacet
  facet normal -0.98077 -0.195167 -0
    outer loop
      vertex 33.6855 0.221894 3.49345
      vertex 33.6421 0.439992 0
      vertex 33.6855 0.221894 0
    endloop
  endfacet
  facet normal -0.98077 -0.195167 0
    outer loop
      vertex 33.6421 0.439992 0
      vertex 33.6855 0.221894 3.49345
      vertex 33.6421 0.439992 3.52023
    endloop
  endfacet
  facet normal -0.831553 -0.555445 -0
    outer loop
      vertex 33.4722 0.849999 3.57057
      vertex 33.3487 1.03489 0
      vertex 33.4722 0.849999 0
    endloop
  endfacet
  facet normal -0.831553 -0.555445 0
    outer loop
      vertex 33.3487 1.03489 0
      vertex 33.4722 0.849999 3.57057
      vertex 33.3487 1.03489 3.59327
    endloop
  endfacet
  facet normal -0.321403 -0.946943 0
    outer loop
      vertex 32.44 1.64207 0
      vertex 32.6506 1.57059 3.65905
      vertex 32.44 1.64207 3.66783
    endloop
  endfacet
  facet normal -0.321403 -0.946943 -0
    outer loop
      vertex 32.6506 1.57059 3.65905
      vertex 32.44 1.64207 0
      vertex 32.6506 1.57059 0
    endloop
  endfacet
  facet normal -0.195122 -0.980779 0
    outer loop
      vertex 32.2219 1.68546 0
      vertex 32.44 1.64207 3.66783
      vertex 32.2219 1.68546 3.67315
    endloop
  endfacet
  facet normal -0.195122 -0.980779 -0
    outer loop
      vertex 32.44 1.64207 3.66783
      vertex 32.2219 1.68546 0
      vertex 32.44 1.64207 0
    endloop
  endfacet
  facet normal -0.442349 -0.896843 0
    outer loop
      vertex 32.6506 1.57059 0
      vertex 32.85 1.47224 3.64697
      vertex 32.6506 1.57059 3.65905
    endloop
  endfacet
  facet normal -0.442349 -0.896843 -0
    outer loop
      vertex 32.85 1.47224 3.64697
      vertex 32.6506 1.57059 0
      vertex 32.85 1.47224 0
    endloop
  endfacet
  facet normal 0.831553 -0.555445 0
    outer loop
      vertex 30.5278 0.849999 3.57057
      vertex 30.6513 1.03489 0
      vertex 30.6513 1.03489 3.59327
    endloop
  endfacet
  facet normal 0.831553 -0.555445 0
    outer loop
      vertex 30.6513 1.03489 0
      vertex 30.5278 0.849999 3.57057
      vertex 30.5278 0.849999 0
    endloop
  endfacet
  facet normal 0.751888 -0.659291 0
    outer loop
      vertex 30.6513 1.03489 3.59327
      vertex 30.7979 1.20208 0
      vertex 30.7979 1.20208 3.6138
    endloop
  endfacet
  facet normal 0.751888 -0.659291 0
    outer loop
      vertex 30.7979 1.20208 0
      vertex 30.6513 1.03489 3.59327
      vertex 30.6513 1.03489 0
    endloop
  endfacet
  facet normal 0.946901 -0.321526 0
    outer loop
      vertex 30.3579 0.439992 3.52023
      vertex 30.4294 0.650561 0
      vertex 30.4294 0.650561 3.54608
    endloop
  endfacet
  facet normal 0.946901 -0.321526 0
    outer loop
      vertex 30.4294 0.650561 0
      vertex 30.3579 0.439992 3.52023
      vertex 30.3579 0.439992 0
    endloop
  endfacet
  facet normal 0.555551 -0.831483 0
    outer loop
      vertex 31.15 1.47224 0
      vertex 30.9651 1.3487 3.6318
      vertex 30.9651 1.3487 0
    endloop
  endfacet
  facet normal 0.555551 -0.831483 0
    outer loop
      vertex 30.9651 1.3487 3.6318
      vertex 31.15 1.47224 0
      vertex 31.15 1.47224 3.64697
    endloop
  endfacet
  facet normal 0.195122 -0.980779 0
    outer loop
      vertex 31.7781 1.68546 0
      vertex 31.56 1.64207 3.66783
      vertex 31.56 1.64207 0
    endloop
  endfacet
  facet normal 0.195122 -0.980779 0
    outer loop
      vertex 31.56 1.64207 3.66783
      vertex 31.7781 1.68546 0
      vertex 31.7781 1.68546 3.67315
    endloop
  endfacet
  facet normal -0.751888 0.659291 0
    outer loop
      vertex 33.2021 -1.20208 3.31861
      vertex 33.3487 -1.03489 0
      vertex 33.2021 -1.20208 0
    endloop
  endfacet
  facet normal -0.751888 0.659291 0
    outer loop
      vertex 33.3487 -1.03489 0
      vertex 33.2021 -1.20208 3.31861
      vertex 33.3487 -1.03489 3.33914
    endloop
  endfacet
  facet normal -0.98077 0.195167 0
    outer loop
      vertex 33.6421 -0.439992 3.41218
      vertex 33.6855 -0.221894 0
      vertex 33.6421 -0.439992 0
    endloop
  endfacet
  facet normal -0.98077 0.195167 0
    outer loop
      vertex 33.6855 -0.221894 0
      vertex 33.6421 -0.439992 3.41218
      vertex 33.6855 -0.221894 3.43896
    endloop
  endfacet
  facet normal 0.659319 0.751863 0
    outer loop
      vertex 30.7979 -1.20208 0
      vertex 30.9651 -1.3487 3.30061
      vertex 30.9651 -1.3487 0
    endloop
  endfacet
  facet normal 0.659319 0.751863 0
    outer loop
      vertex 30.9651 -1.3487 3.30061
      vertex 30.7979 -1.20208 0
      vertex 30.7979 -1.20208 3.31861
    endloop
  endfacet
  facet normal 0.321403 0.946943 0
    outer loop
      vertex 31.3494 -1.57059 0
      vertex 31.56 -1.64207 3.26458
      vertex 31.56 -1.64207 0
    endloop
  endfacet
  facet normal 0.321403 0.946943 0
    outer loop
      vertex 31.56 -1.64207 3.26458
      vertex 31.3494 -1.57059 0
      vertex 31.3494 -1.57059 3.27336
    endloop
  endfacet
  facet normal 0.751888 0.659291 0
    outer loop
      vertex 30.7979 -1.20208 3.31861
      vertex 30.6513 -1.03489 0
      vertex 30.6513 -1.03489 3.33914
    endloop
  endfacet
  facet normal 0.751888 0.659291 0
    outer loop
      vertex 30.6513 -1.03489 0
      vertex 30.7979 -1.20208 3.31861
      vertex 30.7979 -1.20208 0
    endloop
  endfacet
  facet normal -0.946901 -0.321526 -0
    outer loop
      vertex 33.6421 0.439992 3.52023
      vertex 33.5706 0.650561 0
      vertex 33.6421 0.439992 0
    endloop
  endfacet
  facet normal -0.946901 -0.321526 0
    outer loop
      vertex 33.5706 0.650561 0
      vertex 33.6421 0.439992 3.52023
      vertex 33.5706 0.650561 3.54608
    endloop
  endfacet
  facet normal -0.751888 -0.659291 -0
    outer loop
      vertex 33.3487 1.03489 3.59327
      vertex 33.2021 1.20208 0
      vertex 33.3487 1.03489 0
    endloop
  endfacet
  facet normal -0.751888 -0.659291 0
    outer loop
      vertex 33.2021 1.20208 0
      vertex 33.3487 1.03489 3.59327
      vertex 33.2021 1.20208 3.6138
    endloop
  endfacet
  facet normal -0.555551 -0.831483 0
    outer loop
      vertex 32.85 1.47224 0
      vertex 33.0349 1.3487 3.6318
      vertex 32.85 1.47224 3.64697
    endloop
  endfacet
  facet normal -0.555551 -0.831483 -0
    outer loop
      vertex 33.0349 1.3487 3.6318
      vertex 32.85 1.47224 0
      vertex 33.0349 1.3487 0
    endloop
  endfacet
  facet normal 0.896787 -0.442463 0
    outer loop
      vertex 30.4294 0.650561 3.54608
      vertex 30.5278 0.849999 0
      vertex 30.5278 0.849999 3.57057
    endloop
  endfacet
  facet normal 0.896787 -0.442463 0
    outer loop
      vertex 30.5278 0.849999 0
      vertex 30.4294 0.650561 3.54608
      vertex 30.4294 0.650561 0
    endloop
  endfacet
  facet normal 0.98077 -0.195167 0
    outer loop
      vertex 30.3145 0.221894 3.49345
      vertex 30.3579 0.439992 0
      vertex 30.3579 0.439992 3.52023
    endloop
  endfacet
  facet normal 0.98077 -0.195167 0
    outer loop
      vertex 30.3579 0.439992 0
      vertex 30.3145 0.221894 3.49345
      vertex 30.3145 0.221894 0
    endloop
  endfacet
  facet normal 0.0653848 -0.99786 0
    outer loop
      vertex 31.7781 1.68546 0
      vertex 32 1.7 3.67494
      vertex 31.7781 1.68546 3.67315
    endloop
  endfacet
  facet normal 0.0653848 -0.99786 0
    outer loop
      vertex 32 1.7 3.67494
      vertex 31.7781 1.68546 0
      vertex 32 1.7 0
    endloop
  endfacet
  facet normal -0.997872 0.0652074 0
    outer loop
      vertex 33.6855 -0.221894 3.43896
      vertex 33.7 0 0
      vertex 33.6855 -0.221894 0
    endloop
  endfacet
  facet normal -0.997872 0.0652074 0
    outer loop
      vertex 33.7 0 0
      vertex 33.6855 -0.221894 3.43896
      vertex 33.7 0 3.46621
    endloop
  endfacet
  facet normal -0.0653848 0.99786 0
    outer loop
      vertex 32.2219 -1.68546 0
      vertex 32 -1.7 3.25747
      vertex 32.2219 -1.68546 3.25926
    endloop
  endfacet
  facet normal -0.0653848 0.99786 0
    outer loop
      vertex 32 -1.7 3.25747
      vertex 32.2219 -1.68546 0
      vertex 32 -1.7 0
    endloop
  endfacet
  facet normal -0.321403 0.946943 0
    outer loop
      vertex 32.6506 -1.57059 0
      vertex 32.44 -1.64207 3.26458
      vertex 32.6506 -1.57059 3.27336
    endloop
  endfacet
  facet normal -0.321403 0.946943 0
    outer loop
      vertex 32.44 -1.64207 3.26458
      vertex 32.6506 -1.57059 0
      vertex 32.44 -1.64207 0
    endloop
  endfacet
  facet normal -0.442349 0.896843 0
    outer loop
      vertex 32.85 -1.47224 0
      vertex 32.6506 -1.57059 3.27336
      vertex 32.85 -1.47224 3.28544
    endloop
  endfacet
  facet normal -0.442349 0.896843 0
    outer loop
      vertex 32.6506 -1.57059 3.27336
      vertex 32.85 -1.47224 0
      vertex 32.6506 -1.57059 0
    endloop
  endfacet
  facet normal -0.659319 0.751863 0
    outer loop
      vertex 33.2021 -1.20208 0
      vertex 33.0349 -1.3487 3.30061
      vertex 33.2021 -1.20208 3.31861
    endloop
  endfacet
  facet normal -0.659319 0.751863 0
    outer loop
      vertex 33.0349 -1.3487 3.30061
      vertex 33.2021 -1.20208 0
      vertex 33.0349 -1.3487 0
    endloop
  endfacet
  facet normal -0.555551 0.831483 0
    outer loop
      vertex 33.0349 -1.3487 0
      vertex 32.85 -1.47224 3.28544
      vertex 33.0349 -1.3487 3.30061
    endloop
  endfacet
  facet normal -0.555551 0.831483 0
    outer loop
      vertex 32.85 -1.47224 3.28544
      vertex 33.0349 -1.3487 0
      vertex 32.85 -1.47224 0
    endloop
  endfacet
  facet normal -0.946901 0.321526 0
    outer loop
      vertex 33.5706 -0.650561 3.38633
      vertex 33.6421 -0.439992 0
      vertex 33.5706 -0.650561 0
    endloop
  endfacet
  facet normal -0.946901 0.321526 0
    outer loop
      vertex 33.6421 -0.439992 0
      vertex 33.5706 -0.650561 3.38633
      vertex 33.6421 -0.439992 3.41218
    endloop
  endfacet
  facet normal -0.831553 0.555445 0
    outer loop
      vertex 33.3487 -1.03489 3.33914
      vertex 33.4722 -0.849999 0
      vertex 33.3487 -1.03489 0
    endloop
  endfacet
  facet normal -0.831553 0.555445 0
    outer loop
      vertex 33.4722 -0.849999 0
      vertex 33.3487 -1.03489 3.33914
      vertex 33.4722 -0.849999 3.36184
    endloop
  endfacet
  facet normal -0.896787 0.442463 0
    outer loop
      vertex 33.4722 -0.849999 3.36184
      vertex 33.5706 -0.650561 0
      vertex 33.4722 -0.849999 0
    endloop
  endfacet
  facet normal -0.896787 0.442463 0
    outer loop
      vertex 33.5706 -0.650561 0
      vertex 33.4722 -0.849999 3.36184
      vertex 33.5706 -0.650561 3.38633
    endloop
  endfacet
  facet normal 0.555551 0.831483 0
    outer loop
      vertex 30.9651 -1.3487 0
      vertex 31.15 -1.47224 3.28544
      vertex 31.15 -1.47224 0
    endloop
  endfacet
  facet normal 0.555551 0.831483 0
    outer loop
      vertex 31.15 -1.47224 3.28544
      vertex 30.9651 -1.3487 0
      vertex 30.9651 -1.3487 3.30061
    endloop
  endfacet
  facet normal 0.195122 0.980779 0
    outer loop
      vertex 31.56 -1.64207 0
      vertex 31.7781 -1.68546 3.25926
      vertex 31.7781 -1.68546 0
    endloop
  endfacet
  facet normal 0.195122 0.980779 0
    outer loop
      vertex 31.7781 -1.68546 3.25926
      vertex 31.56 -1.64207 0
      vertex 31.56 -1.64207 3.26458
    endloop
  endfacet
  facet normal 0.896787 0.442463 0
    outer loop
      vertex 30.5278 -0.849999 3.36184
      vertex 30.4294 -0.650561 0
      vertex 30.4294 -0.650561 3.38633
    endloop
  endfacet
  facet normal 0.896787 0.442463 0
    outer loop
      vertex 30.4294 -0.650561 0
      vertex 30.5278 -0.849999 3.36184
      vertex 30.5278 -0.849999 0
    endloop
  endfacet
  facet normal 0.946901 0.321526 0
    outer loop
      vertex 30.4294 -0.650561 3.38633
      vertex 30.3579 -0.439992 0
      vertex 30.3579 -0.439992 3.41218
    endloop
  endfacet
  facet normal 0.946901 0.321526 0
    outer loop
      vertex 30.3579 -0.439992 0
      vertex 30.4294 -0.650561 3.38633
      vertex 30.4294 -0.650561 0
    endloop
  endfacet
  facet normal 0.997872 0.0652074 0
    outer loop
      vertex 30.3145 -0.221894 3.43896
      vertex 30.3 0 0
      vertex 30.3 0 3.46621
    endloop
  endfacet
  facet normal 0.997872 0.0652074 0
    outer loop
      vertex 30.3 0 0
      vertex 30.3145 -0.221894 3.43896
      vertex 30.3145 -0.221894 0
    endloop
  endfacet
  facet normal 0.442349 -0.896843 0
    outer loop
      vertex 31.3494 1.57059 0
      vertex 31.15 1.47224 3.64697
      vertex 31.15 1.47224 0
    endloop
  endfacet
  facet normal 0.442349 -0.896843 0
    outer loop
      vertex 31.15 1.47224 3.64697
      vertex 31.3494 1.57059 0
      vertex 31.3494 1.57059 3.65905
    endloop
  endfacet
  facet normal -0.195122 0.980779 0
    outer loop
      vertex 32.44 -1.64207 0
      vertex 32.2219 -1.68546 3.25926
      vertex 32.44 -1.64207 3.26458
    endloop
  endfacet
  facet normal -0.195122 0.980779 0
    outer loop
      vertex 32.2219 -1.68546 3.25926
      vertex 32.44 -1.64207 0
      vertex 32.2219 -1.68546 0
    endloop
  endfacet
  facet normal 0.442349 0.896843 0
    outer loop
      vertex 31.15 -1.47224 0
      vertex 31.3494 -1.57059 3.27336
      vertex 31.3494 -1.57059 0
    endloop
  endfacet
  facet normal 0.442349 0.896843 0
    outer loop
      vertex 31.3494 -1.57059 3.27336
      vertex 31.15 -1.47224 0
      vertex 31.15 -1.47224 3.28544
    endloop
  endfacet
  facet normal 0.831553 0.555445 0
    outer loop
      vertex 30.6513 -1.03489 3.33914
      vertex 30.5278 -0.849999 0
      vertex 30.5278 -0.849999 3.36184
    endloop
  endfacet
  facet normal 0.831553 0.555445 0
    outer loop
      vertex 30.5278 -0.849999 0
      vertex 30.6513 -1.03489 3.33914
      vertex 30.6513 -1.03489 0
    endloop
  endfacet
  facet normal 0.98077 0.195167 0
    outer loop
      vertex 30.3579 -0.439992 3.41218
      vertex 30.3145 -0.221894 0
      vertex 30.3145 -0.221894 3.43896
    endloop
  endfacet
  facet normal 0.98077 0.195167 0
    outer loop
      vertex 30.3145 -0.221894 0
      vertex 30.3579 -0.439992 3.41218
      vertex 30.3579 -0.439992 0
    endloop
  endfacet
  facet normal 0.0653605 -0.997862 0
    outer loop
      vertex 49 -32.5 0
      vertex 49.7832 -32.4487 12
      vertex 49 -32.5 12
    endloop
  endfacet
  facet normal 0.0653605 -0.997862 0
    outer loop
      vertex 49.7832 -32.4487 12
      vertex 49 -32.5 0
      vertex 49.7832 -32.4487 0
    endloop
  endfacet
  facet normal 0.195209 -0.980762 0
    outer loop
      vertex 49.7832 -32.4487 0
      vertex 50.5529 -32.2955 12
      vertex 49.7832 -32.4487 12
    endloop
  endfacet
  facet normal 0.195209 -0.980762 0
    outer loop
      vertex 50.5529 -32.2955 12
      vertex 49.7832 -32.4487 0
      vertex 50.5529 -32.2955 0
    endloop
  endfacet
  facet normal -0.0653605 0.997862 0
    outer loop
      vertex -49 32.5 0
      vertex -49.7832 32.4487 12
      vertex -49 32.5 12
    endloop
  endfacet
  facet normal -0.0653605 0.997862 0
    outer loop
      vertex -49.7832 32.4487 12
      vertex -49 32.5 0
      vertex -49.7832 32.4487 0
    endloop
  endfacet
  facet normal -0.442263 -0.896885 0
    outer loop
      vertex -52 -31.6962 0
      vertex -51.2961 -32.0433 12
      vertex -52 -31.6962 12
    endloop
  endfacet
  facet normal -0.442263 -0.896885 -0
    outer loop
      vertex -51.2961 -32.0433 12
      vertex -52 -31.6962 0
      vertex -51.2961 -32.0433 0
    endloop
  endfacet
  facet normal 0.0653605 0.997862 -0
    outer loop
      vertex 49.7832 32.4487 0
      vertex 49 32.5 12
      vertex 49.7832 32.4487 12
    endloop
  endfacet
  facet normal 0.0653605 0.997862 0
    outer loop
      vertex 49 32.5 12
      vertex 49.7832 32.4487 0
      vertex 49 32.5 0
    endloop
  endfacet
  facet normal -0.751787 0.659406 0
    outer loop
      vertex -53.7601 30.1526 0
      vertex -53.2426 30.7426 12
      vertex -53.2426 30.7426 0
    endloop
  endfacet
  facet normal -0.751787 0.659406 0
    outer loop
      vertex -53.2426 30.7426 12
      vertex -53.7601 30.1526 0
      vertex -53.7601 30.1526 12
    endloop
  endfacet
  facet normal 0 0 1
    outer loop
      vertex 49 -32.5 12
      vertex 55 -26.5 12
      vertex 55 -4.3474 12
    endloop
  endfacet
  facet normal 0 0 1
    outer loop
      vertex 55 -26.5 12
      vertex 49 -32.5 12
      vertex 54.9487 -27.2832 12
    endloop
  endfacet
  facet normal 0 0 1
    outer loop
      vertex 54.9487 -27.2832 12
      vertex 49 -32.5 12
      vertex 54.7955 -28.0529 12
    endloop
  endfacet
  facet normal 0 0 1
    outer loop
      vertex 54.7955 -28.0529 12
      vertex 49 -32.5 12
      vertex 54.5433 -28.7961 12
    endloop
  endfacet
  facet normal 0 0 1
    outer loop
      vertex 54.5433 -28.7961 12
      vertex 49 -32.5 12
      vertex 54.1962 -29.5 12
    endloop
  endfacet
  facet normal 0 0 1
    outer loop
      vertex 54.1962 -29.5 12
      vertex 49 -32.5 12
      vertex 53.7601 -30.1526 12
    endloop
  endfacet
  facet normal 0 0 1
    outer loop
      vertex 53.7601 -30.1526 12
      vertex 49 -32.5 12
      vertex 53.2426 -30.7426 12
    endloop
  endfacet
  facet normal 0 0 1
    outer loop
      vertex 53.2426 -30.7426 12
      vertex 49 -32.5 12
      vertex 52.6526 -31.2601 12
    endloop
  endfacet
  facet normal 0 0 1
    outer loop
      vertex 52.6526 -31.2601 12
      vertex 49 -32.5 12
      vertex 52 -31.6962 12
    endloop
  endfacet
  facet normal 0 0 1
    outer loop
      vertex 52 -31.6962 12
      vertex 49 -32.5 12
      vertex 51.2961 -32.0433 12
    endloop
  endfacet
  facet normal 0 0 1
    outer loop
      vertex 51.2961 -32.0433 12
      vertex 49 -32.5 12
      vertex 50.5529 -32.2955 12
    endloop
  endfacet
  facet normal 0 0 1
    outer loop
      vertex 50.5529 -32.2955 12
      vertex 49 -32.5 12
      vertex 49.7832 -32.4487 12
    endloop
  endfacet
  facet normal 0 0 1
    outer loop
      vertex 55 -4.3474 12
      vertex -49 -32.5 12
      vertex 49 -32.5 12
    endloop
  endfacet
  facet normal -0 0 1
    outer loop
      vertex -55 -4.3474 12
      vertex -49 -32.5 12
      vertex 55 -4.3474 12
    endloop
  endfacet
  facet normal -0 0 1
    outer loop
      vertex -55 -26.5 12
      vertex -49 -32.5 12
      vertex -55 -4.3474 12
    endloop
  endfacet
  facet normal 0 0 1
    outer loop
      vertex -49 -32.5 12
      vertex -55 -26.5 12
      vertex -49.7832 -32.4487 12
    endloop
  endfacet
  facet normal 0 0 1
    outer loop
      vertex -49.7832 -32.4487 12
      vertex -55 -26.5 12
      vertex -50.5529 -32.2955 12
    endloop
  endfacet
  facet normal 0 0 1
    outer loop
      vertex -50.5529 -32.2955 12
      vertex -55 -26.5 12
      vertex -51.2961 -32.0433 12
    endloop
  endfacet
  facet normal 0 0 1
    outer loop
      vertex -51.2961 -32.0433 12
      vertex -55 -26.5 12
      vertex -52 -31.6962 12
    endloop
  endfacet
  facet normal 0 0 1
    outer loop
      vertex -52 -31.6962 12
      vertex -55 -26.5 12
      vertex -52.6526 -31.2601 12
    endloop
  endfacet
  facet normal 0 0 1
    outer loop
      vertex -52.6526 -31.2601 12
      vertex -55 -26.5 12
      vertex -53.2426 -30.7426 12
    endloop
  endfacet
  facet normal 0 0 1
    outer loop
      vertex -53.2426 -30.7426 12
      vertex -55 -26.5 12
      vertex -53.7601 -30.1526 12
    endloop
  endfacet
  facet normal 0 0 1
    outer loop
      vertex -54.1962 -29.5 12
      vertex -55 -26.5 12
      vertex -54.5433 -28.7961 12
    endloop
  endfacet
  facet normal 0 0 1
    outer loop
      vertex -54.5433 -28.7961 12
      vertex -55 -26.5 12
      vertex -54.7955 -28.0529 12
    endloop
  endfacet
  facet normal 0 0 1
    outer loop
      vertex -53.7601 -30.1526 12
      vertex -55 -26.5 12
      vertex -54.1962 -29.5 12
    endloop
  endfacet
  facet normal 0 0 1
    outer loop
      vertex -54.7955 -28.0529 12
      vertex -55 -26.5 12
      vertex -54.9487 -27.2832 12
    endloop
  endfacet
  facet normal 0 0 1
    outer loop
      vertex 49 32.5 12
      vertex 55 26.5 12
      vertex 54.9487 27.2832 12
    endloop
  endfacet
  facet normal 0 0 1
    outer loop
      vertex 49 32.5 12
      vertex 54.9487 27.2832 12
      vertex 54.7955 28.0529 12
    endloop
  endfacet
  facet normal 0 0 1
    outer loop
      vertex 49 32.5 12
      vertex 54.7955 28.0529 12
      vertex 54.5433 28.7961 12
    endloop
  endfacet
  facet normal 0 0 1
    outer loop
      vertex 49 32.5 12
      vertex 54.5433 28.7961 12
      vertex 54.1962 29.5 12
    endloop
  endfacet
  facet normal 0 0 1
    outer loop
      vertex 49 32.5 12
      vertex 54.1962 29.5 12
      vertex 53.7601 30.1526 12
    endloop
  endfacet
  facet normal 0 0 1
    outer loop
      vertex 49 32.5 12
      vertex 53.7601 30.1526 12
      vertex 53.2426 30.7426 12
    endloop
  endfacet
  facet normal 0 0 1
    outer loop
      vertex 49 32.5 12
      vertex 53.2426 30.7426 12
      vertex 52.6526 31.2601 12
    endloop
  endfacet
  facet normal 0 0 1
    outer loop
      vertex 49 32.5 12
      vertex 52.6526 31.2601 12
      vertex 52 31.6962 12
    endloop
  endfacet
  facet normal 0 0 1
    outer loop
      vertex 49 32.5 12
      vertex 52 31.6962 12
      vertex 51.2961 32.0433 12
    endloop
  endfacet
  facet normal 0 0 1
    outer loop
      vertex 49 32.5 12
      vertex 51.2961 32.0433 12
      vertex 50.5529 32.2955 12
    endloop
  endfacet
  facet normal 0 0 1
    outer loop
      vertex 49 32.5 12
      vertex 50.5529 32.2955 12
      vertex 49.7832 32.4487 12
    endloop
  endfacet
  facet normal 0 0 1
    outer loop
      vertex 55 26.5 12
      vertex 49 32.5 12
      vertex 55 19.8102 12
    endloop
  endfacet
  facet normal -0 0 1
    outer loop
      vertex -49 32.5 12
      vertex 55 19.8102 12
      vertex 49 32.5 12
    endloop
  endfacet
  facet normal 0 0 1
    outer loop
      vertex -55 26.5 12
      vertex -49 32.5 12
      vertex -49.7832 32.4487 12
    endloop
  endfacet
  facet normal 0 0 1
    outer loop
      vertex -55 26.5 12
      vertex -49.7832 32.4487 12
      vertex -50.5529 32.2955 12
    endloop
  endfacet
  facet normal 0 0 1
    outer loop
      vertex -55 26.5 12
      vertex -50.5529 32.2955 12
      vertex -51.2961 32.0433 12
    endloop
  endfacet
  facet normal 0 0 1
    outer loop
      vertex -55 26.5 12
      vertex -51.2961 32.0433 12
      vertex -52 31.6962 12
    endloop
  endfacet
  facet normal 0 0 1
    outer loop
      vertex -55 26.5 12
      vertex -52 31.6962 12
      vertex -52.6526 31.2601 12
    endloop
  endfacet
  facet normal 0 0 1
    outer loop
      vertex -55 26.5 12
      vertex -52.6526 31.2601 12
      vertex -53.2426 30.7426 12
    endloop
  endfacet
  facet normal 0 0 1
    outer loop
      vertex -55 26.5 12
      vertex -53.2426 30.7426 12
      vertex -53.7601 30.1526 12
    endloop
  endfacet
  facet normal 0 0 1
    outer loop
      vertex -55 26.5 12
      vertex -53.7601 30.1526 12
      vertex -54.1962 29.5 12
    endloop
  endfacet
  facet normal 0 0 1
    outer loop
      vertex -55 26.5 12
      vertex -54.1962 29.5 12
      vertex -54.5433 28.7961 12
    endloop
  endfacet
  facet normal 0 0 1
    outer loop
      vertex -55 26.5 12
      vertex -54.5433 28.7961 12
      vertex -54.7955 28.0529 12
    endloop
  endfacet
  facet normal 0 0 1
    outer loop
      vertex -55 26.5 12
      vertex -54.7955 28.0529 12
      vertex -54.9487 27.2832 12
    endloop
  endfacet
  facet normal 0 0 1
    outer loop
      vertex -49 32.5 12
      vertex -55 26.5 12
      vertex -55 19.8102 12
    endloop
  endfacet
  facet normal 0 0 1
    outer loop
      vertex -49 32.5 12
      vertex -55 19.8102 12
      vertex 55 19.8102 12
    endloop
  endfacet
  facet normal 0 -1 0
    outer loop
      vertex -49 -32.5 0
      vertex 49 -32.5 12
      vertex -49 -32.5 12
    endloop
  endfacet
  facet normal 0 -1 -0
    outer loop
      vertex 49 -32.5 12
      vertex -49 -32.5 0
      vertex 49 -32.5 0
    endloop
  endfacet
  facet normal 0 1 -0
    outer loop
      vertex 49 32.5 0
      vertex -49 32.5 12
      vertex 49 32.5 12
    endloop
  endfacet
  facet normal 0 1 0
    outer loop
      vertex -49 32.5 12
      vertex 49 32.5 0
      vertex -49 32.5 0
    endloop
  endfacet
  facet normal -0.442263 0.896885 0
    outer loop
      vertex -51.2961 32.0433 0
      vertex -52 31.6962 12
      vertex -51.2961 32.0433 12
    endloop
  endfacet
  facet normal -0.442263 0.896885 0
    outer loop
      vertex -52 31.6962 12
      vertex -51.2961 32.0433 0
      vertex -52 31.6962 0
    endloop
  endfacet
  facet normal -0.555611 -0.831442 0
    outer loop
      vertex -52.6526 -31.2601 0
      vertex -52 -31.6962 12
      vertex -52.6526 -31.2601 12
    endloop
  endfacet
  facet normal -0.555611 -0.831442 -0
    outer loop
      vertex -52 -31.6962 12
      vertex -52.6526 -31.2601 0
      vertex -52 -31.6962 0
    endloop
  endfacet
  facet normal -0.195209 -0.980762 0
    outer loop
      vertex -50.5529 -32.2955 0
      vertex -49.7832 -32.4487 12
      vertex -50.5529 -32.2955 12
    endloop
  endfacet
  facet normal -0.195209 -0.980762 -0
    outer loop
      vertex -49.7832 -32.4487 12
      vertex -50.5529 -32.2955 0
      vertex -49.7832 -32.4487 0
    endloop
  endfacet
  facet normal -0.321345 -0.946962 0
    outer loop
      vertex -51.2961 -32.0433 0
      vertex -50.5529 -32.2955 12
      vertex -51.2961 -32.0433 12
    endloop
  endfacet
  facet normal -0.321345 -0.946962 -0
    outer loop
      vertex -50.5529 -32.2955 12
      vertex -51.2961 -32.0433 0
      vertex -50.5529 -32.2955 0
    endloop
  endfacet
  facet normal 1 0 0
    outer loop
      vertex 55 -4.3474 12
      vertex 55 -26.5 12
      vertex 55 -20.5482 10.0108
    endloop
  endfacet
  facet normal 1 0 0
    outer loop
      vertex 55 26.5 12
      vertex 55 20.5482 5.98921
      vertex 55 26.5 0
    endloop
  endfacet
  facet normal 1 0 -0
    outer loop
      vertex 55 20.5482 5.98921
      vertex 55 26.5 12
      vertex 55 19.8102 12
    endloop
  endfacet
  facet normal 1 -0 0
    outer loop
      vertex 55 -19.4514 1.07787
      vertex 55 26.5 0
      vertex 55 20.5482 5.98921
    endloop
  endfacet
  facet normal 1 0 0
    outer loop
      vertex 55 -26.5 0
      vertex 55 -20.5482 10.0108
      vertex 55 -26.5 12
    endloop
  endfacet
  facet normal 1 0 0
    outer loop
      vertex 55 -19.4514 1.07787
      vertex 55 -26.5 0
      vertex 55 26.5 0
    endloop
  endfacet
  facet normal 1 0 0
    outer loop
      vertex 55 -20.5482 10.0108
      vertex 55 -26.5 0
      vertex 55 -19.4514 1.07787
    endloop
  endfacet
  facet normal 0.555611 0.831442 -0
    outer loop
      vertex 52.6526 31.2601 0
      vertex 52 31.6962 12
      vertex 52.6526 31.2601 12
    endloop
  endfacet
  facet normal 0.555611 0.831442 0
    outer loop
      vertex 52 31.6962 12
      vertex 52.6526 31.2601 0
      vertex 52 31.6962 0
    endloop
  endfacet
  facet normal -0.997862 0.0653605 0
    outer loop
      vertex -55 26.5 0
      vertex -54.9487 27.2832 12
      vertex -54.9487 27.2832 0
    endloop
  endfacet
  facet normal -0.997862 0.0653605 0
    outer loop
      vertex -54.9487 27.2832 12
      vertex -55 26.5 0
      vertex -55 26.5 12
    endloop
  endfacet
  facet normal -0.555611 0.831442 0
    outer loop
      vertex -52 31.6962 0
      vertex -52.6526 31.2601 12
      vertex -52 31.6962 12
    endloop
  endfacet
  facet normal -0.555611 0.831442 0
    outer loop
      vertex -52.6526 31.2601 12
      vertex -52 31.6962 0
      vertex -52.6526 31.2601 0
    endloop
  endfacet
  facet normal -0.0653605 -0.997862 0
    outer loop
      vertex -49.7832 -32.4487 0
      vertex -49 -32.5 12
      vertex -49.7832 -32.4487 12
    endloop
  endfacet
  facet normal -0.0653605 -0.997862 -0
    outer loop
      vertex -49 -32.5 12
      vertex -49.7832 -32.4487 0
      vertex -49 -32.5 0
    endloop
  endfacet
  facet normal 0.751787 -0.659406 0
    outer loop
      vertex 53.2426 -30.7426 12
      vertex 53.7601 -30.1526 0
      vertex 53.7601 -30.1526 12
    endloop
  endfacet
  facet normal 0.751787 -0.659406 0
    outer loop
      vertex 53.7601 -30.1526 0
      vertex 53.2426 -30.7426 12
      vertex 53.2426 -30.7426 0
    endloop
  endfacet
  facet normal 0.195209 0.980762 -0
    outer loop
      vertex 50.5529 32.2955 0
      vertex 49.7832 32.4487 12
      vertex 50.5529 32.2955 12
    endloop
  endfacet
  facet normal 0.195209 0.980762 0
    outer loop
      vertex 49.7832 32.4487 12
      vertex 50.5529 32.2955 0
      vertex 49.7832 32.4487 0
    endloop
  endfacet
  facet normal 0.321345 0.946962 -0
    outer loop
      vertex 51.2961 32.0433 0
      vertex 50.5529 32.2955 12
      vertex 51.2961 32.0433 12
    endloop
  endfacet
  facet normal 0.321345 0.946962 0
    outer loop
      vertex 50.5529 32.2955 12
      vertex 51.2961 32.0433 0
      vertex 50.5529 32.2955 0
    endloop
  endfacet
  facet normal 0.442263 0.896885 -0
    outer loop
      vertex 52 31.6962 0
      vertex 51.2961 32.0433 12
      vertex 52 31.6962 12
    endloop
  endfacet
  facet normal 0.442263 0.896885 0
    outer loop
      vertex 51.2961 32.0433 12
      vertex 52 31.6962 0
      vertex 51.2961 32.0433 0
    endloop
  endfacet
  facet normal -0.896885 0.442263 0
    outer loop
      vertex -54.5433 28.7961 0
      vertex -54.1962 29.5 12
      vertex -54.1962 29.5 0
    endloop
  endfacet
  facet normal -0.896885 0.442263 0
    outer loop
      vertex -54.1962 29.5 12
      vertex -54.5433 28.7961 0
      vertex -54.5433 28.7961 12
    endloop
  endfacet
  facet normal -0.946962 0.321345 0
    outer loop
      vertex -54.7955 28.0529 0
      vertex -54.5433 28.7961 12
      vertex -54.5433 28.7961 0
    endloop
  endfacet
  facet normal -0.946962 0.321345 0
    outer loop
      vertex -54.5433 28.7961 12
      vertex -54.7955 28.0529 0
      vertex -54.7955 28.0529 12
    endloop
  endfacet
  facet normal -0.980762 0.195209 0
    outer loop
      vertex -54.9487 27.2832 0
      vertex -54.7955 28.0529 12
      vertex -54.7955 28.0529 0
    endloop
  endfacet
  facet normal -0.980762 0.195209 0
    outer loop
      vertex -54.7955 28.0529 12
      vertex -54.9487 27.2832 0
      vertex -54.9487 27.2832 12
    endloop
  endfacet
  facet normal -0.831442 0.555611 0
    outer loop
      vertex -54.1962 29.5 0
      vertex -53.7601 30.1526 12
      vertex -53.7601 30.1526 0
    endloop
  endfacet
  facet normal -0.831442 0.555611 0
    outer loop
      vertex -53.7601 30.1526 12
      vertex -54.1962 29.5 0
      vertex -54.1962 29.5 12
    endloop
  endfacet
  facet normal -0.659406 -0.751787 0
    outer loop
      vertex -53.2426 -30.7426 0
      vertex -52.6526 -31.2601 12
      vertex -53.2426 -30.7426 12
    endloop
  endfacet
  facet normal -0.659406 -0.751787 -0
    outer loop
      vertex -52.6526 -31.2601 12
      vertex -53.2426 -30.7426 0
      vertex -52.6526 -31.2601 0
    endloop
  endfacet
  facet normal -0.997862 -0.0653605 0
    outer loop
      vertex -54.9487 -27.2832 0
      vertex -55 -26.5 12
      vertex -55 -26.5 0
    endloop
  endfacet
  facet normal -0.997862 -0.0653605 0
    outer loop
      vertex -55 -26.5 12
      vertex -54.9487 -27.2832 0
      vertex -54.9487 -27.2832 12
    endloop
  endfacet
  facet normal -1 0 0
    outer loop
      vertex -55 26.5 0
      vertex -55 20.5482 5.98921
      vertex -55 26.5 12
    endloop
  endfacet
  facet normal -1 0 0
    outer loop
      vertex -55 26.5 0
      vertex -55 -19.4514 1.07787
      vertex -55 20.5482 5.98921
    endloop
  endfacet
  facet normal -1 -0 0
    outer loop
      vertex -55 -19.4514 1.07787
      vertex -55 -26.5 0
      vertex -55 -20.5482 10.0108
    endloop
  endfacet
  facet normal -1 0 0
    outer loop
      vertex -55 -26.5 0
      vertex -55 -19.4514 1.07787
      vertex -55 26.5 0
    endloop
  endfacet
  facet normal -1 -0 0
    outer loop
      vertex -55 26.5 12
      vertex -55 20.5482 5.98921
      vertex -55 19.8102 12
    endloop
  endfacet
  facet normal -1 0 0
    outer loop
      vertex -55 -20.5482 10.0108
      vertex -55 -26.5 12
      vertex -55 -4.3474 12
    endloop
  endfacet
  facet normal -1 0 0
    outer loop
      vertex -55 -26.5 12
      vertex -55 -20.5482 10.0108
      vertex -55 -26.5 0
    endloop
  endfacet
  facet normal 0.896885 0.442263 0
    outer loop
      vertex 54.5433 28.7961 12
      vertex 54.1962 29.5 0
      vertex 54.1962 29.5 12
    endloop
  endfacet
  facet normal 0.896885 0.442263 0
    outer loop
      vertex 54.1962 29.5 0
      vertex 54.5433 28.7961 12
      vertex 54.5433 28.7961 0
    endloop
  endfacet
  facet normal 0.555611 -0.831442 0
    outer loop
      vertex 52 -31.6962 0
      vertex 52.6526 -31.2601 12
      vertex 52 -31.6962 12
    endloop
  endfacet
  facet normal 0.555611 -0.831442 0
    outer loop
      vertex 52.6526 -31.2601 12
      vertex 52 -31.6962 0
      vertex 52.6526 -31.2601 0
    endloop
  endfacet
  facet normal 0.321345 -0.946962 0
    outer loop
      vertex 50.5529 -32.2955 0
      vertex 51.2961 -32.0433 12
      vertex 50.5529 -32.2955 12
    endloop
  endfacet
  facet normal 0.321345 -0.946962 0
    outer loop
      vertex 51.2961 -32.0433 12
      vertex 50.5529 -32.2955 0
      vertex 51.2961 -32.0433 0
    endloop
  endfacet
  facet normal -0.659406 0.751787 0
    outer loop
      vertex -52.6526 31.2601 0
      vertex -53.2426 30.7426 12
      vertex -52.6526 31.2601 12
    endloop
  endfacet
  facet normal -0.659406 0.751787 0
    outer loop
      vertex -53.2426 30.7426 12
      vertex -52.6526 31.2601 0
      vertex -53.2426 30.7426 0
    endloop
  endfacet
  facet normal -0.831442 -0.555611 0
    outer loop
      vertex -53.7601 -30.1526 0
      vertex -54.1962 -29.5 12
      vertex -54.1962 -29.5 0
    endloop
  endfacet
  facet normal -0.831442 -0.555611 0
    outer loop
      vertex -54.1962 -29.5 12
      vertex -53.7601 -30.1526 0
      vertex -53.7601 -30.1526 12
    endloop
  endfacet
  facet normal 0 0 -1
    outer loop
      vertex 49 -32.5 0
      vertex 55 -26.5 0
      vertex 54.9487 -27.2832 0
    endloop
  endfacet
  facet normal 0 0 -1
    outer loop
      vertex 55 -26.5 0
      vertex 33.7 0 0
      vertex 55 26.5 0
    endloop
  endfacet
  facet normal 0 0 -1
    outer loop
      vertex 49 -32.5 0
      vertex 54.9487 -27.2832 0
      vertex 54.7955 -28.0529 0
    endloop
  endfacet
  facet normal 0 0 -1
    outer loop
      vertex 33.6855 0.221894 0
      vertex 55 26.5 0
      vertex 33.7 0 0
    endloop
  endfacet
  facet normal 0 0 -1
    outer loop
      vertex 49 -32.5 0
      vertex 54.7955 -28.0529 0
      vertex 54.5433 -28.7961 0
    endloop
  endfacet
  facet normal 0 0 -1
    outer loop
      vertex 33.6421 0.439992 0
      vertex 55 26.5 0
      vertex 33.6855 0.221894 0
    endloop
  endfacet
  facet normal 0 0 -1
    outer loop
      vertex 49 -32.5 0
      vertex 54.5433 -28.7961 0
      vertex 54.1962 -29.5 0
    endloop
  endfacet
  facet normal 0 0 -1
    outer loop
      vertex 33.5706 0.650561 0
      vertex 55 26.5 0
      vertex 33.6421 0.439992 0
    endloop
  endfacet
  facet normal 0 0 -1
    outer loop
      vertex 49 -32.5 0
      vertex 54.1962 -29.5 0
      vertex 53.7601 -30.1526 0
    endloop
  endfacet
  facet normal 0 0 -1
    outer loop
      vertex 33.4722 0.849999 0
      vertex 55 26.5 0
      vertex 33.5706 0.650561 0
    endloop
  endfacet
  facet normal 0 0 -1
    outer loop
      vertex 49 -32.5 0
      vertex 53.7601 -30.1526 0
      vertex 53.2426 -30.7426 0
    endloop
  endfacet
  facet normal 0 0 -1
    outer loop
      vertex 33.3487 1.03489 0
      vertex 55 26.5 0
      vertex 33.4722 0.849999 0
    endloop
  endfacet
  facet normal 0 0 -1
    outer loop
      vertex 49 -32.5 0
      vertex 53.2426 -30.7426 0
      vertex 52.6526 -31.2601 0
    endloop
  endfacet
  facet normal 0 0 -1
    outer loop
      vertex 33.2021 1.20208 0
      vertex 55 26.5 0
      vertex 33.3487 1.03489 0
    endloop
  endfacet
  facet normal 0 0 -1
    outer loop
      vertex 49 -32.5 0
      vertex 52.6526 -31.2601 0
      vertex 52 -31.6962 0
    endloop
  endfacet
  facet normal 0 0 -1
    outer loop
      vertex 33.0349 1.3487 0
      vertex 55 26.5 0
      vertex 33.2021 1.20208 0
    endloop
  endfacet
  facet normal 0 0 -1
    outer loop
      vertex 49 -32.5 0
      vertex 52 -31.6962 0
      vertex 51.2961 -32.0433 0
    endloop
  endfacet
  facet normal 0 0 -1
    outer loop
      vertex 32.85 1.47224 0
      vertex 55 26.5 0
      vertex 33.0349 1.3487 0
    endloop
  endfacet
  facet normal 0 0 -1
    outer loop
      vertex 49 -32.5 0
      vertex 51.2961 -32.0433 0
      vertex 50.5529 -32.2955 0
    endloop
  endfacet
  facet normal 0 0 -1
    outer loop
      vertex 32.6506 1.57059 0
      vertex 55 26.5 0
      vertex 32.85 1.47224 0
    endloop
  endfacet
  facet normal 0 0 -1
    outer loop
      vertex 49 -32.5 0
      vertex 50.5529 -32.2955 0
      vertex 49.7832 -32.4487 0
    endloop
  endfacet
  facet normal 0 0 -1
    outer loop
      vertex 55 26.5 0
      vertex 49 32.5 0
      vertex 54.9487 27.2832 0
    endloop
  endfacet
  facet normal 0 0 -1
    outer loop
      vertex 32.6506 -1.57059 0
      vertex 55 -26.5 0
      vertex 49 -32.5 0
    endloop
  endfacet
  facet normal 0 0 -1
    outer loop
      vertex 54.9487 27.2832 0
      vertex 49 32.5 0
      vertex 54.7955 28.0529 0
    endloop
  endfacet
  facet normal 0 0 -1
    outer loop
      vertex 54.5433 28.7961 0
      vertex 49 32.5 0
      vertex 54.1962 29.5 0
    endloop
  endfacet
  facet normal 0 0 -1
    outer loop
      vertex 55 -26.5 0
      vertex 33.6855 -0.221894 0
      vertex 33.7 0 0
    endloop
  endfacet
  facet normal 0 0 -1
    outer loop
      vertex 55 -26.5 0
      vertex 33.6421 -0.439992 0
      vertex 33.6855 -0.221894 0
    endloop
  endfacet
  facet normal 0 0 -1
    outer loop
      vertex 55 -26.5 0
      vertex 33.5706 -0.650561 0
      vertex 33.6421 -0.439992 0
    endloop
  endfacet
  facet normal 0 0 -1
    outer loop
      vertex 55 -26.5 0
      vertex 33.4722 -0.849999 0
      vertex 33.5706 -0.650561 0
    endloop
  endfacet
  facet normal 0 0 -1
    outer loop
      vertex 55 -26.5 0
      vertex 33.3487 -1.03489 0
      vertex 33.4722 -0.849999 0
    endloop
  endfacet
  facet normal 0 0 -1
    outer loop
      vertex 55 -26.5 0
      vertex 33.2021 -1.20208 0
      vertex 33.3487 -1.03489 0
    endloop
  endfacet
  facet normal 0 0 -1
    outer loop
      vertex 55 -26.5 0
      vertex 33.0349 -1.3487 0
      vertex 33.2021 -1.20208 0
    endloop
  endfacet
  facet normal 0 0 -1
    outer loop
      vertex 55 -26.5 0
      vertex 32.85 -1.47224 0
      vertex 33.0349 -1.3487 0
    endloop
  endfacet
  facet normal 0 0 -1
    outer loop
      vertex 55 -26.5 0
      vertex 32.6506 -1.57059 0
      vertex 32.85 -1.47224 0
    endloop
  endfacet
  facet normal 0 0 -1
    outer loop
      vertex 49 -32.5 0
      vertex 32.44 -1.64207 0
      vertex 32.6506 -1.57059 0
    endloop
  endfacet
  facet normal 0 0 -1
    outer loop
      vertex 49 -32.5 0
      vertex 32.2219 -1.68546 0
      vertex 32.44 -1.64207 0
    endloop
  endfacet
  facet normal 0 0 -1
    outer loop
      vertex 49 -32.5 0
      vertex 32 -1.7 0
      vertex 32.2219 -1.68546 0
    endloop
  endfacet
  facet normal 0 0 -1
    outer loop
      vertex 49 -32.5 0
      vertex 31.7781 -1.68546 0
      vertex 32 -1.7 0
    endloop
  endfacet
  facet normal 0 0 -1
    outer loop
      vertex 49 -32.5 0
      vertex 31.56 -1.64207 0
      vertex 31.7781 -1.68546 0
    endloop
  endfacet
  facet normal 0 0 -1
    outer loop
      vertex 49 -32.5 0
      vertex 31.3494 -1.57059 0
      vertex 31.56 -1.64207 0
    endloop
  endfacet
  facet normal 0 0 -1
    outer loop
      vertex 49 -32.5 0
      vertex 31.15 -1.47224 0
      vertex 31.3494 -1.57059 0
    endloop
  endfacet
  facet normal 0 0 -1
    outer loop
      vertex 49 -32.5 0
      vertex 30.9651 -1.3487 0
      vertex 31.15 -1.47224 0
    endloop
  endfacet
  facet normal 0 0 -1
    outer loop
      vertex -30.9651 -1.3487 0
      vertex 30.9651 -1.3487 0
      vertex 49 -32.5 0
    endloop
  endfacet
  facet normal 0 0 -1
    outer loop
      vertex 30.9651 -1.3487 0
      vertex -30.9651 -1.3487 0
      vertex 30.7979 -1.20208 0
    endloop
  endfacet
  facet normal 0 -0 -1
    outer loop
      vertex -30.7979 -1.20208 0
      vertex 30.7979 -1.20208 0
      vertex -30.9651 -1.3487 0
    endloop
  endfacet
  facet normal 0 0 -1
    outer loop
      vertex 30.3145 -0.221894 0
      vertex -30.3 0 0
      vertex 30.3 0 0
    endloop
  endfacet
  facet normal 0 0 -1
    outer loop
      vertex -30.3145 -0.221894 0
      vertex 30.3145 -0.221894 0
      vertex 30.3579 -0.439992 0
    endloop
  endfacet
  facet normal 0 0 -1
    outer loop
      vertex -30.3579 -0.439992 0
      vertex 30.3579 -0.439992 0
      vertex 30.4294 -0.650561 0
    endloop
  endfacet
  facet normal 0 0 -1
    outer loop
      vertex -30.4294 -0.650561 0
      vertex 30.4294 -0.650561 0
      vertex 30.5278 -0.849999 0
    endloop
  endfacet
  facet normal 0 0 -1
    outer loop
      vertex 30.7979 -1.20208 0
      vertex -30.7979 -1.20208 0
      vertex 30.6513 -1.03489 0
    endloop
  endfacet
  facet normal 0 0 -1
    outer loop
      vertex 30.3145 -0.221894 0
      vertex -30.3145 -0.221894 0
      vertex -30.3 0 0
    endloop
  endfacet
  facet normal 0 0 -1
    outer loop
      vertex 30.3579 -0.439992 0
      vertex -30.3579 -0.439992 0
      vertex -30.3145 -0.221894 0
    endloop
  endfacet
  facet normal 0 0 -1
    outer loop
      vertex 30.4294 -0.650561 0
      vertex -30.4294 -0.650561 0
      vertex -30.3579 -0.439992 0
    endloop
  endfacet
  facet normal 0 0 -1
    outer loop
      vertex 30.5278 -0.849999 0
      vertex -30.5278 -0.849999 0
      vertex -30.4294 -0.650561 0
    endloop
  endfacet
  facet normal -0 0 -1
    outer loop
      vertex 30.5278 -0.849999 0
      vertex -30.6513 -1.03489 0
      vertex -30.5278 -0.849999 0
    endloop
  endfacet
  facet normal 0 0 -1
    outer loop
      vertex 30.6513 -1.03489 0
      vertex -30.6513 -1.03489 0
      vertex 30.5278 -0.849999 0
    endloop
  endfacet
  facet normal 0 -0 -1
    outer loop
      vertex -30.6513 -1.03489 0
      vertex 30.6513 -1.03489 0
      vertex -30.7979 -1.20208 0
    endloop
  endfacet
  facet normal 0 0 -1
    outer loop
      vertex -49 -32.5 0
      vertex -30.9651 -1.3487 0
      vertex 49 -32.5 0
    endloop
  endfacet
  facet normal 0 0 -1
    outer loop
      vertex -30.9651 -1.3487 0
      vertex -49 -32.5 0
      vertex -31.15 -1.47224 0
    endloop
  endfacet
  facet normal 0 0 -1
    outer loop
      vertex -31.15 -1.47224 0
      vertex -49 -32.5 0
      vertex -31.3494 -1.57059 0
    endloop
  endfacet
  facet normal 0 0 -1
    outer loop
      vertex -31.3494 -1.57059 0
      vertex -49 -32.5 0
      vertex -31.56 -1.64207 0
    endloop
  endfacet
  facet normal 0 0 -1
    outer loop
      vertex -31.56 -1.64207 0
      vertex -49 -32.5 0
      vertex -31.7781 -1.68546 0
    endloop
  endfacet
  facet normal 0 0 -1
    outer loop
      vertex -31.7781 -1.68546 0
      vertex -49 -32.5 0
      vertex -32 -1.7 0
    endloop
  endfacet
  facet normal -0 0 -1
    outer loop
      vertex -32 -1.7 0
      vertex -49 -32.5 0
      vertex -32.2219 -1.68546 0
    endloop
  endfacet
  facet normal -0 0 -1
    outer loop
      vertex -32.2219 -1.68546 0
      vertex -49 -32.5 0
      vertex -32.44 -1.64207 0
    endloop
  endfacet
  facet normal -0 0 -1
    outer loop
      vertex -33.6421 -0.439992 0
      vertex -55 -26.5 0
      vertex -33.6855 -0.221894 0
    endloop
  endfacet
  facet normal -0 0 -1
    outer loop
      vertex -33.5706 -0.650561 0
      vertex -55 -26.5 0
      vertex -33.6421 -0.439992 0
    endloop
  endfacet
  facet normal -0 0 -1
    outer loop
      vertex -33.4722 -0.849999 0
      vertex -55 -26.5 0
      vertex -33.5706 -0.650561 0
    endloop
  endfacet
  facet normal -0 0 -1
    outer loop
      vertex -33.3487 -1.03489 0
      vertex -55 -26.5 0
      vertex -33.4722 -0.849999 0
    endloop
  endfacet
  facet normal -0 0 -1
    outer loop
      vertex -33.2021 -1.20208 0
      vertex -55 -26.5 0
      vertex -33.3487 -1.03489 0
    endloop
  endfacet
  facet normal -0 0 -1
    outer loop
      vertex -33.0349 -1.3487 0
      vertex -55 -26.5 0
      vertex -33.2021 -1.20208 0
    endloop
  endfacet
  facet normal -0 0 -1
    outer loop
      vertex -32.85 -1.47224 0
      vertex -55 -26.5 0
      vertex -33.0349 -1.3487 0
    endloop
  endfacet
  facet normal -0 0 -1
    outer loop
      vertex -32.6506 -1.57059 0
      vertex -55 -26.5 0
      vertex -32.85 -1.47224 0
    endloop
  endfacet
  facet normal 0 0 -1
    outer loop
      vertex -55 -26.5 0
      vertex -32.6506 -1.57059 0
      vertex -49 -32.5 0
    endloop
  endfacet
  facet normal -0 0 -1
    outer loop
      vertex -32.44 -1.64207 0
      vertex -49 -32.5 0
      vertex -32.6506 -1.57059 0
    endloop
  endfacet
  facet normal 0 0 -1
    outer loop
      vertex 54.1962 29.5 0
      vertex 49 32.5 0
      vertex 53.7601 30.1526 0
    endloop
  endfacet
  facet normal 0 0 -1
    outer loop
      vertex 53.2426 30.7426 0
      vertex 49 32.5 0
      vertex 52.6526 31.2601 0
    endloop
  endfacet
  facet normal 0 0 -1
    outer loop
      vertex 52.6526 31.2601 0
      vertex 49 32.5 0
      vertex 52 31.6962 0
    endloop
  endfacet
  facet normal 0 0 -1
    outer loop
      vertex 52 31.6962 0
      vertex 49 32.5 0
      vertex 51.2961 32.0433 0
    endloop
  endfacet
  facet normal 0 0 -1
    outer loop
      vertex 50.5529 32.2955 0
      vertex 49 32.5 0
      vertex 49.7832 32.4487 0
    endloop
  endfacet
  facet normal 0 0 -1
    outer loop
      vertex 51.2961 32.0433 0
      vertex 49 32.5 0
      vertex 50.5529 32.2955 0
    endloop
  endfacet
  facet normal 0 0 -1
    outer loop
      vertex 53.7601 30.1526 0
      vertex 49 32.5 0
      vertex 53.2426 30.7426 0
    endloop
  endfacet
  facet normal 0 0 -1
    outer loop
      vertex 54.7955 28.0529 0
      vertex 49 32.5 0
      vertex 54.5433 28.7961 0
    endloop
  endfacet
  facet normal -0 0 -1
    outer loop
      vertex 55 26.5 0
      vertex 32.6506 1.57059 0
      vertex 49 32.5 0
    endloop
  endfacet
  facet normal 0 0 -1
    outer loop
      vertex 32.44 1.64207 0
      vertex 49 32.5 0
      vertex 32.6506 1.57059 0
    endloop
  endfacet
  facet normal 0 0 -1
    outer loop
      vertex 32.2219 1.68546 0
      vertex 49 32.5 0
      vertex 32.44 1.64207 0
    endloop
  endfacet
  facet normal 0 0 -1
    outer loop
      vertex 32 1.7 0
      vertex 49 32.5 0
      vertex 32.2219 1.68546 0
    endloop
  endfacet
  facet normal 0 0 -1
    outer loop
      vertex 31.7781 1.68546 0
      vertex 49 32.5 0
      vertex 32 1.7 0
    endloop
  endfacet
  facet normal 0 0 -1
    outer loop
      vertex 31.56 1.64207 0
      vertex 49 32.5 0
      vertex 31.7781 1.68546 0
    endloop
  endfacet
  facet normal 0 0 -1
    outer loop
      vertex 31.3494 1.57059 0
      vertex 49 32.5 0
      vertex 31.56 1.64207 0
    endloop
  endfacet
  facet normal 0 0 -1
    outer loop
      vertex 31.15 1.47224 0
      vertex 49 32.5 0
      vertex 31.3494 1.57059 0
    endloop
  endfacet
  facet normal 0 0 -1
    outer loop
      vertex 30.9651 1.3487 0
      vertex 49 32.5 0
      vertex 31.15 1.47224 0
    endloop
  endfacet
  facet normal 0 0 -1
    outer loop
      vertex -30.9651 1.3487 0
      vertex 30.9651 1.3487 0
      vertex 30.7979 1.20208 0
    endloop
  endfacet
  facet normal 0 0 -1
    outer loop
      vertex -30.7979 1.20208 0
      vertex 30.7979 1.20208 0
      vertex 30.6513 1.03489 0
    endloop
  endfacet
  facet normal 0 0 -1
    outer loop
      vertex -30.6513 1.03489 0
      vertex 30.6513 1.03489 0
      vertex 30.5278 0.849999 0
    endloop
  endfacet
  facet normal 0 0 -1
    outer loop
      vertex -30.3 0 0
      vertex 30.3145 0.221894 0
      vertex 30.3 0 0
    endloop
  endfacet
  facet normal 0 0 -1
    outer loop
      vertex -30.3145 0.221894 0
      vertex 30.3145 0.221894 0
      vertex -30.3 0 0
    endloop
  endfacet
  facet normal 0 0 -1
    outer loop
      vertex 30.3145 0.221894 0
      vertex -30.3145 0.221894 0
      vertex 30.3579 0.439992 0
    endloop
  endfacet
  facet normal 0 0 -1
    outer loop
      vertex -30.3579 0.439992 0
      vertex 30.3579 0.439992 0
      vertex -30.3145 0.221894 0
    endloop
  endfacet
  facet normal 0 0 -1
    outer loop
      vertex 30.3579 0.439992 0
      vertex -30.3579 0.439992 0
      vertex 30.4294 0.650561 0
    endloop
  endfacet
  facet normal 0 0 -1
    outer loop
      vertex -30.4294 0.650561 0
      vertex 30.4294 0.650561 0
      vertex -30.3579 0.439992 0
    endloop
  endfacet
  facet normal 0 0 -1
    outer loop
      vertex 30.4294 0.650561 0
      vertex -30.4294 0.650561 0
      vertex 30.5278 0.849999 0
    endloop
  endfacet
  facet normal 0 0 -1
    outer loop
      vertex -30.5278 0.849999 0
      vertex 30.5278 0.849999 0
      vertex -30.4294 0.650561 0
    endloop
  endfacet
  facet normal 0 0 -1
    outer loop
      vertex -30.6513 1.03489 0
      vertex 30.5278 0.849999 0
      vertex -30.5278 0.849999 0
    endloop
  endfacet
  facet normal 0 0 -1
    outer loop
      vertex 30.6513 1.03489 0
      vertex -30.6513 1.03489 0
      vertex -30.7979 1.20208 0
    endloop
  endfacet
  facet normal 0 0 -1
    outer loop
      vertex 30.7979 1.20208 0
      vertex -30.7979 1.20208 0
      vertex -30.9651 1.3487 0
    endloop
  endfacet
  facet normal 0 0 -1
    outer loop
      vertex 30.9651 1.3487 0
      vertex -30.9651 1.3487 0
      vertex 49 32.5 0
    endloop
  endfacet
  facet normal 0 0 -1
    outer loop
      vertex -49 32.5 0
      vertex -30.9651 1.3487 0
      vertex -31.15 1.47224 0
    endloop
  endfacet
  facet normal 0 0 -1
    outer loop
      vertex -49 32.5 0
      vertex -31.15 1.47224 0
      vertex -31.3494 1.57059 0
    endloop
  endfacet
  facet normal 0 0 -1
    outer loop
      vertex -49 32.5 0
      vertex -31.3494 1.57059 0
      vertex -31.56 1.64207 0
    endloop
  endfacet
  facet normal 0 0 -1
    outer loop
      vertex -49 32.5 0
      vertex -31.56 1.64207 0
      vertex -31.7781 1.68546 0
    endloop
  endfacet
  facet normal 0 0 -1
    outer loop
      vertex -49 32.5 0
      vertex -31.7781 1.68546 0
      vertex -32 1.7 0
    endloop
  endfacet
  facet normal 0 0 -1
    outer loop
      vertex -49 32.5 0
      vertex -32 1.7 0
      vertex -32.2219 1.68546 0
    endloop
  endfacet
  facet normal 0 0 -1
    outer loop
      vertex -49 32.5 0
      vertex -32.2219 1.68546 0
      vertex -32.44 1.64207 0
    endloop
  endfacet
  facet normal 0 0 -1
    outer loop
      vertex -49 32.5 0
      vertex -32.44 1.64207 0
      vertex -32.6506 1.57059 0
    endloop
  endfacet
  facet normal -0 0 -1
    outer loop
      vertex -33.6855 -0.221894 0
      vertex -55 -26.5 0
      vertex -33.7 0 0
    endloop
  endfacet
  facet normal 0 0 -1
    outer loop
      vertex -55 26.5 0
      vertex -33.7 0 0
      vertex -55 -26.5 0
    endloop
  endfacet
  facet normal 0 0 -1
    outer loop
      vertex -33.7 0 0
      vertex -55 26.5 0
      vertex -33.6855 0.221894 0
    endloop
  endfacet
  facet normal 0 0 -1
    outer loop
      vertex -30.9651 1.3487 0
      vertex -49 32.5 0
      vertex 49 32.5 0
    endloop
  endfacet
  facet normal 0 0 -1
    outer loop
      vertex -55 26.5 0
      vertex -32.6506 1.57059 0
      vertex -32.85 1.47224 0
    endloop
  endfacet
  facet normal 0 0 -1
    outer loop
      vertex -55 26.5 0
      vertex -32.85 1.47224 0
      vertex -33.0349 1.3487 0
    endloop
  endfacet
  facet normal 0 0 -1
    outer loop
      vertex -55 26.5 0
      vertex -33.0349 1.3487 0
      vertex -33.2021 1.20208 0
    endloop
  endfacet
  facet normal 0 0 -1
    outer loop
      vertex -55 26.5 0
      vertex -33.2021 1.20208 0
      vertex -33.3487 1.03489 0
    endloop
  endfacet
  facet normal 0 0 -1
    outer loop
      vertex -55 26.5 0
      vertex -33.3487 1.03489 0
      vertex -33.4722 0.849999 0
    endloop
  endfacet
  facet normal 0 0 -1
    outer loop
      vertex -55 26.5 0
      vertex -33.4722 0.849999 0
      vertex -33.5706 0.650561 0
    endloop
  endfacet
  facet normal 0 0 -1
    outer loop
      vertex -33.6855 0.221894 0
      vertex -55 26.5 0
      vertex -33.6421 0.439992 0
    endloop
  endfacet
  facet normal 0 0 -1
    outer loop
      vertex -55 -26.5 0
      vertex -49 -32.5 0
      vertex -49.7832 -32.4487 0
    endloop
  endfacet
  facet normal 0 0 -1
    outer loop
      vertex -33.6421 0.439992 0
      vertex -55 26.5 0
      vertex -33.5706 0.650561 0
    endloop
  endfacet
  facet normal 0 0 -1
    outer loop
      vertex -55 -26.5 0
      vertex -49.7832 -32.4487 0
      vertex -50.5529 -32.2955 0
    endloop
  endfacet
  facet normal 0 0 -1
    outer loop
      vertex -32.6506 1.57059 0
      vertex -55 26.5 0
      vertex -49 32.5 0
    endloop
  endfacet
  facet normal 0 0 -1
    outer loop
      vertex -55 -26.5 0
      vertex -50.5529 -32.2955 0
      vertex -51.2961 -32.0433 0
    endloop
  endfacet
  facet normal 0 0 -1
    outer loop
      vertex -49 32.5 0
      vertex -55 26.5 0
      vertex -49.7832 32.4487 0
    endloop
  endfacet
  facet normal 0 0 -1
    outer loop
      vertex -55 -26.5 0
      vertex -51.2961 -32.0433 0
      vertex -52 -31.6962 0
    endloop
  endfacet
  facet normal 0 0 -1
    outer loop
      vertex -49.7832 32.4487 0
      vertex -55 26.5 0
      vertex -50.5529 32.2955 0
    endloop
  endfacet
  facet normal 0 0 -1
    outer loop
      vertex -55 -26.5 0
      vertex -52 -31.6962 0
      vertex -52.6526 -31.2601 0
    endloop
  endfacet
  facet normal 0 0 -1
    outer loop
      vertex -50.5529 32.2955 0
      vertex -55 26.5 0
      vertex -51.2961 32.0433 0
    endloop
  endfacet
  facet normal 0 0 -1
    outer loop
      vertex -55 -26.5 0
      vertex -52.6526 -31.2601 0
      vertex -53.2426 -30.7426 0
    endloop
  endfacet
  facet normal 0 0 -1
    outer loop
      vertex -51.2961 32.0433 0
      vertex -55 26.5 0
      vertex -52 31.6962 0
    endloop
  endfacet
  facet normal 0 0 -1
    outer loop
      vertex -55 -26.5 0
      vertex -53.2426 -30.7426 0
      vertex -53.7601 -30.1526 0
    endloop
  endfacet
  facet normal 0 0 -1
    outer loop
      vertex -52 31.6962 0
      vertex -55 26.5 0
      vertex -52.6526 31.2601 0
    endloop
  endfacet
  facet normal 0 0 -1
    outer loop
      vertex -55 -26.5 0
      vertex -53.7601 -30.1526 0
      vertex -54.1962 -29.5 0
    endloop
  endfacet
  facet normal 0 0 -1
    outer loop
      vertex -52.6526 31.2601 0
      vertex -55 26.5 0
      vertex -53.2426 30.7426 0
    endloop
  endfacet
  facet normal 0 0 -1
    outer loop
      vertex -55 -26.5 0
      vertex -54.1962 -29.5 0
      vertex -54.5433 -28.7961 0
    endloop
  endfacet
  facet normal 0 0 -1
    outer loop
      vertex -53.2426 30.7426 0
      vertex -55 26.5 0
      vertex -53.7601 30.1526 0
    endloop
  endfacet
  facet normal 0 0 -1
    outer loop
      vertex -55 -26.5 0
      vertex -54.5433 -28.7961 0
      vertex -54.7955 -28.0529 0
    endloop
  endfacet
  facet normal 0 0 -1
    outer loop
      vertex -53.7601 30.1526 0
      vertex -55 26.5 0
      vertex -54.1962 29.5 0
    endloop
  endfacet
  facet normal 0 0 -1
    outer loop
      vertex -55 -26.5 0
      vertex -54.7955 -28.0529 0
      vertex -54.9487 -27.2832 0
    endloop
  endfacet
  facet normal 0 0 -1
    outer loop
      vertex -54.1962 29.5 0
      vertex -55 26.5 0
      vertex -54.5433 28.7961 0
    endloop
  endfacet
  facet normal 0 0 -1
    outer loop
      vertex -54.5433 28.7961 0
      vertex -55 26.5 0
      vertex -54.7955 28.0529 0
    endloop
  endfacet
  facet normal 0 0 -1
    outer loop
      vertex -54.7955 28.0529 0
      vertex -55 26.5 0
      vertex -54.9487 27.2832 0
    endloop
  endfacet
  facet normal 0.997862 0.0653605 0
    outer loop
      vertex 55 26.5 12
      vertex 54.9487 27.2832 0
      vertex 54.9487 27.2832 12
    endloop
  endfacet
  facet normal 0.997862 0.0653605 0
    outer loop
      vertex 54.9487 27.2832 0
      vertex 55 26.5 12
      vertex 55 26.5 0
    endloop
  endfacet
  facet normal 0.997862 -0.0653605 0
    outer loop
      vertex 54.9487 -27.2832 12
      vertex 55 -26.5 0
      vertex 55 -26.5 12
    endloop
  endfacet
  facet normal 0.997862 -0.0653605 0
    outer loop
      vertex 55 -26.5 0
      vertex 54.9487 -27.2832 12
      vertex 54.9487 -27.2832 0
    endloop
  endfacet
  facet normal 0.442263 -0.896885 0
    outer loop
      vertex 51.2961 -32.0433 0
      vertex 52 -31.6962 12
      vertex 51.2961 -32.0433 12
    endloop
  endfacet
  facet normal 0.442263 -0.896885 0
    outer loop
      vertex 52 -31.6962 12
      vertex 51.2961 -32.0433 0
      vertex 52 -31.6962 0
    endloop
  endfacet
  facet normal -0.321345 0.946962 0
    outer loop
      vertex -50.5529 32.2955 0
      vertex -51.2961 32.0433 12
      vertex -50.5529 32.2955 12
    endloop
  endfacet
  facet normal -0.321345 0.946962 0
    outer loop
      vertex -51.2961 32.0433 12
      vertex -50.5529 32.2955 0
      vertex -51.2961 32.0433 0
    endloop
  endfacet
  facet normal -0.195209 0.980762 0
    outer loop
      vertex -49.7832 32.4487 0
      vertex -50.5529 32.2955 12
      vertex -49.7832 32.4487 12
    endloop
  endfacet
  facet normal -0.195209 0.980762 0
    outer loop
      vertex -50.5529 32.2955 12
      vertex -49.7832 32.4487 0
      vertex -50.5529 32.2955 0
    endloop
  endfacet
  facet normal -0.751787 -0.659406 0
    outer loop
      vertex -53.2426 -30.7426 0
      vertex -53.7601 -30.1526 12
      vertex -53.7601 -30.1526 0
    endloop
  endfacet
  facet normal -0.751787 -0.659406 0
    outer loop
      vertex -53.7601 -30.1526 12
      vertex -53.2426 -30.7426 0
      vertex -53.2426 -30.7426 12
    endloop
  endfacet
  facet normal -0.896885 -0.442263 0
    outer loop
      vertex -54.1962 -29.5 0
      vertex -54.5433 -28.7961 12
      vertex -54.5433 -28.7961 0
    endloop
  endfacet
  facet normal -0.896885 -0.442263 0
    outer loop
      vertex -54.5433 -28.7961 12
      vertex -54.1962 -29.5 0
      vertex -54.1962 -29.5 12
    endloop
  endfacet
  facet normal -0.946962 -0.321345 0
    outer loop
      vertex -54.5433 -28.7961 0
      vertex -54.7955 -28.0529 12
      vertex -54.7955 -28.0529 0
    endloop
  endfacet
  facet normal -0.946962 -0.321345 0
    outer loop
      vertex -54.7955 -28.0529 12
      vertex -54.5433 -28.7961 0
      vertex -54.5433 -28.7961 12
    endloop
  endfacet
  facet normal -0.980762 -0.195209 0
    outer loop
      vertex -54.7955 -28.0529 0
      vertex -54.9487 -27.2832 12
      vertex -54.9487 -27.2832 0
    endloop
  endfacet
  facet normal -0.980762 -0.195209 0
    outer loop
      vertex -54.9487 -27.2832 12
      vertex -54.7955 -28.0529 0
      vertex -54.7955 -28.0529 12
    endloop
  endfacet
  facet normal 0.659406 0.751787 -0
    outer loop
      vertex 53.2426 30.7426 0
      vertex 52.6526 31.2601 12
      vertex 53.2426 30.7426 12
    endloop
  endfacet
  facet normal 0.659406 0.751787 0
    outer loop
      vertex 52.6526 31.2601 12
      vertex 53.2426 30.7426 0
      vertex 52.6526 31.2601 0
    endloop
  endfacet
  facet normal 0.751787 0.659406 0
    outer loop
      vertex 53.7601 30.1526 12
      vertex 53.2426 30.7426 0
      vertex 53.2426 30.7426 12
    endloop
  endfacet
  facet normal 0.751787 0.659406 0
    outer loop
      vertex 53.2426 30.7426 0
      vertex 53.7601 30.1526 12
      vertex 53.7601 30.1526 0
    endloop
  endfacet
  facet normal 0.831442 0.555611 0
    outer loop
      vertex 54.1962 29.5 12
      vertex 53.7601 30.1526 0
      vertex 53.7601 30.1526 12
    endloop
  endfacet
  facet normal 0.831442 0.555611 0
    outer loop
      vertex 53.7601 30.1526 0
      vertex 54.1962 29.5 12
      vertex 54.1962 29.5 0
    endloop
  endfacet
  facet normal 0.946962 0.321345 0
    outer loop
      vertex 54.7955 28.0529 12
      vertex 54.5433 28.7961 0
      vertex 54.5433 28.7961 12
    endloop
  endfacet
  facet normal 0.946962 0.321345 0
    outer loop
      vertex 54.5433 28.7961 0
      vertex 54.7955 28.0529 12
      vertex 54.7955 28.0529 0
    endloop
  endfacet
  facet normal 0.980762 0.195209 0
    outer loop
      vertex 54.9487 27.2832 12
      vertex 54.7955 28.0529 0
      vertex 54.7955 28.0529 12
    endloop
  endfacet
  facet normal 0.980762 0.195209 0
    outer loop
      vertex 54.7955 28.0529 0
      vertex 54.9487 27.2832 12
      vertex 54.9487 27.2832 0
    endloop
  endfacet
  facet normal 0.831442 -0.555611 0
    outer loop
      vertex 53.7601 -30.1526 12
      vertex 54.1962 -29.5 0
      vertex 54.1962 -29.5 12
    endloop
  endfacet
  facet normal 0.831442 -0.555611 0
    outer loop
      vertex 54.1962 -29.5 0
      vertex 53.7601 -30.1526 12
      vertex 53.7601 -30.1526 0
    endloop
  endfacet
  facet normal 0.946962 -0.321345 0
    outer loop
      vertex 54.5433 -28.7961 12
      vertex 54.7955 -28.0529 0
      vertex 54.7955 -28.0529 12
    endloop
  endfacet
  facet normal 0.946962 -0.321345 0
    outer loop
      vertex 54.7955 -28.0529 0
      vertex 54.5433 -28.7961 12
      vertex 54.5433 -28.7961 0
    endloop
  endfacet
  facet normal 0.659406 -0.751787 0
    outer loop
      vertex 52.6526 -31.2601 0
      vertex 53.2426 -30.7426 12
      vertex 52.6526 -31.2601 12
    endloop
  endfacet
  facet normal 0.659406 -0.751787 0
    outer loop
      vertex 53.2426 -30.7426 12
      vertex 52.6526 -31.2601 0
      vertex 53.2426 -30.7426 0
    endloop
  endfacet
  facet normal 0.896885 -0.442263 0
    outer loop
      vertex 54.1962 -29.5 12
      vertex 54.5433 -28.7961 0
      vertex 54.5433 -28.7961 12
    endloop
  endfacet
  facet normal 0.896885 -0.442263 0
    outer loop
      vertex 54.5433 -28.7961 0
      vertex 54.1962 -29.5 12
      vertex 54.1962 -29.5 0
    endloop
  endfacet
  facet normal 0.980762 -0.195209 0
    outer loop
      vertex 54.7955 -28.0529 12
      vertex 54.9487 -27.2832 0
      vertex 54.9487 -27.2832 12
    endloop
  endfacet
  facet normal 0.980762 -0.195209 0
    outer loop
      vertex 54.9487 -27.2832 0
      vertex 54.7955 -28.0529 12
      vertex 54.7955 -28.0529 0
    endloop
  endfacet
  facet normal 0 0.121869 -0.992546
    outer loop
      vertex -55 -20.5482 10.0108
      vertex 55 -4.3474 12
      vertex 55 -20.5482 10.0108
    endloop
  endfacet
  facet normal 0 0.121869 -0.992546
    outer loop
      vertex 55 -4.3474 12
      vertex -55 -20.5482 10.0108
      vertex -55 -4.3474 12
    endloop
  endfacet
  facet normal 0 -0.992547 -0.121864
    outer loop
      vertex -55 20.5482 5.98921
      vertex 55 19.8102 12
      vertex -55 19.8102 12
    endloop
  endfacet
  facet normal 0 -0.992547 -0.121864
    outer loop
      vertex 55 19.8102 12
      vertex -55 20.5482 5.98921
      vertex 55 20.5482 5.98921
    endloop
  endfacet
  facet normal 2.39737e-07 -0.12187 0.992546
    outer loop
      vertex 55 20.5482 5.98921
      vertex 33.7 0 3.46621
      vertex 55 -19.4514 1.07787
    endloop
  endfacet
  facet normal -2.08601e-05 -0.121848 0.992549
    outer loop
      vertex 55 20.5482 5.98921
      vertex 33.6855 0.221894 3.49345
      vertex 33.7 0 3.46621
    endloop
  endfacet
  facet normal 3.26796e-06 -0.121873 0.992546
    outer loop
      vertex 55 20.5482 5.98921
      vertex 33.6421 0.439992 3.52023
      vertex 33.6855 0.221894 3.49345
    endloop
  endfacet
  facet normal -1.56319e-05 -0.121853 0.992548
    outer loop
      vertex 55 20.5482 5.98921
      vertex 33.5706 0.650561 3.54608
      vertex 33.6421 0.439992 3.52023
    endloop
  endfacet
  facet normal 6.40563e-06 -0.121876 0.992545
    outer loop
      vertex 55 20.5482 5.98921
      vertex 33.4722 0.849999 3.57057
      vertex 33.5706 0.650561 3.54608
    endloop
  endfacet
  facet normal -5.51069e-06 -0.121864 0.992547
    outer loop
      vertex 55 20.5482 5.98921
      vertex 33.3487 1.03489 3.59327
      vertex 33.4722 0.849999 3.57057
    endloop
  endfacet
  facet normal 4.7549e-06 -0.121875 0.992545
    outer loop
      vertex 55 20.5482 5.98921
      vertex 33.2021 1.20208 3.6138
      vertex 33.3487 1.03489 3.59327
    endloop
  endfacet
  facet normal -8.09608e-06 -0.121861 0.992547
    outer loop
      vertex 55 20.5482 5.98921
      vertex 33.0349 1.3487 3.6318
      vertex 33.2021 1.20208 3.6138
    endloop
  endfacet
  facet normal 3.4836e-06 -0.121874 0.992546
    outer loop
      vertex 55 20.5482 5.98921
      vertex 32.85 1.47224 3.64697
      vertex 33.0349 1.3487 3.6318
    endloop
  endfacet
  facet normal 1.29901e-05 -0.121885 0.992544
    outer loop
      vertex 55 20.5482 5.98921
      vertex 32.6506 1.57059 3.65905
      vertex 32.85 1.47224 3.64697
    endloop
  endfacet
  facet normal 1.12804e-05 -0.121883 0.992545
    outer loop
      vertex 55 20.5482 5.98921
      vertex 32.44 1.64207 3.66783
      vertex 32.6506 1.57059 3.65905
    endloop
  endfacet
  facet normal -2.80252e-05 -0.121836 0.99255
    outer loop
      vertex 55 20.5482 5.98921
      vertex 32.2219 1.68546 3.67315
      vertex 32.44 1.64207 3.66783
    endloop
  endfacet
  facet normal 1.95115e-05 -0.121893 0.992543
    outer loop
      vertex 55 20.5482 5.98921
      vertex 32 1.7 3.67494
      vertex 32.2219 1.68546 3.67315
    endloop
  endfacet
  facet normal -2.2903e-05 -0.121842 0.99255
    outer loop
      vertex 55 20.5482 5.98921
      vertex 31.7781 1.68546 3.67315
      vertex 32 1.7 3.67494
    endloop
  endfacet
  facet normal 4.60319e-05 -0.121926 0.992539
    outer loop
      vertex 55 20.5482 5.98921
      vertex 31.56 1.64207 3.66783
      vertex 31.7781 1.68546 3.67315
    endloop
  endfacet
  facet normal -2.73641e-05 -0.121836 0.99255
    outer loop
      vertex 55 20.5482 5.98921
      vertex 31.3494 1.57059 3.65905
      vertex 31.56 1.64207 3.66783
    endloop
  endfacet
  facet normal -5.32953e-05 -0.121804 0.992554
    outer loop
      vertex 55 20.5482 5.98921
      vertex 31.15 1.47224 3.64697
      vertex 31.3494 1.57059 3.65905
    endloop
  endfacet
  facet normal 0 -0.12187 0.992546
    outer loop
      vertex -31.15 1.47224 3.64697
      vertex 31.15 1.47224 3.64697
      vertex 55 20.5482 5.98921
    endloop
  endfacet
  facet normal 0 -0.121847 0.992549
    outer loop
      vertex 30.3145 0.221894 3.49345
      vertex -30.3 0 3.46621
      vertex 30.3 0 3.46621
    endloop
  endfacet
  facet normal 0 -0.121874 0.992546
    outer loop
      vertex -30.3145 0.221894 3.49345
      vertex 30.3145 0.221894 3.49345
      vertex 30.3579 0.439992 3.52023
    endloop
  endfacet
  facet normal 0 -0.121848 0.992549
    outer loop
      vertex -30.3579 0.439992 3.52023
      vertex 30.3579 0.439992 3.52023
      vertex 30.4294 0.650561 3.54608
    endloop
  endfacet
  facet normal 0 -0.12188 0.992545
    outer loop
      vertex -30.4294 0.650561 3.54608
      vertex 30.4294 0.650561 3.54608
      vertex 30.5278 0.849999 3.57057
    endloop
  endfacet
  facet normal 0 -0.12186 0.992547
    outer loop
      vertex -30.5278 0.849999 3.57057
      vertex 30.5278 0.849999 3.57057
      vertex 30.6513 1.03489 3.59327
    endloop
  endfacet
  facet normal 0 -0.121879 0.992545
    outer loop
      vertex -30.6513 1.03489 3.59327
      vertex 30.6513 1.03489 3.59327
      vertex 30.7979 1.20208 3.6138
    endloop
  endfacet
  facet normal 0 -0.121852 0.992548
    outer loop
      vertex -30.7979 1.20208 3.6138
      vertex 30.7979 1.20208 3.6138
      vertex 30.9651 1.3487 3.6318
    endloop
  endfacet
  facet normal 0 -0.121879 0.992545
    outer loop
      vertex 31.15 1.47224 3.64697
      vertex -31.15 1.47224 3.64697
      vertex 30.9651 1.3487 3.6318
    endloop
  endfacet
  facet normal 0 -0.121847 0.992549
    outer loop
      vertex 30.3145 0.221894 3.49345
      vertex -30.3145 0.221894 3.49345
      vertex -30.3 0 3.46621
    endloop
  endfacet
  facet normal 0 -0.121874 0.992546
    outer loop
      vertex 30.3579 0.439992 3.52023
      vertex -30.3579 0.439992 3.52023
      vertex -30.3145 0.221894 3.49345
    endloop
  endfacet
  facet normal 0 -0.121848 0.992549
    outer loop
      vertex 30.4294 0.650561 3.54608
      vertex -30.4294 0.650561 3.54608
      vertex -30.3579 0.439992 3.52023
    endloop
  endfacet
  facet normal 0 -0.12188 0.992545
    outer loop
      vertex 30.5278 0.849999 3.57057
      vertex -30.5278 0.849999 3.57057
      vertex -30.4294 0.650561 3.54608
    endloop
  endfacet
  facet normal 0 -0.12186 0.992547
    outer loop
      vertex 30.6513 1.03489 3.59327
      vertex -30.6513 1.03489 3.59327
      vertex -30.5278 0.849999 3.57057
    endloop
  endfacet
  facet normal 0 -0.121879 0.992545
    outer loop
      vertex 30.7979 1.20208 3.6138
      vertex -30.7979 1.20208 3.6138
      vertex -30.6513 1.03489 3.59327
    endloop
  endfacet
  facet normal 0 -0.121852 0.992548
    outer loop
      vertex 30.9651 1.3487 3.6318
      vertex -30.9651 1.3487 3.6318
      vertex -30.7979 1.20208 3.6138
    endloop
  endfacet
  facet normal 0 -0.121879 0.992545
    outer loop
      vertex 30.9651 1.3487 3.6318
      vertex -31.15 1.47224 3.64697
      vertex -30.9651 1.3487 3.6318
    endloop
  endfacet
  facet normal 6.32984e-06 -0.121898 0.992543
    outer loop
      vertex 55 20.5482 5.98921
      vertex -31.3494 1.57059 3.65905
      vertex -31.15 1.47224 3.64697
    endloop
  endfacet
  facet normal 0 -0.121869 0.992546
    outer loop
      vertex -55 20.5482 5.98921
      vertex -31.3494 1.57059 3.65905
      vertex 55 20.5482 5.98921
    endloop
  endfacet
  facet normal 2.73641e-05 -0.121836 0.99255
    outer loop
      vertex -31.3494 1.57059 3.65905
      vertex -55 20.5482 5.98921
      vertex -31.56 1.64207 3.66783
    endloop
  endfacet
  facet normal -4.60319e-05 -0.121926 0.992539
    outer loop
      vertex -31.56 1.64207 3.66783
      vertex -55 20.5482 5.98921
      vertex -31.7781 1.68546 3.67315
    endloop
  endfacet
  facet normal 2.2903e-05 -0.121842 0.99255
    outer loop
      vertex -31.7781 1.68546 3.67315
      vertex -55 20.5482 5.98921
      vertex -32 1.7 3.67494
    endloop
  endfacet
  facet normal -1.95115e-05 -0.121893 0.992543
    outer loop
      vertex -32 1.7 3.67494
      vertex -55 20.5482 5.98921
      vertex -32.2219 1.68546 3.67315
    endloop
  endfacet
  facet normal 2.08601e-05 -0.121848 0.992549
    outer loop
      vertex -33.6855 0.221894 3.49345
      vertex -55 20.5482 5.98921
      vertex -33.7 0 3.46621
    endloop
  endfacet
  facet normal -3.26796e-06 -0.121873 0.992546
    outer loop
      vertex -33.6421 0.439992 3.52023
      vertex -55 20.5482 5.98921
      vertex -33.6855 0.221894 3.49345
    endloop
  endfacet
  facet normal 1.56319e-05 -0.121853 0.992548
    outer loop
      vertex -33.5706 0.650561 3.54608
      vertex -55 20.5482 5.98921
      vertex -33.6421 0.439992 3.52023
    endloop
  endfacet
  facet normal -6.40563e-06 -0.121876 0.992545
    outer loop
      vertex -33.4722 0.849999 3.57057
      vertex -55 20.5482 5.98921
      vertex -33.5706 0.650561 3.54608
    endloop
  endfacet
  facet normal 5.51069e-06 -0.121864 0.992547
    outer loop
      vertex -33.3487 1.03489 3.59327
      vertex -55 20.5482 5.98921
      vertex -33.4722 0.849999 3.57057
    endloop
  endfacet
  facet normal -4.7549e-06 -0.121875 0.992545
    outer loop
      vertex -33.2021 1.20208 3.6138
      vertex -55 20.5482 5.98921
      vertex -33.3487 1.03489 3.59327
    endloop
  endfacet
  facet normal 8.09608e-06 -0.121861 0.992547
    outer loop
      vertex -33.0349 1.3487 3.6318
      vertex -55 20.5482 5.98921
      vertex -33.2021 1.20208 3.6138
    endloop
  endfacet
  facet normal -3.4836e-06 -0.121874 0.992546
    outer loop
      vertex -32.85 1.47224 3.64697
      vertex -55 20.5482 5.98921
      vertex -33.0349 1.3487 3.6318
    endloop
  endfacet
  facet normal -1.29901e-05 -0.121885 0.992544
    outer loop
      vertex -32.6506 1.57059 3.65905
      vertex -55 20.5482 5.98921
      vertex -32.85 1.47224 3.64697
    endloop
  endfacet
  facet normal -1.12804e-05 -0.121883 0.992545
    outer loop
      vertex -32.44 1.64207 3.66783
      vertex -55 20.5482 5.98921
      vertex -32.6506 1.57059 3.65905
    endloop
  endfacet
  facet normal 2.80252e-05 -0.121836 0.99255
    outer loop
      vertex -32.2219 1.68546 3.67315
      vertex -55 20.5482 5.98921
      vertex -32.44 1.64207 3.66783
    endloop
  endfacet
  facet normal -1.82984e-05 -0.12189 0.992544
    outer loop
      vertex 33.6855 -0.221894 3.43896
      vertex 55 -19.4514 1.07787
      vertex 33.7 0 3.46621
    endloop
  endfacet
  facet normal -3.10692e-06 -0.121873 0.992546
    outer loop
      vertex 33.6421 -0.439992 3.41218
      vertex 55 -19.4514 1.07787
      vertex 33.6855 -0.221894 3.43896
    endloop
  endfacet
  facet normal 1.49859e-05 -0.121853 0.992548
    outer loop
      vertex 33.5706 -0.650561 3.38633
      vertex 55 -19.4514 1.07787
      vertex 33.6421 -0.439992 3.41218
    endloop
  endfacet
  facet normal -6.14306e-06 -0.121877 0.992545
    outer loop
      vertex 33.4722 -0.849999 3.36184
      vertex 55 -19.4514 1.07787
      vertex 33.5706 -0.650561 3.38633
    endloop
  endfacet
  facet normal 5.32745e-06 -0.121864 0.992547
    outer loop
      vertex 33.3487 -1.03489 3.33914
      vertex 55 -19.4514 1.07787
      vertex 33.4722 -0.849999 3.36184
    endloop
  endfacet
  facet normal -4.58898e-06 -0.121875 0.992545
    outer loop
      vertex 33.2021 -1.20208 3.31861
      vertex 55 -19.4514 1.07787
      vertex 33.3487 -1.03489 3.33914
    endloop
  endfacet
  facet normal 7.87054e-06 -0.12186 0.992547
    outer loop
      vertex 33.0349 -1.3487 3.30061
      vertex 55 -19.4514 1.07787
      vertex 33.2021 -1.20208 3.31861
    endloop
  endfacet
  facet normal -3.38331e-06 -0.121874 0.992546
    outer loop
      vertex 32.85 -1.47224 3.28544
      vertex 55 -19.4514 1.07787
      vertex 33.0349 -1.3487 3.30061
    endloop
  endfacet
  facet normal -1.26995e-05 -0.121885 0.992544
    outer loop
      vertex 32.6506 -1.57059 3.27336
      vertex 55 -19.4514 1.07787
      vertex 32.85 -1.47224 3.28544
    endloop
  endfacet
  facet normal -1.10829e-05 -0.121883 0.992544
    outer loop
      vertex 32.44 -1.64207 3.26458
      vertex 55 -19.4514 1.07787
      vertex 32.6506 -1.57059 3.27336
    endloop
  endfacet
  facet normal 2.76985e-05 -0.121835 0.99255
    outer loop
      vertex 32.2219 -1.68546 3.25926
      vertex 55 -19.4514 1.07787
      vertex 32.44 -1.64207 3.26458
    endloop
  endfacet
  facet normal -1.94219e-05 -0.121894 0.992543
    outer loop
      vertex 32 -1.7 3.25747
      vertex 55 -19.4514 1.07787
      vertex 32.2219 -1.68546 3.25926
    endloop
  endfacet
  facet normal 2.30258e-05 -0.12184 0.99255
    outer loop
      vertex 31.7781 -1.68546 3.25926
      vertex 55 -19.4514 1.07787
      vertex 32 -1.7 3.25747
    endloop
  endfacet
  facet normal -4.69799e-05 -0.12193 0.992539
    outer loop
      vertex 31.56 -1.64207 3.26458
      vertex 55 -19.4514 1.07787
      vertex 31.7781 -1.68546 3.25926
    endloop
  endfacet
  facet normal 2.86439e-05 -0.121832 0.992551
    outer loop
      vertex 31.3494 -1.57059 3.27336
      vertex 55 -19.4514 1.07787
      vertex 31.56 -1.64207 3.26458
    endloop
  endfacet
  facet normal 0 -0.12191 0.992541
    outer loop
      vertex -31.3494 -1.57059 3.27336
      vertex 31.3494 -1.57059 3.27336
      vertex 31.15 -1.47224 3.28544
    endloop
  endfacet
  facet normal 0 -0.121879 0.992545
    outer loop
      vertex -31.15 -1.47224 3.28544
      vertex 31.15 -1.47224 3.28544
      vertex 30.9651 -1.3487 3.30061
    endloop
  endfacet
  facet normal 0 -0.121891 0.992544
    outer loop
      vertex -30.3 0 3.46621
      vertex 30.3145 -0.221894 3.43896
      vertex 30.3 0 3.46621
    endloop
  endfacet
  facet normal 0 -0.121891 0.992544
    outer loop
      vertex -30.3145 -0.221894 3.43896
      vertex 30.3145 -0.221894 3.43896
      vertex -30.3 0 3.46621
    endloop
  endfacet
  facet normal 0 -0.121874 0.992546
    outer loop
      vertex 30.3145 -0.221894 3.43896
      vertex -30.3145 -0.221894 3.43896
      vertex 30.3579 -0.439992 3.41218
    endloop
  endfacet
  facet normal 0 -0.121874 0.992546
    outer loop
      vertex -30.3579 -0.439992 3.41218
      vertex 30.3579 -0.439992 3.41218
      vertex -30.3145 -0.221894 3.43896
    endloop
  endfacet
  facet normal 0 -0.121848 0.992549
    outer loop
      vertex 30.3579 -0.439992 3.41218
      vertex -30.3579 -0.439992 3.41218
      vertex 30.4294 -0.650561 3.38633
    endloop
  endfacet
  facet normal 0 -0.121848 0.992549
    outer loop
      vertex -30.4294 -0.650561 3.38633
      vertex 30.4294 -0.650561 3.38633
      vertex -30.3579 -0.439992 3.41218
    endloop
  endfacet
  facet normal 0 -0.12188 0.992545
    outer loop
      vertex 30.4294 -0.650561 3.38633
      vertex -30.4294 -0.650561 3.38633
      vertex 30.5278 -0.849999 3.36184
    endloop
  endfacet
  facet normal 0 -0.12188 0.992545
    outer loop
      vertex -30.5278 -0.849999 3.36184
      vertex 30.5278 -0.849999 3.36184
      vertex -30.4294 -0.650561 3.38633
    endloop
  endfacet
  facet normal 0 -0.12186 0.992547
    outer loop
      vertex 30.5278 -0.849999 3.36184
      vertex -30.5278 -0.849999 3.36184
      vertex 30.6513 -1.03489 3.33914
    endloop
  endfacet
  facet normal 0 -0.12186 0.992547
    outer loop
      vertex -30.6513 -1.03489 3.33914
      vertex 30.6513 -1.03489 3.33914
      vertex -30.5278 -0.849999 3.36184
    endloop
  endfacet
  facet normal 0 -0.121879 0.992545
    outer loop
      vertex 30.6513 -1.03489 3.33914
      vertex -30.6513 -1.03489 3.33914
      vertex 30.7979 -1.20208 3.31861
    endloop
  endfacet
  facet normal 0 -0.121879 0.992545
    outer loop
      vertex -30.7979 -1.20208 3.31861
      vertex 30.7979 -1.20208 3.31861
      vertex -30.6513 -1.03489 3.33914
    endloop
  endfacet
  facet normal 0 -0.121852 0.992548
    outer loop
      vertex 30.7979 -1.20208 3.31861
      vertex -30.7979 -1.20208 3.31861
      vertex 30.9651 -1.3487 3.30061
    endloop
  endfacet
  facet normal 0 -0.121852 0.992548
    outer loop
      vertex -30.9651 -1.3487 3.30061
      vertex 30.9651 -1.3487 3.30061
      vertex -30.7979 -1.20208 3.31861
    endloop
  endfacet
  facet normal 0 -0.121879 0.992545
    outer loop
      vertex -31.15 -1.47224 3.28544
      vertex 30.9651 -1.3487 3.30061
      vertex -30.9651 -1.3487 3.30061
    endloop
  endfacet
  facet normal 0 -0.12191 0.992541
    outer loop
      vertex 31.15 -1.47224 3.28544
      vertex -31.15 -1.47224 3.28544
      vertex -31.3494 -1.57059 3.27336
    endloop
  endfacet
  facet normal 0 -0.121869 0.992546
    outer loop
      vertex 31.3494 -1.57059 3.27336
      vertex -31.3494 -1.57059 3.27336
      vertex 55 -19.4514 1.07787
    endloop
  endfacet
  facet normal -2.86439e-05 -0.121832 0.992551
    outer loop
      vertex -55 -19.4514 1.07787
      vertex -31.3494 -1.57059 3.27336
      vertex -31.56 -1.64207 3.26458
    endloop
  endfacet
  facet normal 4.69799e-05 -0.12193 0.992539
    outer loop
      vertex -55 -19.4514 1.07787
      vertex -31.56 -1.64207 3.26458
      vertex -31.7781 -1.68546 3.25926
    endloop
  endfacet
  facet normal -2.30258e-05 -0.12184 0.99255
    outer loop
      vertex -55 -19.4514 1.07787
      vertex -31.7781 -1.68546 3.25926
      vertex -32 -1.7 3.25747
    endloop
  endfacet
  facet normal 1.94219e-05 -0.121894 0.992543
    outer loop
      vertex -55 -19.4514 1.07787
      vertex -32 -1.7 3.25747
      vertex -32.2219 -1.68546 3.25926
    endloop
  endfacet
  facet normal -2.76985e-05 -0.121835 0.99255
    outer loop
      vertex -55 -19.4514 1.07787
      vertex -32.2219 -1.68546 3.25926
      vertex -32.44 -1.64207 3.26458
    endloop
  endfacet
  facet normal -2.39737e-07 -0.12187 0.992546
    outer loop
      vertex -55 -19.4514 1.07787
      vertex -33.7 0 3.46621
      vertex -55 20.5482 5.98921
    endloop
  endfacet
  facet normal 1.82984e-05 -0.12189 0.992544
    outer loop
      vertex -33.7 0 3.46621
      vertex -55 -19.4514 1.07787
      vertex -33.6855 -0.221894 3.43896
    endloop
  endfacet
  facet normal 3.10692e-06 -0.121873 0.992546
    outer loop
      vertex -33.6855 -0.221894 3.43896
      vertex -55 -19.4514 1.07787
      vertex -33.6421 -0.439992 3.41218
    endloop
  endfacet
  facet normal -1.49859e-05 -0.121853 0.992548
    outer loop
      vertex -33.6421 -0.439992 3.41218
      vertex -55 -19.4514 1.07787
      vertex -33.5706 -0.650561 3.38633
    endloop
  endfacet
  facet normal 6.14306e-06 -0.121877 0.992545
    outer loop
      vertex -33.5706 -0.650561 3.38633
      vertex -55 -19.4514 1.07787
      vertex -33.4722 -0.849999 3.36184
    endloop
  endfacet
  facet normal -5.32745e-06 -0.121864 0.992547
    outer loop
      vertex -33.4722 -0.849999 3.36184
      vertex -55 -19.4514 1.07787
      vertex -33.3487 -1.03489 3.33914
    endloop
  endfacet
  facet normal 0 -0.121869 0.992546
    outer loop
      vertex -31.3494 -1.57059 3.27336
      vertex -55 -19.4514 1.07787
      vertex 55 -19.4514 1.07787
    endloop
  endfacet
  facet normal 1.10829e-05 -0.121883 0.992544
    outer loop
      vertex -32.6506 -1.57059 3.27336
      vertex -55 -19.4514 1.07787
      vertex -32.44 -1.64207 3.26458
    endloop
  endfacet
  facet normal 1.26995e-05 -0.121885 0.992544
    outer loop
      vertex -32.85 -1.47224 3.28544
      vertex -55 -19.4514 1.07787
      vertex -32.6506 -1.57059 3.27336
    endloop
  endfacet
  facet normal 3.38331e-06 -0.121874 0.992546
    outer loop
      vertex -33.0349 -1.3487 3.30061
      vertex -55 -19.4514 1.07787
      vertex -32.85 -1.47224 3.28544
    endloop
  endfacet
  facet normal -7.87054e-06 -0.12186 0.992547
    outer loop
      vertex -33.2021 -1.20208 3.31861
      vertex -55 -19.4514 1.07787
      vertex -33.0349 -1.3487 3.30061
    endloop
  endfacet
  facet normal 4.58898e-06 -0.121875 0.992545
    outer loop
      vertex -33.3487 -1.03489 3.33914
      vertex -55 -19.4514 1.07787
      vertex -33.2021 -1.20208 3.31861
    endloop
  endfacet
  facet normal 0 0.992546 0.121867
    outer loop
      vertex 55 -19.4514 1.07787
      vertex -55 -20.5482 10.0108
      vertex 55 -20.5482 10.0108
    endloop
  endfacet
  facet normal 0 0.992546 0.121867
    outer loop
      vertex -55 -20.5482 10.0108
      vertex 55 -19.4514 1.07787
      vertex -55 -19.4514 1.07787
    endloop
  endfacet
endsolid OpenSCAD_Model
