solid OpenSCAD_Model
  facet normal -1 0 0
    outer loop
      vertex -17.4 74.5 3
      vertex -17.4 72.1 8
      vertex -17.4 74.5 8
    endloop
  endfacet
  facet normal -1 0 0
    outer loop
      vertex -17.4 72.1 8
      vertex -17.4 28.9 8
      vertex -17.4 72.1 14
    endloop
  endfacet
  facet normal -1 0 0
    outer loop
      vertex -17.4 74.5 3
      vertex -17.4 28.9 8
      vertex -17.4 72.1 8
    endloop
  endfacet
  facet normal -1 0 0
    outer loop
      vertex -17.4 26.5 3
      vertex -17.4 28.9 8
      vertex -17.4 74.5 3
    endloop
  endfacet
  facet normal -1 -0 0
    outer loop
      vertex -17.4 28.9 8
      vertex -17.4 26.5 3
      vertex -17.4 26.5 8
    endloop
  endfacet
  facet normal -1 -0 0
    outer loop
      vertex -17.4 72.1 14
      vertex -17.4 28.9 8
      vertex -17.4 28.9 14
    endloop
  endfacet
  facet normal -0 0 1
    outer loop
      vertex -17.4 72.1 14
      vertex -15 28.9 14
      vertex -15 72.1 14
    endloop
  endfacet
  facet normal 0 0 1
    outer loop
      vertex -15 28.9 14
      vertex -17.4 72.1 14
      vertex -17.4 28.9 14
    endloop
  endfacet
  facet normal 1 0 0
    outer loop
      vertex -15 28.9 8
      vertex -15 72.1 8
      vertex -15 72.1 14
    endloop
  endfacet
  facet normal 1 0 0
    outer loop
      vertex -15 28.9 8
      vertex -15 72.1 14
      vertex -15 28.9 14
    endloop
  endfacet
  facet normal 1 0 0
    outer loop
      vertex -15 72.1 8
      vertex -15 28.9 8
      vertex -15 72.1 3
    endloop
  endfacet
  facet normal 1 0 0
    outer loop
      vertex -15 72.1 3
      vertex -15 28.9 8
      vertex -15 28.9 3
    endloop
  endfacet
  facet normal 0 -1 0
    outer loop
      vertex -17.4 28.9 8
      vertex -15 28.9 14
      vertex -17.4 28.9 14
    endloop
  endfacet
  facet normal 0 -1 -0
    outer loop
      vertex -15 28.9 14
      vertex -17.4 28.9 8
      vertex -15 28.9 8
    endloop
  endfacet
  facet normal 0 -1 0
    outer loop
      vertex 15 28.9 8
      vertex 17.4 28.9 14
      vertex 15 28.9 14
    endloop
  endfacet
  facet normal 0 -1 -0
    outer loop
      vertex 17.4 28.9 14
      vertex 15 28.9 8
      vertex 17.4 28.9 8
    endloop
  endfacet
  facet normal 0 1 -0
    outer loop
      vertex 15 28.9 3
      vertex -15 28.9 8
      vertex 15 28.9 8
    endloop
  endfacet
  facet normal 0 1 0
    outer loop
      vertex -15 28.9 8
      vertex 15 28.9 3
      vertex -15 28.9 3
    endloop
  endfacet
  facet normal 0 1 -0
    outer loop
      vertex -15 72.1 8
      vertex -17.4 72.1 14
      vertex -15 72.1 14
    endloop
  endfacet
  facet normal 0 1 0
    outer loop
      vertex -17.4 72.1 14
      vertex -15 72.1 8
      vertex -17.4 72.1 8
    endloop
  endfacet
  facet normal 0 1 -0
    outer loop
      vertex 17.4 72.1 8
      vertex 15 72.1 14
      vertex 17.4 72.1 14
    endloop
  endfacet
  facet normal 0 1 0
    outer loop
      vertex 15 72.1 14
      vertex 17.4 72.1 8
      vertex 15 72.1 8
    endloop
  endfacet
  facet normal 0 -1 0
    outer loop
      vertex -15 72.1 3
      vertex 15 72.1 8
      vertex -15 72.1 8
    endloop
  endfacet
  facet normal 0 -1 -0
    outer loop
      vertex 15 72.1 8
      vertex -15 72.1 3
      vertex 15 72.1 3
    endloop
  endfacet
  facet normal -1 0 0
    outer loop
      vertex 15 28.9 8
      vertex 15 72.1 8
      vertex 15 72.1 3
    endloop
  endfacet
  facet normal -1 0 0
    outer loop
      vertex 15 28.9 8
      vertex 15 72.1 3
      vertex 15 28.9 3
    endloop
  endfacet
  facet normal -1 0 0
    outer loop
      vertex 15 72.1 8
      vertex 15 28.9 8
      vertex 15 72.1 14
    endloop
  endfacet
  facet normal -1 -0 0
    outer loop
      vertex 15 72.1 14
      vertex 15 28.9 8
      vertex 15 28.9 14
    endloop
  endfacet
  facet normal -0 0 1
    outer loop
      vertex 15 72.1 14
      vertex 17.4 28.9 14
      vertex 17.4 72.1 14
    endloop
  endfacet
  facet normal 0 0 1
    outer loop
      vertex 17.4 28.9 14
      vertex 15 72.1 14
      vertex 15 28.9 14
    endloop
  endfacet
  facet normal 1 0 0
    outer loop
      vertex 17.4 72.1 14
      vertex 17.4 28.9 14
      vertex 17.4 72.1 8
    endloop
  endfacet
  facet normal 1 -0 0
    outer loop
      vertex 17.4 72.1 8
      vertex 17.4 74.5 3
      vertex 17.4 74.5 8
    endloop
  endfacet
  facet normal 1 0 0
    outer loop
      vertex 17.4 28.9 8
      vertex 17.4 72.1 8
      vertex 17.4 28.9 14
    endloop
  endfacet
  facet normal 1 0 0
    outer loop
      vertex 17.4 72.1 8
      vertex 17.4 28.9 8
      vertex 17.4 74.5 3
    endloop
  endfacet
  facet normal 1 0 0
    outer loop
      vertex 17.4 26.5 3
      vertex 17.4 28.9 8
      vertex 17.4 26.5 8
    endloop
  endfacet
  facet normal 1 0 0
    outer loop
      vertex 17.4 28.9 8
      vertex 17.4 26.5 3
      vertex 17.4 74.5 3
    endloop
  endfacet
  facet normal -0 0 1
    outer loop
      vertex 15 28.9 8
      vertex 17.4 26.5 8
      vertex 17.4 28.9 8
    endloop
  endfacet
  facet normal -0 0 1
    outer loop
      vertex -15 28.9 8
      vertex 17.4 26.5 8
      vertex 15 28.9 8
    endloop
  endfacet
  facet normal 0 0 1
    outer loop
      vertex -17.4 26.5 8
      vertex -15 28.9 8
      vertex -17.4 28.9 8
    endloop
  endfacet
  facet normal 0 0 1
    outer loop
      vertex -15 28.9 8
      vertex -17.4 26.5 8
      vertex 17.4 26.5 8
    endloop
  endfacet
  facet normal 0 -1 0
    outer loop
      vertex -17.4 26.5 3
      vertex 17.4 26.5 8
      vertex -17.4 26.5 8
    endloop
  endfacet
  facet normal 0 -1 -0
    outer loop
      vertex 17.4 26.5 8
      vertex -17.4 26.5 3
      vertex 17.4 26.5 3
    endloop
  endfacet
  facet normal 0 0 1
    outer loop
      vertex 17.4 74.5 8
      vertex 15 72.1 8
      vertex 17.4 72.1 8
    endloop
  endfacet
  facet normal 0 0 1
    outer loop
      vertex 17.4 74.5 8
      vertex -15 72.1 8
      vertex 15 72.1 8
    endloop
  endfacet
  facet normal -0 0 1
    outer loop
      vertex -17.4 74.5 8
      vertex -15 72.1 8
      vertex 17.4 74.5 8
    endloop
  endfacet
  facet normal 0 0 1
    outer loop
      vertex -15 72.1 8
      vertex -17.4 74.5 8
      vertex -17.4 72.1 8
    endloop
  endfacet
  facet normal 0 1 -0
    outer loop
      vertex 45 74.5 0
      vertex 17.4 74.5 3
      vertex 45 74.5 3
    endloop
  endfacet
  facet normal 0 1 0
    outer loop
      vertex 17.4 74.5 3
      vertex 45 74.5 0
      vertex -17.4 74.5 3
    endloop
  endfacet
  facet normal 0 1 0
    outer loop
      vertex -45 74.5 0
      vertex -17.4 74.5 3
      vertex 45 74.5 0
    endloop
  endfacet
  facet normal 0 1 0
    outer loop
      vertex -17.4 74.5 3
      vertex -45 74.5 0
      vertex -45 74.5 3
    endloop
  endfacet
  facet normal 0 1 -0
    outer loop
      vertex 17.4 74.5 3
      vertex -17.4 74.5 8
      vertex 17.4 74.5 8
    endloop
  endfacet
  facet normal 0 1 0
    outer loop
      vertex -17.4 74.5 8
      vertex 17.4 74.5 3
      vertex -17.4 74.5 3
    endloop
  endfacet
  facet normal -1 0 0
    outer loop
      vertex -14 -68.5 3
      vertex -14 -50.5 10
      vertex -14 -50.5 3
    endloop
  endfacet
  facet normal -1 -0 0
    outer loop
      vertex -14 -50.5 10
      vertex -14 -68.5 3
      vertex -14 -68.5 10
    endloop
  endfacet
  facet normal -0 0 1
    outer loop
      vertex -14 -50.5 10
      vertex -12 -68.5 10
      vertex -12 -50.5 10
    endloop
  endfacet
  facet normal 0 0 1
    outer loop
      vertex -12 -68.5 10
      vertex -14 -50.5 10
      vertex -14 -68.5 10
    endloop
  endfacet
  facet normal 1 -0 0
    outer loop
      vertex -12 -68.5 10
      vertex -12 -50.5 3
      vertex -12 -50.5 10
    endloop
  endfacet
  facet normal 1 0 0
    outer loop
      vertex -12 -50.5 3
      vertex -12 -68.5 10
      vertex -12 -68.5 3
    endloop
  endfacet
  facet normal 0 -1 0
    outer loop
      vertex -14 -68.5 3
      vertex -12 -68.5 10
      vertex -14 -68.5 10
    endloop
  endfacet
  facet normal 0 -1 -0
    outer loop
      vertex -12 -68.5 10
      vertex -14 -68.5 3
      vertex -12 -68.5 3
    endloop
  endfacet
  facet normal 0 1 -0
    outer loop
      vertex -12 -50.5 3
      vertex -14 -50.5 10
      vertex -12 -50.5 10
    endloop
  endfacet
  facet normal 0 1 0
    outer loop
      vertex -14 -50.5 10
      vertex -12 -50.5 3
      vertex -14 -50.5 3
    endloop
  endfacet
  facet normal -1 0 0
    outer loop
      vertex 12 -68.5 3
      vertex 12 -50.5 10
      vertex 12 -50.5 3
    endloop
  endfacet
  facet normal -1 -0 0
    outer loop
      vertex 12 -50.5 10
      vertex 12 -68.5 3
      vertex 12 -68.5 10
    endloop
  endfacet
  facet normal -0 0 1
    outer loop
      vertex 12 -50.5 10
      vertex 14 -68.5 10
      vertex 14 -50.5 10
    endloop
  endfacet
  facet normal 0 0 1
    outer loop
      vertex 14 -68.5 10
      vertex 12 -50.5 10
      vertex 12 -68.5 10
    endloop
  endfacet
  facet normal 1 -0 0
    outer loop
      vertex 14 -68.5 10
      vertex 14 -50.5 3
      vertex 14 -50.5 10
    endloop
  endfacet
  facet normal 1 0 0
    outer loop
      vertex 14 -50.5 3
      vertex 14 -68.5 10
      vertex 14 -68.5 3
    endloop
  endfacet
  facet normal 0 1 -0
    outer loop
      vertex 14 -50.5 3
      vertex 12 -50.5 10
      vertex 14 -50.5 10
    endloop
  endfacet
  facet normal 0 1 0
    outer loop
      vertex 12 -50.5 10
      vertex 14 -50.5 3
      vertex 12 -50.5 3
    endloop
  endfacet
  facet normal 0 -1 0
    outer loop
      vertex 12 -68.5 3
      vertex 14 -68.5 10
      vertex 12 -68.5 10
    endloop
  endfacet
  facet normal 0 -1 -0
    outer loop
      vertex 14 -68.5 10
      vertex 12 -68.5 3
      vertex 14 -68.5 3
    endloop
  endfacet
  facet normal 0.321574 -0.946885 0
    outer loop
      vertex 45.7765 -74.3978 0
      vertex 46.1481 -74.2716 3
      vertex 45.7765 -74.3978 3
    endloop
  endfacet
  facet normal 0.321574 -0.946885 0
    outer loop
      vertex 46.1481 -74.2716 3
      vertex 45.7765 -74.3978 0
      vertex 46.1481 -74.2716 0
    endloop
  endfacet
  facet normal -0.19494 0.980815 0
    outer loop
      vertex -45.3916 74.4743 0
      vertex -45.7765 74.3978 3
      vertex -45.3916 74.4743 3
    endloop
  endfacet
  facet normal -0.19494 0.980815 0
    outer loop
      vertex -45.7765 74.3978 3
      vertex -45.3916 74.4743 0
      vertex -45.7765 74.3978 0
    endloop
  endfacet
  facet normal 0.19494 -0.980815 0
    outer loop
      vertex 45.3916 -74.4743 0
      vertex 45.7765 -74.3978 3
      vertex 45.3916 -74.4743 3
    endloop
  endfacet
  facet normal 0.19494 -0.980815 0
    outer loop
      vertex 45.7765 -74.3978 3
      vertex 45.3916 -74.4743 0
      vertex 45.7765 -74.3978 0
    endloop
  endfacet
  facet normal 0.896911 0.442211 0
    outer loop
      vertex 47.7716 72.6481 3
      vertex 47.5981 73 0
      vertex 47.5981 73 3
    endloop
  endfacet
  facet normal 0.896911 0.442211 0
    outer loop
      vertex 47.5981 73 0
      vertex 47.7716 72.6481 3
      vertex 47.7716 72.6481 0
    endloop
  endfacet
  facet normal -0.997853 0.0654873 0
    outer loop
      vertex -48 71.5 0
      vertex -47.9743 71.8916 3
      vertex -47.9743 71.8916 0
    endloop
  endfacet
  facet normal -0.997853 0.0654873 0
    outer loop
      vertex -47.9743 71.8916 3
      vertex -48 71.5 0
      vertex -48 71.5 3
    endloop
  endfacet
  facet normal -0 0 1
    outer loop
      vertex -31.5 -11 3
      vertex -28.5 -19 3
      vertex -28.5 -11 3
    endloop
  endfacet
  facet normal 0 0 1
    outer loop
      vertex -28.5 -19 3
      vertex -31.5 -11 3
      vertex -31.5 -19 3
    endloop
  endfacet
  facet normal -0 0 1
    outer loop
      vertex -31.5 9 3
      vertex -28.5 1 3
      vertex -28.5 9 3
    endloop
  endfacet
  facet normal 0 0 1
    outer loop
      vertex -28.5 1 3
      vertex -31.5 9 3
      vertex -31.5 1 3
    endloop
  endfacet
  facet normal 0 0 1
    outer loop
      vertex -17.4 74.5 3
      vertex -18.5 64.5 3
      vertex -17.4 26.5 3
    endloop
  endfacet
  facet normal 0 0 1
    outer loop
      vertex -17.4 74.5 3
      vertex -21.5 64.5 3
      vertex -18.5 64.5 3
    endloop
  endfacet
  facet normal 0 0 1
    outer loop
      vertex -48 71.5 3
      vertex -21.5 36.5 3
      vertex -21.5 64.5 3
    endloop
  endfacet
  facet normal 0 0 1
    outer loop
      vertex -21.5 36.5 3
      vertex -31.5 21 3
      vertex -28.5 21 3
    endloop
  endfacet
  facet normal 0 0 1
    outer loop
      vertex -48 71.5 3
      vertex -31.5 9 3
      vertex -31.5 21 3
    endloop
  endfacet
  facet normal 0 0 1
    outer loop
      vertex -31.5 9 3
      vertex -48 71.5 3
      vertex -31.5 1 3
    endloop
  endfacet
  facet normal 0 0 1
    outer loop
      vertex -48 -71.5 3
      vertex -31.5 1 3
      vertex -48 71.5 3
    endloop
  endfacet
  facet normal 0 0 1
    outer loop
      vertex -31.5 1 3
      vertex -48 -71.5 3
      vertex -31.5 -11 3
    endloop
  endfacet
  facet normal 0 0 1
    outer loop
      vertex -21.5 36.5 3
      vertex -48 71.5 3
      vertex -31.5 21 3
    endloop
  endfacet
  facet normal -0 0 1
    outer loop
      vertex -48 71.5 3
      vertex -21.5 64.5 3
      vertex -45 74.5 3
    endloop
  endfacet
  facet normal -0 0 1
    outer loop
      vertex -45 74.5 3
      vertex -21.5 64.5 3
      vertex -17.4 74.5 3
    endloop
  endfacet
  facet normal -0 0 1
    outer loop
      vertex 9 -44 3
      vertex 12 -50.5 3
      vertex 9 -40 3
    endloop
  endfacet
  facet normal -0 0 1
    outer loop
      vertex 8.5 -31 3
      vertex 9 -40 3
      vertex 11.5 -31 3
    endloop
  endfacet
  facet normal 0 0 1
    outer loop
      vertex -8.5 -11 3
      vertex 8.5 -11 3
      vertex -8.5 1 3
    endloop
  endfacet
  facet normal 0 0 1
    outer loop
      vertex 8.5 -11 3
      vertex -8.5 -11 3
      vertex 8.5 -19 3
    endloop
  endfacet
  facet normal 0 0 1
    outer loop
      vertex -8.5 -19 3
      vertex 8.5 -19 3
      vertex -8.5 -11 3
    endloop
  endfacet
  facet normal 0 0 1
    outer loop
      vertex 8.5 -19 3
      vertex -8.5 -19 3
      vertex 8.5 -31 3
    endloop
  endfacet
  facet normal 0 0 1
    outer loop
      vertex -8.5 -31 3
      vertex 8.5 -31 3
      vertex -8.5 -19 3
    endloop
  endfacet
  facet normal 0 0 1
    outer loop
      vertex 8.5 -31 3
      vertex -8.5 -31 3
      vertex 9 -40 3
    endloop
  endfacet
  facet normal 0 0 1
    outer loop
      vertex -8.5 -31 3
      vertex -9 -40 3
      vertex 9 -40 3
    endloop
  endfacet
  facet normal -0 0 1
    outer loop
      vertex -28.5 -31 3
      vertex -9 -40 3
      vertex -11.5 -31 3
    endloop
  endfacet
  facet normal -0 0 1
    outer loop
      vertex -11.5 -31 3
      vertex -9 -40 3
      vertex -8.5 -31 3
    endloop
  endfacet
  facet normal -0 0 1
    outer loop
      vertex 8.5 -11 3
      vertex 11.5 -19 3
      vertex 11.5 -11 3
    endloop
  endfacet
  facet normal 0 0 1
    outer loop
      vertex 11.5 -19 3
      vertex 8.5 -11 3
      vertex 8.5 -19 3
    endloop
  endfacet
  facet normal -0 0 1
    outer loop
      vertex 8.5 9 3
      vertex 11.5 1 3
      vertex 11.5 9 3
    endloop
  endfacet
  facet normal 0 0 1
    outer loop
      vertex 11.5 1 3
      vertex 8.5 9 3
      vertex 8.5 1 3
    endloop
  endfacet
  facet normal 0 0 1
    outer loop
      vertex 28.5 -31 3
      vertex 12 -50.5 3
      vertex 14 -50.5 3
    endloop
  endfacet
  facet normal 0 0 1
    outer loop
      vertex 28.5 1 3
      vertex 11.5 1 3
      vertex 28.5 -11 3
    endloop
  endfacet
  facet normal 0 0 1
    outer loop
      vertex 11.5 9 3
      vertex 17.4 26.5 3
      vertex 11.5 21 3
    endloop
  endfacet
  facet normal 0 0 1
    outer loop
      vertex 17.4 26.5 3
      vertex 9 26 3
      vertex 11.5 21 3
    endloop
  endfacet
  facet normal 0 0 1
    outer loop
      vertex 17.4 26.5 3
      vertex -9 26 3
      vertex 9 26 3
    endloop
  endfacet
  facet normal 0 0 1
    outer loop
      vertex -9 26 3
      vertex -11.5 21 3
      vertex -9 22 3
    endloop
  endfacet
  facet normal 0 0 1
    outer loop
      vertex -28.5 9 3
      vertex -11.5 9 3
      vertex -11.5 21 3
    endloop
  endfacet
  facet normal 0 0 1
    outer loop
      vertex -28.5 9 3
      vertex -11.5 21 3
      vertex -17.4 26.5 3
    endloop
  endfacet
  facet normal 0 0 1
    outer loop
      vertex -11.5 1 3
      vertex -28.5 -11 3
      vertex -11.5 -11 3
    endloop
  endfacet
  facet normal 0 0 1
    outer loop
      vertex -11.5 -11 3
      vertex -28.5 -11 3
      vertex -11.5 -19 3
    endloop
  endfacet
  facet normal 0 0 1
    outer loop
      vertex -28.5 -19 3
      vertex -11.5 -19 3
      vertex -28.5 -11 3
    endloop
  endfacet
  facet normal 0 0 1
    outer loop
      vertex -9 -40 3
      vertex -12 -50.5 3
      vertex -11.5 -51.5 3
    endloop
  endfacet
  facet normal 0 0 1
    outer loop
      vertex -11.5 -51.5 3
      vertex -12 -50.5 3
      vertex -11.5 -67.5 3
    endloop
  endfacet
  facet normal 0 0 1
    outer loop
      vertex -28.5 -31 3
      vertex -11.5 -31 3
      vertex -28.5 -19 3
    endloop
  endfacet
  facet normal 0 0 1
    outer loop
      vertex -11.5 -19 3
      vertex -28.5 -19 3
      vertex -11.5 -31 3
    endloop
  endfacet
  facet normal 0 0 1
    outer loop
      vertex -11.5 9 3
      vertex -28.5 9 3
      vertex -11.5 1 3
    endloop
  endfacet
  facet normal 0 0 1
    outer loop
      vertex -9 26 3
      vertex -17.4 26.5 3
      vertex -11.5 21 3
    endloop
  endfacet
  facet normal -0 0 1
    outer loop
      vertex -17.4 26.5 3
      vertex -9 26 3
      vertex 17.4 26.5 3
    endloop
  endfacet
  facet normal -0 0 1
    outer loop
      vertex 9 22 3
      vertex 11.5 21 3
      vertex 9 26 3
    endloop
  endfacet
  facet normal 0 0 1
    outer loop
      vertex 9 22 3
      vertex 8.5 21 3
      vertex 11.5 21 3
    endloop
  endfacet
  facet normal -0 0 1
    outer loop
      vertex -8.5 21 3
      vertex 8.5 9 3
      vertex 8.5 21 3
    endloop
  endfacet
  facet normal 0 0 1
    outer loop
      vertex -8.5 9 3
      vertex 8.5 9 3
      vertex -8.5 21 3
    endloop
  endfacet
  facet normal 0 0 1
    outer loop
      vertex 8.5 9 3
      vertex -8.5 9 3
      vertex 8.5 1 3
    endloop
  endfacet
  facet normal 0 0 1
    outer loop
      vertex -8.5 1 3
      vertex 8.5 1 3
      vertex -8.5 9 3
    endloop
  endfacet
  facet normal 0 0 1
    outer loop
      vertex 8.5 1 3
      vertex -8.5 1 3
      vertex 8.5 -11 3
    endloop
  endfacet
  facet normal 0 0 1
    outer loop
      vertex 9 22 3
      vertex -8.5 21 3
      vertex 8.5 21 3
    endloop
  endfacet
  facet normal -0 0 1
    outer loop
      vertex -9 22 3
      vertex -8.5 21 3
      vertex 9 22 3
    endloop
  endfacet
  facet normal 0 0 1
    outer loop
      vertex -8.5 21 3
      vertex -9 22 3
      vertex -11.5 21 3
    endloop
  endfacet
  facet normal 0 0 1
    outer loop
      vertex 8.5 -51.5 3
      vertex 12 -50.5 3
      vertex 9 -44 3
    endloop
  endfacet
  facet normal 0 0 1
    outer loop
      vertex 12 -50.5 3
      vertex 8.5 -51.5 3
      vertex 11.5 -51.5 3
    endloop
  endfacet
  facet normal 0 0 1
    outer loop
      vertex 8.5 -51.5 3
      vertex 4 -59.5 3
      vertex 8.5 -67.5 3
    endloop
  endfacet
  facet normal 0 0 1
    outer loop
      vertex 0.522104 -55.5342 3
      vertex 8.5 -51.5 3
      vertex 9 -44 3
    endloop
  endfacet
  facet normal 0 0 1
    outer loop
      vertex 8.5 -51.5 3
      vertex 3.96578 -58.9779 3
      vertex 4 -59.5 3
    endloop
  endfacet
  facet normal 0 0 1
    outer loop
      vertex 8.5 -51.5 3
      vertex 3.8637 -58.4647 3
      vertex 3.96578 -58.9779 3
    endloop
  endfacet
  facet normal 0 0 1
    outer loop
      vertex 8.5 -51.5 3
      vertex 3.69552 -57.9693 3
      vertex 3.8637 -58.4647 3
    endloop
  endfacet
  facet normal 0 0 1
    outer loop
      vertex 8.5 -51.5 3
      vertex 3.4641 -57.5 3
      vertex 3.69552 -57.9693 3
    endloop
  endfacet
  facet normal 0 0 1
    outer loop
      vertex 8.5 -51.5 3
      vertex 3.17341 -57.065 3
      vertex 3.4641 -57.5 3
    endloop
  endfacet
  facet normal 0 0 1
    outer loop
      vertex 8.5 -51.5 3
      vertex 2.82843 -56.6716 3
      vertex 3.17341 -57.065 3
    endloop
  endfacet
  facet normal 0 0 1
    outer loop
      vertex 8.5 -51.5 3
      vertex 2.43505 -56.3266 3
      vertex 2.82843 -56.6716 3
    endloop
  endfacet
  facet normal 0 0 1
    outer loop
      vertex 8.5 -51.5 3
      vertex 2 -56.0359 3
      vertex 2.43505 -56.3266 3
    endloop
  endfacet
  facet normal 0 0 1
    outer loop
      vertex 8.5 -51.5 3
      vertex 1.53073 -55.8045 3
      vertex 2 -56.0359 3
    endloop
  endfacet
  facet normal 0 0 1
    outer loop
      vertex 8.5 -51.5 3
      vertex 1.03528 -55.6363 3
      vertex 1.53073 -55.8045 3
    endloop
  endfacet
  facet normal 0 0 1
    outer loop
      vertex 8.5 -51.5 3
      vertex 0.522104 -55.5342 3
      vertex 1.03528 -55.6363 3
    endloop
  endfacet
  facet normal 0 0 1
    outer loop
      vertex 9 -44 3
      vertex 0 -55.5 3
      vertex 0.522104 -55.5342 3
    endloop
  endfacet
  facet normal -0 0 1
    outer loop
      vertex -9 -44 3
      vertex 0 -55.5 3
      vertex 9 -44 3
    endloop
  endfacet
  facet normal 0 0 1
    outer loop
      vertex 0 -55.5 3
      vertex -9 -44 3
      vertex -0.522104 -55.5342 3
    endloop
  endfacet
  facet normal -0 -0 1
    outer loop
      vertex -8.5 -51.5 3
      vertex -0.522104 -55.5342 3
      vertex -9 -44 3
    endloop
  endfacet
  facet normal 0 0 1
    outer loop
      vertex -0.522104 -55.5342 3
      vertex -8.5 -51.5 3
      vertex -1.03528 -55.6363 3
    endloop
  endfacet
  facet normal 0 0 1
    outer loop
      vertex -1.03528 -55.6363 3
      vertex -8.5 -51.5 3
      vertex -1.53073 -55.8045 3
    endloop
  endfacet
  facet normal 0 0 1
    outer loop
      vertex -2 -56.0359 3
      vertex -8.5 -51.5 3
      vertex -2.43505 -56.3266 3
    endloop
  endfacet
  facet normal 0 0 1
    outer loop
      vertex -3.96578 -58.9779 3
      vertex -8.5 -51.5 3
      vertex -4 -59.5 3
    endloop
  endfacet
  facet normal 0 0 1
    outer loop
      vertex -3.8637 -58.4647 3
      vertex -8.5 -51.5 3
      vertex -3.96578 -58.9779 3
    endloop
  endfacet
  facet normal 0 0 1
    outer loop
      vertex -3.69552 -57.9693 3
      vertex -8.5 -51.5 3
      vertex -3.8637 -58.4647 3
    endloop
  endfacet
  facet normal 0 0 1
    outer loop
      vertex -3.4641 -57.5 3
      vertex -8.5 -51.5 3
      vertex -3.69552 -57.9693 3
    endloop
  endfacet
  facet normal 0 0 1
    outer loop
      vertex -3.17341 -57.065 3
      vertex -8.5 -51.5 3
      vertex -3.4641 -57.5 3
    endloop
  endfacet
  facet normal 0 0 1
    outer loop
      vertex -2.82843 -56.6716 3
      vertex -8.5 -51.5 3
      vertex -3.17341 -57.065 3
    endloop
  endfacet
  facet normal 0 0 1
    outer loop
      vertex -2.43505 -56.3266 3
      vertex -8.5 -51.5 3
      vertex -2.82843 -56.6716 3
    endloop
  endfacet
  facet normal 0 0 1
    outer loop
      vertex -1.53073 -55.8045 3
      vertex -8.5 -51.5 3
      vertex -2 -56.0359 3
    endloop
  endfacet
  facet normal 0 0 1
    outer loop
      vertex -9 -40 3
      vertex -11.5 -51.5 3
      vertex -9 -44 3
    endloop
  endfacet
  facet normal 0 0 1
    outer loop
      vertex -9 -44 3
      vertex -11.5 -51.5 3
      vertex -8.5 -51.5 3
    endloop
  endfacet
  facet normal -0 0 1
    outer loop
      vertex -11.5 -11 3
      vertex -8.5 -19 3
      vertex -8.5 -11 3
    endloop
  endfacet
  facet normal 0 0 1
    outer loop
      vertex -8.5 -19 3
      vertex -11.5 -11 3
      vertex -11.5 -19 3
    endloop
  endfacet
  facet normal -0 0 1
    outer loop
      vertex -11.5 9 3
      vertex -8.5 1 3
      vertex -8.5 9 3
    endloop
  endfacet
  facet normal 0 0 1
    outer loop
      vertex -8.5 1 3
      vertex -11.5 9 3
      vertex -11.5 1 3
    endloop
  endfacet
  facet normal -0 0 1
    outer loop
      vertex 28.5 -11 3
      vertex 31.5 -19 3
      vertex 31.5 -11 3
    endloop
  endfacet
  facet normal 0 0 1
    outer loop
      vertex 31.5 -19 3
      vertex 28.5 -11 3
      vertex 28.5 -19 3
    endloop
  endfacet
  facet normal -0 0 1
    outer loop
      vertex 28.5 9 3
      vertex 31.5 1 3
      vertex 31.5 9 3
    endloop
  endfacet
  facet normal 0 0 1
    outer loop
      vertex 31.5 1 3
      vertex 28.5 9 3
      vertex 28.5 1 3
    endloop
  endfacet
  facet normal 0 0 1
    outer loop
      vertex 45 74.5 3
      vertex 48 71.5 3
      vertex 47.9743 71.8916 3
    endloop
  endfacet
  facet normal 0 0 1
    outer loop
      vertex 48 71.5 3
      vertex 31.5 1 3
      vertex 48 -71.5 3
    endloop
  endfacet
  facet normal 0 0 1
    outer loop
      vertex 45 74.5 3
      vertex 47.9743 71.8916 3
      vertex 47.8978 72.2765 3
    endloop
  endfacet
  facet normal -0 0 1
    outer loop
      vertex 31.5 -11 3
      vertex 48 -71.5 3
      vertex 31.5 1 3
    endloop
  endfacet
  facet normal 0 0 1
    outer loop
      vertex 45 74.5 3
      vertex 47.8978 72.2765 3
      vertex 47.7716 72.6481 3
    endloop
  endfacet
  facet normal -0 0 1
    outer loop
      vertex 31.5 -19 3
      vertex 48 -71.5 3
      vertex 31.5 -11 3
    endloop
  endfacet
  facet normal 0 0 1
    outer loop
      vertex 45 74.5 3
      vertex 47.7716 72.6481 3
      vertex 47.5981 73 3
    endloop
  endfacet
  facet normal -0 0 1
    outer loop
      vertex 31.5 -31 3
      vertex 48 -71.5 3
      vertex 31.5 -19 3
    endloop
  endfacet
  facet normal 0 0 1
    outer loop
      vertex 45 74.5 3
      vertex 47.5981 73 3
      vertex 47.3801 73.3263 3
    endloop
  endfacet
  facet normal -0 0 1
    outer loop
      vertex 14 -50.5 3
      vertex 48 -71.5 3
      vertex 31.5 -31 3
    endloop
  endfacet
  facet normal 0 0 1
    outer loop
      vertex 45 74.5 3
      vertex 47.3801 73.3263 3
      vertex 47.1213 73.6213 3
    endloop
  endfacet
  facet normal 0 -0 1
    outer loop
      vertex 45 -74.5 3
      vertex 48 -71.5 3
      vertex 14 -50.5 3
    endloop
  endfacet
  facet normal 0 0 1
    outer loop
      vertex 45 74.5 3
      vertex 47.1213 73.6213 3
      vertex 46.8263 73.8801 3
    endloop
  endfacet
  facet normal 0 0 1
    outer loop
      vertex 48 -71.5 3
      vertex 45 -74.5 3
      vertex 47.9743 -71.8916 3
    endloop
  endfacet
  facet normal 0 0 1
    outer loop
      vertex 45 74.5 3
      vertex 46.8263 73.8801 3
      vertex 46.5 74.0981 3
    endloop
  endfacet
  facet normal 0 0 1
    outer loop
      vertex 47.9743 -71.8916 3
      vertex 45 -74.5 3
      vertex 47.8978 -72.2765 3
    endloop
  endfacet
  facet normal 0 0 1
    outer loop
      vertex 45 74.5 3
      vertex 46.5 74.0981 3
      vertex 46.1481 74.2716 3
    endloop
  endfacet
  facet normal 0 0 1
    outer loop
      vertex 47.8978 -72.2765 3
      vertex 45 -74.5 3
      vertex 47.7716 -72.6481 3
    endloop
  endfacet
  facet normal 0 0 1
    outer loop
      vertex 45 74.5 3
      vertex 46.1481 74.2716 3
      vertex 45.7765 74.3978 3
    endloop
  endfacet
  facet normal 0 0 1
    outer loop
      vertex 47.7716 -72.6481 3
      vertex 45 -74.5 3
      vertex 47.5981 -73 3
    endloop
  endfacet
  facet normal 0 0 1
    outer loop
      vertex 45 74.5 3
      vertex 45.7765 74.3978 3
      vertex 45.3916 74.4743 3
    endloop
  endfacet
  facet normal 0 0 1
    outer loop
      vertex 47.3801 -73.3263 3
      vertex 45 -74.5 3
      vertex 47.1213 -73.6213 3
    endloop
  endfacet
  facet normal 0 0 1
    outer loop
      vertex 48 71.5 3
      vertex 45 74.5 3
      vertex 21.5 64.5 3
    endloop
  endfacet
  facet normal 0 0 1
    outer loop
      vertex 47.1213 -73.6213 3
      vertex 45 -74.5 3
      vertex 46.8263 -73.8801 3
    endloop
  endfacet
  facet normal 0 0 1
    outer loop
      vertex 48 71.5 3
      vertex 31.5 21 3
      vertex 31.5 9 3
    endloop
  endfacet
  facet normal 0 0 1
    outer loop
      vertex 48 71.5 3
      vertex 21.5 36.5 3
      vertex 31.5 21 3
    endloop
  endfacet
  facet normal 0 0 1
    outer loop
      vertex 11.5 9 3
      vertex 28.5 21 3
      vertex 17.4 26.5 3
    endloop
  endfacet
  facet normal 0 0 1
    outer loop
      vertex 28.5 21 3
      vertex 11.5 9 3
      vertex 28.5 9 3
    endloop
  endfacet
  facet normal 0 0 1
    outer loop
      vertex 28.5 9 3
      vertex 11.5 9 3
      vertex 28.5 1 3
    endloop
  endfacet
  facet normal 0 0 1
    outer loop
      vertex 11.5 1 3
      vertex 28.5 1 3
      vertex 11.5 9 3
    endloop
  endfacet
  facet normal 0 0 1
    outer loop
      vertex 31.5 21 3
      vertex 21.5 36.5 3
      vertex 28.5 21 3
    endloop
  endfacet
  facet normal 0 0 1
    outer loop
      vertex 48 71.5 3
      vertex 21.5 64.5 3
      vertex 21.5 36.5 3
    endloop
  endfacet
  facet normal -0 0 1
    outer loop
      vertex 17.4 74.5 3
      vertex 21.5 64.5 3
      vertex 45 74.5 3
    endloop
  endfacet
  facet normal 0 0 1
    outer loop
      vertex 18.5 64.5 3
      vertex 17.4 74.5 3
      vertex 18.5 36.5 3
    endloop
  endfacet
  facet normal 0 0 1
    outer loop
      vertex 21.5 64.5 3
      vertex 17.4 74.5 3
      vertex 18.5 64.5 3
    endloop
  endfacet
  facet normal 0 0 1
    outer loop
      vertex 48 71.5 3
      vertex 31.5 9 3
      vertex 31.5 1 3
    endloop
  endfacet
  facet normal 0 0 1
    outer loop
      vertex 46.8263 -73.8801 3
      vertex 45 -74.5 3
      vertex 46.5 -74.0981 3
    endloop
  endfacet
  facet normal 0 0 1
    outer loop
      vertex 46.5 -74.0981 3
      vertex 45 -74.5 3
      vertex 46.1481 -74.2716 3
    endloop
  endfacet
  facet normal 0 0 1
    outer loop
      vertex 46.1481 -74.2716 3
      vertex 45 -74.5 3
      vertex 45.7765 -74.3978 3
    endloop
  endfacet
  facet normal 0 0 1
    outer loop
      vertex 45.7765 -74.3978 3
      vertex 45 -74.5 3
      vertex 45.3916 -74.4743 3
    endloop
  endfacet
  facet normal 0 0 1
    outer loop
      vertex 14 -50.5 3
      vertex 31.5 -31 3
      vertex 28.5 -31 3
    endloop
  endfacet
  facet normal -0 0 1
    outer loop
      vertex 17.4 26.5 3
      vertex 28.5 21 3
      vertex 21.5 36.5 3
    endloop
  endfacet
  facet normal 0 0 1
    outer loop
      vertex 17.4 26.5 3
      vertex 21.5 36.5 3
      vertex 18.5 36.5 3
    endloop
  endfacet
  facet normal 0 0 1
    outer loop
      vertex 17.4 26.5 3
      vertex 18.5 36.5 3
      vertex 17.4 74.5 3
    endloop
  endfacet
  facet normal 0 0 1
    outer loop
      vertex 12 -50.5 3
      vertex 28.5 -19 3
      vertex 28.5 -11 3
    endloop
  endfacet
  facet normal 0 0 1
    outer loop
      vertex 12 -50.5 3
      vertex 28.5 -31 3
      vertex 28.5 -19 3
    endloop
  endfacet
  facet normal 0 0 1
    outer loop
      vertex 47.5981 -73 3
      vertex 45 -74.5 3
      vertex 47.3801 -73.3263 3
    endloop
  endfacet
  facet normal -0 0 1
    outer loop
      vertex 14 -68.5 3
      vertex 45 -74.5 3
      vertex 14 -50.5 3
    endloop
  endfacet
  facet normal -0 0 1
    outer loop
      vertex 12 -68.5 3
      vertex 45 -74.5 3
      vertex 14 -68.5 3
    endloop
  endfacet
  facet normal 0 0 1
    outer loop
      vertex 28.5 -11 3
      vertex 11.5 1 3
      vertex 11.5 -11 3
    endloop
  endfacet
  facet normal 0 0 1
    outer loop
      vertex 28.5 -11 3
      vertex 11.5 -11 3
      vertex 11.5 -19 3
    endloop
  endfacet
  facet normal 0 0 1
    outer loop
      vertex 28.5 -11 3
      vertex 11.5 -19 3
      vertex 11.5 -31 3
    endloop
  endfacet
  facet normal 0 0 1
    outer loop
      vertex 28.5 -11 3
      vertex 11.5 -31 3
      vertex 12 -50.5 3
    endloop
  endfacet
  facet normal -0 0 1
    outer loop
      vertex 9 -40 3
      vertex 12 -50.5 3
      vertex 11.5 -31 3
    endloop
  endfacet
  facet normal 0 0 1
    outer loop
      vertex 12 -50.5 3
      vertex 11.5 -51.5 3
      vertex 12 -68.5 3
    endloop
  endfacet
  facet normal -0 0 1
    outer loop
      vertex 11.5 -67.5 3
      vertex 12 -68.5 3
      vertex 11.5 -51.5 3
    endloop
  endfacet
  facet normal -0 0 1
    outer loop
      vertex 8.5 -67.5 3
      vertex 12 -68.5 3
      vertex 11.5 -67.5 3
    endloop
  endfacet
  facet normal -0 0 1
    outer loop
      vertex 3.96578 -60.0221 3
      vertex 8.5 -67.5 3
      vertex 4 -59.5 3
    endloop
  endfacet
  facet normal -0 0 1
    outer loop
      vertex 3.8637 -60.5353 3
      vertex 8.5 -67.5 3
      vertex 3.96578 -60.0221 3
    endloop
  endfacet
  facet normal -0 0 1
    outer loop
      vertex 3.69552 -61.0307 3
      vertex 8.5 -67.5 3
      vertex 3.8637 -60.5353 3
    endloop
  endfacet
  facet normal -0 0 1
    outer loop
      vertex 3.4641 -61.5 3
      vertex 8.5 -67.5 3
      vertex 3.69552 -61.0307 3
    endloop
  endfacet
  facet normal -0 0 1
    outer loop
      vertex 3.17341 -61.935 3
      vertex 8.5 -67.5 3
      vertex 3.4641 -61.5 3
    endloop
  endfacet
  facet normal -0 0 1
    outer loop
      vertex 2.82843 -62.3284 3
      vertex 8.5 -67.5 3
      vertex 3.17341 -61.935 3
    endloop
  endfacet
  facet normal -0 0 1
    outer loop
      vertex 2.43505 -62.6734 3
      vertex 8.5 -67.5 3
      vertex 2.82843 -62.3284 3
    endloop
  endfacet
  facet normal -0 0 1
    outer loop
      vertex 2 -62.9641 3
      vertex 8.5 -67.5 3
      vertex 2.43505 -62.6734 3
    endloop
  endfacet
  facet normal -0 0 1
    outer loop
      vertex 1.53073 -63.1955 3
      vertex 8.5 -67.5 3
      vertex 2 -62.9641 3
    endloop
  endfacet
  facet normal -0 0 1
    outer loop
      vertex 1.03528 -63.3637 3
      vertex 8.5 -67.5 3
      vertex 1.53073 -63.1955 3
    endloop
  endfacet
  facet normal -0 0 1
    outer loop
      vertex 0.522104 -63.4658 3
      vertex 8.5 -67.5 3
      vertex 1.03528 -63.3637 3
    endloop
  endfacet
  facet normal -0 0 1
    outer loop
      vertex 0 -63.5 3
      vertex 8.5 -67.5 3
      vertex 0.522104 -63.4658 3
    endloop
  endfacet
  facet normal 0 0 1
    outer loop
      vertex -8.5 -67.5 3
      vertex 0 -63.5 3
      vertex -0.522104 -63.4658 3
    endloop
  endfacet
  facet normal 0 0 1
    outer loop
      vertex -8.5 -67.5 3
      vertex -0.522104 -63.4658 3
      vertex -1.03528 -63.3637 3
    endloop
  endfacet
  facet normal 0 0 1
    outer loop
      vertex -8.5 -67.5 3
      vertex -1.03528 -63.3637 3
      vertex -1.53073 -63.1955 3
    endloop
  endfacet
  facet normal 0 0 1
    outer loop
      vertex -8.5 -67.5 3
      vertex -4 -59.5 3
      vertex -8.5 -51.5 3
    endloop
  endfacet
  facet normal 0 0 1
    outer loop
      vertex -4 -59.5 3
      vertex -8.5 -67.5 3
      vertex -3.96578 -60.0221 3
    endloop
  endfacet
  facet normal 0 0 1
    outer loop
      vertex -3.96578 -60.0221 3
      vertex -8.5 -67.5 3
      vertex -3.8637 -60.5353 3
    endloop
  endfacet
  facet normal 0 0 1
    outer loop
      vertex -3.8637 -60.5353 3
      vertex -8.5 -67.5 3
      vertex -3.69552 -61.0307 3
    endloop
  endfacet
  facet normal 0 0 1
    outer loop
      vertex -3.69552 -61.0307 3
      vertex -8.5 -67.5 3
      vertex -3.4641 -61.5 3
    endloop
  endfacet
  facet normal 0 0 1
    outer loop
      vertex -8.5 -67.5 3
      vertex -3.17341 -61.935 3
      vertex -3.4641 -61.5 3
    endloop
  endfacet
  facet normal 0 0 1
    outer loop
      vertex -8.5 -67.5 3
      vertex -2.82843 -62.3284 3
      vertex -3.17341 -61.935 3
    endloop
  endfacet
  facet normal 0 0 1
    outer loop
      vertex -8.5 -67.5 3
      vertex -2.43505 -62.6734 3
      vertex -2.82843 -62.3284 3
    endloop
  endfacet
  facet normal 0 0 1
    outer loop
      vertex -8.5 -67.5 3
      vertex -2 -62.9641 3
      vertex -2.43505 -62.6734 3
    endloop
  endfacet
  facet normal 0 0 1
    outer loop
      vertex -8.5 -67.5 3
      vertex -1.53073 -63.1955 3
      vertex -2 -62.9641 3
    endloop
  endfacet
  facet normal 0 0 1
    outer loop
      vertex 0 -63.5 3
      vertex -8.5 -67.5 3
      vertex 8.5 -67.5 3
    endloop
  endfacet
  facet normal -0 0 1
    outer loop
      vertex -8.5 -67.5 3
      vertex 12 -68.5 3
      vertex 8.5 -67.5 3
    endloop
  endfacet
  facet normal 0 0 1
    outer loop
      vertex -12 -68.5 3
      vertex 12 -68.5 3
      vertex -8.5 -67.5 3
    endloop
  endfacet
  facet normal 0 0 1
    outer loop
      vertex -12 -68.5 3
      vertex -8.5 -67.5 3
      vertex -11.5 -67.5 3
    endloop
  endfacet
  facet normal 0 0 1
    outer loop
      vertex -12 -68.5 3
      vertex -11.5 -67.5 3
      vertex -12 -50.5 3
    endloop
  endfacet
  facet normal 0 0 1
    outer loop
      vertex 12 -68.5 3
      vertex -12 -68.5 3
      vertex 45 -74.5 3
    endloop
  endfacet
  facet normal 0 0 1
    outer loop
      vertex -45 -74.5 3
      vertex -12 -68.5 3
      vertex -14 -68.5 3
    endloop
  endfacet
  facet normal -0 0 1
    outer loop
      vertex -18.5 36.5 3
      vertex -17.4 26.5 3
      vertex -18.5 64.5 3
    endloop
  endfacet
  facet normal -0 0 1
    outer loop
      vertex -21.5 36.5 3
      vertex -17.4 26.5 3
      vertex -18.5 36.5 3
    endloop
  endfacet
  facet normal 0 0 1
    outer loop
      vertex -17.4 26.5 3
      vertex -21.5 36.5 3
      vertex -28.5 21 3
    endloop
  endfacet
  facet normal 0 0 1
    outer loop
      vertex -17.4 26.5 3
      vertex -28.5 21 3
      vertex -28.5 9 3
    endloop
  endfacet
  facet normal 0 0 1
    outer loop
      vertex -11.5 1 3
      vertex -28.5 9 3
      vertex -28.5 1 3
    endloop
  endfacet
  facet normal 0 0 1
    outer loop
      vertex -11.5 1 3
      vertex -28.5 1 3
      vertex -28.5 -11 3
    endloop
  endfacet
  facet normal 0 0 1
    outer loop
      vertex -9 -40 3
      vertex -28.5 -31 3
      vertex -14 -50.5 3
    endloop
  endfacet
  facet normal 0 0 1
    outer loop
      vertex -9 -40 3
      vertex -14 -50.5 3
      vertex -12 -50.5 3
    endloop
  endfacet
  facet normal -0 0 1
    outer loop
      vertex -31.5 -31 3
      vertex -14 -50.5 3
      vertex -28.5 -31 3
    endloop
  endfacet
  facet normal 0 0 1
    outer loop
      vertex -48 -71.5 3
      vertex -14 -50.5 3
      vertex -31.5 -31 3
    endloop
  endfacet
  facet normal 0 0 1
    outer loop
      vertex -12 -68.5 3
      vertex -45 -74.5 3
      vertex 45 -74.5 3
    endloop
  endfacet
  facet normal 0 -0 1
    outer loop
      vertex -45 -74.5 3
      vertex -14 -50.5 3
      vertex -48 -71.5 3
    endloop
  endfacet
  facet normal 0 0 1
    outer loop
      vertex -31.5 -11 3
      vertex -48 -71.5 3
      vertex -31.5 -19 3
    endloop
  endfacet
  facet normal 0 0 1
    outer loop
      vertex -48 71.5 3
      vertex -45 74.5 3
      vertex -45.3916 74.4743 3
    endloop
  endfacet
  facet normal 0 0 1
    outer loop
      vertex -31.5 -19 3
      vertex -48 -71.5 3
      vertex -31.5 -31 3
    endloop
  endfacet
  facet normal 0 0 1
    outer loop
      vertex -48 71.5 3
      vertex -45.3916 74.4743 3
      vertex -45.7765 74.3978 3
    endloop
  endfacet
  facet normal 0 0 1
    outer loop
      vertex -14 -50.5 3
      vertex -45 -74.5 3
      vertex -14 -68.5 3
    endloop
  endfacet
  facet normal 0 0 1
    outer loop
      vertex -48 71.5 3
      vertex -45.7765 74.3978 3
      vertex -46.1481 74.2716 3
    endloop
  endfacet
  facet normal 0 0 1
    outer loop
      vertex -45 -74.5 3
      vertex -48 -71.5 3
      vertex -45.3916 -74.4743 3
    endloop
  endfacet
  facet normal 0 0 1
    outer loop
      vertex -48 71.5 3
      vertex -46.1481 74.2716 3
      vertex -46.5 74.0981 3
    endloop
  endfacet
  facet normal 0 0 1
    outer loop
      vertex -45.3916 -74.4743 3
      vertex -48 -71.5 3
      vertex -45.7765 -74.3978 3
    endloop
  endfacet
  facet normal 0 0 1
    outer loop
      vertex -48 71.5 3
      vertex -46.5 74.0981 3
      vertex -46.8263 73.8801 3
    endloop
  endfacet
  facet normal 0 0 1
    outer loop
      vertex -45.7765 -74.3978 3
      vertex -48 -71.5 3
      vertex -46.1481 -74.2716 3
    endloop
  endfacet
  facet normal 0 0 1
    outer loop
      vertex -48 71.5 3
      vertex -46.8263 73.8801 3
      vertex -47.1213 73.6213 3
    endloop
  endfacet
  facet normal 0 0 1
    outer loop
      vertex -46.1481 -74.2716 3
      vertex -48 -71.5 3
      vertex -46.5 -74.0981 3
    endloop
  endfacet
  facet normal 0 0 1
    outer loop
      vertex -48 71.5 3
      vertex -47.1213 73.6213 3
      vertex -47.3801 73.3263 3
    endloop
  endfacet
  facet normal 0 0 1
    outer loop
      vertex -46.5 -74.0981 3
      vertex -48 -71.5 3
      vertex -46.8263 -73.8801 3
    endloop
  endfacet
  facet normal 0 0 1
    outer loop
      vertex -48 71.5 3
      vertex -47.3801 73.3263 3
      vertex -47.5981 73 3
    endloop
  endfacet
  facet normal 0 0 1
    outer loop
      vertex -46.8263 -73.8801 3
      vertex -48 -71.5 3
      vertex -47.1213 -73.6213 3
    endloop
  endfacet
  facet normal 0 0 1
    outer loop
      vertex -48 71.5 3
      vertex -47.5981 73 3
      vertex -47.7716 72.6481 3
    endloop
  endfacet
  facet normal 0 0 1
    outer loop
      vertex -47.1213 -73.6213 3
      vertex -48 -71.5 3
      vertex -47.3801 -73.3263 3
    endloop
  endfacet
  facet normal 0 0 1
    outer loop
      vertex -48 71.5 3
      vertex -47.7716 72.6481 3
      vertex -47.8978 72.2765 3
    endloop
  endfacet
  facet normal 0 0 1
    outer loop
      vertex -47.3801 -73.3263 3
      vertex -48 -71.5 3
      vertex -47.5981 -73 3
    endloop
  endfacet
  facet normal 0 0 1
    outer loop
      vertex -48 71.5 3
      vertex -47.8978 72.2765 3
      vertex -47.9743 71.8916 3
    endloop
  endfacet
  facet normal 0 0 1
    outer loop
      vertex -47.5981 -73 3
      vertex -48 -71.5 3
      vertex -47.7716 -72.6481 3
    endloop
  endfacet
  facet normal 0 0 1
    outer loop
      vertex -47.7716 -72.6481 3
      vertex -48 -71.5 3
      vertex -47.8978 -72.2765 3
    endloop
  endfacet
  facet normal 0 0 1
    outer loop
      vertex -47.8978 -72.2765 3
      vertex -48 -71.5 3
      vertex -47.9743 -71.8916 3
    endloop
  endfacet
  facet normal 0 0 1
    outer loop
      vertex 15 72.1 3
      vertex 9.5 67.5 3
      vertex 15 28.9 3
    endloop
  endfacet
  facet normal 0 0 1
    outer loop
      vertex 15 72.1 3
      vertex -9.5 67.5 3
      vertex 9.5 67.5 3
    endloop
  endfacet
  facet normal 0 0 1
    outer loop
      vertex -9.5 67.5 3
      vertex -15 72.1 3
      vertex -9.5 33.5 3
    endloop
  endfacet
  facet normal -0 0 1
    outer loop
      vertex -15 72.1 3
      vertex -9.5 67.5 3
      vertex 15 72.1 3
    endloop
  endfacet
  facet normal -0 0 1
    outer loop
      vertex 9.5 33.5 3
      vertex 15 28.9 3
      vertex 9.5 67.5 3
    endloop
  endfacet
  facet normal -0 0 1
    outer loop
      vertex -9.5 33.5 3
      vertex 15 28.9 3
      vertex 9.5 33.5 3
    endloop
  endfacet
  facet normal 0 0 1
    outer loop
      vertex -9.5 33.5 3
      vertex -15 28.9 3
      vertex 15 28.9 3
    endloop
  endfacet
  facet normal 0 0 1
    outer loop
      vertex -15 28.9 3
      vertex -9.5 33.5 3
      vertex -15 72.1 3
    endloop
  endfacet
  facet normal -1 0 0
    outer loop
      vertex -48 -71.5 0
      vertex -48 71.5 3
      vertex -48 71.5 0
    endloop
  endfacet
  facet normal -1 -0 0
    outer loop
      vertex -48 71.5 3
      vertex -48 -71.5 0
      vertex -48 -71.5 3
    endloop
  endfacet
  facet normal 0 -1 0
    outer loop
      vertex -45 -74.5 0
      vertex 45 -74.5 3
      vertex -45 -74.5 3
    endloop
  endfacet
  facet normal 0 -1 -0
    outer loop
      vertex 45 -74.5 3
      vertex -45 -74.5 0
      vertex 45 -74.5 0
    endloop
  endfacet
  facet normal 0.0654873 0.997853 -0
    outer loop
      vertex 45.3916 74.4743 0
      vertex 45 74.5 3
      vertex 45.3916 74.4743 3
    endloop
  endfacet
  facet normal 0.0654873 0.997853 0
    outer loop
      vertex 45 74.5 3
      vertex 45.3916 74.4743 0
      vertex 45 74.5 0
    endloop
  endfacet
  facet normal 1 -0 0
    outer loop
      vertex 48 -71.5 3
      vertex 48 71.5 0
      vertex 48 71.5 3
    endloop
  endfacet
  facet normal 1 0 0
    outer loop
      vertex 48 71.5 0
      vertex 48 -71.5 3
      vertex 48 -71.5 0
    endloop
  endfacet
  facet normal -0.751724 0.659478 0
    outer loop
      vertex -47.3801 73.3263 0
      vertex -47.1213 73.6213 3
      vertex -47.1213 73.6213 0
    endloop
  endfacet
  facet normal -0.751724 0.659478 0
    outer loop
      vertex -47.1213 73.6213 3
      vertex -47.3801 73.3263 0
      vertex -47.3801 73.3263 3
    endloop
  endfacet
  facet normal 0 0 -1
    outer loop
      vertex -31.5 1 0
      vertex -28.5 9 0
      vertex -28.5 1 0
    endloop
  endfacet
  facet normal -0 0 -1
    outer loop
      vertex -28.5 9 0
      vertex -31.5 1 0
      vertex -31.5 9 0
    endloop
  endfacet
  facet normal 0 0 -1
    outer loop
      vertex -31.5 -19 0
      vertex -28.5 -11 0
      vertex -28.5 -19 0
    endloop
  endfacet
  facet normal -0 0 -1
    outer loop
      vertex -28.5 -11 0
      vertex -31.5 -19 0
      vertex -31.5 -11 0
    endloop
  endfacet
  facet normal 0 0 -1
    outer loop
      vertex -11.5 1 0
      vertex -8.5 9 0
      vertex -8.5 1 0
    endloop
  endfacet
  facet normal -0 0 -1
    outer loop
      vertex -8.5 9 0
      vertex -11.5 1 0
      vertex -11.5 9 0
    endloop
  endfacet
  facet normal 0 0 -1
    outer loop
      vertex -11.5 -19 0
      vertex -8.5 -11 0
      vertex -8.5 -19 0
    endloop
  endfacet
  facet normal -0 0 -1
    outer loop
      vertex -8.5 -11 0
      vertex -11.5 -19 0
      vertex -11.5 -11 0
    endloop
  endfacet
  facet normal 0 0 -1
    outer loop
      vertex 9 26 0
      vertex 11.5 21 0
      vertex 9 22 0
    endloop
  endfacet
  facet normal 0 0 -1
    outer loop
      vertex 8.5 21 0
      vertex 9 22 0
      vertex 11.5 21 0
    endloop
  endfacet
  facet normal 0 0 -1
    outer loop
      vertex -8.5 1 0
      vertex 8.5 1 0
      vertex -8.5 -11 0
    endloop
  endfacet
  facet normal 0 0 -1
    outer loop
      vertex 8.5 1 0
      vertex -8.5 1 0
      vertex 8.5 9 0
    endloop
  endfacet
  facet normal 0 0 -1
    outer loop
      vertex -8.5 9 0
      vertex 8.5 9 0
      vertex -8.5 1 0
    endloop
  endfacet
  facet normal 0 0 -1
    outer loop
      vertex 8.5 9 0
      vertex -8.5 9 0
      vertex 8.5 21 0
    endloop
  endfacet
  facet normal 0 0 -1
    outer loop
      vertex -8.5 21 0
      vertex 8.5 21 0
      vertex -8.5 9 0
    endloop
  endfacet
  facet normal 0 0 -1
    outer loop
      vertex 8.5 21 0
      vertex -8.5 21 0
      vertex 9 22 0
    endloop
  endfacet
  facet normal 0 0 -1
    outer loop
      vertex -8.5 21 0
      vertex -9 22 0
      vertex 9 22 0
    endloop
  endfacet
  facet normal 0 0 -1
    outer loop
      vertex -11.5 21 0
      vertex -9 26 0
      vertex -9 22 0
    endloop
  endfacet
  facet normal 0 0 -1
    outer loop
      vertex -9 26 0
      vertex -18.5 36.5 0
      vertex -9.5 33.5 0
    endloop
  endfacet
  facet normal 0 0 -1
    outer loop
      vertex -18.5 36.5 0
      vertex -9 26 0
      vertex -11.5 21 0
    endloop
  endfacet
  facet normal 0 0 -1
    outer loop
      vertex -11.5 21 0
      vertex -9 22 0
      vertex -8.5 21 0
    endloop
  endfacet
  facet normal 0 0 -1
    outer loop
      vertex 8.5 1 0
      vertex 11.5 9 0
      vertex 11.5 1 0
    endloop
  endfacet
  facet normal -0 0 -1
    outer loop
      vertex 11.5 9 0
      vertex 8.5 1 0
      vertex 8.5 9 0
    endloop
  endfacet
  facet normal 0 0 -1
    outer loop
      vertex 8.5 -19 0
      vertex 11.5 -11 0
      vertex 11.5 -19 0
    endloop
  endfacet
  facet normal -0 0 -1
    outer loop
      vertex 11.5 -11 0
      vertex 8.5 -19 0
      vertex 8.5 -11 0
    endloop
  endfacet
  facet normal 0 0 -1
    outer loop
      vertex 9 -40 0
      vertex 28.5 -31 0
      vertex 9 -44 0
    endloop
  endfacet
  facet normal 0 0 -1
    outer loop
      vertex 8.5 -51.5 0
      vertex 9 -44 0
      vertex 11.5 -51.5 0
    endloop
  endfacet
  facet normal 0 0 -1
    outer loop
      vertex 3.96578 -58.9779 0
      vertex 8.5 -51.5 0
      vertex 4 -59.5 0
    endloop
  endfacet
  facet normal 0 0 -1
    outer loop
      vertex 3.8637 -58.4647 0
      vertex 8.5 -51.5 0
      vertex 3.96578 -58.9779 0
    endloop
  endfacet
  facet normal 0 0 -1
    outer loop
      vertex 3.69552 -57.9693 0
      vertex 8.5 -51.5 0
      vertex 3.8637 -58.4647 0
    endloop
  endfacet
  facet normal 0 0 -1
    outer loop
      vertex 3.4641 -57.5 0
      vertex 8.5 -51.5 0
      vertex 3.69552 -57.9693 0
    endloop
  endfacet
  facet normal 0 0 -1
    outer loop
      vertex 3.17341 -57.065 0
      vertex 8.5 -51.5 0
      vertex 3.4641 -57.5 0
    endloop
  endfacet
  facet normal 0 0 -1
    outer loop
      vertex 2.82843 -56.6716 0
      vertex 8.5 -51.5 0
      vertex 3.17341 -57.065 0
    endloop
  endfacet
  facet normal 0 0 -1
    outer loop
      vertex 2.43505 -56.3266 0
      vertex 8.5 -51.5 0
      vertex 2.82843 -56.6716 0
    endloop
  endfacet
  facet normal 0 0 -1
    outer loop
      vertex 2 -56.0359 0
      vertex 8.5 -51.5 0
      vertex 2.43505 -56.3266 0
    endloop
  endfacet
  facet normal 0 0 -1
    outer loop
      vertex 1.53073 -55.8045 0
      vertex 8.5 -51.5 0
      vertex 2 -56.0359 0
    endloop
  endfacet
  facet normal 0 0 -1
    outer loop
      vertex 1.03528 -55.6363 0
      vertex 8.5 -51.5 0
      vertex 1.53073 -55.8045 0
    endloop
  endfacet
  facet normal 0 0 -1
    outer loop
      vertex 0.522104 -55.5342 0
      vertex 8.5 -51.5 0
      vertex 1.03528 -55.6363 0
    endloop
  endfacet
  facet normal -0 0 -1
    outer loop
      vertex 8.5 -51.5 0
      vertex 0.522104 -55.5342 0
      vertex 9 -44 0
    endloop
  endfacet
  facet normal 0 0 -1
    outer loop
      vertex 0 -55.5 0
      vertex 9 -44 0
      vertex 0.522104 -55.5342 0
    endloop
  endfacet
  facet normal 0 0 -1
    outer loop
      vertex -9 -44 0
      vertex 0 -55.5 0
      vertex -0.522104 -55.5342 0
    endloop
  endfacet
  facet normal 0 0 -1
    outer loop
      vertex -8.5 -51.5 0
      vertex -0.522104 -55.5342 0
      vertex -1.03528 -55.6363 0
    endloop
  endfacet
  facet normal 0 0 -1
    outer loop
      vertex -8.5 -51.5 0
      vertex -1.03528 -55.6363 0
      vertex -1.53073 -55.8045 0
    endloop
  endfacet
  facet normal 0 0 -1
    outer loop
      vertex -8.5 -51.5 0
      vertex -1.53073 -55.8045 0
      vertex -2 -56.0359 0
    endloop
  endfacet
  facet normal 0 0 -1
    outer loop
      vertex -8.5 -51.5 0
      vertex -2 -56.0359 0
      vertex -2.43505 -56.3266 0
    endloop
  endfacet
  facet normal 0 0 -1
    outer loop
      vertex -8.5 -51.5 0
      vertex -2.43505 -56.3266 0
      vertex -2.82843 -56.6716 0
    endloop
  endfacet
  facet normal 0 0 -1
    outer loop
      vertex -8.5 -51.5 0
      vertex -4 -59.5 0
      vertex -8.5 -67.5 0
    endloop
  endfacet
  facet normal 0 0 -1
    outer loop
      vertex -4 -59.5 0
      vertex -8.5 -51.5 0
      vertex -3.96578 -58.9779 0
    endloop
  endfacet
  facet normal 0 0 -1
    outer loop
      vertex -3.96578 -58.9779 0
      vertex -8.5 -51.5 0
      vertex -3.8637 -58.4647 0
    endloop
  endfacet
  facet normal 0 0 -1
    outer loop
      vertex -3.8637 -58.4647 0
      vertex -8.5 -51.5 0
      vertex -3.69552 -57.9693 0
    endloop
  endfacet
  facet normal 0 0 -1
    outer loop
      vertex -3.69552 -57.9693 0
      vertex -8.5 -51.5 0
      vertex -3.4641 -57.5 0
    endloop
  endfacet
  facet normal 0 0 -1
    outer loop
      vertex -8.5 -51.5 0
      vertex -3.17341 -57.065 0
      vertex -3.4641 -57.5 0
    endloop
  endfacet
  facet normal 0 0 -1
    outer loop
      vertex -8.5 -51.5 0
      vertex -2.82843 -56.6716 0
      vertex -3.17341 -57.065 0
    endloop
  endfacet
  facet normal 0 0 -1
    outer loop
      vertex -0.522104 -55.5342 0
      vertex -8.5 -51.5 0
      vertex -9 -44 0
    endloop
  endfacet
  facet normal 0 0 -1
    outer loop
      vertex 0 -55.5 0
      vertex -9 -44 0
      vertex 9 -44 0
    endloop
  endfacet
  facet normal -0 0 -1
    outer loop
      vertex -9 -44 0
      vertex -11.5 -51.5 0
      vertex -9 -40 0
    endloop
  endfacet
  facet normal 0 0 -1
    outer loop
      vertex -11.5 -51.5 0
      vertex -9 -44 0
      vertex -8.5 -51.5 0
    endloop
  endfacet
  facet normal 0 0 -1
    outer loop
      vertex 28.5 1 0
      vertex 31.5 9 0
      vertex 31.5 1 0
    endloop
  endfacet
  facet normal -0 0 -1
    outer loop
      vertex 31.5 9 0
      vertex 28.5 1 0
      vertex 28.5 9 0
    endloop
  endfacet
  facet normal 0 0 -1
    outer loop
      vertex 28.5 -19 0
      vertex 31.5 -11 0
      vertex 31.5 -19 0
    endloop
  endfacet
  facet normal -0 0 -1
    outer loop
      vertex 31.5 -11 0
      vertex 28.5 -19 0
      vertex 28.5 -11 0
    endloop
  endfacet
  facet normal 0 0 -1
    outer loop
      vertex 45 -74.5 0
      vertex 48 -71.5 0
      vertex 47.9743 -71.8916 0
    endloop
  endfacet
  facet normal 0 0 -1
    outer loop
      vertex 48 -71.5 0
      vertex 31.5 1 0
      vertex 48 71.5 0
    endloop
  endfacet
  facet normal 0 0 -1
    outer loop
      vertex 45 -74.5 0
      vertex 47.9743 -71.8916 0
      vertex 47.8978 -72.2765 0
    endloop
  endfacet
  facet normal 0 0 -1
    outer loop
      vertex 31.5 9 0
      vertex 48 71.5 0
      vertex 31.5 1 0
    endloop
  endfacet
  facet normal 0 0 -1
    outer loop
      vertex 45 -74.5 0
      vertex 47.8978 -72.2765 0
      vertex 47.7716 -72.6481 0
    endloop
  endfacet
  facet normal 0 0 -1
    outer loop
      vertex 31.5 21 0
      vertex 48 71.5 0
      vertex 31.5 9 0
    endloop
  endfacet
  facet normal 0 0 -1
    outer loop
      vertex 45 -74.5 0
      vertex 47.7716 -72.6481 0
      vertex 47.5981 -73 0
    endloop
  endfacet
  facet normal 0 0 -1
    outer loop
      vertex 21.5 36.5 0
      vertex 48 71.5 0
      vertex 31.5 21 0
    endloop
  endfacet
  facet normal 0 0 -1
    outer loop
      vertex 45 -74.5 0
      vertex 47.5981 -73 0
      vertex 47.3801 -73.3263 0
    endloop
  endfacet
  facet normal 0 0 -1
    outer loop
      vertex 21.5 64.5 0
      vertex 48 71.5 0
      vertex 21.5 36.5 0
    endloop
  endfacet
  facet normal 0 0 -1
    outer loop
      vertex 45 -74.5 0
      vertex 47.3801 -73.3263 0
      vertex 47.1213 -73.6213 0
    endloop
  endfacet
  facet normal 0 -0 -1
    outer loop
      vertex 45 74.5 0
      vertex 48 71.5 0
      vertex 21.5 64.5 0
    endloop
  endfacet
  facet normal 0 0 -1
    outer loop
      vertex 45 -74.5 0
      vertex 47.1213 -73.6213 0
      vertex 46.8263 -73.8801 0
    endloop
  endfacet
  facet normal 0 0 -1
    outer loop
      vertex 48 71.5 0
      vertex 45 74.5 0
      vertex 47.9743 71.8916 0
    endloop
  endfacet
  facet normal 0 0 -1
    outer loop
      vertex 45 -74.5 0
      vertex 46.8263 -73.8801 0
      vertex 46.5 -74.0981 0
    endloop
  endfacet
  facet normal 0 0 -1
    outer loop
      vertex 47.9743 71.8916 0
      vertex 45 74.5 0
      vertex 47.8978 72.2765 0
    endloop
  endfacet
  facet normal 0 0 -1
    outer loop
      vertex 45 -74.5 0
      vertex 46.5 -74.0981 0
      vertex 46.1481 -74.2716 0
    endloop
  endfacet
  facet normal 0 0 -1
    outer loop
      vertex 47.8978 72.2765 0
      vertex 45 74.5 0
      vertex 47.7716 72.6481 0
    endloop
  endfacet
  facet normal 0 0 -1
    outer loop
      vertex 45 -74.5 0
      vertex 46.1481 -74.2716 0
      vertex 45.7765 -74.3978 0
    endloop
  endfacet
  facet normal 0 0 -1
    outer loop
      vertex 47.7716 72.6481 0
      vertex 45 74.5 0
      vertex 47.5981 73 0
    endloop
  endfacet
  facet normal 0 0 -1
    outer loop
      vertex 45 -74.5 0
      vertex 45.7765 -74.3978 0
      vertex 45.3916 -74.4743 0
    endloop
  endfacet
  facet normal 0 0 -1
    outer loop
      vertex 47.5981 73 0
      vertex 45 74.5 0
      vertex 47.3801 73.3263 0
    endloop
  endfacet
  facet normal -0 0 -1
    outer loop
      vertex 48 -71.5 0
      vertex 45 -74.5 0
      vertex 11.5 -51.5 0
    endloop
  endfacet
  facet normal 0 0 -1
    outer loop
      vertex 47.3801 73.3263 0
      vertex 45 74.5 0
      vertex 47.1213 73.6213 0
    endloop
  endfacet
  facet normal 0 0 -1
    outer loop
      vertex 48 -71.5 0
      vertex 31.5 -31 0
      vertex 31.5 -19 0
    endloop
  endfacet
  facet normal 0 0 -1
    outer loop
      vertex 48 -71.5 0
      vertex 11.5 -51.5 0
      vertex 31.5 -31 0
    endloop
  endfacet
  facet normal 0 0 -1
    outer loop
      vertex 11.5 -19 0
      vertex 28.5 -19 0
      vertex 28.5 -31 0
    endloop
  endfacet
  facet normal 0 0 -1
    outer loop
      vertex 28.5 -19 0
      vertex 11.5 -19 0
      vertex 28.5 -11 0
    endloop
  endfacet
  facet normal 0 0 -1
    outer loop
      vertex 28.5 -11 0
      vertex 11.5 -11 0
      vertex 28.5 1 0
    endloop
  endfacet
  facet normal 0 0 -1
    outer loop
      vertex 11.5 1 0
      vertex 28.5 1 0
      vertex 11.5 -11 0
    endloop
  endfacet
  facet normal 0 0 -1
    outer loop
      vertex 11.5 9 0
      vertex 28.5 9 0
      vertex 11.5 1 0
    endloop
  endfacet
  facet normal 0 0 -1
    outer loop
      vertex 11.5 21 0
      vertex 28.5 21 0
      vertex 11.5 9 0
    endloop
  endfacet
  facet normal 0 0 -1
    outer loop
      vertex 9 -44 0
      vertex 28.5 -31 0
      vertex 11.5 -51.5 0
    endloop
  endfacet
  facet normal -0 0 -1
    outer loop
      vertex 31.5 -31 0
      vertex 11.5 -51.5 0
      vertex 28.5 -31 0
    endloop
  endfacet
  facet normal 0 0 -1
    outer loop
      vertex 11.5 -51.5 0
      vertex 45 -74.5 0
      vertex 11.5 -67.5 0
    endloop
  endfacet
  facet normal 0 0 -1
    outer loop
      vertex 45 -74.5 0
      vertex 8.5 -67.5 0
      vertex 11.5 -67.5 0
    endloop
  endfacet
  facet normal 0 0 -1
    outer loop
      vertex 8.5 -67.5 0
      vertex 4 -59.5 0
      vertex 8.5 -51.5 0
    endloop
  endfacet
  facet normal 0 0 -1
    outer loop
      vertex 8.5 -67.5 0
      vertex 3.96578 -60.0221 0
      vertex 4 -59.5 0
    endloop
  endfacet
  facet normal 0 0 -1
    outer loop
      vertex 8.5 -67.5 0
      vertex 3.8637 -60.5353 0
      vertex 3.96578 -60.0221 0
    endloop
  endfacet
  facet normal 0 0 -1
    outer loop
      vertex 8.5 -67.5 0
      vertex 3.69552 -61.0307 0
      vertex 3.8637 -60.5353 0
    endloop
  endfacet
  facet normal 0 0 -1
    outer loop
      vertex 8.5 -67.5 0
      vertex 3.4641 -61.5 0
      vertex 3.69552 -61.0307 0
    endloop
  endfacet
  facet normal 0 0 -1
    outer loop
      vertex 8.5 -67.5 0
      vertex 3.17341 -61.935 0
      vertex 3.4641 -61.5 0
    endloop
  endfacet
  facet normal 0 0 -1
    outer loop
      vertex 8.5 -67.5 0
      vertex 2.82843 -62.3284 0
      vertex 3.17341 -61.935 0
    endloop
  endfacet
  facet normal 0 0 -1
    outer loop
      vertex 8.5 -67.5 0
      vertex 2.43505 -62.6734 0
      vertex 2.82843 -62.3284 0
    endloop
  endfacet
  facet normal 0 0 -1
    outer loop
      vertex 8.5 -67.5 0
      vertex 2 -62.9641 0
      vertex 2.43505 -62.6734 0
    endloop
  endfacet
  facet normal 0 0 -1
    outer loop
      vertex 8.5 -67.5 0
      vertex 1.53073 -63.1955 0
      vertex 2 -62.9641 0
    endloop
  endfacet
  facet normal 0 0 -1
    outer loop
      vertex 8.5 -67.5 0
      vertex 1.03528 -63.3637 0
      vertex 1.53073 -63.1955 0
    endloop
  endfacet
  facet normal 0 0 -1
    outer loop
      vertex 8.5 -67.5 0
      vertex 0.522104 -63.4658 0
      vertex 1.03528 -63.3637 0
    endloop
  endfacet
  facet normal 0 0 -1
    outer loop
      vertex 8.5 -67.5 0
      vertex 0 -63.5 0
      vertex 0.522104 -63.4658 0
    endloop
  endfacet
  facet normal 0 0 -1
    outer loop
      vertex -8.5 -67.5 0
      vertex 0 -63.5 0
      vertex 8.5 -67.5 0
    endloop
  endfacet
  facet normal -0 0 -1
    outer loop
      vertex 0 -63.5 0
      vertex -8.5 -67.5 0
      vertex -0.522104 -63.4658 0
    endloop
  endfacet
  facet normal -0 0 -1
    outer loop
      vertex -0.522104 -63.4658 0
      vertex -8.5 -67.5 0
      vertex -1.03528 -63.3637 0
    endloop
  endfacet
  facet normal -0 0 -1
    outer loop
      vertex -3.96578 -60.0221 0
      vertex -8.5 -67.5 0
      vertex -4 -59.5 0
    endloop
  endfacet
  facet normal -0 0 -1
    outer loop
      vertex -3.8637 -60.5353 0
      vertex -8.5 -67.5 0
      vertex -3.96578 -60.0221 0
    endloop
  endfacet
  facet normal -0 0 -1
    outer loop
      vertex -3.69552 -61.0307 0
      vertex -8.5 -67.5 0
      vertex -3.8637 -60.5353 0
    endloop
  endfacet
  facet normal -0 0 -1
    outer loop
      vertex -3.4641 -61.5 0
      vertex -8.5 -67.5 0
      vertex -3.69552 -61.0307 0
    endloop
  endfacet
  facet normal -0 0 -1
    outer loop
      vertex -3.17341 -61.935 0
      vertex -8.5 -67.5 0
      vertex -3.4641 -61.5 0
    endloop
  endfacet
  facet normal -0 0 -1
    outer loop
      vertex -2.82843 -62.3284 0
      vertex -8.5 -67.5 0
      vertex -3.17341 -61.935 0
    endloop
  endfacet
  facet normal -0 0 -1
    outer loop
      vertex -2.43505 -62.6734 0
      vertex -8.5 -67.5 0
      vertex -2.82843 -62.3284 0
    endloop
  endfacet
  facet normal -0 0 -1
    outer loop
      vertex -2 -62.9641 0
      vertex -8.5 -67.5 0
      vertex -2.43505 -62.6734 0
    endloop
  endfacet
  facet normal -0 0 -1
    outer loop
      vertex -1.53073 -63.1955 0
      vertex -8.5 -67.5 0
      vertex -2 -62.9641 0
    endloop
  endfacet
  facet normal -0 0 -1
    outer loop
      vertex -1.03528 -63.3637 0
      vertex -8.5 -67.5 0
      vertex -1.53073 -63.1955 0
    endloop
  endfacet
  facet normal 0 0 -1
    outer loop
      vertex 45 -74.5 0
      vertex -8.5 -67.5 0
      vertex 8.5 -67.5 0
    endloop
  endfacet
  facet normal 0 0 -1
    outer loop
      vertex -45 -74.5 0
      vertex -8.5 -67.5 0
      vertex 45 -74.5 0
    endloop
  endfacet
  facet normal 0 0 -1
    outer loop
      vertex -45 -74.5 0
      vertex -11.5 -51.5 0
      vertex -11.5 -67.5 0
    endloop
  endfacet
  facet normal 0 0 -1
    outer loop
      vertex -11.5 -51.5 0
      vertex -28.5 -31 0
      vertex -11.5 -31 0
    endloop
  endfacet
  facet normal 0 0 -1
    outer loop
      vertex -11.5 -31 0
      vertex -28.5 -31 0
      vertex -11.5 -19 0
    endloop
  endfacet
  facet normal 0 0 -1
    outer loop
      vertex -28.5 -19 0
      vertex -11.5 -19 0
      vertex -28.5 -31 0
    endloop
  endfacet
  facet normal 0 0 -1
    outer loop
      vertex -11.5 -19 0
      vertex -28.5 -19 0
      vertex -11.5 -11 0
    endloop
  endfacet
  facet normal 0 0 -1
    outer loop
      vertex -28.5 -11 0
      vertex -11.5 -11 0
      vertex -28.5 -19 0
    endloop
  endfacet
  facet normal 0 0 -1
    outer loop
      vertex -28.5 1 0
      vertex -11.5 1 0
      vertex -28.5 -11 0
    endloop
  endfacet
  facet normal 0 0 -1
    outer loop
      vertex -28.5 9 0
      vertex -11.5 9 0
      vertex -28.5 1 0
    endloop
  endfacet
  facet normal 0 0 -1
    outer loop
      vertex -11.5 1 0
      vertex -28.5 1 0
      vertex -11.5 9 0
    endloop
  endfacet
  facet normal 0 0 -1
    outer loop
      vertex -11.5 -11 0
      vertex -28.5 -11 0
      vertex -11.5 1 0
    endloop
  endfacet
  facet normal 0 0 -1
    outer loop
      vertex -11.5 -51.5 0
      vertex -31.5 -31 0
      vertex -28.5 -31 0
    endloop
  endfacet
  facet normal 0 0 -1
    outer loop
      vertex -48 -71.5 0
      vertex -31.5 -19 0
      vertex -31.5 -31 0
    endloop
  endfacet
  facet normal -0 0 -1
    outer loop
      vertex -31.5 -19 0
      vertex -48 -71.5 0
      vertex -31.5 -11 0
    endloop
  endfacet
  facet normal -0 0 -1
    outer loop
      vertex -31.5 -11 0
      vertex -48 -71.5 0
      vertex -31.5 1 0
    endloop
  endfacet
  facet normal 0 0 -1
    outer loop
      vertex -48 71.5 0
      vertex -31.5 1 0
      vertex -48 -71.5 0
    endloop
  endfacet
  facet normal -0 0 -1
    outer loop
      vertex -11.5 -51.5 0
      vertex -48 -71.5 0
      vertex -31.5 -31 0
    endloop
  endfacet
  facet normal 0 0 -1
    outer loop
      vertex -11.5 -51.5 0
      vertex -45 -74.5 0
      vertex -48 -71.5 0
    endloop
  endfacet
  facet normal -0 0 -1
    outer loop
      vertex -8.5 -67.5 0
      vertex -45 -74.5 0
      vertex -11.5 -67.5 0
    endloop
  endfacet
  facet normal 0 0 -1
    outer loop
      vertex 48 -71.5 0
      vertex 31.5 -19 0
      vertex 31.5 -11 0
    endloop
  endfacet
  facet normal 0 0 -1
    outer loop
      vertex 48 -71.5 0
      vertex 31.5 -11 0
      vertex 31.5 1 0
    endloop
  endfacet
  facet normal 0 0 -1
    outer loop
      vertex 47.1213 73.6213 0
      vertex 45 74.5 0
      vertex 46.8263 73.8801 0
    endloop
  endfacet
  facet normal 0 0 -1
    outer loop
      vertex 46.8263 73.8801 0
      vertex 45 74.5 0
      vertex 46.5 74.0981 0
    endloop
  endfacet
  facet normal 0 0 -1
    outer loop
      vertex 46.1481 74.2716 0
      vertex 45 74.5 0
      vertex 45.7765 74.3978 0
    endloop
  endfacet
  facet normal 0 0 -1
    outer loop
      vertex 21.5 36.5 0
      vertex 31.5 21 0
      vertex 28.5 21 0
    endloop
  endfacet
  facet normal 0 0 -1
    outer loop
      vertex 45.7765 74.3978 0
      vertex 45 74.5 0
      vertex 45.3916 74.4743 0
    endloop
  endfacet
  facet normal 0 0 -1
    outer loop
      vertex 46.5 74.0981 0
      vertex 45 74.5 0
      vertex 46.1481 74.2716 0
    endloop
  endfacet
  facet normal 0 0 -1
    outer loop
      vertex 9.5 67.5 0
      vertex 21.5 64.5 0
      vertex 18.5 64.5 0
    endloop
  endfacet
  facet normal 0 0 -1
    outer loop
      vertex 11.5 -19 0
      vertex 28.5 -31 0
      vertex 11.5 -31 0
    endloop
  endfacet
  facet normal -0 0 -1
    outer loop
      vertex 28.5 -11 0
      vertex 11.5 -19 0
      vertex 11.5 -11 0
    endloop
  endfacet
  facet normal 0 0 -1
    outer loop
      vertex 28.5 1 0
      vertex 11.5 1 0
      vertex 28.5 9 0
    endloop
  endfacet
  facet normal 0 0 -1
    outer loop
      vertex 28.5 9 0
      vertex 11.5 9 0
      vertex 28.5 21 0
    endloop
  endfacet
  facet normal 0 0 -1
    outer loop
      vertex 28.5 21 0
      vertex 11.5 21 0
      vertex 21.5 36.5 0
    endloop
  endfacet
  facet normal -0 0 -1
    outer loop
      vertex 21.5 36.5 0
      vertex 11.5 21 0
      vertex 18.5 36.5 0
    endloop
  endfacet
  facet normal 0 0 -1
    outer loop
      vertex 9.5 33.5 0
      vertex 18.5 36.5 0
      vertex 11.5 21 0
    endloop
  endfacet
  facet normal -0 0 -1
    outer loop
      vertex 18.5 36.5 0
      vertex 9.5 33.5 0
      vertex 18.5 64.5 0
    endloop
  endfacet
  facet normal 0 0 -1
    outer loop
      vertex 9.5 67.5 0
      vertex 18.5 64.5 0
      vertex 9.5 33.5 0
    endloop
  endfacet
  facet normal 0 0 -1
    outer loop
      vertex 21.5 64.5 0
      vertex 9.5 67.5 0
      vertex 45 74.5 0
    endloop
  endfacet
  facet normal 0 0 -1
    outer loop
      vertex -9.5 67.5 0
      vertex 45 74.5 0
      vertex 9.5 67.5 0
    endloop
  endfacet
  facet normal 0 0 -1
    outer loop
      vertex -9.5 33.5 0
      vertex -18.5 36.5 0
      vertex -9.5 67.5 0
    endloop
  endfacet
  facet normal 0 0 -1
    outer loop
      vertex -18.5 64.5 0
      vertex -9.5 67.5 0
      vertex -18.5 36.5 0
    endloop
  endfacet
  facet normal 0 0 -1
    outer loop
      vertex -21.5 64.5 0
      vertex -9.5 67.5 0
      vertex -18.5 64.5 0
    endloop
  endfacet
  facet normal 0 0 -1
    outer loop
      vertex -11.5 9 0
      vertex -28.5 9 0
      vertex -11.5 21 0
    endloop
  endfacet
  facet normal 0 0 -1
    outer loop
      vertex -28.5 21 0
      vertex -11.5 21 0
      vertex -28.5 9 0
    endloop
  endfacet
  facet normal 0 0 -1
    outer loop
      vertex -11.5 21 0
      vertex -28.5 21 0
      vertex -18.5 36.5 0
    endloop
  endfacet
  facet normal -0 0 -1
    outer loop
      vertex -18.5 36.5 0
      vertex -28.5 21 0
      vertex -21.5 36.5 0
    endloop
  endfacet
  facet normal 0 0 -1
    outer loop
      vertex -31.5 21 0
      vertex -21.5 36.5 0
      vertex -28.5 21 0
    endloop
  endfacet
  facet normal 0 0 -1
    outer loop
      vertex -48 71.5 0
      vertex -21.5 36.5 0
      vertex -31.5 21 0
    endloop
  endfacet
  facet normal 0 0 -1
    outer loop
      vertex -9.5 67.5 0
      vertex -45 74.5 0
      vertex 45 74.5 0
    endloop
  endfacet
  facet normal 0 0 -1
    outer loop
      vertex -21.5 64.5 0
      vertex -45 74.5 0
      vertex -9.5 67.5 0
    endloop
  endfacet
  facet normal 0 0 -1
    outer loop
      vertex -21.5 36.5 0
      vertex -48 71.5 0
      vertex -21.5 64.5 0
    endloop
  endfacet
  facet normal 0 0 -1
    outer loop
      vertex -31.5 1 0
      vertex -48 71.5 0
      vertex -31.5 9 0
    endloop
  endfacet
  facet normal 0 0 -1
    outer loop
      vertex -48 -71.5 0
      vertex -45 -74.5 0
      vertex -45.3916 -74.4743 0
    endloop
  endfacet
  facet normal 0 0 -1
    outer loop
      vertex -31.5 9 0
      vertex -48 71.5 0
      vertex -31.5 21 0
    endloop
  endfacet
  facet normal 0 0 -1
    outer loop
      vertex -48 -71.5 0
      vertex -45.3916 -74.4743 0
      vertex -45.7765 -74.3978 0
    endloop
  endfacet
  facet normal 0 0 -1
    outer loop
      vertex -21.5 64.5 0
      vertex -48 71.5 0
      vertex -45 74.5 0
    endloop
  endfacet
  facet normal 0 0 -1
    outer loop
      vertex -48 -71.5 0
      vertex -45.7765 -74.3978 0
      vertex -46.1481 -74.2716 0
    endloop
  endfacet
  facet normal 0 0 -1
    outer loop
      vertex -45 74.5 0
      vertex -48 71.5 0
      vertex -45.3916 74.4743 0
    endloop
  endfacet
  facet normal 0 0 -1
    outer loop
      vertex -48 -71.5 0
      vertex -46.1481 -74.2716 0
      vertex -46.5 -74.0981 0
    endloop
  endfacet
  facet normal 0 0 -1
    outer loop
      vertex -45.3916 74.4743 0
      vertex -48 71.5 0
      vertex -45.7765 74.3978 0
    endloop
  endfacet
  facet normal 0 0 -1
    outer loop
      vertex -48 -71.5 0
      vertex -46.5 -74.0981 0
      vertex -46.8263 -73.8801 0
    endloop
  endfacet
  facet normal 0 0 -1
    outer loop
      vertex -45.7765 74.3978 0
      vertex -48 71.5 0
      vertex -46.1481 74.2716 0
    endloop
  endfacet
  facet normal 0 0 -1
    outer loop
      vertex -48 -71.5 0
      vertex -46.8263 -73.8801 0
      vertex -47.1213 -73.6213 0
    endloop
  endfacet
  facet normal 0 0 -1
    outer loop
      vertex -46.1481 74.2716 0
      vertex -48 71.5 0
      vertex -46.5 74.0981 0
    endloop
  endfacet
  facet normal 0 0 -1
    outer loop
      vertex -48 -71.5 0
      vertex -47.1213 -73.6213 0
      vertex -47.3801 -73.3263 0
    endloop
  endfacet
  facet normal 0 0 -1
    outer loop
      vertex -46.5 74.0981 0
      vertex -48 71.5 0
      vertex -46.8263 73.8801 0
    endloop
  endfacet
  facet normal 0 0 -1
    outer loop
      vertex -48 -71.5 0
      vertex -47.3801 -73.3263 0
      vertex -47.5981 -73 0
    endloop
  endfacet
  facet normal 0 0 -1
    outer loop
      vertex -46.8263 73.8801 0
      vertex -48 71.5 0
      vertex -47.1213 73.6213 0
    endloop
  endfacet
  facet normal 0 0 -1
    outer loop
      vertex -48 -71.5 0
      vertex -47.5981 -73 0
      vertex -47.7716 -72.6481 0
    endloop
  endfacet
  facet normal 0 0 -1
    outer loop
      vertex -47.1213 73.6213 0
      vertex -48 71.5 0
      vertex -47.3801 73.3263 0
    endloop
  endfacet
  facet normal 0 0 -1
    outer loop
      vertex -48 -71.5 0
      vertex -47.7716 -72.6481 0
      vertex -47.8978 -72.2765 0
    endloop
  endfacet
  facet normal 0 0 -1
    outer loop
      vertex -47.3801 73.3263 0
      vertex -48 71.5 0
      vertex -47.5981 73 0
    endloop
  endfacet
  facet normal 0 0 -1
    outer loop
      vertex -48 -71.5 0
      vertex -47.8978 -72.2765 0
      vertex -47.9743 -71.8916 0
    endloop
  endfacet
  facet normal 0 0 -1
    outer loop
      vertex -47.5981 73 0
      vertex -48 71.5 0
      vertex -47.7716 72.6481 0
    endloop
  endfacet
  facet normal 0 0 -1
    outer loop
      vertex -47.7716 72.6481 0
      vertex -48 71.5 0
      vertex -47.8978 72.2765 0
    endloop
  endfacet
  facet normal 0 0 -1
    outer loop
      vertex -47.8978 72.2765 0
      vertex -48 71.5 0
      vertex -47.9743 71.8916 0
    endloop
  endfacet
  facet normal -0 0 -1
    outer loop
      vertex 28.5 -31 0
      vertex 9 -40 0
      vertex 11.5 -31 0
    endloop
  endfacet
  facet normal 0 0 -1
    outer loop
      vertex 9 -40 0
      vertex 8.5 -31 0
      vertex 11.5 -31 0
    endloop
  endfacet
  facet normal 0 0 -1
    outer loop
      vertex -8.5 -31 0
      vertex 8.5 -19 0
      vertex 8.5 -31 0
    endloop
  endfacet
  facet normal 0 0 -1
    outer loop
      vertex -8.5 -19 0
      vertex 8.5 -19 0
      vertex -8.5 -31 0
    endloop
  endfacet
  facet normal 0 0 -1
    outer loop
      vertex 8.5 -19 0
      vertex -8.5 -19 0
      vertex 8.5 -11 0
    endloop
  endfacet
  facet normal 0 0 -1
    outer loop
      vertex -8.5 -11 0
      vertex 8.5 -11 0
      vertex -8.5 -19 0
    endloop
  endfacet
  facet normal 0 0 -1
    outer loop
      vertex 8.5 -11 0
      vertex -8.5 -11 0
      vertex 8.5 1 0
    endloop
  endfacet
  facet normal 0 0 -1
    outer loop
      vertex 9 -40 0
      vertex -8.5 -31 0
      vertex 8.5 -31 0
    endloop
  endfacet
  facet normal 0 0 -1
    outer loop
      vertex -9 -40 0
      vertex -8.5 -31 0
      vertex 9 -40 0
    endloop
  endfacet
  facet normal 0 0 -1
    outer loop
      vertex -11.5 -31 0
      vertex -9 -40 0
      vertex -11.5 -51.5 0
    endloop
  endfacet
  facet normal 0 0 -1
    outer loop
      vertex -9 -40 0
      vertex -11.5 -31 0
      vertex -8.5 -31 0
    endloop
  endfacet
  facet normal 0 0 -1
    outer loop
      vertex 11.5 21 0
      vertex 9 26 0
      vertex 9.5 33.5 0
    endloop
  endfacet
  facet normal 0 0 -1
    outer loop
      vertex -9 26 0
      vertex 9.5 33.5 0
      vertex 9 26 0
    endloop
  endfacet
  facet normal -0 0 -1
    outer loop
      vertex 9.5 33.5 0
      vertex -9 26 0
      vertex -9.5 33.5 0
    endloop
  endfacet
  facet normal 0.0654873 -0.997853 0
    outer loop
      vertex 45 -74.5 0
      vertex 45.3916 -74.4743 3
      vertex 45 -74.5 3
    endloop
  endfacet
  facet normal 0.0654873 -0.997853 0
    outer loop
      vertex 45.3916 -74.4743 3
      vertex 45 -74.5 0
      vertex 45.3916 -74.4743 0
    endloop
  endfacet
  facet normal 0.555523 0.831501 -0
    outer loop
      vertex 46.8263 73.8801 0
      vertex 46.5 74.0981 3
      vertex 46.8263 73.8801 3
    endloop
  endfacet
  facet normal 0.555523 0.831501 0
    outer loop
      vertex 46.5 74.0981 3
      vertex 46.8263 73.8801 0
      vertex 46.5 74.0981 0
    endloop
  endfacet
  facet normal -0.0654873 0.997853 0
    outer loop
      vertex -45 74.5 0
      vertex -45.3916 74.4743 3
      vertex -45 74.5 3
    endloop
  endfacet
  facet normal -0.0654873 0.997853 0
    outer loop
      vertex -45.3916 74.4743 3
      vertex -45 74.5 0
      vertex -45.3916 74.4743 0
    endloop
  endfacet
  facet normal -0.442211 0.896911 0
    outer loop
      vertex -46.1481 74.2716 0
      vertex -46.5 74.0981 3
      vertex -46.1481 74.2716 3
    endloop
  endfacet
  facet normal -0.442211 0.896911 0
    outer loop
      vertex -46.5 74.0981 3
      vertex -46.1481 74.2716 0
      vertex -46.5 74.0981 0
    endloop
  endfacet
  facet normal -0.321574 0.946885 0
    outer loop
      vertex -45.7765 74.3978 0
      vertex -46.1481 74.2716 3
      vertex -45.7765 74.3978 3
    endloop
  endfacet
  facet normal -0.321574 0.946885 0
    outer loop
      vertex -46.1481 74.2716 3
      vertex -45.7765 74.3978 0
      vertex -46.1481 74.2716 0
    endloop
  endfacet
  facet normal -0.946885 0.321574 0
    outer loop
      vertex -47.8978 72.2765 0
      vertex -47.7716 72.6481 3
      vertex -47.7716 72.6481 0
    endloop
  endfacet
  facet normal -0.946885 0.321574 0
    outer loop
      vertex -47.7716 72.6481 3
      vertex -47.8978 72.2765 0
      vertex -47.8978 72.2765 3
    endloop
  endfacet
  facet normal -0.980815 0.19494 0
    outer loop
      vertex -47.9743 71.8916 0
      vertex -47.8978 72.2765 3
      vertex -47.8978 72.2765 0
    endloop
  endfacet
  facet normal -0.980815 0.19494 0
    outer loop
      vertex -47.8978 72.2765 3
      vertex -47.9743 71.8916 0
      vertex -47.9743 71.8916 3
    endloop
  endfacet
  facet normal -0.831501 0.555523 0
    outer loop
      vertex -47.5981 73 0
      vertex -47.3801 73.3263 3
      vertex -47.3801 73.3263 0
    endloop
  endfacet
  facet normal -0.831501 0.555523 0
    outer loop
      vertex -47.3801 73.3263 3
      vertex -47.5981 73 0
      vertex -47.5981 73 3
    endloop
  endfacet
  facet normal -0.997853 -0.0654873 0
    outer loop
      vertex -47.9743 -71.8916 0
      vertex -48 -71.5 3
      vertex -48 -71.5 0
    endloop
  endfacet
  facet normal -0.997853 -0.0654873 0
    outer loop
      vertex -48 -71.5 3
      vertex -47.9743 -71.8916 0
      vertex -47.9743 -71.8916 3
    endloop
  endfacet
  facet normal -0.946885 -0.321574 0
    outer loop
      vertex -47.7716 -72.6481 0
      vertex -47.8978 -72.2765 3
      vertex -47.8978 -72.2765 0
    endloop
  endfacet
  facet normal -0.946885 -0.321574 0
    outer loop
      vertex -47.8978 -72.2765 3
      vertex -47.7716 -72.6481 0
      vertex -47.7716 -72.6481 3
    endloop
  endfacet
  facet normal -0.831501 -0.555523 0
    outer loop
      vertex -47.3801 -73.3263 0
      vertex -47.5981 -73 3
      vertex -47.5981 -73 0
    endloop
  endfacet
  facet normal -0.831501 -0.555523 0
    outer loop
      vertex -47.5981 -73 3
      vertex -47.3801 -73.3263 0
      vertex -47.3801 -73.3263 3
    endloop
  endfacet
  facet normal -0.659478 -0.751724 0
    outer loop
      vertex -47.1213 -73.6213 0
      vertex -46.8263 -73.8801 3
      vertex -47.1213 -73.6213 3
    endloop
  endfacet
  facet normal -0.659478 -0.751724 -0
    outer loop
      vertex -46.8263 -73.8801 3
      vertex -47.1213 -73.6213 0
      vertex -46.8263 -73.8801 0
    endloop
  endfacet
  facet normal -0.19494 -0.980815 0
    outer loop
      vertex -45.7765 -74.3978 0
      vertex -45.3916 -74.4743 3
      vertex -45.7765 -74.3978 3
    endloop
  endfacet
  facet normal -0.19494 -0.980815 -0
    outer loop
      vertex -45.3916 -74.4743 3
      vertex -45.7765 -74.3978 0
      vertex -45.3916 -74.4743 0
    endloop
  endfacet
  facet normal -0.442211 -0.896911 0
    outer loop
      vertex -46.5 -74.0981 0
      vertex -46.1481 -74.2716 3
      vertex -46.5 -74.0981 3
    endloop
  endfacet
  facet normal -0.442211 -0.896911 -0
    outer loop
      vertex -46.1481 -74.2716 3
      vertex -46.5 -74.0981 0
      vertex -46.1481 -74.2716 0
    endloop
  endfacet
  facet normal 0.751724 0.659478 0
    outer loop
      vertex 47.3801 73.3263 3
      vertex 47.1213 73.6213 0
      vertex 47.1213 73.6213 3
    endloop
  endfacet
  facet normal 0.751724 0.659478 0
    outer loop
      vertex 47.1213 73.6213 0
      vertex 47.3801 73.3263 3
      vertex 47.3801 73.3263 0
    endloop
  endfacet
  facet normal 0.831501 0.555523 0
    outer loop
      vertex 47.5981 73 3
      vertex 47.3801 73.3263 0
      vertex 47.3801 73.3263 3
    endloop
  endfacet
  facet normal 0.831501 0.555523 0
    outer loop
      vertex 47.3801 73.3263 0
      vertex 47.5981 73 3
      vertex 47.5981 73 0
    endloop
  endfacet
  facet normal 0.659478 0.751724 -0
    outer loop
      vertex 47.1213 73.6213 0
      vertex 46.8263 73.8801 3
      vertex 47.1213 73.6213 3
    endloop
  endfacet
  facet normal 0.659478 0.751724 0
    outer loop
      vertex 46.8263 73.8801 3
      vertex 47.1213 73.6213 0
      vertex 46.8263 73.8801 0
    endloop
  endfacet
  facet normal 0.321574 0.946885 -0
    outer loop
      vertex 46.1481 74.2716 0
      vertex 45.7765 74.3978 3
      vertex 46.1481 74.2716 3
    endloop
  endfacet
  facet normal 0.321574 0.946885 0
    outer loop
      vertex 45.7765 74.3978 3
      vertex 46.1481 74.2716 0
      vertex 45.7765 74.3978 0
    endloop
  endfacet
  facet normal 0.19494 0.980815 -0
    outer loop
      vertex 45.7765 74.3978 0
      vertex 45.3916 74.4743 3
      vertex 45.7765 74.3978 3
    endloop
  endfacet
  facet normal 0.19494 0.980815 0
    outer loop
      vertex 45.3916 74.4743 3
      vertex 45.7765 74.3978 0
      vertex 45.3916 74.4743 0
    endloop
  endfacet
  facet normal 0.442211 0.896911 -0
    outer loop
      vertex 46.5 74.0981 0
      vertex 46.1481 74.2716 3
      vertex 46.5 74.0981 3
    endloop
  endfacet
  facet normal 0.442211 0.896911 0
    outer loop
      vertex 46.1481 74.2716 3
      vertex 46.5 74.0981 0
      vertex 46.1481 74.2716 0
    endloop
  endfacet
  facet normal 0.980815 0.19494 0
    outer loop
      vertex 47.9743 71.8916 3
      vertex 47.8978 72.2765 0
      vertex 47.8978 72.2765 3
    endloop
  endfacet
  facet normal 0.980815 0.19494 0
    outer loop
      vertex 47.8978 72.2765 0
      vertex 47.9743 71.8916 3
      vertex 47.9743 71.8916 0
    endloop
  endfacet
  facet normal 0.997853 0.0654873 0
    outer loop
      vertex 48 71.5 3
      vertex 47.9743 71.8916 0
      vertex 47.9743 71.8916 3
    endloop
  endfacet
  facet normal 0.997853 0.0654873 0
    outer loop
      vertex 47.9743 71.8916 0
      vertex 48 71.5 3
      vertex 48 71.5 0
    endloop
  endfacet
  facet normal 0.946885 0.321574 0
    outer loop
      vertex 47.8978 72.2765 3
      vertex 47.7716 72.6481 0
      vertex 47.7716 72.6481 3
    endloop
  endfacet
  facet normal 0.946885 0.321574 0
    outer loop
      vertex 47.7716 72.6481 0
      vertex 47.8978 72.2765 3
      vertex 47.8978 72.2765 0
    endloop
  endfacet
  facet normal 0.896911 -0.442211 0
    outer loop
      vertex 47.5981 -73 3
      vertex 47.7716 -72.6481 0
      vertex 47.7716 -72.6481 3
    endloop
  endfacet
  facet normal 0.896911 -0.442211 0
    outer loop
      vertex 47.7716 -72.6481 0
      vertex 47.5981 -73 3
      vertex 47.5981 -73 0
    endloop
  endfacet
  facet normal 0.980815 -0.19494 0
    outer loop
      vertex 47.8978 -72.2765 3
      vertex 47.9743 -71.8916 0
      vertex 47.9743 -71.8916 3
    endloop
  endfacet
  facet normal 0.980815 -0.19494 0
    outer loop
      vertex 47.9743 -71.8916 0
      vertex 47.8978 -72.2765 3
      vertex 47.8978 -72.2765 0
    endloop
  endfacet
  facet normal 0.751724 -0.659478 0
    outer loop
      vertex 47.1213 -73.6213 3
      vertex 47.3801 -73.3263 0
      vertex 47.3801 -73.3263 3
    endloop
  endfacet
  facet normal 0.751724 -0.659478 0
    outer loop
      vertex 47.3801 -73.3263 0
      vertex 47.1213 -73.6213 3
      vertex 47.1213 -73.6213 0
    endloop
  endfacet
  facet normal 0.442211 -0.896911 0
    outer loop
      vertex 46.1481 -74.2716 0
      vertex 46.5 -74.0981 3
      vertex 46.1481 -74.2716 3
    endloop
  endfacet
  facet normal 0.442211 -0.896911 0
    outer loop
      vertex 46.5 -74.0981 3
      vertex 46.1481 -74.2716 0
      vertex 46.5 -74.0981 0
    endloop
  endfacet
  facet normal -0.659478 0.751724 0
    outer loop
      vertex -46.8263 73.8801 0
      vertex -47.1213 73.6213 3
      vertex -46.8263 73.8801 3
    endloop
  endfacet
  facet normal -0.659478 0.751724 0
    outer loop
      vertex -47.1213 73.6213 3
      vertex -46.8263 73.8801 0
      vertex -47.1213 73.6213 0
    endloop
  endfacet
  facet normal -0.555523 0.831501 0
    outer loop
      vertex -46.5 74.0981 0
      vertex -46.8263 73.8801 3
      vertex -46.5 74.0981 3
    endloop
  endfacet
  facet normal -0.555523 0.831501 0
    outer loop
      vertex -46.8263 73.8801 3
      vertex -46.5 74.0981 0
      vertex -46.8263 73.8801 0
    endloop
  endfacet
  facet normal -0.896911 0.442211 0
    outer loop
      vertex -47.7716 72.6481 0
      vertex -47.5981 73 3
      vertex -47.5981 73 0
    endloop
  endfacet
  facet normal -0.896911 0.442211 0
    outer loop
      vertex -47.5981 73 3
      vertex -47.7716 72.6481 0
      vertex -47.7716 72.6481 3
    endloop
  endfacet
  facet normal -0.980815 -0.19494 0
    outer loop
      vertex -47.8978 -72.2765 0
      vertex -47.9743 -71.8916 3
      vertex -47.9743 -71.8916 0
    endloop
  endfacet
  facet normal -0.980815 -0.19494 0
    outer loop
      vertex -47.9743 -71.8916 3
      vertex -47.8978 -72.2765 0
      vertex -47.8978 -72.2765 3
    endloop
  endfacet
  facet normal -0.896911 -0.442211 0
    outer loop
      vertex -47.5981 -73 0
      vertex -47.7716 -72.6481 3
      vertex -47.7716 -72.6481 0
    endloop
  endfacet
  facet normal -0.896911 -0.442211 0
    outer loop
      vertex -47.7716 -72.6481 3
      vertex -47.5981 -73 0
      vertex -47.5981 -73 3
    endloop
  endfacet
  facet normal -0.751724 -0.659478 0
    outer loop
      vertex -47.1213 -73.6213 0
      vertex -47.3801 -73.3263 3
      vertex -47.3801 -73.3263 0
    endloop
  endfacet
  facet normal -0.751724 -0.659478 0
    outer loop
      vertex -47.3801 -73.3263 3
      vertex -47.1213 -73.6213 0
      vertex -47.1213 -73.6213 3
    endloop
  endfacet
  facet normal -0.555523 -0.831501 0
    outer loop
      vertex -46.8263 -73.8801 0
      vertex -46.5 -74.0981 3
      vertex -46.8263 -73.8801 3
    endloop
  endfacet
  facet normal -0.555523 -0.831501 -0
    outer loop
      vertex -46.5 -74.0981 3
      vertex -46.8263 -73.8801 0
      vertex -46.5 -74.0981 0
    endloop
  endfacet
  facet normal -0.0654873 -0.997853 0
    outer loop
      vertex -45.3916 -74.4743 0
      vertex -45 -74.5 3
      vertex -45.3916 -74.4743 3
    endloop
  endfacet
  facet normal -0.0654873 -0.997853 -0
    outer loop
      vertex -45 -74.5 3
      vertex -45.3916 -74.4743 0
      vertex -45 -74.5 0
    endloop
  endfacet
  facet normal -0.321574 -0.946885 0
    outer loop
      vertex -46.1481 -74.2716 0
      vertex -45.7765 -74.3978 3
      vertex -46.1481 -74.2716 3
    endloop
  endfacet
  facet normal -0.321574 -0.946885 -0
    outer loop
      vertex -45.7765 -74.3978 3
      vertex -46.1481 -74.2716 0
      vertex -45.7765 -74.3978 0
    endloop
  endfacet
  facet normal 0.946885 -0.321574 0
    outer loop
      vertex 47.7716 -72.6481 3
      vertex 47.8978 -72.2765 0
      vertex 47.8978 -72.2765 3
    endloop
  endfacet
  facet normal 0.946885 -0.321574 0
    outer loop
      vertex 47.8978 -72.2765 0
      vertex 47.7716 -72.6481 3
      vertex 47.7716 -72.6481 0
    endloop
  endfacet
  facet normal 0.997853 -0.0654873 0
    outer loop
      vertex 47.9743 -71.8916 3
      vertex 48 -71.5 0
      vertex 48 -71.5 3
    endloop
  endfacet
  facet normal 0.997853 -0.0654873 0
    outer loop
      vertex 48 -71.5 0
      vertex 47.9743 -71.8916 3
      vertex 47.9743 -71.8916 0
    endloop
  endfacet
  facet normal 0.831501 -0.555523 0
    outer loop
      vertex 47.3801 -73.3263 3
      vertex 47.5981 -73 0
      vertex 47.5981 -73 3
    endloop
  endfacet
  facet normal 0.831501 -0.555523 0
    outer loop
      vertex 47.5981 -73 0
      vertex 47.3801 -73.3263 3
      vertex 47.3801 -73.3263 0
    endloop
  endfacet
  facet normal 0.555523 -0.831501 0
    outer loop
      vertex 46.5 -74.0981 0
      vertex 46.8263 -73.8801 3
      vertex 46.5 -74.0981 3
    endloop
  endfacet
  facet normal 0.555523 -0.831501 0
    outer loop
      vertex 46.8263 -73.8801 3
      vertex 46.5 -74.0981 0
      vertex 46.8263 -73.8801 0
    endloop
  endfacet
  facet normal 0.659478 -0.751724 0
    outer loop
      vertex 46.8263 -73.8801 0
      vertex 47.1213 -73.6213 3
      vertex 46.8263 -73.8801 3
    endloop
  endfacet
  facet normal 0.659478 -0.751724 0
    outer loop
      vertex 47.1213 -73.6213 3
      vertex 46.8263 -73.8801 0
      vertex 47.1213 -73.6213 0
    endloop
  endfacet
  facet normal 1 -0 0
    outer loop
      vertex -21.5 36.5 3
      vertex -21.5 64.5 0
      vertex -21.5 64.5 3
    endloop
  endfacet
  facet normal 1 0 0
    outer loop
      vertex -21.5 64.5 0
      vertex -21.5 36.5 3
      vertex -21.5 36.5 0
    endloop
  endfacet
  facet normal -1 0 0
    outer loop
      vertex -18.5 36.5 0
      vertex -18.5 64.5 3
      vertex -18.5 64.5 0
    endloop
  endfacet
  facet normal -1 -0 0
    outer loop
      vertex -18.5 64.5 3
      vertex -18.5 36.5 0
      vertex -18.5 36.5 3
    endloop
  endfacet
  facet normal 0 1 -0
    outer loop
      vertex -18.5 36.5 0
      vertex -21.5 36.5 3
      vertex -18.5 36.5 3
    endloop
  endfacet
  facet normal 0 1 0
    outer loop
      vertex -21.5 36.5 3
      vertex -18.5 36.5 0
      vertex -21.5 36.5 0
    endloop
  endfacet
  facet normal 0 -1 0
    outer loop
      vertex -21.5 64.5 0
      vertex -18.5 64.5 3
      vertex -21.5 64.5 3
    endloop
  endfacet
  facet normal 0 -1 -0
    outer loop
      vertex -18.5 64.5 3
      vertex -21.5 64.5 0
      vertex -18.5 64.5 0
    endloop
  endfacet
  facet normal 1 -0 0
    outer loop
      vertex 18.5 36.5 3
      vertex 18.5 64.5 0
      vertex 18.5 64.5 3
    endloop
  endfacet
  facet normal 1 0 0
    outer loop
      vertex 18.5 64.5 0
      vertex 18.5 36.5 3
      vertex 18.5 36.5 0
    endloop
  endfacet
  facet normal -1 0 0
    outer loop
      vertex 21.5 36.5 0
      vertex 21.5 64.5 3
      vertex 21.5 64.5 0
    endloop
  endfacet
  facet normal -1 -0 0
    outer loop
      vertex 21.5 64.5 3
      vertex 21.5 36.5 0
      vertex 21.5 36.5 3
    endloop
  endfacet
  facet normal 0 -1 0
    outer loop
      vertex 18.5 64.5 0
      vertex 21.5 64.5 3
      vertex 18.5 64.5 3
    endloop
  endfacet
  facet normal 0 -1 -0
    outer loop
      vertex 21.5 64.5 3
      vertex 18.5 64.5 0
      vertex 21.5 64.5 0
    endloop
  endfacet
  facet normal 0 1 -0
    outer loop
      vertex 21.5 36.5 0
      vertex 18.5 36.5 3
      vertex 21.5 36.5 3
    endloop
  endfacet
  facet normal 0 1 0
    outer loop
      vertex 18.5 36.5 3
      vertex 21.5 36.5 0
      vertex 18.5 36.5 0
    endloop
  endfacet
  facet normal 1 -0 0
    outer loop
      vertex -31.5 -31 3
      vertex -31.5 -19 0
      vertex -31.5 -19 3
    endloop
  endfacet
  facet normal 1 0 0
    outer loop
      vertex -31.5 -19 0
      vertex -31.5 -31 3
      vertex -31.5 -31 0
    endloop
  endfacet
  facet normal -1 0 0
    outer loop
      vertex -28.5 -31 0
      vertex -28.5 -19 3
      vertex -28.5 -19 0
    endloop
  endfacet
  facet normal -1 -0 0
    outer loop
      vertex -28.5 -19 3
      vertex -28.5 -31 0
      vertex -28.5 -31 3
    endloop
  endfacet
  facet normal 0 -1 0
    outer loop
      vertex -31.5 -19 0
      vertex -28.5 -19 3
      vertex -31.5 -19 3
    endloop
  endfacet
  facet normal 0 -1 -0
    outer loop
      vertex -28.5 -19 3
      vertex -31.5 -19 0
      vertex -28.5 -19 0
    endloop
  endfacet
  facet normal 0 1 -0
    outer loop
      vertex -28.5 -31 0
      vertex -31.5 -31 3
      vertex -28.5 -31 3
    endloop
  endfacet
  facet normal 0 1 0
    outer loop
      vertex -31.5 -31 3
      vertex -28.5 -31 0
      vertex -31.5 -31 0
    endloop
  endfacet
  facet normal 1 -0 0
    outer loop
      vertex -31.5 -11 3
      vertex -31.5 1 0
      vertex -31.5 1 3
    endloop
  endfacet
  facet normal 1 0 0
    outer loop
      vertex -31.5 1 0
      vertex -31.5 -11 3
      vertex -31.5 -11 0
    endloop
  endfacet
  facet normal -1 0 0
    outer loop
      vertex -28.5 -11 0
      vertex -28.5 1 3
      vertex -28.5 1 0
    endloop
  endfacet
  facet normal -1 -0 0
    outer loop
      vertex -28.5 1 3
      vertex -28.5 -11 0
      vertex -28.5 -11 3
    endloop
  endfacet
  facet normal 0 -1 0
    outer loop
      vertex -31.5 1 0
      vertex -28.5 1 3
      vertex -31.5 1 3
    endloop
  endfacet
  facet normal 0 -1 -0
    outer loop
      vertex -28.5 1 3
      vertex -31.5 1 0
      vertex -28.5 1 0
    endloop
  endfacet
  facet normal 0 1 -0
    outer loop
      vertex -28.5 -11 0
      vertex -31.5 -11 3
      vertex -28.5 -11 3
    endloop
  endfacet
  facet normal 0 1 0
    outer loop
      vertex -31.5 -11 3
      vertex -28.5 -11 0
      vertex -31.5 -11 0
    endloop
  endfacet
  facet normal 1 -0 0
    outer loop
      vertex -31.5 9 3
      vertex -31.5 21 0
      vertex -31.5 21 3
    endloop
  endfacet
  facet normal 1 0 0
    outer loop
      vertex -31.5 21 0
      vertex -31.5 9 3
      vertex -31.5 9 0
    endloop
  endfacet
  facet normal -1 0 0
    outer loop
      vertex -28.5 9 0
      vertex -28.5 21 3
      vertex -28.5 21 0
    endloop
  endfacet
  facet normal -1 -0 0
    outer loop
      vertex -28.5 21 3
      vertex -28.5 9 0
      vertex -28.5 9 3
    endloop
  endfacet
  facet normal 0 1 -0
    outer loop
      vertex -28.5 9 0
      vertex -31.5 9 3
      vertex -28.5 9 3
    endloop
  endfacet
  facet normal 0 1 0
    outer loop
      vertex -31.5 9 3
      vertex -28.5 9 0
      vertex -31.5 9 0
    endloop
  endfacet
  facet normal 0 -1 0
    outer loop
      vertex -31.5 21 0
      vertex -28.5 21 3
      vertex -31.5 21 3
    endloop
  endfacet
  facet normal 0 -1 -0
    outer loop
      vertex -28.5 21 3
      vertex -31.5 21 0
      vertex -28.5 21 0
    endloop
  endfacet
  facet normal 1 -0 0
    outer loop
      vertex -11.5 -31 3
      vertex -11.5 -19 0
      vertex -11.5 -19 3
    endloop
  endfacet
  facet normal 1 0 0
    outer loop
      vertex -11.5 -19 0
      vertex -11.5 -31 3
      vertex -11.5 -31 0
    endloop
  endfacet
  facet normal -1 0 0
    outer loop
      vertex -8.5 -31 0
      vertex -8.5 -19 3
      vertex -8.5 -19 0
    endloop
  endfacet
  facet normal -1 -0 0
    outer loop
      vertex -8.5 -19 3
      vertex -8.5 -31 0
      vertex -8.5 -31 3
    endloop
  endfacet
  facet normal 0 1 -0
    outer loop
      vertex -8.5 -31 0
      vertex -11.5 -31 3
      vertex -8.5 -31 3
    endloop
  endfacet
  facet normal 0 1 0
    outer loop
      vertex -11.5 -31 3
      vertex -8.5 -31 0
      vertex -11.5 -31 0
    endloop
  endfacet
  facet normal 0 -1 0
    outer loop
      vertex -11.5 -19 0
      vertex -8.5 -19 3
      vertex -11.5 -19 3
    endloop
  endfacet
  facet normal 0 -1 -0
    outer loop
      vertex -8.5 -19 3
      vertex -11.5 -19 0
      vertex -8.5 -19 0
    endloop
  endfacet
  facet normal 1 -0 0
    outer loop
      vertex -11.5 -11 3
      vertex -11.5 1 0
      vertex -11.5 1 3
    endloop
  endfacet
  facet normal 1 0 0
    outer loop
      vertex -11.5 1 0
      vertex -11.5 -11 3
      vertex -11.5 -11 0
    endloop
  endfacet
  facet normal -1 0 0
    outer loop
      vertex -8.5 -11 0
      vertex -8.5 1 3
      vertex -8.5 1 0
    endloop
  endfacet
  facet normal -1 -0 0
    outer loop
      vertex -8.5 1 3
      vertex -8.5 -11 0
      vertex -8.5 -11 3
    endloop
  endfacet
  facet normal 0 1 -0
    outer loop
      vertex -8.5 -11 0
      vertex -11.5 -11 3
      vertex -8.5 -11 3
    endloop
  endfacet
  facet normal 0 1 0
    outer loop
      vertex -11.5 -11 3
      vertex -8.5 -11 0
      vertex -11.5 -11 0
    endloop
  endfacet
  facet normal 0 -1 0
    outer loop
      vertex -11.5 1 0
      vertex -8.5 1 3
      vertex -11.5 1 3
    endloop
  endfacet
  facet normal 0 -1 -0
    outer loop
      vertex -8.5 1 3
      vertex -11.5 1 0
      vertex -8.5 1 0
    endloop
  endfacet
  facet normal 1 -0 0
    outer loop
      vertex -11.5 9 3
      vertex -11.5 21 0
      vertex -11.5 21 3
    endloop
  endfacet
  facet normal 1 0 0
    outer loop
      vertex -11.5 21 0
      vertex -11.5 9 3
      vertex -11.5 9 0
    endloop
  endfacet
  facet normal -1 0 0
    outer loop
      vertex -8.5 9 0
      vertex -8.5 21 3
      vertex -8.5 21 0
    endloop
  endfacet
  facet normal -1 -0 0
    outer loop
      vertex -8.5 21 3
      vertex -8.5 9 0
      vertex -8.5 9 3
    endloop
  endfacet
  facet normal 0 -1 0
    outer loop
      vertex -11.5 21 0
      vertex -8.5 21 3
      vertex -11.5 21 3
    endloop
  endfacet
  facet normal 0 -1 -0
    outer loop
      vertex -8.5 21 3
      vertex -11.5 21 0
      vertex -8.5 21 0
    endloop
  endfacet
  facet normal 0 1 -0
    outer loop
      vertex -8.5 9 0
      vertex -11.5 9 3
      vertex -8.5 9 3
    endloop
  endfacet
  facet normal 0 1 0
    outer loop
      vertex -11.5 9 3
      vertex -8.5 9 0
      vertex -11.5 9 0
    endloop
  endfacet
  facet normal 1 -0 0
    outer loop
      vertex 8.5 -31 3
      vertex 8.5 -19 0
      vertex 8.5 -19 3
    endloop
  endfacet
  facet normal 1 0 0
    outer loop
      vertex 8.5 -19 0
      vertex 8.5 -31 3
      vertex 8.5 -31 0
    endloop
  endfacet
  facet normal -1 0 0
    outer loop
      vertex 11.5 -31 0
      vertex 11.5 -19 3
      vertex 11.5 -19 0
    endloop
  endfacet
  facet normal -1 -0 0
    outer loop
      vertex 11.5 -19 3
      vertex 11.5 -31 0
      vertex 11.5 -31 3
    endloop
  endfacet
  facet normal 0 1 -0
    outer loop
      vertex 11.5 -31 0
      vertex 8.5 -31 3
      vertex 11.5 -31 3
    endloop
  endfacet
  facet normal 0 1 0
    outer loop
      vertex 8.5 -31 3
      vertex 11.5 -31 0
      vertex 8.5 -31 0
    endloop
  endfacet
  facet normal 0 -1 0
    outer loop
      vertex 8.5 -19 0
      vertex 11.5 -19 3
      vertex 8.5 -19 3
    endloop
  endfacet
  facet normal 0 -1 -0
    outer loop
      vertex 11.5 -19 3
      vertex 8.5 -19 0
      vertex 11.5 -19 0
    endloop
  endfacet
  facet normal 1 -0 0
    outer loop
      vertex 8.5 -11 3
      vertex 8.5 1 0
      vertex 8.5 1 3
    endloop
  endfacet
  facet normal 1 0 0
    outer loop
      vertex 8.5 1 0
      vertex 8.5 -11 3
      vertex 8.5 -11 0
    endloop
  endfacet
  facet normal -1 0 0
    outer loop
      vertex 11.5 -11 0
      vertex 11.5 1 3
      vertex 11.5 1 0
    endloop
  endfacet
  facet normal -1 -0 0
    outer loop
      vertex 11.5 1 3
      vertex 11.5 -11 0
      vertex 11.5 -11 3
    endloop
  endfacet
  facet normal 0 -1 0
    outer loop
      vertex 8.5 1 0
      vertex 11.5 1 3
      vertex 8.5 1 3
    endloop
  endfacet
  facet normal 0 -1 -0
    outer loop
      vertex 11.5 1 3
      vertex 8.5 1 0
      vertex 11.5 1 0
    endloop
  endfacet
  facet normal 0 1 -0
    outer loop
      vertex 11.5 -11 0
      vertex 8.5 -11 3
      vertex 11.5 -11 3
    endloop
  endfacet
  facet normal 0 1 0
    outer loop
      vertex 8.5 -11 3
      vertex 11.5 -11 0
      vertex 8.5 -11 0
    endloop
  endfacet
  facet normal 1 -0 0
    outer loop
      vertex 8.5 9 3
      vertex 8.5 21 0
      vertex 8.5 21 3
    endloop
  endfacet
  facet normal 1 0 0
    outer loop
      vertex 8.5 21 0
      vertex 8.5 9 3
      vertex 8.5 9 0
    endloop
  endfacet
  facet normal -1 0 0
    outer loop
      vertex 11.5 9 0
      vertex 11.5 21 3
      vertex 11.5 21 0
    endloop
  endfacet
  facet normal -1 -0 0
    outer loop
      vertex 11.5 21 3
      vertex 11.5 9 0
      vertex 11.5 9 3
    endloop
  endfacet
  facet normal 0 -1 0
    outer loop
      vertex 8.5 21 0
      vertex 11.5 21 3
      vertex 8.5 21 3
    endloop
  endfacet
  facet normal 0 -1 -0
    outer loop
      vertex 11.5 21 3
      vertex 8.5 21 0
      vertex 11.5 21 0
    endloop
  endfacet
  facet normal 0 1 -0
    outer loop
      vertex 11.5 9 0
      vertex 8.5 9 3
      vertex 11.5 9 3
    endloop
  endfacet
  facet normal 0 1 0
    outer loop
      vertex 8.5 9 3
      vertex 11.5 9 0
      vertex 8.5 9 0
    endloop
  endfacet
  facet normal 1 -0 0
    outer loop
      vertex 28.5 -31 3
      vertex 28.5 -19 0
      vertex 28.5 -19 3
    endloop
  endfacet
  facet normal 1 0 0
    outer loop
      vertex 28.5 -19 0
      vertex 28.5 -31 3
      vertex 28.5 -31 0
    endloop
  endfacet
  facet normal -1 0 0
    outer loop
      vertex 31.5 -31 0
      vertex 31.5 -19 3
      vertex 31.5 -19 0
    endloop
  endfacet
  facet normal -1 -0 0
    outer loop
      vertex 31.5 -19 3
      vertex 31.5 -31 0
      vertex 31.5 -31 3
    endloop
  endfacet
  facet normal 0 -1 0
    outer loop
      vertex 28.5 -19 0
      vertex 31.5 -19 3
      vertex 28.5 -19 3
    endloop
  endfacet
  facet normal 0 -1 -0
    outer loop
      vertex 31.5 -19 3
      vertex 28.5 -19 0
      vertex 31.5 -19 0
    endloop
  endfacet
  facet normal 0 1 -0
    outer loop
      vertex 31.5 -31 0
      vertex 28.5 -31 3
      vertex 31.5 -31 3
    endloop
  endfacet
  facet normal 0 1 0
    outer loop
      vertex 28.5 -31 3
      vertex 31.5 -31 0
      vertex 28.5 -31 0
    endloop
  endfacet
  facet normal 1 -0 0
    outer loop
      vertex 28.5 -11 3
      vertex 28.5 1 0
      vertex 28.5 1 3
    endloop
  endfacet
  facet normal 1 0 0
    outer loop
      vertex 28.5 1 0
      vertex 28.5 -11 3
      vertex 28.5 -11 0
    endloop
  endfacet
  facet normal -1 0 0
    outer loop
      vertex 31.5 -11 0
      vertex 31.5 1 3
      vertex 31.5 1 0
    endloop
  endfacet
  facet normal -1 -0 0
    outer loop
      vertex 31.5 1 3
      vertex 31.5 -11 0
      vertex 31.5 -11 3
    endloop
  endfacet
  facet normal 0 -1 0
    outer loop
      vertex 28.5 1 0
      vertex 31.5 1 3
      vertex 28.5 1 3
    endloop
  endfacet
  facet normal 0 -1 -0
    outer loop
      vertex 31.5 1 3
      vertex 28.5 1 0
      vertex 31.5 1 0
    endloop
  endfacet
  facet normal 0 1 -0
    outer loop
      vertex 31.5 -11 0
      vertex 28.5 -11 3
      vertex 31.5 -11 3
    endloop
  endfacet
  facet normal 0 1 0
    outer loop
      vertex 28.5 -11 3
      vertex 31.5 -11 0
      vertex 28.5 -11 0
    endloop
  endfacet
  facet normal 1 -0 0
    outer loop
      vertex 28.5 9 3
      vertex 28.5 21 0
      vertex 28.5 21 3
    endloop
  endfacet
  facet normal 1 0 0
    outer loop
      vertex 28.5 21 0
      vertex 28.5 9 3
      vertex 28.5 9 0
    endloop
  endfacet
  facet normal -1 0 0
    outer loop
      vertex 31.5 9 0
      vertex 31.5 21 3
      vertex 31.5 21 0
    endloop
  endfacet
  facet normal -1 -0 0
    outer loop
      vertex 31.5 21 3
      vertex 31.5 9 0
      vertex 31.5 9 3
    endloop
  endfacet
  facet normal 0 1 -0
    outer loop
      vertex 31.5 9 0
      vertex 28.5 9 3
      vertex 31.5 9 3
    endloop
  endfacet
  facet normal 0 1 0
    outer loop
      vertex 28.5 9 3
      vertex 31.5 9 0
      vertex 28.5 9 0
    endloop
  endfacet
  facet normal 0 -1 0
    outer loop
      vertex 28.5 21 0
      vertex 31.5 21 3
      vertex 28.5 21 3
    endloop
  endfacet
  facet normal 0 -1 -0
    outer loop
      vertex 31.5 21 3
      vertex 28.5 21 0
      vertex 31.5 21 0
    endloop
  endfacet
  facet normal 1 -0 0
    outer loop
      vertex -11.5 -67.5 3
      vertex -11.5 -51.5 0
      vertex -11.5 -51.5 3
    endloop
  endfacet
  facet normal 1 0 0
    outer loop
      vertex -11.5 -51.5 0
      vertex -11.5 -67.5 3
      vertex -11.5 -67.5 0
    endloop
  endfacet
  facet normal -1 0 0
    outer loop
      vertex -8.5 -67.5 0
      vertex -8.5 -51.5 3
      vertex -8.5 -51.5 0
    endloop
  endfacet
  facet normal -1 -0 0
    outer loop
      vertex -8.5 -51.5 3
      vertex -8.5 -67.5 0
      vertex -8.5 -67.5 3
    endloop
  endfacet
  facet normal 0 -1 0
    outer loop
      vertex -11.5 -51.5 0
      vertex -8.5 -51.5 3
      vertex -11.5 -51.5 3
    endloop
  endfacet
  facet normal 0 -1 -0
    outer loop
      vertex -8.5 -51.5 3
      vertex -11.5 -51.5 0
      vertex -8.5 -51.5 0
    endloop
  endfacet
  facet normal 0 1 -0
    outer loop
      vertex -8.5 -67.5 0
      vertex -11.5 -67.5 3
      vertex -8.5 -67.5 3
    endloop
  endfacet
  facet normal 0 1 0
    outer loop
      vertex -11.5 -67.5 3
      vertex -8.5 -67.5 0
      vertex -11.5 -67.5 0
    endloop
  endfacet
  facet normal 1 -0 0
    outer loop
      vertex 8.5 -67.5 3
      vertex 8.5 -51.5 0
      vertex 8.5 -51.5 3
    endloop
  endfacet
  facet normal 1 0 0
    outer loop
      vertex 8.5 -51.5 0
      vertex 8.5 -67.5 3
      vertex 8.5 -67.5 0
    endloop
  endfacet
  facet normal -1 0 0
    outer loop
      vertex 11.5 -67.5 0
      vertex 11.5 -51.5 3
      vertex 11.5 -51.5 0
    endloop
  endfacet
  facet normal -1 -0 0
    outer loop
      vertex 11.5 -51.5 3
      vertex 11.5 -67.5 0
      vertex 11.5 -67.5 3
    endloop
  endfacet
  facet normal 0 1 -0
    outer loop
      vertex 11.5 -67.5 0
      vertex 8.5 -67.5 3
      vertex 11.5 -67.5 3
    endloop
  endfacet
  facet normal 0 1 0
    outer loop
      vertex 8.5 -67.5 3
      vertex 11.5 -67.5 0
      vertex 8.5 -67.5 0
    endloop
  endfacet
  facet normal 0 -1 0
    outer loop
      vertex 8.5 -51.5 0
      vertex 11.5 -51.5 3
      vertex 8.5 -51.5 3
    endloop
  endfacet
  facet normal 0 -1 -0
    outer loop
      vertex 11.5 -51.5 3
      vertex 8.5 -51.5 0
      vertex 11.5 -51.5 0
    endloop
  endfacet
  facet normal 1 -0 0
    outer loop
      vertex -9 -44 3
      vertex -9 -40 0
      vertex -9 -40 3
    endloop
  endfacet
  facet normal 1 0 0
    outer loop
      vertex -9 -40 0
      vertex -9 -44 3
      vertex -9 -44 0
    endloop
  endfacet
  facet normal -1 0 0
    outer loop
      vertex 9 -44 0
      vertex 9 -40 3
      vertex 9 -40 0
    endloop
  endfacet
  facet normal -1 -0 0
    outer loop
      vertex 9 -40 3
      vertex 9 -44 0
      vertex 9 -44 3
    endloop
  endfacet
  facet normal 0 -1 0
    outer loop
      vertex -9 -40 0
      vertex 9 -40 3
      vertex -9 -40 3
    endloop
  endfacet
  facet normal 0 -1 -0
    outer loop
      vertex 9 -40 3
      vertex -9 -40 0
      vertex 9 -40 0
    endloop
  endfacet
  facet normal 0 1 -0
    outer loop
      vertex 9 -44 0
      vertex -9 -44 3
      vertex 9 -44 3
    endloop
  endfacet
  facet normal 0 1 0
    outer loop
      vertex -9 -44 3
      vertex 9 -44 0
      vertex -9 -44 0
    endloop
  endfacet
  facet normal 1 -0 0
    outer loop
      vertex -9 22 3
      vertex -9 26 0
      vertex -9 26 3
    endloop
  endfacet
  facet normal 1 0 0
    outer loop
      vertex -9 26 0
      vertex -9 22 3
      vertex -9 22 0
    endloop
  endfacet
  facet normal -1 0 0
    outer loop
      vertex 9 22 0
      vertex 9 26 3
      vertex 9 26 0
    endloop
  endfacet
  facet normal -1 -0 0
    outer loop
      vertex 9 26 3
      vertex 9 22 0
      vertex 9 22 3
    endloop
  endfacet
  facet normal 0 -1 0
    outer loop
      vertex -9 26 0
      vertex 9 26 3
      vertex -9 26 3
    endloop
  endfacet
  facet normal 0 -1 -0
    outer loop
      vertex 9 26 3
      vertex -9 26 0
      vertex 9 26 0
    endloop
  endfacet
  facet normal 0 1 -0
    outer loop
      vertex 9 22 0
      vertex -9 22 3
      vertex 9 22 3
    endloop
  endfacet
  facet normal 0 1 0
    outer loop
      vertex -9 22 3
      vertex 9 22 0
      vertex -9 22 0
    endloop
  endfacet
  facet normal 1 -0 0
    outer loop
      vertex -9.5 33.5 3
      vertex -9.5 67.5 0
      vertex -9.5 67.5 3
    endloop
  endfacet
  facet normal 1 0 0
    outer loop
      vertex -9.5 67.5 0
      vertex -9.5 33.5 3
      vertex -9.5 33.5 0
    endloop
  endfacet
  facet normal -1 0 0
    outer loop
      vertex 9.5 33.5 0
      vertex 9.5 67.5 3
      vertex 9.5 67.5 0
    endloop
  endfacet
  facet normal -1 -0 0
    outer loop
      vertex 9.5 67.5 3
      vertex 9.5 33.5 0
      vertex 9.5 33.5 3
    endloop
  endfacet
  facet normal 0 1 -0
    outer loop
      vertex 9.5 33.5 0
      vertex -9.5 33.5 3
      vertex 9.5 33.5 3
    endloop
  endfacet
  facet normal 0 1 0
    outer loop
      vertex -9.5 33.5 3
      vertex 9.5 33.5 0
      vertex -9.5 33.5 0
    endloop
  endfacet
  facet normal 0 -1 0
    outer loop
      vertex -9.5 67.5 0
      vertex 9.5 67.5 3
      vertex -9.5 67.5 3
    endloop
  endfacet
  facet normal 0 -1 -0
    outer loop
      vertex 9.5 67.5 3
      vertex -9.5 67.5 0
      vertex 9.5 67.5 0
    endloop
  endfacet
  facet normal -0.997859 -0.0654027 0
    outer loop
      vertex 4 -59.5 0
      vertex 3.96578 -58.9779 3
      vertex 3.96578 -58.9779 0
    endloop
  endfacet
  facet normal -0.997859 -0.0654027 0
    outer loop
      vertex 3.96578 -58.9779 3
      vertex 4 -59.5 0
      vertex 4 -59.5 3
    endloop
  endfacet
  facet normal 0.997859 -0.0654027 0
    outer loop
      vertex -4 -59.5 3
      vertex -3.96578 -58.9779 0
      vertex -3.96578 -58.9779 3
    endloop
  endfacet
  facet normal 0.997859 -0.0654027 0
    outer loop
      vertex -3.96578 -58.9779 0
      vertex -4 -59.5 3
      vertex -4 -59.5 0
    endloop
  endfacet
  facet normal 0.0653641 -0.997861 0
    outer loop
      vertex -0.522104 -55.5342 0
      vertex 0 -55.5 3
      vertex -0.522104 -55.5342 3
    endloop
  endfacet
  facet normal 0.0653641 -0.997861 0
    outer loop
      vertex 0 -55.5 3
      vertex -0.522104 -55.5342 0
      vertex 0 -55.5 0
    endloop
  endfacet
  facet normal 0.751861 0.659321 0
    outer loop
      vertex -2.82843 -62.3284 3
      vertex -3.17341 -61.935 0
      vertex -3.17341 -61.935 3
    endloop
  endfacet
  facet normal 0.751861 0.659321 0
    outer loop
      vertex -3.17341 -61.935 0
      vertex -2.82843 -62.3284 3
      vertex -2.82843 -62.3284 0
    endloop
  endfacet
  facet normal -0.659362 -0.751826 0
    outer loop
      vertex 2.43505 -56.3266 0
      vertex 2.82843 -56.6716 3
      vertex 2.43505 -56.3266 3
    endloop
  endfacet
  facet normal -0.659362 -0.751826 -0
    outer loop
      vertex 2.82843 -56.6716 3
      vertex 2.43505 -56.3266 0
      vertex 2.82843 -56.6716 0
    endloop
  endfacet
  facet normal 0.751861 -0.659321 0
    outer loop
      vertex -3.17341 -57.065 3
      vertex -2.82843 -56.6716 0
      vertex -2.82843 -56.6716 3
    endloop
  endfacet
  facet normal 0.751861 -0.659321 0
    outer loop
      vertex -2.82843 -56.6716 0
      vertex -3.17341 -57.065 3
      vertex -3.17341 -57.065 0
    endloop
  endfacet
  facet normal 0.44226 -0.896887 0
    outer loop
      vertex -2 -56.0359 0
      vertex -1.53073 -55.8045 3
      vertex -2 -56.0359 3
    endloop
  endfacet
  facet normal 0.44226 -0.896887 0
    outer loop
      vertex -1.53073 -55.8045 3
      vertex -2 -56.0359 0
      vertex -1.53073 -55.8045 0
    endloop
  endfacet
  facet normal 0.946922 0.321464 0
    outer loop
      vertex -3.69552 -61.0307 3
      vertex -3.8637 -60.5353 0
      vertex -3.8637 -60.5353 3
    endloop
  endfacet
  facet normal 0.946922 0.321464 0
    outer loop
      vertex -3.8637 -60.5353 0
      vertex -3.69552 -61.0307 3
      vertex -3.69552 -61.0307 0
    endloop
  endfacet
  facet normal -0.896883 -0.442268 0
    outer loop
      vertex 3.69552 -57.9693 0
      vertex 3.4641 -57.5 3
      vertex 3.4641 -57.5 0
    endloop
  endfacet
  facet normal -0.896883 -0.442268 0
    outer loop
      vertex 3.4641 -57.5 3
      vertex 3.69552 -57.9693 0
      vertex 3.69552 -57.9693 3
    endloop
  endfacet
  facet normal -0.831441 -0.555613 0
    outer loop
      vertex 3.4641 -57.5 0
      vertex 3.17341 -57.065 3
      vertex 3.17341 -57.065 0
    endloop
  endfacet
  facet normal -0.831441 -0.555613 0
    outer loop
      vertex 3.17341 -57.065 3
      vertex 3.4641 -57.5 0
      vertex 3.4641 -57.5 3
    endloop
  endfacet
  facet normal -0.321469 -0.94692 0
    outer loop
      vertex 1.03528 -55.6363 0
      vertex 1.53073 -55.8045 3
      vertex 1.03528 -55.6363 3
    endloop
  endfacet
  facet normal -0.321469 -0.94692 -0
    outer loop
      vertex 1.53073 -55.8045 3
      vertex 1.03528 -55.6363 0
      vertex 1.53073 -55.8045 0
    endloop
  endfacet
  facet normal -0.195133 -0.980777 0
    outer loop
      vertex 0.522104 -55.5342 0
      vertex 1.03528 -55.6363 3
      vertex 0.522104 -55.5342 3
    endloop
  endfacet
  facet normal -0.195133 -0.980777 -0
    outer loop
      vertex 1.03528 -55.6363 3
      vertex 0.522104 -55.5342 0
      vertex 1.03528 -55.6363 0
    endloop
  endfacet
  facet normal -0.44226 -0.896887 0
    outer loop
      vertex 1.53073 -55.8045 0
      vertex 2 -56.0359 3
      vertex 1.53073 -55.8045 3
    endloop
  endfacet
  facet normal -0.44226 -0.896887 -0
    outer loop
      vertex 2 -56.0359 3
      vertex 1.53073 -55.8045 0
      vertex 2 -56.0359 0
    endloop
  endfacet
  facet normal 0.946922 -0.321464 0
    outer loop
      vertex -3.8637 -58.4647 3
      vertex -3.69552 -57.9693 0
      vertex -3.69552 -57.9693 3
    endloop
  endfacet
  facet normal 0.946922 -0.321464 0
    outer loop
      vertex -3.69552 -57.9693 0
      vertex -3.8637 -58.4647 3
      vertex -3.8637 -58.4647 0
    endloop
  endfacet
  facet normal 0.980786 -0.195087 0
    outer loop
      vertex -3.96578 -58.9779 3
      vertex -3.8637 -58.4647 0
      vertex -3.8637 -58.4647 3
    endloop
  endfacet
  facet normal 0.980786 -0.195087 0
    outer loop
      vertex -3.8637 -58.4647 0
      vertex -3.96578 -58.9779 3
      vertex -3.96578 -58.9779 0
    endloop
  endfacet
  facet normal 0.555582 -0.831462 0
    outer loop
      vertex -2.43505 -56.3266 0
      vertex -2 -56.0359 3
      vertex -2.43505 -56.3266 3
    endloop
  endfacet
  facet normal 0.555582 -0.831462 0
    outer loop
      vertex -2 -56.0359 3
      vertex -2.43505 -56.3266 0
      vertex -2 -56.0359 0
    endloop
  endfacet
  facet normal 0.321469 -0.94692 0
    outer loop
      vertex -1.53073 -55.8045 0
      vertex -1.03528 -55.6363 3
      vertex -1.53073 -55.8045 3
    endloop
  endfacet
  facet normal 0.321469 -0.94692 0
    outer loop
      vertex -1.03528 -55.6363 3
      vertex -1.53073 -55.8045 0
      vertex -1.03528 -55.6363 0
    endloop
  endfacet
  facet normal -0.946922 0.321464 0
    outer loop
      vertex 3.69552 -61.0307 0
      vertex 3.8637 -60.5353 3
      vertex 3.8637 -60.5353 0
    endloop
  endfacet
  facet normal -0.946922 0.321464 0
    outer loop
      vertex 3.8637 -60.5353 3
      vertex 3.69552 -61.0307 0
      vertex 3.69552 -61.0307 3
    endloop
  endfacet
  facet normal -0.555582 0.831462 0
    outer loop
      vertex 2.43505 -62.6734 0
      vertex 2 -62.9641 3
      vertex 2.43505 -62.6734 3
    endloop
  endfacet
  facet normal -0.555582 0.831462 0
    outer loop
      vertex 2 -62.9641 3
      vertex 2.43505 -62.6734 0
      vertex 2 -62.9641 0
    endloop
  endfacet
  facet normal 0.659362 0.751826 -0
    outer loop
      vertex -2.43505 -62.6734 0
      vertex -2.82843 -62.3284 3
      vertex -2.43505 -62.6734 3
    endloop
  endfacet
  facet normal 0.659362 0.751826 0
    outer loop
      vertex -2.82843 -62.3284 3
      vertex -2.43505 -62.6734 0
      vertex -2.82843 -62.3284 0
    endloop
  endfacet
  facet normal 0.997859 0.0654027 0
    outer loop
      vertex -3.96578 -60.0221 3
      vertex -4 -59.5 0
      vertex -4 -59.5 3
    endloop
  endfacet
  facet normal 0.997859 0.0654027 0
    outer loop
      vertex -4 -59.5 0
      vertex -3.96578 -60.0221 3
      vertex -3.96578 -60.0221 0
    endloop
  endfacet
  facet normal -0.946922 -0.321464 0
    outer loop
      vertex 3.8637 -58.4647 0
      vertex 3.69552 -57.9693 3
      vertex 3.69552 -57.9693 0
    endloop
  endfacet
  facet normal -0.946922 -0.321464 0
    outer loop
      vertex 3.69552 -57.9693 3
      vertex 3.8637 -58.4647 0
      vertex 3.8637 -58.4647 3
    endloop
  endfacet
  facet normal -0.980786 -0.195087 0
    outer loop
      vertex 3.96578 -58.9779 0
      vertex 3.8637 -58.4647 3
      vertex 3.8637 -58.4647 0
    endloop
  endfacet
  facet normal -0.980786 -0.195087 0
    outer loop
      vertex 3.8637 -58.4647 3
      vertex 3.96578 -58.9779 0
      vertex 3.96578 -58.9779 3
    endloop
  endfacet
  facet normal -0.751861 -0.659321 0
    outer loop
      vertex 3.17341 -57.065 0
      vertex 2.82843 -56.6716 3
      vertex 2.82843 -56.6716 0
    endloop
  endfacet
  facet normal -0.751861 -0.659321 0
    outer loop
      vertex 2.82843 -56.6716 3
      vertex 3.17341 -57.065 0
      vertex 3.17341 -57.065 3
    endloop
  endfacet
  facet normal -0.0653641 -0.997861 0
    outer loop
      vertex 0 -55.5 0
      vertex 0.522104 -55.5342 3
      vertex 0 -55.5 3
    endloop
  endfacet
  facet normal -0.0653641 -0.997861 -0
    outer loop
      vertex 0.522104 -55.5342 3
      vertex 0 -55.5 0
      vertex 0.522104 -55.5342 0
    endloop
  endfacet
  facet normal -0.555582 -0.831462 0
    outer loop
      vertex 2 -56.0359 0
      vertex 2.43505 -56.3266 3
      vertex 2 -56.0359 3
    endloop
  endfacet
  facet normal -0.555582 -0.831462 -0
    outer loop
      vertex 2.43505 -56.3266 3
      vertex 2 -56.0359 0
      vertex 2.43505 -56.3266 0
    endloop
  endfacet
  facet normal 0.896883 -0.442268 0
    outer loop
      vertex -3.69552 -57.9693 3
      vertex -3.4641 -57.5 0
      vertex -3.4641 -57.5 3
    endloop
  endfacet
  facet normal 0.896883 -0.442268 0
    outer loop
      vertex -3.4641 -57.5 0
      vertex -3.69552 -57.9693 3
      vertex -3.69552 -57.9693 0
    endloop
  endfacet
  facet normal 0.831441 -0.555613 0
    outer loop
      vertex -3.4641 -57.5 3
      vertex -3.17341 -57.065 0
      vertex -3.17341 -57.065 3
    endloop
  endfacet
  facet normal 0.831441 -0.555613 0
    outer loop
      vertex -3.17341 -57.065 0
      vertex -3.4641 -57.5 3
      vertex -3.4641 -57.5 0
    endloop
  endfacet
  facet normal 0.659362 -0.751826 0
    outer loop
      vertex -2.82843 -56.6716 0
      vertex -2.43505 -56.3266 3
      vertex -2.82843 -56.6716 3
    endloop
  endfacet
  facet normal 0.659362 -0.751826 0
    outer loop
      vertex -2.43505 -56.3266 3
      vertex -2.82843 -56.6716 0
      vertex -2.43505 -56.3266 0
    endloop
  endfacet
  facet normal 0.195133 -0.980777 0
    outer loop
      vertex -1.03528 -55.6363 0
      vertex -0.522104 -55.5342 3
      vertex -1.03528 -55.6363 3
    endloop
  endfacet
  facet normal 0.195133 -0.980777 0
    outer loop
      vertex -0.522104 -55.5342 3
      vertex -1.03528 -55.6363 0
      vertex -0.522104 -55.5342 0
    endloop
  endfacet
  facet normal -0.997859 0.0654027 0
    outer loop
      vertex 3.96578 -60.0221 0
      vertex 4 -59.5 3
      vertex 4 -59.5 0
    endloop
  endfacet
  facet normal -0.997859 0.0654027 0
    outer loop
      vertex 4 -59.5 3
      vertex 3.96578 -60.0221 0
      vertex 3.96578 -60.0221 3
    endloop
  endfacet
  facet normal -0.0653641 0.997861 0
    outer loop
      vertex 0.522104 -63.4658 0
      vertex 0 -63.5 3
      vertex 0.522104 -63.4658 3
    endloop
  endfacet
  facet normal -0.0653641 0.997861 0
    outer loop
      vertex 0 -63.5 3
      vertex 0.522104 -63.4658 0
      vertex 0 -63.5 0
    endloop
  endfacet
  facet normal -0.321469 0.94692 0
    outer loop
      vertex 1.53073 -63.1955 0
      vertex 1.03528 -63.3637 3
      vertex 1.53073 -63.1955 3
    endloop
  endfacet
  facet normal -0.321469 0.94692 0
    outer loop
      vertex 1.03528 -63.3637 3
      vertex 1.53073 -63.1955 0
      vertex 1.03528 -63.3637 0
    endloop
  endfacet
  facet normal -0.659362 0.751826 0
    outer loop
      vertex 2.82843 -62.3284 0
      vertex 2.43505 -62.6734 3
      vertex 2.82843 -62.3284 3
    endloop
  endfacet
  facet normal -0.659362 0.751826 0
    outer loop
      vertex 2.43505 -62.6734 3
      vertex 2.82843 -62.3284 0
      vertex 2.43505 -62.6734 0
    endloop
  endfacet
  facet normal -0.831441 0.555613 0
    outer loop
      vertex 3.17341 -61.935 0
      vertex 3.4641 -61.5 3
      vertex 3.4641 -61.5 0
    endloop
  endfacet
  facet normal -0.831441 0.555613 0
    outer loop
      vertex 3.4641 -61.5 3
      vertex 3.17341 -61.935 0
      vertex 3.17341 -61.935 3
    endloop
  endfacet
  facet normal 0.555582 0.831462 -0
    outer loop
      vertex -2 -62.9641 0
      vertex -2.43505 -62.6734 3
      vertex -2 -62.9641 3
    endloop
  endfacet
  facet normal 0.555582 0.831462 0
    outer loop
      vertex -2.43505 -62.6734 3
      vertex -2 -62.9641 0
      vertex -2.43505 -62.6734 0
    endloop
  endfacet
  facet normal 0.321469 0.94692 -0
    outer loop
      vertex -1.03528 -63.3637 0
      vertex -1.53073 -63.1955 3
      vertex -1.03528 -63.3637 3
    endloop
  endfacet
  facet normal 0.321469 0.94692 0
    outer loop
      vertex -1.53073 -63.1955 3
      vertex -1.03528 -63.3637 0
      vertex -1.53073 -63.1955 0
    endloop
  endfacet
  facet normal 0.0653641 0.997861 -0
    outer loop
      vertex 0 -63.5 0
      vertex -0.522104 -63.4658 3
      vertex 0 -63.5 3
    endloop
  endfacet
  facet normal 0.0653641 0.997861 0
    outer loop
      vertex -0.522104 -63.4658 3
      vertex 0 -63.5 0
      vertex -0.522104 -63.4658 0
    endloop
  endfacet
  facet normal 0.896883 0.442268 0
    outer loop
      vertex -3.4641 -61.5 3
      vertex -3.69552 -61.0307 0
      vertex -3.69552 -61.0307 3
    endloop
  endfacet
  facet normal 0.896883 0.442268 0
    outer loop
      vertex -3.69552 -61.0307 0
      vertex -3.4641 -61.5 3
      vertex -3.4641 -61.5 0
    endloop
  endfacet
  facet normal 0.980786 0.195087 0
    outer loop
      vertex -3.8637 -60.5353 3
      vertex -3.96578 -60.0221 0
      vertex -3.96578 -60.0221 3
    endloop
  endfacet
  facet normal 0.980786 0.195087 0
    outer loop
      vertex -3.96578 -60.0221 0
      vertex -3.8637 -60.5353 3
      vertex -3.8637 -60.5353 0
    endloop
  endfacet
  facet normal -0.195133 0.980777 0
    outer loop
      vertex 1.03528 -63.3637 0
      vertex 0.522104 -63.4658 3
      vertex 1.03528 -63.3637 3
    endloop
  endfacet
  facet normal -0.195133 0.980777 0
    outer loop
      vertex 0.522104 -63.4658 3
      vertex 1.03528 -63.3637 0
      vertex 0.522104 -63.4658 0
    endloop
  endfacet
  facet normal -0.44226 0.896887 0
    outer loop
      vertex 2 -62.9641 0
      vertex 1.53073 -63.1955 3
      vertex 2 -62.9641 3
    endloop
  endfacet
  facet normal -0.44226 0.896887 0
    outer loop
      vertex 1.53073 -63.1955 3
      vertex 2 -62.9641 0
      vertex 1.53073 -63.1955 0
    endloop
  endfacet
  facet normal -0.751861 0.659321 0
    outer loop
      vertex 2.82843 -62.3284 0
      vertex 3.17341 -61.935 3
      vertex 3.17341 -61.935 0
    endloop
  endfacet
  facet normal -0.751861 0.659321 0
    outer loop
      vertex 3.17341 -61.935 3
      vertex 2.82843 -62.3284 0
      vertex 2.82843 -62.3284 3
    endloop
  endfacet
  facet normal -0.980786 0.195087 0
    outer loop
      vertex 3.8637 -60.5353 0
      vertex 3.96578 -60.0221 3
      vertex 3.96578 -60.0221 0
    endloop
  endfacet
  facet normal -0.980786 0.195087 0
    outer loop
      vertex 3.96578 -60.0221 3
      vertex 3.8637 -60.5353 0
      vertex 3.8637 -60.5353 3
    endloop
  endfacet
  facet normal -0.896883 0.442268 0
    outer loop
      vertex 3.4641 -61.5 0
      vertex 3.69552 -61.0307 3
      vertex 3.69552 -61.0307 0
    endloop
  endfacet
  facet normal -0.896883 0.442268 0
    outer loop
      vertex 3.69552 -61.0307 3
      vertex 3.4641 -61.5 0
      vertex 3.4641 -61.5 3
    endloop
  endfacet
  facet normal 0.44226 0.896887 -0
    outer loop
      vertex -1.53073 -63.1955 0
      vertex -2 -62.9641 3
      vertex -1.53073 -63.1955 3
    endloop
  endfacet
  facet normal 0.44226 0.896887 0
    outer loop
      vertex -2 -62.9641 3
      vertex -1.53073 -63.1955 0
      vertex -2 -62.9641 0
    endloop
  endfacet
  facet normal 0.195133 0.980777 -0
    outer loop
      vertex -0.522104 -63.4658 0
      vertex -1.03528 -63.3637 3
      vertex -0.522104 -63.4658 3
    endloop
  endfacet
  facet normal 0.195133 0.980777 0
    outer loop
      vertex -1.03528 -63.3637 3
      vertex -0.522104 -63.4658 0
      vertex -1.03528 -63.3637 0
    endloop
  endfacet
  facet normal 0.831441 0.555613 0
    outer loop
      vertex -3.17341 -61.935 3
      vertex -3.4641 -61.5 0
      vertex -3.4641 -61.5 3
    endloop
  endfacet
  facet normal 0.831441 0.555613 0
    outer loop
      vertex -3.4641 -61.5 0
      vertex -3.17341 -61.935 3
      vertex -3.17341 -61.935 0
    endloop
  endfacet
endsolid OpenSCAD_Model
