solid OpenSCAD_Model
  facet normal 0 0 -1
    outer loop
      vertex -107 -17 80
      vertex -105.3 13 80
      vertex -105.3 -17 80
    endloop
  endfacet
  facet normal -0 0 -1
    outer loop
      vertex -105.3 13 80
      vertex -107 -17 80
      vertex -107 13 80
    endloop
  endfacet
  facet normal -1 0 0
    outer loop
      vertex -105.3 -17 64
      vertex -105.3 13 80
      vertex -105.3 13 64
    endloop
  endfacet
  facet normal -1 -0 0
    outer loop
      vertex -105.3 13 80
      vertex -105.3 -17 64
      vertex -105.3 -17 80
    endloop
  endfacet
  facet normal 0 -1 0
    outer loop
      vertex -107 13 64
      vertex -105.3 13 80
      vertex -107 13 80
    endloop
  endfacet
  facet normal 0 -1 -0
    outer loop
      vertex -105.3 13 80
      vertex -107 13 64
      vertex -105.3 13 64
    endloop
  endfacet
  facet normal -0 0 1
    outer loop
      vertex -107 13 64
      vertex -105.3 -17 64
      vertex -105.3 13 64
    endloop
  endfacet
  facet normal 0 0 1
    outer loop
      vertex -105.3 -17 64
      vertex -107 13 64
      vertex -107 -17 64
    endloop
  endfacet
  facet normal 0 1 -0
    outer loop
      vertex -105.3 -17 64
      vertex -107 -17 80
      vertex -105.3 -17 80
    endloop
  endfacet
  facet normal 0 1 0
    outer loop
      vertex -107 -17 80
      vertex -105.3 -17 64
      vertex -107 -17 64
    endloop
  endfacet
  facet normal 1 -0 0
    outer loop
      vertex 105.3 -17 80
      vertex 105.3 13 64
      vertex 105.3 13 80
    endloop
  endfacet
  facet normal 1 0 0
    outer loop
      vertex 105.3 13 64
      vertex 105.3 -17 80
      vertex 105.3 -17 64
    endloop
  endfacet
  facet normal 0 0 -1
    outer loop
      vertex 105.3 -17 80
      vertex 107 13 80
      vertex 107 -17 80
    endloop
  endfacet
  facet normal -0 0 -1
    outer loop
      vertex 107 13 80
      vertex 105.3 -17 80
      vertex 105.3 13 80
    endloop
  endfacet
  facet normal -0 0 1
    outer loop
      vertex 105.3 13 64
      vertex 107 -17 64
      vertex 107 13 64
    endloop
  endfacet
  facet normal 0 0 1
    outer loop
      vertex 107 -17 64
      vertex 105.3 13 64
      vertex 105.3 -17 64
    endloop
  endfacet
  facet normal 0 1 -0
    outer loop
      vertex 107 -17 64
      vertex 105.3 -17 80
      vertex 107 -17 80
    endloop
  endfacet
  facet normal 0 1 0
    outer loop
      vertex 105.3 -17 80
      vertex 107 -17 64
      vertex 105.3 -17 64
    endloop
  endfacet
  facet normal 0 -1 0
    outer loop
      vertex 105.3 13 64
      vertex 107 13 80
      vertex 105.3 13 80
    endloop
  endfacet
  facet normal 0 -1 -0
    outer loop
      vertex 107 13 80
      vertex 105.3 13 64
      vertex 107 13 64
    endloop
  endfacet
  facet normal 0.321264 -0.94699 0
    outer loop
      vertex 104.776 -27.3978 0
      vertex 105.148 -27.2716 150
      vertex 104.776 -27.3978 150
    endloop
  endfacet
  facet normal 0.321264 -0.94699 0
    outer loop
      vertex 105.148 -27.2716 150
      vertex 104.776 -27.3978 0
      vertex 105.148 -27.2716 0
    endloop
  endfacet
  facet normal 0.0654208 -0.997858 0
    outer loop
      vertex 104 -27.5 3
      vertex 104.392 -27.4743 150
      vertex 104 -27.5 150
    endloop
  endfacet
  facet normal 0.0654208 -0.997858 0
    outer loop
      vertex 104.392 -27.4743 0
      vertex 104 -27.5 3
      vertex 104 -27.5 0
    endloop
  endfacet
  facet normal 0.0654208 -0.997858 0
    outer loop
      vertex 104 -27.5 3
      vertex 104.392 -27.4743 0
      vertex 104.392 -27.4743 150
    endloop
  endfacet
  facet normal -0.195379 0.980728 0
    outer loop
      vertex -104.392 27.4743 0
      vertex -104.776 27.3978 150
      vertex -104.392 27.4743 150
    endloop
  endfacet
  facet normal -0.195379 0.980728 0
    outer loop
      vertex -104.776 27.3978 150
      vertex -104.392 27.4743 0
      vertex -104.776 27.3978 0
    endloop
  endfacet
  facet normal 0.195379 -0.980728 0
    outer loop
      vertex 104.392 -27.4743 0
      vertex 104.776 -27.3978 150
      vertex 104.392 -27.4743 150
    endloop
  endfacet
  facet normal 0.195379 -0.980728 0
    outer loop
      vertex 104.776 -27.3978 150
      vertex 104.392 -27.4743 0
      vertex 104.776 -27.3978 0
    endloop
  endfacet
  facet normal 0.321264 0.94699 -0
    outer loop
      vertex 105.148 27.2716 0
      vertex 104.776 27.3978 150
      vertex 105.148 27.2716 150
    endloop
  endfacet
  facet normal 0.321264 0.94699 0
    outer loop
      vertex 104.776 27.3978 150
      vertex 105.148 27.2716 0
      vertex 104.776 27.3978 0
    endloop
  endfacet
  facet normal -0.321264 -0.94699 0
    outer loop
      vertex -105.148 -27.2716 0
      vertex -104.776 -27.3978 150
      vertex -105.148 -27.2716 150
    endloop
  endfacet
  facet normal -0.321264 -0.94699 -0
    outer loop
      vertex -104.776 -27.3978 150
      vertex -105.148 -27.2716 0
      vertex -104.776 -27.3978 0
    endloop
  endfacet
  facet normal -0.997803 0.0662484 0
    outer loop
      vertex -107 24.5 0
      vertex -106.974 24.8916 150
      vertex -106.974 24.8916 0
    endloop
  endfacet
  facet normal -0.997803 0.0662484 0
    outer loop
      vertex -106.974 24.8916 150
      vertex -107 24.5 0
      vertex -107 24.5 150
    endloop
  endfacet
  facet normal -0 0 1
    outer loop
      vertex -104 27.5 150
      vertex 104 24.7 150
      vertex 104 27.5 150
    endloop
  endfacet
  facet normal 0 0 1
    outer loop
      vertex -104 27.5 150
      vertex -104 24.7 150
      vertex 104 24.7 150
    endloop
  endfacet
  facet normal -0 0 1
    outer loop
      vertex -104.392 27.4743 150
      vertex -104 24.7 150
      vertex -104 27.5 150
    endloop
  endfacet
  facet normal -0 0 1
    outer loop
      vertex -104.776 27.3978 150
      vertex -104 24.7 150
      vertex -104.392 27.4743 150
    endloop
  endfacet
  facet normal 0 0 1
    outer loop
      vertex -107 -24.5 150
      vertex -104 24.7 150
      vertex -107 24.5 150
    endloop
  endfacet
  facet normal -0 0 1
    outer loop
      vertex -105.148 27.2716 150
      vertex -104 24.7 150
      vertex -104.776 27.3978 150
    endloop
  endfacet
  facet normal 0 0 1
    outer loop
      vertex -104 24.7 150
      vertex -107 -24.5 150
      vertex -104 -27.5 150
    endloop
  endfacet
  facet normal -0 0 1
    outer loop
      vertex -105.5 27.0981 150
      vertex -104 24.7 150
      vertex -105.148 27.2716 150
    endloop
  endfacet
  facet normal 0 0 1
    outer loop
      vertex -104 -27.5 150
      vertex -107 -24.5 150
      vertex -104.392 -27.4743 150
    endloop
  endfacet
  facet normal -0 0 1
    outer loop
      vertex -105.826 26.8801 150
      vertex -104 24.7 150
      vertex -105.5 27.0981 150
    endloop
  endfacet
  facet normal 0 0 1
    outer loop
      vertex -104.392 -27.4743 150
      vertex -107 -24.5 150
      vertex -104.776 -27.3978 150
    endloop
  endfacet
  facet normal -0 0 1
    outer loop
      vertex -106.121 26.6213 150
      vertex -104 24.7 150
      vertex -105.826 26.8801 150
    endloop
  endfacet
  facet normal 0 0 1
    outer loop
      vertex -104.776 -27.3978 150
      vertex -107 -24.5 150
      vertex -105.148 -27.2716 150
    endloop
  endfacet
  facet normal -0 0 1
    outer loop
      vertex -106.38 26.3263 150
      vertex -104 24.7 150
      vertex -106.121 26.6213 150
    endloop
  endfacet
  facet normal 0 0 1
    outer loop
      vertex -105.148 -27.2716 150
      vertex -107 -24.5 150
      vertex -105.5 -27.0981 150
    endloop
  endfacet
  facet normal -0 0 1
    outer loop
      vertex -106.598 26 150
      vertex -104 24.7 150
      vertex -106.38 26.3263 150
    endloop
  endfacet
  facet normal 0 0 1
    outer loop
      vertex -105.5 -27.0981 150
      vertex -107 -24.5 150
      vertex -105.826 -26.8801 150
    endloop
  endfacet
  facet normal -0 0 1
    outer loop
      vertex -106.772 25.6481 150
      vertex -104 24.7 150
      vertex -106.598 26 150
    endloop
  endfacet
  facet normal 0 0 1
    outer loop
      vertex -105.826 -26.8801 150
      vertex -107 -24.5 150
      vertex -106.121 -26.6213 150
    endloop
  endfacet
  facet normal -0 0 1
    outer loop
      vertex -106.898 25.2765 150
      vertex -104 24.7 150
      vertex -106.772 25.6481 150
    endloop
  endfacet
  facet normal 0 0 1
    outer loop
      vertex -106.121 -26.6213 150
      vertex -107 -24.5 150
      vertex -106.38 -26.3263 150
    endloop
  endfacet
  facet normal -0 0 1
    outer loop
      vertex -106.974 24.8916 150
      vertex -104 24.7 150
      vertex -106.898 25.2765 150
    endloop
  endfacet
  facet normal 0 0 1
    outer loop
      vertex -106.38 -26.3263 150
      vertex -107 -24.5 150
      vertex -106.598 -26 150
    endloop
  endfacet
  facet normal 0 0 1
    outer loop
      vertex -104 24.7 150
      vertex -106.974 24.8916 150
      vertex -107 24.5 150
    endloop
  endfacet
  facet normal 0 0 1
    outer loop
      vertex -106.598 -26 150
      vertex -107 -24.5 150
      vertex -106.772 -25.6481 150
    endloop
  endfacet
  facet normal 0 0 1
    outer loop
      vertex -106.772 -25.6481 150
      vertex -107 -24.5 150
      vertex -106.898 -25.2765 150
    endloop
  endfacet
  facet normal 0 0 1
    outer loop
      vertex -106.898 -25.2765 150
      vertex -107 -24.5 150
      vertex -106.974 -24.8916 150
    endloop
  endfacet
  facet normal -0 0 1
    outer loop
      vertex 104 24.7 150
      vertex 107 24.5 150
      vertex 106.974 24.8916 150
    endloop
  endfacet
  facet normal 0 0 1
    outer loop
      vertex 107 24.5 150
      vertex 104 24.7 150
      vertex 107 -24.5 150
    endloop
  endfacet
  facet normal 0 0 1
    outer loop
      vertex 104 24.7 150
      vertex 106.974 24.8916 150
      vertex 106.898 25.2765 150
    endloop
  endfacet
  facet normal 0 0 1
    outer loop
      vertex 104 -27.5 150
      vertex 107 -24.5 150
      vertex 104 24.7 150
    endloop
  endfacet
  facet normal 0 0 1
    outer loop
      vertex 104 24.7 150
      vertex 106.898 25.2765 150
      vertex 106.772 25.6481 150
    endloop
  endfacet
  facet normal 0 0 1
    outer loop
      vertex 107 -24.5 150
      vertex 104 -27.5 150
      vertex 106.974 -24.8916 150
    endloop
  endfacet
  facet normal 0 0 1
    outer loop
      vertex 104 24.7 150
      vertex 106.772 25.6481 150
      vertex 106.598 26 150
    endloop
  endfacet
  facet normal 0 0 1
    outer loop
      vertex 106.974 -24.8916 150
      vertex 104 -27.5 150
      vertex 106.898 -25.2765 150
    endloop
  endfacet
  facet normal 0 0 1
    outer loop
      vertex 104 24.7 150
      vertex 106.598 26 150
      vertex 106.38 26.3263 150
    endloop
  endfacet
  facet normal 0 0 1
    outer loop
      vertex 106.898 -25.2765 150
      vertex 104 -27.5 150
      vertex 106.772 -25.6481 150
    endloop
  endfacet
  facet normal 0 0 1
    outer loop
      vertex 104 24.7 150
      vertex 106.38 26.3263 150
      vertex 106.121 26.6213 150
    endloop
  endfacet
  facet normal 0 0 1
    outer loop
      vertex 106.772 -25.6481 150
      vertex 104 -27.5 150
      vertex 106.598 -26 150
    endloop
  endfacet
  facet normal 0 0 1
    outer loop
      vertex 104 24.7 150
      vertex 106.121 26.6213 150
      vertex 105.826 26.8801 150
    endloop
  endfacet
  facet normal 0 0 1
    outer loop
      vertex 106.598 -26 150
      vertex 104 -27.5 150
      vertex 106.38 -26.3263 150
    endloop
  endfacet
  facet normal 0 0 1
    outer loop
      vertex 104 24.7 150
      vertex 105.826 26.8801 150
      vertex 105.5 27.0981 150
    endloop
  endfacet
  facet normal 0 0 1
    outer loop
      vertex 106.38 -26.3263 150
      vertex 104 -27.5 150
      vertex 106.121 -26.6213 150
    endloop
  endfacet
  facet normal 0 0 1
    outer loop
      vertex 104 24.7 150
      vertex 105.5 27.0981 150
      vertex 105.148 27.2716 150
    endloop
  endfacet
  facet normal 0 0 1
    outer loop
      vertex 106.121 -26.6213 150
      vertex 104 -27.5 150
      vertex 105.826 -26.8801 150
    endloop
  endfacet
  facet normal 0 0 1
    outer loop
      vertex 104 24.7 150
      vertex 105.148 27.2716 150
      vertex 104.776 27.3978 150
    endloop
  endfacet
  facet normal 0 0 1
    outer loop
      vertex 105.826 -26.8801 150
      vertex 104 -27.5 150
      vertex 105.5 -27.0981 150
    endloop
  endfacet
  facet normal 0 0 1
    outer loop
      vertex 104 24.7 150
      vertex 104.776 27.3978 150
      vertex 104.392 27.4743 150
    endloop
  endfacet
  facet normal 0 0 1
    outer loop
      vertex 105.5 -27.0981 150
      vertex 104 -27.5 150
      vertex 105.148 -27.2716 150
    endloop
  endfacet
  facet normal 0 0 1
    outer loop
      vertex 104 24.7 150
      vertex 104.392 27.4743 150
      vertex 104 27.5 150
    endloop
  endfacet
  facet normal 0 0 1
    outer loop
      vertex 105.148 -27.2716 150
      vertex 104 -27.5 150
      vertex 104.776 -27.3978 150
    endloop
  endfacet
  facet normal 0 0 1
    outer loop
      vertex 104.776 -27.3978 150
      vertex 104 -27.5 150
      vertex 104.392 -27.4743 150
    endloop
  endfacet
  facet normal -1 0 0
    outer loop
      vertex -107 13 80
      vertex -107 24.5 0
      vertex -107 13 64
    endloop
  endfacet
  facet normal -1 0 0
    outer loop
      vertex -107 -24.5 0
      vertex -107 13 64
      vertex -107 24.5 0
    endloop
  endfacet
  facet normal -1 -0 0
    outer loop
      vertex -107 -17 64
      vertex -107 -24.5 0
      vertex -107 -17 80
    endloop
  endfacet
  facet normal -1 -0 0
    outer loop
      vertex -107 13 64
      vertex -107 -24.5 0
      vertex -107 -17 64
    endloop
  endfacet
  facet normal -1 0 0
    outer loop
      vertex -107 24.5 0
      vertex -107 13 80
      vertex -107 24.5 150
    endloop
  endfacet
  facet normal -1 0 0
    outer loop
      vertex -107 -24.5 150
      vertex -107 13 80
      vertex -107 -17 80
    endloop
  endfacet
  facet normal -1 0 0
    outer loop
      vertex -107 13 80
      vertex -107 -24.5 150
      vertex -107 24.5 150
    endloop
  endfacet
  facet normal -1 0 0
    outer loop
      vertex -107 -24.5 150
      vertex -107 -17 80
      vertex -107 -24.5 0
    endloop
  endfacet
  facet normal -0.195379 -0.980728 0
    outer loop
      vertex -104.776 -27.3978 0
      vertex -104.392 -27.4743 150
      vertex -104.776 -27.3978 150
    endloop
  endfacet
  facet normal -0.195379 -0.980728 -0
    outer loop
      vertex -104.392 -27.4743 150
      vertex -104.776 -27.3978 0
      vertex -104.392 -27.4743 0
    endloop
  endfacet
  facet normal 0 -1 0
    outer loop
      vertex -104 -27.5 0
      vertex 104 -27.5 3
      vertex -104 -27.5 3
    endloop
  endfacet
  facet normal 0 -1 -0
    outer loop
      vertex 104 -27.5 3
      vertex -104 -27.5 0
      vertex 104 -27.5 0
    endloop
  endfacet
  facet normal 0.0654208 0.997858 -0
    outer loop
      vertex 104.392 27.4743 0
      vertex 104 27.5 150
      vertex 104.392 27.4743 150
    endloop
  endfacet
  facet normal 0.0654208 0.997858 0
    outer loop
      vertex 104 27.5 150
      vertex 104.392 27.4743 0
      vertex 104 27.5 0
    endloop
  endfacet
  facet normal 0.195379 0.980728 -0
    outer loop
      vertex 104.776 27.3978 0
      vertex 104.392 27.4743 150
      vertex 104.776 27.3978 150
    endloop
  endfacet
  facet normal 0.195379 0.980728 0
    outer loop
      vertex 104.392 27.4743 150
      vertex 104.776 27.3978 0
      vertex 104.392 27.4743 0
    endloop
  endfacet
  facet normal 0 1 0
    outer loop
      vertex -90 27.5 18.7
      vertex -90 27.5 23
      vertex -89.2168 27.5 22.9487
    endloop
  endfacet
  facet normal 0 1 0
    outer loop
      vertex -89.7781 27.5 18.6855
      vertex -89.2168 27.5 22.9487
      vertex -88.4471 27.5 22.7956
    endloop
  endfacet
  facet normal 0 1 0
    outer loop
      vertex -90 27.5 23
      vertex -90 27.5 18.7
      vertex -90.7832 27.5 22.9487
    endloop
  endfacet
  facet normal 0 1 0
    outer loop
      vertex -89.7781 27.5 18.6855
      vertex -88.4471 27.5 22.7956
      vertex -87.7039 27.5 22.5433
    endloop
  endfacet
  facet normal 0 1 -0
    outer loop
      vertex -90.2219 27.5 18.6855
      vertex -90.7832 27.5 22.9487
      vertex -90 27.5 18.7
    endloop
  endfacet
  facet normal 0 1 0
    outer loop
      vertex -89.7781 27.5 18.6855
      vertex -87.7039 27.5 22.5433
      vertex -87 27.5 22.1962
    endloop
  endfacet
  facet normal 0 1 0
    outer loop
      vertex -90.7832 27.5 22.9487
      vertex -90.2219 27.5 18.6855
      vertex -91.5529 27.5 22.7956
    endloop
  endfacet
  facet normal 0 1 0
    outer loop
      vertex -89.7781 27.5 18.6855
      vertex -87 27.5 22.1962
      vertex -86.3474 27.5 21.7601
    endloop
  endfacet
  facet normal 0 1 -0
    outer loop
      vertex -89.2168 27.5 127.051
      vertex -89.7781 27.5 131.315
      vertex -88.4471 27.5 127.204
    endloop
  endfacet
  facet normal 0 1 0
    outer loop
      vertex -90 27.5 131.3
      vertex -92.2961 27.5 127.457
      vertex -93 27.5 127.804
    endloop
  endfacet
  facet normal 0 1 0
    outer loop
      vertex -89.7781 27.5 131.315
      vertex -89.2168 27.5 127.051
      vertex -90 27.5 131.3
    endloop
  endfacet
  facet normal 0 1 0
    outer loop
      vertex -90 27.5 131.3
      vertex -91.5529 27.5 127.204
      vertex -92.2961 27.5 127.457
    endloop
  endfacet
  facet normal 0 1 0
    outer loop
      vertex -90 27.5 127
      vertex -90 27.5 131.3
      vertex -89.2168 27.5 127.051
    endloop
  endfacet
  facet normal 0 1 0
    outer loop
      vertex -90 27.5 131.3
      vertex -90.7832 27.5 127.051
      vertex -91.5529 27.5 127.204
    endloop
  endfacet
  facet normal 0 1 0
    outer loop
      vertex -90 27.5 131.3
      vertex -90 27.5 127
      vertex -90.7832 27.5 127.051
    endloop
  endfacet
  facet normal 0 1 0
    outer loop
      vertex 90 27.5 131.3
      vertex 87 27.5 127.804
      vertex 86.3474 27.5 128.24
    endloop
  endfacet
  facet normal 0 1 -0
    outer loop
      vertex 90.7832 27.5 127.051
      vertex 90.2219 27.5 131.315
      vertex 91.5529 27.5 127.204
    endloop
  endfacet
  facet normal 0 1 0
    outer loop
      vertex 90 27.5 131.3
      vertex 87.7039 27.5 127.457
      vertex 87 27.5 127.804
    endloop
  endfacet
  facet normal 0 1 0
    outer loop
      vertex 90.2219 27.5 131.315
      vertex 90.7832 27.5 127.051
      vertex 90 27.5 131.3
    endloop
  endfacet
  facet normal 0 1 0
    outer loop
      vertex 90 27.5 131.3
      vertex 88.4471 27.5 127.204
      vertex 87.7039 27.5 127.457
    endloop
  endfacet
  facet normal 0 1 0
    outer loop
      vertex 90 27.5 127
      vertex 90 27.5 131.3
      vertex 90.7832 27.5 127.051
    endloop
  endfacet
  facet normal 0 1 0
    outer loop
      vertex 90 27.5 131.3
      vertex 89.2168 27.5 127.051
      vertex 88.4471 27.5 127.204
    endloop
  endfacet
  facet normal 0 1 0
    outer loop
      vertex 90 27.5 131.3
      vertex 90 27.5 127
      vertex 89.2168 27.5 127.051
    endloop
  endfacet
  facet normal 0 1 0
    outer loop
      vertex 90 27.5 18.7
      vertex 90 27.5 23
      vertex 90.7832 27.5 22.9487
    endloop
  endfacet
  facet normal 0 1 0
    outer loop
      vertex 90.2219 27.5 18.6855
      vertex 90.7832 27.5 22.9487
      vertex 91.5529 27.5 22.7956
    endloop
  endfacet
  facet normal 0 1 0
    outer loop
      vertex 90 27.5 23
      vertex 90 27.5 18.7
      vertex 89.2168 27.5 22.9487
    endloop
  endfacet
  facet normal 0 1 0
    outer loop
      vertex 90.44 27.5 18.6421
      vertex 91.5529 27.5 22.7956
      vertex 92.2961 27.5 22.5433
    endloop
  endfacet
  facet normal 0 1 -0
    outer loop
      vertex 89.7781 27.5 18.6855
      vertex 89.2168 27.5 22.9487
      vertex 90 27.5 18.7
    endloop
  endfacet
  facet normal 0 1 0
    outer loop
      vertex 90.6506 27.5 18.5706
      vertex 92.2961 27.5 22.5433
      vertex 93 27.5 22.1962
    endloop
  endfacet
  facet normal 0 1 0
    outer loop
      vertex 89.2168 27.5 22.9487
      vertex 89.7781 27.5 18.6855
      vertex 88.4471 27.5 22.7956
    endloop
  endfacet
  facet normal 0 1 0
    outer loop
      vertex -89.2168 27.5 22.9487
      vertex -89.7781 27.5 18.6855
      vertex -90 27.5 18.7
    endloop
  endfacet
  facet normal 0 1 0
    outer loop
      vertex -84.8038 27.5 20
      vertex -89.56 27.5 18.6421
      vertex -89.7781 27.5 18.6855
    endloop
  endfacet
  facet normal 0 1 0
    outer loop
      vertex -84.8038 27.5 20
      vertex -89.3494 27.5 18.5706
      vertex -89.56 27.5 18.6421
    endloop
  endfacet
  facet normal 0 1 0
    outer loop
      vertex -88.4294 27.5 17.6506
      vertex -84.4567 27.5 19.2961
      vertex -84.2044 27.5 18.5529
    endloop
  endfacet
  facet normal 0 1 0
    outer loop
      vertex -84.8038 27.5 20
      vertex -89.15 27.5 18.4722
      vertex -89.3494 27.5 18.5706
    endloop
  endfacet
  facet normal 0 1 0
    outer loop
      vertex -84.8038 27.5 20
      vertex -88.9651 27.5 18.3487
      vertex -89.15 27.5 18.4722
    endloop
  endfacet
  facet normal 0 1 0
    outer loop
      vertex -84.8038 27.5 20
      vertex -88.7979 27.5 18.2021
      vertex -88.9651 27.5 18.3487
    endloop
  endfacet
  facet normal 0 1 0
    outer loop
      vertex -84.8038 27.5 20
      vertex -88.6513 27.5 18.0349
      vertex -88.7979 27.5 18.2021
    endloop
  endfacet
  facet normal 0 1 0
    outer loop
      vertex -84.8038 27.5 20
      vertex -88.5278 27.5 17.85
      vertex -88.6513 27.5 18.0349
    endloop
  endfacet
  facet normal 0 1 0
    outer loop
      vertex -88.3579 27.5 17.44
      vertex -84.2044 27.5 18.5529
      vertex -84.0513 27.5 17.7832
    endloop
  endfacet
  facet normal 0 1 0
    outer loop
      vertex -84.4567 27.5 19.2961
      vertex -88.4294 27.5 17.6506
      vertex -88.5278 27.5 17.85
    endloop
  endfacet
  facet normal 0 1 0
    outer loop
      vertex -84.2044 27.5 18.5529
      vertex -88.3579 27.5 17.44
      vertex -88.4294 27.5 17.6506
    endloop
  endfacet
  facet normal 0 1 0
    outer loop
      vertex -84.0513 27.5 17.7832
      vertex -88.3145 27.5 17.2219
      vertex -88.3579 27.5 17.44
    endloop
  endfacet
  facet normal 0 1 0
    outer loop
      vertex -84 27.5 17
      vertex -88.3145 27.5 17.2219
      vertex -84.0513 27.5 17.7832
    endloop
  endfacet
  facet normal 0 1 0
    outer loop
      vertex -84 27.5 17
      vertex -88.3 27.5 17
      vertex -88.3145 27.5 17.2219
    endloop
  endfacet
  facet normal 0 1 0
    outer loop
      vertex -84 27.5 17
      vertex -88.3145 27.5 16.7781
      vertex -88.3 27.5 17
    endloop
  endfacet
  facet normal 0 1 -0
    outer loop
      vertex -84.0513 27.5 16.2168
      vertex -88.3145 27.5 16.7781
      vertex -84 27.5 17
    endloop
  endfacet
  facet normal 0 1 0
    outer loop
      vertex -88.3145 27.5 16.7781
      vertex -84.0513 27.5 16.2168
      vertex -88.3579 27.5 16.56
    endloop
  endfacet
  facet normal 0 1 -0
    outer loop
      vertex -84.2044 27.5 15.4471
      vertex -88.3579 27.5 16.56
      vertex -84.0513 27.5 16.2168
    endloop
  endfacet
  facet normal 0 1 0
    outer loop
      vertex -88.3579 27.5 16.56
      vertex -84.2044 27.5 15.4471
      vertex -88.4294 27.5 16.3494
    endloop
  endfacet
  facet normal 0 1 -0
    outer loop
      vertex -84.4567 27.5 14.7039
      vertex -88.4294 27.5 16.3494
      vertex -84.2044 27.5 15.4471
    endloop
  endfacet
  facet normal 0 1 0
    outer loop
      vertex -88.4294 27.5 16.3494
      vertex -84.4567 27.5 14.7039
      vertex -88.5278 27.5 16.15
    endloop
  endfacet
  facet normal 0 1 -0
    outer loop
      vertex -84.8038 27.5 14
      vertex -88.5278 27.5 16.15
      vertex -84.4567 27.5 14.7039
    endloop
  endfacet
  facet normal 0 1 0
    outer loop
      vertex -88.5278 27.5 16.15
      vertex -84.8038 27.5 14
      vertex -88.6513 27.5 15.9651
    endloop
  endfacet
  facet normal 0 1 0
    outer loop
      vertex -88.6513 27.5 15.9651
      vertex -84.8038 27.5 14
      vertex -88.7979 27.5 15.7979
    endloop
  endfacet
  facet normal 0 1 0
    outer loop
      vertex -88.7979 27.5 15.7979
      vertex -84.8038 27.5 14
      vertex -88.9651 27.5 15.6513
    endloop
  endfacet
  facet normal 0 1 0
    outer loop
      vertex -88.9651 27.5 15.6513
      vertex -84.8038 27.5 14
      vertex -89.15 27.5 15.5278
    endloop
  endfacet
  facet normal 0 1 0
    outer loop
      vertex -89.15 27.5 15.5278
      vertex -84.8038 27.5 14
      vertex -89.3494 27.5 15.4294
    endloop
  endfacet
  facet normal 0 1 0
    outer loop
      vertex -89.3494 27.5 15.4294
      vertex -84.8038 27.5 14
      vertex -89.56 27.5 15.3579
    endloop
  endfacet
  facet normal 0 1 0
    outer loop
      vertex -89.56 27.5 15.3579
      vertex -84.8038 27.5 14
      vertex -89.7781 27.5 15.3145
    endloop
  endfacet
  facet normal 0 1 -0
    outer loop
      vertex 88.9651 27.5 18.3487
      vertex 86.3474 27.5 21.7601
      vertex 89.15 27.5 18.4722
    endloop
  endfacet
  facet normal 0 1 0
    outer loop
      vertex 86.3474 27.5 21.7601
      vertex 88.9651 27.5 18.3487
      vertex 85.7574 27.5 21.2426
    endloop
  endfacet
  facet normal 0 1 -0
    outer loop
      vertex 88.7979 27.5 18.2021
      vertex 85.7574 27.5 21.2426
      vertex 88.9651 27.5 18.3487
    endloop
  endfacet
  facet normal 0 1 0
    outer loop
      vertex 85.7574 27.5 21.2426
      vertex 88.7979 27.5 18.2021
      vertex 85.2399 27.5 20.6526
    endloop
  endfacet
  facet normal 0 1 -0
    outer loop
      vertex 88.6513 27.5 18.0349
      vertex 85.2399 27.5 20.6526
      vertex 88.7979 27.5 18.2021
    endloop
  endfacet
  facet normal 0 1 0
    outer loop
      vertex 85.2399 27.5 20.6526
      vertex 88.6513 27.5 18.0349
      vertex 84.8038 27.5 20
    endloop
  endfacet
  facet normal 0 1 -0
    outer loop
      vertex 88.5278 27.5 17.85
      vertex 84.8038 27.5 20
      vertex 88.6513 27.5 18.0349
    endloop
  endfacet
  facet normal 0 1 0
    outer loop
      vertex 84.8038 27.5 20
      vertex 88.5278 27.5 17.85
      vertex 84.4567 27.5 19.2961
    endloop
  endfacet
  facet normal 0 1 -0
    outer loop
      vertex 88.4294 27.5 17.6506
      vertex 84.4567 27.5 19.2961
      vertex 88.5278 27.5 17.85
    endloop
  endfacet
  facet normal 0 1 0
    outer loop
      vertex 84.4567 27.5 19.2961
      vertex 88.4294 27.5 17.6506
      vertex 84.2044 27.5 18.5529
    endloop
  endfacet
  facet normal 0 1 -0
    outer loop
      vertex 88.3579 27.5 17.44
      vertex 84.2044 27.5 18.5529
      vertex 88.4294 27.5 17.6506
    endloop
  endfacet
  facet normal 0 1 0
    outer loop
      vertex 84.2044 27.5 18.5529
      vertex 88.3579 27.5 17.44
      vertex 84.0513 27.5 17.7832
    endloop
  endfacet
  facet normal 0 1 -0
    outer loop
      vertex 88.3145 27.5 17.2219
      vertex 84.0513 27.5 17.7832
      vertex 88.3579 27.5 17.44
    endloop
  endfacet
  facet normal 0 1 -0
    outer loop
      vertex 88.3 27.5 17
      vertex 84.0513 27.5 17.7832
      vertex 88.3145 27.5 17.2219
    endloop
  endfacet
  facet normal 0 1 0
    outer loop
      vertex 88.3 27.5 17
      vertex 84 27.5 17
      vertex 84.0513 27.5 17.7832
    endloop
  endfacet
  facet normal 0 1 0
    outer loop
      vertex 88.3145 27.5 16.7781
      vertex 84 27.5 17
      vertex 88.3 27.5 17
    endloop
  endfacet
  facet normal 0 1 0
    outer loop
      vertex 84.0513 27.5 16.2168
      vertex 88.3145 27.5 16.7781
      vertex 88.3579 27.5 16.56
    endloop
  endfacet
  facet normal 0 1 0
    outer loop
      vertex 84.2044 27.5 15.4471
      vertex 88.3579 27.5 16.56
      vertex 88.4294 27.5 16.3494
    endloop
  endfacet
  facet normal 0 1 0
    outer loop
      vertex 88.3145 27.5 16.7781
      vertex 84.0513 27.5 16.2168
      vertex 84 27.5 17
    endloop
  endfacet
  facet normal 0 1 0
    outer loop
      vertex 84.4567 27.5 14.7039
      vertex 88.4294 27.5 16.3494
      vertex 88.5278 27.5 16.15
    endloop
  endfacet
  facet normal 0 1 0
    outer loop
      vertex 84.8038 27.5 14
      vertex 88.5278 27.5 16.15
      vertex 88.6513 27.5 15.9651
    endloop
  endfacet
  facet normal 0 1 0
    outer loop
      vertex 84.8038 27.5 14
      vertex 88.6513 27.5 15.9651
      vertex 88.7979 27.5 15.7979
    endloop
  endfacet
  facet normal 0 1 0
    outer loop
      vertex 84.8038 27.5 14
      vertex 88.7979 27.5 15.7979
      vertex 88.9651 27.5 15.6513
    endloop
  endfacet
  facet normal 0 1 0
    outer loop
      vertex 84.8038 27.5 14
      vertex 88.9651 27.5 15.6513
      vertex 89.15 27.5 15.5278
    endloop
  endfacet
  facet normal 0 1 0
    outer loop
      vertex 88.3579 27.5 16.56
      vertex 84.2044 27.5 15.4471
      vertex 84.0513 27.5 16.2168
    endloop
  endfacet
  facet normal 0 1 0
    outer loop
      vertex 84.8038 27.5 14
      vertex 89.15 27.5 15.5278
      vertex 89.3494 27.5 15.4294
    endloop
  endfacet
  facet normal 0 1 0
    outer loop
      vertex 84.8038 27.5 14
      vertex 89.3494 27.5 15.4294
      vertex 89.56 27.5 15.3579
    endloop
  endfacet
  facet normal 0 1 0
    outer loop
      vertex 84.8038 27.5 14
      vertex 89.56 27.5 15.3579
      vertex 89.7781 27.5 15.3145
    endloop
  endfacet
  facet normal 0 1 0
    outer loop
      vertex 84.8038 27.5 14
      vertex 89.7781 27.5 15.3145
      vertex 90 27.5 15.3
    endloop
  endfacet
  facet normal 0 1 0
    outer loop
      vertex 88.4294 27.5 16.3494
      vertex 84.4567 27.5 14.7039
      vertex 84.2044 27.5 15.4471
    endloop
  endfacet
  facet normal 0 1 0
    outer loop
      vertex -84.8038 27.5 136
      vertex -89.7781 27.5 134.685
      vertex -90 27.5 134.7
    endloop
  endfacet
  facet normal 0 1 0
    outer loop
      vertex -84.8038 27.5 136
      vertex -89.56 27.5 134.642
      vertex -89.7781 27.5 134.685
    endloop
  endfacet
  facet normal 0 1 0
    outer loop
      vertex -84.8038 27.5 136
      vertex -89.3494 27.5 134.571
      vertex -89.56 27.5 134.642
    endloop
  endfacet
  facet normal 0 1 0
    outer loop
      vertex -88.4294 27.5 133.651
      vertex -84.4567 27.5 135.296
      vertex -84.2044 27.5 134.553
    endloop
  endfacet
  facet normal 0 1 0
    outer loop
      vertex -84.8038 27.5 136
      vertex -89.15 27.5 134.472
      vertex -89.3494 27.5 134.571
    endloop
  endfacet
  facet normal 0 1 0
    outer loop
      vertex -84.8038 27.5 136
      vertex -88.9651 27.5 134.349
      vertex -89.15 27.5 134.472
    endloop
  endfacet
  facet normal 0 1 0
    outer loop
      vertex -84.8038 27.5 136
      vertex -88.7979 27.5 134.202
      vertex -88.9651 27.5 134.349
    endloop
  endfacet
  facet normal 0 1 0
    outer loop
      vertex -84.8038 27.5 136
      vertex -88.6513 27.5 134.035
      vertex -88.7979 27.5 134.202
    endloop
  endfacet
  facet normal 0 1 0
    outer loop
      vertex -84.8038 27.5 136
      vertex -88.5278 27.5 133.85
      vertex -88.6513 27.5 134.035
    endloop
  endfacet
  facet normal 0 1 0
    outer loop
      vertex -88.3579 27.5 133.44
      vertex -84.2044 27.5 134.553
      vertex -84.0513 27.5 133.783
    endloop
  endfacet
  facet normal 0 1 0
    outer loop
      vertex -84.4567 27.5 135.296
      vertex -88.4294 27.5 133.651
      vertex -88.5278 27.5 133.85
    endloop
  endfacet
  facet normal 0 1 0
    outer loop
      vertex -84.2044 27.5 134.553
      vertex -88.3579 27.5 133.44
      vertex -88.4294 27.5 133.651
    endloop
  endfacet
  facet normal 0 1 0
    outer loop
      vertex -84.0513 27.5 133.783
      vertex -88.3145 27.5 133.222
      vertex -88.3579 27.5 133.44
    endloop
  endfacet
  facet normal 0 1 0
    outer loop
      vertex -84 27.5 133
      vertex -88.3145 27.5 133.222
      vertex -84.0513 27.5 133.783
    endloop
  endfacet
  facet normal 0 1 0
    outer loop
      vertex -84 27.5 133
      vertex -88.3 27.5 133
      vertex -88.3145 27.5 133.222
    endloop
  endfacet
  facet normal 0 1 0
    outer loop
      vertex -84 27.5 133
      vertex -88.3145 27.5 132.778
      vertex -88.3 27.5 133
    endloop
  endfacet
  facet normal 0 1 -0
    outer loop
      vertex -84.0513 27.5 132.217
      vertex -88.3145 27.5 132.778
      vertex -84 27.5 133
    endloop
  endfacet
  facet normal 0 1 0
    outer loop
      vertex -88.3145 27.5 132.778
      vertex -84.0513 27.5 132.217
      vertex -88.3579 27.5 132.56
    endloop
  endfacet
  facet normal 0 1 -0
    outer loop
      vertex -84.2044 27.5 131.447
      vertex -88.3579 27.5 132.56
      vertex -84.0513 27.5 132.217
    endloop
  endfacet
  facet normal 0 1 0
    outer loop
      vertex -88.3579 27.5 132.56
      vertex -84.2044 27.5 131.447
      vertex -88.4294 27.5 132.349
    endloop
  endfacet
  facet normal 0 1 -0
    outer loop
      vertex -84.4567 27.5 130.704
      vertex -88.4294 27.5 132.349
      vertex -84.2044 27.5 131.447
    endloop
  endfacet
  facet normal 0 1 0
    outer loop
      vertex -88.4294 27.5 132.349
      vertex -84.4567 27.5 130.704
      vertex -88.5278 27.5 132.15
    endloop
  endfacet
  facet normal 0 1 -0
    outer loop
      vertex -84.8038 27.5 130
      vertex -88.5278 27.5 132.15
      vertex -84.4567 27.5 130.704
    endloop
  endfacet
  facet normal 0 1 0
    outer loop
      vertex -88.5278 27.5 132.15
      vertex -84.8038 27.5 130
      vertex -88.6513 27.5 131.965
    endloop
  endfacet
  facet normal 0 1 -0
    outer loop
      vertex -85.2399 27.5 129.347
      vertex -88.6513 27.5 131.965
      vertex -84.8038 27.5 130
    endloop
  endfacet
  facet normal 0 1 0
    outer loop
      vertex -88.6513 27.5 131.965
      vertex -85.2399 27.5 129.347
      vertex -88.7979 27.5 131.798
    endloop
  endfacet
  facet normal 0 1 -0
    outer loop
      vertex -85.7574 27.5 128.757
      vertex -88.7979 27.5 131.798
      vertex -85.2399 27.5 129.347
    endloop
  endfacet
  facet normal 0 1 0
    outer loop
      vertex -88.7979 27.5 131.798
      vertex -85.7574 27.5 128.757
      vertex -88.9651 27.5 131.651
    endloop
  endfacet
  facet normal 0 1 -0
    outer loop
      vertex -86.3474 27.5 128.24
      vertex -88.9651 27.5 131.651
      vertex -85.7574 27.5 128.757
    endloop
  endfacet
  facet normal 0 1 0
    outer loop
      vertex -88.9651 27.5 131.651
      vertex -86.3474 27.5 128.24
      vertex -89.15 27.5 131.528
    endloop
  endfacet
  facet normal 0 1 0
    outer loop
      vertex 104 27.5 150
      vertex 84.8038 27.5 136
      vertex -104 27.5 150
    endloop
  endfacet
  facet normal 0 1 -0
    outer loop
      vertex 90 27.5 134.7
      vertex 84.8038 27.5 136
      vertex 104 27.5 150
    endloop
  endfacet
  facet normal 0 1 -0
    outer loop
      vertex 89.7781 27.5 134.685
      vertex 84.8038 27.5 136
      vertex 90 27.5 134.7
    endloop
  endfacet
  facet normal 0 1 0
    outer loop
      vertex 104 27.5 150
      vertex 90.2219 27.5 134.685
      vertex 90 27.5 134.7
    endloop
  endfacet
  facet normal 0 1 0
    outer loop
      vertex 104 27.5 150
      vertex 90.44 27.5 134.642
      vertex 90.2219 27.5 134.685
    endloop
  endfacet
  facet normal 0 1 0
    outer loop
      vertex 104 27.5 150
      vertex 90.6506 27.5 134.571
      vertex 90.44 27.5 134.642
    endloop
  endfacet
  facet normal 0 1 0
    outer loop
      vertex 104 27.5 150
      vertex 90.85 27.5 134.472
      vertex 90.6506 27.5 134.571
    endloop
  endfacet
  facet normal 0 1 0
    outer loop
      vertex 104 27.5 150
      vertex 91.0349 27.5 134.349
      vertex 90.85 27.5 134.472
    endloop
  endfacet
  facet normal 0 1 0
    outer loop
      vertex 104 27.5 150
      vertex 91.2021 27.5 134.202
      vertex 91.0349 27.5 134.349
    endloop
  endfacet
  facet normal 0 1 0
    outer loop
      vertex 104 27.5 150
      vertex 91.3487 27.5 134.035
      vertex 91.2021 27.5 134.202
    endloop
  endfacet
  facet normal 0 1 0
    outer loop
      vertex 104 27.5 150
      vertex 91.4722 27.5 133.85
      vertex 91.3487 27.5 134.035
    endloop
  endfacet
  facet normal 0 1 0
    outer loop
      vertex 104 27.5 150
      vertex 91.5706 27.5 133.651
      vertex 91.4722 27.5 133.85
    endloop
  endfacet
  facet normal 0 1 0
    outer loop
      vertex 104 27.5 150
      vertex 91.6421 27.5 133.44
      vertex 91.5706 27.5 133.651
    endloop
  endfacet
  facet normal 0 1 0
    outer loop
      vertex 104 27.5 150
      vertex 91.6855 27.5 133.222
      vertex 91.6421 27.5 133.44
    endloop
  endfacet
  facet normal 0 1 0
    outer loop
      vertex 104 27.5 150
      vertex 91.7 27.5 133
      vertex 91.6855 27.5 133.222
    endloop
  endfacet
  facet normal 0 1 -0
    outer loop
      vertex 93 27.5 127.804
      vertex 91.7 27.5 133
      vertex 104 27.5 150
    endloop
  endfacet
  facet normal 0 1 0
    outer loop
      vertex 91.7 27.5 133
      vertex 93 27.5 127.804
      vertex 91.6855 27.5 132.778
    endloop
  endfacet
  facet normal 0 1 0
    outer loop
      vertex 91.6855 27.5 132.778
      vertex 93 27.5 127.804
      vertex 91.6421 27.5 132.56
    endloop
  endfacet
  facet normal 0 1 0
    outer loop
      vertex 91.6421 27.5 132.56
      vertex 93 27.5 127.804
      vertex 91.5706 27.5 132.349
    endloop
  endfacet
  facet normal 0 1 0
    outer loop
      vertex 91.5706 27.5 132.349
      vertex 93 27.5 127.804
      vertex 91.4722 27.5 132.15
    endloop
  endfacet
  facet normal 0 1 -0
    outer loop
      vertex 91.5529 27.5 127.204
      vertex 90.44 27.5 131.358
      vertex 92.2961 27.5 127.457
    endloop
  endfacet
  facet normal 0 1 0
    outer loop
      vertex 90 27.5 131.3
      vertex 84.8038 27.5 130
      vertex 84.4567 27.5 130.704
    endloop
  endfacet
  facet normal 0 1 0
    outer loop
      vertex 90.6506 27.5 131.429
      vertex 92.2961 27.5 127.457
      vertex 90.44 27.5 131.358
    endloop
  endfacet
  facet normal 0 1 0
    outer loop
      vertex 90 27.5 131.3
      vertex 85.2399 27.5 129.347
      vertex 84.8038 27.5 130
    endloop
  endfacet
  facet normal 0 1 -0
    outer loop
      vertex 92.2961 27.5 127.457
      vertex 90.6506 27.5 131.429
      vertex 93 27.5 127.804
    endloop
  endfacet
  facet normal 0 1 0
    outer loop
      vertex 90 27.5 131.3
      vertex 85.7574 27.5 128.757
      vertex 85.2399 27.5 129.347
    endloop
  endfacet
  facet normal 0 1 0
    outer loop
      vertex 93 27.5 127.804
      vertex 90.6506 27.5 131.429
      vertex 90.85 27.5 131.528
    endloop
  endfacet
  facet normal 0 1 0
    outer loop
      vertex 90 27.5 131.3
      vertex 86.3474 27.5 128.24
      vertex 85.7574 27.5 128.757
    endloop
  endfacet
  facet normal 0 1 0
    outer loop
      vertex 93 27.5 127.804
      vertex 90.85 27.5 131.528
      vertex 91.0349 27.5 131.651
    endloop
  endfacet
  facet normal 0 1 0
    outer loop
      vertex 90.44 27.5 131.358
      vertex 91.5529 27.5 127.204
      vertex 90.2219 27.5 131.315
    endloop
  endfacet
  facet normal 0 1 0
    outer loop
      vertex 91.2021 27.5 131.798
      vertex 93 27.5 127.804
      vertex 91.0349 27.5 131.651
    endloop
  endfacet
  facet normal 0 1 0
    outer loop
      vertex 91.3487 27.5 131.965
      vertex 93 27.5 127.804
      vertex 91.2021 27.5 131.798
    endloop
  endfacet
  facet normal 0 1 0
    outer loop
      vertex 91.4722 27.5 132.15
      vertex 93 27.5 127.804
      vertex 91.3487 27.5 131.965
    endloop
  endfacet
  facet normal 0 1 0
    outer loop
      vertex 104 27.5 150
      vertex 93 27.5 22.1962
      vertex 93 27.5 127.804
    endloop
  endfacet
  facet normal 0 1 -0
    outer loop
      vertex 89.56 27.5 18.6421
      vertex 88.4471 27.5 22.7956
      vertex 89.7781 27.5 18.6855
    endloop
  endfacet
  facet normal 0 1 0
    outer loop
      vertex 88.4471 27.5 22.7956
      vertex 89.56 27.5 18.6421
      vertex 87.7039 27.5 22.5433
    endloop
  endfacet
  facet normal 0 1 -0
    outer loop
      vertex 89.3494 27.5 18.5706
      vertex 87.7039 27.5 22.5433
      vertex 89.56 27.5 18.6421
    endloop
  endfacet
  facet normal 0 1 0
    outer loop
      vertex 87.7039 27.5 22.5433
      vertex 89.3494 27.5 18.5706
      vertex 87 27.5 22.1962
    endloop
  endfacet
  facet normal 0 1 -0
    outer loop
      vertex 89.15 27.5 18.4722
      vertex 87 27.5 22.1962
      vertex 89.3494 27.5 18.5706
    endloop
  endfacet
  facet normal 0 1 0
    outer loop
      vertex 87 27.5 22.1962
      vertex 89.15 27.5 18.4722
      vertex 86.3474 27.5 21.7601
    endloop
  endfacet
  facet normal 0 1 0
    outer loop
      vertex 90.7832 27.5 22.9487
      vertex 90.2219 27.5 18.6855
      vertex 90 27.5 18.7
    endloop
  endfacet
  facet normal 0 1 0
    outer loop
      vertex 91.5529 27.5 22.7956
      vertex 90.44 27.5 18.6421
      vertex 90.2219 27.5 18.6855
    endloop
  endfacet
  facet normal 0 1 0
    outer loop
      vertex 92.2961 27.5 22.5433
      vertex 90.6506 27.5 18.5706
      vertex 90.44 27.5 18.6421
    endloop
  endfacet
  facet normal 0 1 0
    outer loop
      vertex 93 27.5 22.1962
      vertex 90.85 27.5 18.4722
      vertex 90.6506 27.5 18.5706
    endloop
  endfacet
  facet normal 0 1 0
    outer loop
      vertex 93 27.5 22.1962
      vertex 91.0349 27.5 18.3487
      vertex 90.85 27.5 18.4722
    endloop
  endfacet
  facet normal 0 1 0
    outer loop
      vertex 93 27.5 22.1962
      vertex 91.2021 27.5 18.2021
      vertex 91.0349 27.5 18.3487
    endloop
  endfacet
  facet normal 0 1 0
    outer loop
      vertex 93 27.5 22.1962
      vertex 91.3487 27.5 18.0349
      vertex 91.2021 27.5 18.2021
    endloop
  endfacet
  facet normal 0 1 0
    outer loop
      vertex 93 27.5 22.1962
      vertex 91.4722 27.5 17.85
      vertex 91.3487 27.5 18.0349
    endloop
  endfacet
  facet normal 0 1 0
    outer loop
      vertex 93 27.5 22.1962
      vertex 91.5706 27.5 17.6506
      vertex 91.4722 27.5 17.85
    endloop
  endfacet
  facet normal 0 1 0
    outer loop
      vertex 93 27.5 22.1962
      vertex 91.6421 27.5 17.44
      vertex 91.5706 27.5 17.6506
    endloop
  endfacet
  facet normal 0 1 0
    outer loop
      vertex 93 27.5 22.1962
      vertex 91.6855 27.5 17.2219
      vertex 91.6421 27.5 17.44
    endloop
  endfacet
  facet normal 0 1 0
    outer loop
      vertex 93 27.5 22.1962
      vertex 91.7 27.5 17
      vertex 91.6855 27.5 17.2219
    endloop
  endfacet
  facet normal 0 1 0
    outer loop
      vertex 93 27.5 22.1962
      vertex 91.6855 27.5 16.7781
      vertex 91.7 27.5 17
    endloop
  endfacet
  facet normal 0 1 0
    outer loop
      vertex 104 27.5 0
      vertex 91.6855 27.5 16.7781
      vertex 93 27.5 22.1962
    endloop
  endfacet
  facet normal 0 1 0
    outer loop
      vertex 104 27.5 0
      vertex 90 27.5 15.3
      vertex 90.2219 27.5 15.3145
    endloop
  endfacet
  facet normal 0 1 0
    outer loop
      vertex 88.5278 27.5 16.15
      vertex 84.8038 27.5 14
      vertex 84.4567 27.5 14.7039
    endloop
  endfacet
  facet normal 0 1 0
    outer loop
      vertex 104 27.5 0
      vertex 90.2219 27.5 15.3145
      vertex 90.44 27.5 15.3579
    endloop
  endfacet
  facet normal 0 1 0
    outer loop
      vertex 84.8038 27.5 14
      vertex 104 27.5 0
      vertex -84.8038 27.5 14
    endloop
  endfacet
  facet normal 0 1 0
    outer loop
      vertex 90 27.5 15.3
      vertex 104 27.5 0
      vertex 84.8038 27.5 14
    endloop
  endfacet
  facet normal 0 1 0
    outer loop
      vertex 90.6506 27.5 15.4294
      vertex 104 27.5 0
      vertex 90.44 27.5 15.3579
    endloop
  endfacet
  facet normal 0 1 0
    outer loop
      vertex 90.85 27.5 15.5278
      vertex 104 27.5 0
      vertex 90.6506 27.5 15.4294
    endloop
  endfacet
  facet normal 0 1 0
    outer loop
      vertex 91.0349 27.5 15.6513
      vertex 104 27.5 0
      vertex 90.85 27.5 15.5278
    endloop
  endfacet
  facet normal 0 1 0
    outer loop
      vertex 91.2021 27.5 15.7979
      vertex 104 27.5 0
      vertex 91.0349 27.5 15.6513
    endloop
  endfacet
  facet normal 0 1 0
    outer loop
      vertex 91.3487 27.5 15.9651
      vertex 104 27.5 0
      vertex 91.2021 27.5 15.7979
    endloop
  endfacet
  facet normal 0 1 0
    outer loop
      vertex 91.4722 27.5 16.15
      vertex 104 27.5 0
      vertex 91.3487 27.5 15.9651
    endloop
  endfacet
  facet normal 0 1 0
    outer loop
      vertex 91.5706 27.5 16.3494
      vertex 104 27.5 0
      vertex 91.4722 27.5 16.15
    endloop
  endfacet
  facet normal 0 1 0
    outer loop
      vertex 91.6421 27.5 16.56
      vertex 104 27.5 0
      vertex 91.5706 27.5 16.3494
    endloop
  endfacet
  facet normal 0 1 0
    outer loop
      vertex 91.6855 27.5 16.7781
      vertex 104 27.5 0
      vertex 91.6421 27.5 16.56
    endloop
  endfacet
  facet normal 0 1 -0
    outer loop
      vertex 104 27.5 0
      vertex 93 27.5 22.1962
      vertex 104 27.5 150
    endloop
  endfacet
  facet normal 0 1 -0
    outer loop
      vertex -84.8038 27.5 136
      vertex -104 27.5 150
      vertex 84.8038 27.5 136
    endloop
  endfacet
  facet normal 0 1 0
    outer loop
      vertex -88.5278 27.5 133.85
      vertex -84.8038 27.5 136
      vertex -84.4567 27.5 135.296
    endloop
  endfacet
  facet normal 0 1 0
    outer loop
      vertex -84.8038 27.5 136
      vertex -90 27.5 134.7
      vertex -104 27.5 150
    endloop
  endfacet
  facet normal 0 1 -0
    outer loop
      vertex -90.2219 27.5 134.685
      vertex -104 27.5 150
      vertex -90 27.5 134.7
    endloop
  endfacet
  facet normal 0 1 -0
    outer loop
      vertex -90.44 27.5 134.642
      vertex -104 27.5 150
      vertex -90.2219 27.5 134.685
    endloop
  endfacet
  facet normal 0 1 -0
    outer loop
      vertex -90.6506 27.5 134.571
      vertex -104 27.5 150
      vertex -90.44 27.5 134.642
    endloop
  endfacet
  facet normal 0 1 -0
    outer loop
      vertex -90.85 27.5 134.472
      vertex -104 27.5 150
      vertex -90.6506 27.5 134.571
    endloop
  endfacet
  facet normal 0 1 -0
    outer loop
      vertex -91.0349 27.5 134.349
      vertex -104 27.5 150
      vertex -90.85 27.5 134.472
    endloop
  endfacet
  facet normal 0 1 -0
    outer loop
      vertex -91.2021 27.5 134.202
      vertex -104 27.5 150
      vertex -91.0349 27.5 134.349
    endloop
  endfacet
  facet normal 0 1 -0
    outer loop
      vertex -91.3487 27.5 134.035
      vertex -104 27.5 150
      vertex -91.2021 27.5 134.202
    endloop
  endfacet
  facet normal 0 1 -0
    outer loop
      vertex -91.4722 27.5 133.85
      vertex -104 27.5 150
      vertex -91.3487 27.5 134.035
    endloop
  endfacet
  facet normal 0 1 -0
    outer loop
      vertex -91.5706 27.5 133.651
      vertex -104 27.5 150
      vertex -91.4722 27.5 133.85
    endloop
  endfacet
  facet normal 0 1 -0
    outer loop
      vertex -91.6421 27.5 133.44
      vertex -104 27.5 150
      vertex -91.5706 27.5 133.651
    endloop
  endfacet
  facet normal 0 1 -0
    outer loop
      vertex -91.6855 27.5 133.222
      vertex -104 27.5 150
      vertex -91.6421 27.5 133.44
    endloop
  endfacet
  facet normal 0 1 -0
    outer loop
      vertex -91.7 27.5 133
      vertex -104 27.5 150
      vertex -91.6855 27.5 133.222
    endloop
  endfacet
  facet normal 0 1 0
    outer loop
      vertex -93 27.5 127.804
      vertex -91.7 27.5 133
      vertex -91.6855 27.5 132.778
    endloop
  endfacet
  facet normal 0 1 0
    outer loop
      vertex -93 27.5 127.804
      vertex -91.6855 27.5 132.778
      vertex -91.6421 27.5 132.56
    endloop
  endfacet
  facet normal 0 1 0
    outer loop
      vertex -93 27.5 127.804
      vertex -91.6421 27.5 132.56
      vertex -91.5706 27.5 132.349
    endloop
  endfacet
  facet normal 0 1 0
    outer loop
      vertex -93 27.5 127.804
      vertex -91.5706 27.5 132.349
      vertex -91.4722 27.5 132.15
    endloop
  endfacet
  facet normal 0 1 0
    outer loop
      vertex -93 27.5 127.804
      vertex -91.4722 27.5 132.15
      vertex -91.3487 27.5 131.965
    endloop
  endfacet
  facet normal 0 1 -0
    outer loop
      vertex -87 27.5 127.804
      vertex -89.15 27.5 131.528
      vertex -86.3474 27.5 128.24
    endloop
  endfacet
  facet normal 0 1 0
    outer loop
      vertex -89.15 27.5 131.528
      vertex -87 27.5 127.804
      vertex -89.3494 27.5 131.429
    endloop
  endfacet
  facet normal 0 1 -0
    outer loop
      vertex -87.7039 27.5 127.457
      vertex -89.3494 27.5 131.429
      vertex -87 27.5 127.804
    endloop
  endfacet
  facet normal 0 1 0
    outer loop
      vertex -89.3494 27.5 131.429
      vertex -87.7039 27.5 127.457
      vertex -89.56 27.5 131.358
    endloop
  endfacet
  facet normal 0 1 -0
    outer loop
      vertex -88.4471 27.5 127.204
      vertex -89.56 27.5 131.358
      vertex -87.7039 27.5 127.457
    endloop
  endfacet
  facet normal 0 1 0
    outer loop
      vertex -89.56 27.5 131.358
      vertex -88.4471 27.5 127.204
      vertex -89.7781 27.5 131.315
    endloop
  endfacet
  facet normal 0 1 0
    outer loop
      vertex -90 27.5 131.3
      vertex -93 27.5 127.804
      vertex -90.2219 27.5 131.315
    endloop
  endfacet
  facet normal 0 1 0
    outer loop
      vertex -90.2219 27.5 131.315
      vertex -93 27.5 127.804
      vertex -90.44 27.5 131.358
    endloop
  endfacet
  facet normal 0 1 0
    outer loop
      vertex -90.44 27.5 131.358
      vertex -93 27.5 127.804
      vertex -90.6506 27.5 131.429
    endloop
  endfacet
  facet normal 0 1 0
    outer loop
      vertex -90.6506 27.5 131.429
      vertex -93 27.5 127.804
      vertex -90.85 27.5 131.528
    endloop
  endfacet
  facet normal 0 1 0
    outer loop
      vertex -90.85 27.5 131.528
      vertex -93 27.5 127.804
      vertex -91.0349 27.5 131.651
    endloop
  endfacet
  facet normal 0 1 0
    outer loop
      vertex -91.0349 27.5 131.651
      vertex -93 27.5 127.804
      vertex -91.2021 27.5 131.798
    endloop
  endfacet
  facet normal 0 1 0
    outer loop
      vertex -93 27.5 127.804
      vertex -91.3487 27.5 131.965
      vertex -91.2021 27.5 131.798
    endloop
  endfacet
  facet normal 0 1 0
    outer loop
      vertex -91.7 27.5 133
      vertex -93 27.5 127.804
      vertex -104 27.5 150
    endloop
  endfacet
  facet normal 0 1 -0
    outer loop
      vertex -93 27.5 22.1962
      vertex -104 27.5 150
      vertex -93 27.5 127.804
    endloop
  endfacet
  facet normal 0 1 0
    outer loop
      vertex -89.7781 27.5 18.6855
      vertex -86.3474 27.5 21.7601
      vertex -85.7574 27.5 21.2426
    endloop
  endfacet
  facet normal 0 1 0
    outer loop
      vertex -89.7781 27.5 18.6855
      vertex -85.7574 27.5 21.2426
      vertex -85.2399 27.5 20.6526
    endloop
  endfacet
  facet normal 0 1 0
    outer loop
      vertex -89.7781 27.5 18.6855
      vertex -85.2399 27.5 20.6526
      vertex -84.8038 27.5 20
    endloop
  endfacet
  facet normal 0 1 0
    outer loop
      vertex -88.5278 27.5 17.85
      vertex -84.8038 27.5 20
      vertex -84.4567 27.5 19.2961
    endloop
  endfacet
  facet normal 0 1 -0
    outer loop
      vertex -90.44 27.5 18.6421
      vertex -91.5529 27.5 22.7956
      vertex -90.2219 27.5 18.6855
    endloop
  endfacet
  facet normal 0 1 0
    outer loop
      vertex -91.5529 27.5 22.7956
      vertex -90.44 27.5 18.6421
      vertex -92.2961 27.5 22.5433
    endloop
  endfacet
  facet normal 0 1 -0
    outer loop
      vertex -90.6506 27.5 18.5706
      vertex -92.2961 27.5 22.5433
      vertex -90.44 27.5 18.6421
    endloop
  endfacet
  facet normal 0 1 0
    outer loop
      vertex -92.2961 27.5 22.5433
      vertex -90.6506 27.5 18.5706
      vertex -93 27.5 22.1962
    endloop
  endfacet
  facet normal 0 1 -0
    outer loop
      vertex -90.85 27.5 18.4722
      vertex -93 27.5 22.1962
      vertex -90.6506 27.5 18.5706
    endloop
  endfacet
  facet normal 0 1 -0
    outer loop
      vertex -91.0349 27.5 18.3487
      vertex -93 27.5 22.1962
      vertex -90.85 27.5 18.4722
    endloop
  endfacet
  facet normal 0 1 -0
    outer loop
      vertex -91.2021 27.5 18.2021
      vertex -93 27.5 22.1962
      vertex -91.0349 27.5 18.3487
    endloop
  endfacet
  facet normal 0 1 -0
    outer loop
      vertex -91.3487 27.5 18.0349
      vertex -93 27.5 22.1962
      vertex -91.2021 27.5 18.2021
    endloop
  endfacet
  facet normal 0 1 -0
    outer loop
      vertex -91.4722 27.5 17.85
      vertex -93 27.5 22.1962
      vertex -91.3487 27.5 18.0349
    endloop
  endfacet
  facet normal 0 1 -0
    outer loop
      vertex -91.5706 27.5 17.6506
      vertex -93 27.5 22.1962
      vertex -91.4722 27.5 17.85
    endloop
  endfacet
  facet normal 0 1 -0
    outer loop
      vertex -91.6421 27.5 17.44
      vertex -93 27.5 22.1962
      vertex -91.5706 27.5 17.6506
    endloop
  endfacet
  facet normal 0 1 -0
    outer loop
      vertex -91.6855 27.5 17.2219
      vertex -93 27.5 22.1962
      vertex -91.6421 27.5 17.44
    endloop
  endfacet
  facet normal 0 1 -0
    outer loop
      vertex -91.7 27.5 17
      vertex -93 27.5 22.1962
      vertex -91.6855 27.5 17.2219
    endloop
  endfacet
  facet normal 0 1 0
    outer loop
      vertex -91.6855 27.5 16.7781
      vertex -93 27.5 22.1962
      vertex -91.7 27.5 17
    endloop
  endfacet
  facet normal 0 1 0
    outer loop
      vertex -104 27.5 0
      vertex -91.6855 27.5 16.7781
      vertex -91.6421 27.5 16.56
    endloop
  endfacet
  facet normal 0 1 0
    outer loop
      vertex -89.7781 27.5 15.3145
      vertex -84.8038 27.5 14
      vertex -90 27.5 15.3
    endloop
  endfacet
  facet normal 0 1 0
    outer loop
      vertex -104 27.5 0
      vertex -90 27.5 15.3
      vertex -84.8038 27.5 14
    endloop
  endfacet
  facet normal 0 1 0
    outer loop
      vertex -90 27.5 15.3
      vertex -104 27.5 0
      vertex -90.2219 27.5 15.3145
    endloop
  endfacet
  facet normal 0 1 0
    outer loop
      vertex -93 27.5 22.1962
      vertex -104 27.5 0
      vertex -104 27.5 150
    endloop
  endfacet
  facet normal 0 1 0
    outer loop
      vertex -91.6855 27.5 16.7781
      vertex -104 27.5 0
      vertex -93 27.5 22.1962
    endloop
  endfacet
  facet normal 0 1 0
    outer loop
      vertex -91.5706 27.5 16.3494
      vertex -104 27.5 0
      vertex -91.6421 27.5 16.56
    endloop
  endfacet
  facet normal 0 1 0
    outer loop
      vertex -91.4722 27.5 16.15
      vertex -104 27.5 0
      vertex -91.5706 27.5 16.3494
    endloop
  endfacet
  facet normal 0 1 0
    outer loop
      vertex -91.3487 27.5 15.9651
      vertex -104 27.5 0
      vertex -91.4722 27.5 16.15
    endloop
  endfacet
  facet normal 0 1 0
    outer loop
      vertex -91.2021 27.5 15.7979
      vertex -104 27.5 0
      vertex -91.3487 27.5 15.9651
    endloop
  endfacet
  facet normal 0 1 0
    outer loop
      vertex -91.0349 27.5 15.6513
      vertex -104 27.5 0
      vertex -91.2021 27.5 15.7979
    endloop
  endfacet
  facet normal 0 1 0
    outer loop
      vertex -90.85 27.5 15.5278
      vertex -104 27.5 0
      vertex -91.0349 27.5 15.6513
    endloop
  endfacet
  facet normal 0 1 0
    outer loop
      vertex -90.6506 27.5 15.4294
      vertex -104 27.5 0
      vertex -90.85 27.5 15.5278
    endloop
  endfacet
  facet normal 0 1 0
    outer loop
      vertex -90.44 27.5 15.3579
      vertex -104 27.5 0
      vertex -90.6506 27.5 15.4294
    endloop
  endfacet
  facet normal 0 1 0
    outer loop
      vertex -90.2219 27.5 15.3145
      vertex -104 27.5 0
      vertex -90.44 27.5 15.3579
    endloop
  endfacet
  facet normal 0 1 0
    outer loop
      vertex -104 27.5 0
      vertex -84.8038 27.5 14
      vertex 104 27.5 0
    endloop
  endfacet
  facet normal 0 1 -0
    outer loop
      vertex 89.56 27.5 134.642
      vertex 84.8038 27.5 136
      vertex 89.7781 27.5 134.685
    endloop
  endfacet
  facet normal 0 1 -0
    outer loop
      vertex 89.3494 27.5 134.571
      vertex 84.8038 27.5 136
      vertex 89.56 27.5 134.642
    endloop
  endfacet
  facet normal 0 1 -0
    outer loop
      vertex 89.15 27.5 134.472
      vertex 84.8038 27.5 136
      vertex 89.3494 27.5 134.571
    endloop
  endfacet
  facet normal 0 1 -0
    outer loop
      vertex 88.9651 27.5 134.349
      vertex 84.8038 27.5 136
      vertex 89.15 27.5 134.472
    endloop
  endfacet
  facet normal 0 1 -0
    outer loop
      vertex 88.7979 27.5 134.202
      vertex 84.8038 27.5 136
      vertex 88.9651 27.5 134.349
    endloop
  endfacet
  facet normal 0 1 -0
    outer loop
      vertex 88.6513 27.5 134.035
      vertex 84.8038 27.5 136
      vertex 88.7979 27.5 134.202
    endloop
  endfacet
  facet normal 0 1 -0
    outer loop
      vertex 88.5278 27.5 133.85
      vertex 84.8038 27.5 136
      vertex 88.6513 27.5 134.035
    endloop
  endfacet
  facet normal 0 1 0
    outer loop
      vertex 84.8038 27.5 136
      vertex 88.5278 27.5 133.85
      vertex 84.4567 27.5 135.296
    endloop
  endfacet
  facet normal 0 1 -0
    outer loop
      vertex 88.4294 27.5 133.651
      vertex 84.4567 27.5 135.296
      vertex 88.5278 27.5 133.85
    endloop
  endfacet
  facet normal 0 1 0
    outer loop
      vertex 84.4567 27.5 135.296
      vertex 88.4294 27.5 133.651
      vertex 84.2044 27.5 134.553
    endloop
  endfacet
  facet normal 0 1 -0
    outer loop
      vertex 88.3579 27.5 133.44
      vertex 84.2044 27.5 134.553
      vertex 88.4294 27.5 133.651
    endloop
  endfacet
  facet normal 0 1 0
    outer loop
      vertex 84.2044 27.5 134.553
      vertex 88.3579 27.5 133.44
      vertex 84.0513 27.5 133.783
    endloop
  endfacet
  facet normal 0 1 -0
    outer loop
      vertex 88.3145 27.5 133.222
      vertex 84.0513 27.5 133.783
      vertex 88.3579 27.5 133.44
    endloop
  endfacet
  facet normal 0 1 -0
    outer loop
      vertex 88.3 27.5 133
      vertex 84.0513 27.5 133.783
      vertex 88.3145 27.5 133.222
    endloop
  endfacet
  facet normal 0 1 0
    outer loop
      vertex 88.3 27.5 133
      vertex 84 27.5 133
      vertex 84.0513 27.5 133.783
    endloop
  endfacet
  facet normal 0 1 0
    outer loop
      vertex 88.3145 27.5 132.778
      vertex 84 27.5 133
      vertex 88.3 27.5 133
    endloop
  endfacet
  facet normal 0 1 0
    outer loop
      vertex 84.0513 27.5 132.217
      vertex 88.3145 27.5 132.778
      vertex 88.3579 27.5 132.56
    endloop
  endfacet
  facet normal 0 1 0
    outer loop
      vertex 84.2044 27.5 131.447
      vertex 88.3579 27.5 132.56
      vertex 88.4294 27.5 132.349
    endloop
  endfacet
  facet normal 0 1 0
    outer loop
      vertex 88.3145 27.5 132.778
      vertex 84.0513 27.5 132.217
      vertex 84 27.5 133
    endloop
  endfacet
  facet normal 0 1 0
    outer loop
      vertex 84.4567 27.5 130.704
      vertex 88.4294 27.5 132.349
      vertex 88.5278 27.5 132.15
    endloop
  endfacet
  facet normal 0 1 0
    outer loop
      vertex 84.4567 27.5 130.704
      vertex 88.5278 27.5 132.15
      vertex 88.6513 27.5 131.965
    endloop
  endfacet
  facet normal 0 1 0
    outer loop
      vertex 84.4567 27.5 130.704
      vertex 88.6513 27.5 131.965
      vertex 88.7979 27.5 131.798
    endloop
  endfacet
  facet normal 0 1 0
    outer loop
      vertex 84.4567 27.5 130.704
      vertex 88.7979 27.5 131.798
      vertex 88.9651 27.5 131.651
    endloop
  endfacet
  facet normal 0 1 0
    outer loop
      vertex 84.4567 27.5 130.704
      vertex 88.9651 27.5 131.651
      vertex 89.15 27.5 131.528
    endloop
  endfacet
  facet normal 0 1 0
    outer loop
      vertex 88.3579 27.5 132.56
      vertex 84.2044 27.5 131.447
      vertex 84.0513 27.5 132.217
    endloop
  endfacet
  facet normal 0 1 0
    outer loop
      vertex 84.4567 27.5 130.704
      vertex 89.15 27.5 131.528
      vertex 89.3494 27.5 131.429
    endloop
  endfacet
  facet normal 0 1 0
    outer loop
      vertex 84.4567 27.5 130.704
      vertex 89.3494 27.5 131.429
      vertex 89.56 27.5 131.358
    endloop
  endfacet
  facet normal 0 1 0
    outer loop
      vertex 84.4567 27.5 130.704
      vertex 89.56 27.5 131.358
      vertex 89.7781 27.5 131.315
    endloop
  endfacet
  facet normal 0 1 0
    outer loop
      vertex 84.4567 27.5 130.704
      vertex 89.7781 27.5 131.315
      vertex 90 27.5 131.3
    endloop
  endfacet
  facet normal 0 1 0
    outer loop
      vertex 88.4294 27.5 132.349
      vertex 84.4567 27.5 130.704
      vertex 84.2044 27.5 131.447
    endloop
  endfacet
  facet normal -0.751471 0.659766 0
    outer loop
      vertex -106.38 26.3263 0
      vertex -106.121 26.6213 150
      vertex -106.121 26.6213 0
    endloop
  endfacet
  facet normal -0.751471 0.659766 0
    outer loop
      vertex -106.121 26.6213 150
      vertex -106.38 26.3263 0
      vertex -106.38 26.3263 150
    endloop
  endfacet
  facet normal -0.0654208 -0.997858 0
    outer loop
      vertex -104.392 -27.4743 150
      vertex -104 -27.5 3
      vertex -104 -27.5 150
    endloop
  endfacet
  facet normal -0.0654208 -0.997858 0
    outer loop
      vertex -104.392 -27.4743 0
      vertex -104 -27.5 3
      vertex -104.392 -27.4743 150
    endloop
  endfacet
  facet normal -0.0654208 -0.997858 -0
    outer loop
      vertex -104 -27.5 3
      vertex -104.392 -27.4743 0
      vertex -104 -27.5 0
    endloop
  endfacet
  facet normal -0.0654208 0.997858 0
    outer loop
      vertex -104 27.5 0
      vertex -104.392 27.4743 150
      vertex -104 27.5 150
    endloop
  endfacet
  facet normal -0.0654208 0.997858 0
    outer loop
      vertex -104.392 27.4743 150
      vertex -104 27.5 0
      vertex -104.392 27.4743 0
    endloop
  endfacet
  facet normal 0.831501 0.555523 0
    outer loop
      vertex 106.598 26 150
      vertex 106.38 26.3263 0
      vertex 106.38 26.3263 150
    endloop
  endfacet
  facet normal 0.831501 0.555523 0
    outer loop
      vertex 106.38 26.3263 0
      vertex 106.598 26 150
      vertex 106.598 26 0
    endloop
  endfacet
  facet normal 1 0 0
    outer loop
      vertex 107 24.5 150
      vertex 107 13 80
      vertex 107 24.5 0
    endloop
  endfacet
  facet normal 1 -0 0
    outer loop
      vertex 107 -24.5 150
      vertex 107 13 80
      vertex 107 24.5 150
    endloop
  endfacet
  facet normal 1 0 0
    outer loop
      vertex 107 -17 80
      vertex 107 -24.5 150
      vertex 107 -17 64
    endloop
  endfacet
  facet normal 1 0 0
    outer loop
      vertex 107 13 80
      vertex 107 -24.5 150
      vertex 107 -17 80
    endloop
  endfacet
  facet normal 1 -0 0
    outer loop
      vertex 107 13 64
      vertex 107 24.5 0
      vertex 107 13 80
    endloop
  endfacet
  facet normal 1 0 0
    outer loop
      vertex 107 -24.5 0
      vertex 107 13 64
      vertex 107 -17 64
    endloop
  endfacet
  facet normal 1 0 0
    outer loop
      vertex 107 13 64
      vertex 107 -24.5 0
      vertex 107 24.5 0
    endloop
  endfacet
  facet normal 1 0 0
    outer loop
      vertex 107 -24.5 0
      vertex 107 -17 64
      vertex 107 -24.5 150
    endloop
  endfacet
  facet normal 0.831501 -0.555523 0
    outer loop
      vertex 106.38 -26.3263 150
      vertex 106.598 -26 0
      vertex 106.598 -26 150
    endloop
  endfacet
  facet normal 0.831501 -0.555523 0
    outer loop
      vertex 106.598 -26 0
      vertex 106.38 -26.3263 150
      vertex 106.38 -26.3263 0
    endloop
  endfacet
  facet normal -0.44211 0.896961 0
    outer loop
      vertex -105.148 27.2716 0
      vertex -105.5 27.0981 150
      vertex -105.148 27.2716 150
    endloop
  endfacet
  facet normal -0.44211 0.896961 0
    outer loop
      vertex -105.5 27.0981 150
      vertex -105.148 27.2716 0
      vertex -105.5 27.0981 0
    endloop
  endfacet
  facet normal -0.321264 0.94699 0
    outer loop
      vertex -104.776 27.3978 0
      vertex -105.148 27.2716 150
      vertex -104.776 27.3978 150
    endloop
  endfacet
  facet normal -0.321264 0.94699 0
    outer loop
      vertex -105.148 27.2716 150
      vertex -104.776 27.3978 0
      vertex -105.148 27.2716 0
    endloop
  endfacet
  facet normal -0.94704 0.321117 0
    outer loop
      vertex -106.898 25.2765 0
      vertex -106.772 25.6481 150
      vertex -106.772 25.6481 0
    endloop
  endfacet
  facet normal -0.94704 0.321117 0
    outer loop
      vertex -106.772 25.6481 150
      vertex -106.898 25.2765 0
      vertex -106.898 25.2765 150
    endloop
  endfacet
  facet normal -0.981058 0.193714 0
    outer loop
      vertex -106.974 24.8916 0
      vertex -106.898 25.2765 150
      vertex -106.898 25.2765 0
    endloop
  endfacet
  facet normal -0.981058 0.193714 0
    outer loop
      vertex -106.898 25.2765 150
      vertex -106.974 24.8916 0
      vertex -106.974 24.8916 150
    endloop
  endfacet
  facet normal -0.831501 0.555523 0
    outer loop
      vertex -106.598 26 0
      vertex -106.38 26.3263 150
      vertex -106.38 26.3263 0
    endloop
  endfacet
  facet normal -0.831501 0.555523 0
    outer loop
      vertex -106.38 26.3263 150
      vertex -106.598 26 0
      vertex -106.598 26 150
    endloop
  endfacet
  facet normal 0 0 -1
    outer loop
      vertex 104 -27.5 0
      vertex 107 -24.5 0
      vertex 106.974 -24.8916 0
    endloop
  endfacet
  facet normal -0 0 -1
    outer loop
      vertex 107 -24.5 0
      vertex 104 -27.5 0
      vertex 107 24.5 0
    endloop
  endfacet
  facet normal 0 0 -1
    outer loop
      vertex 104 -27.5 0
      vertex 106.974 -24.8916 0
      vertex 106.898 -25.2765 0
    endloop
  endfacet
  facet normal 0 0 -1
    outer loop
      vertex 104 27.5 0
      vertex 107 24.5 0
      vertex 104 -27.5 0
    endloop
  endfacet
  facet normal 0 0 -1
    outer loop
      vertex 104 -27.5 0
      vertex 106.898 -25.2765 0
      vertex 106.772 -25.6481 0
    endloop
  endfacet
  facet normal 0 0 -1
    outer loop
      vertex 107 24.5 0
      vertex 104 27.5 0
      vertex 106.974 24.8916 0
    endloop
  endfacet
  facet normal 0 0 -1
    outer loop
      vertex 104 -27.5 0
      vertex 106.772 -25.6481 0
      vertex 106.598 -26 0
    endloop
  endfacet
  facet normal 0 0 -1
    outer loop
      vertex 106.974 24.8916 0
      vertex 104 27.5 0
      vertex 106.898 25.2765 0
    endloop
  endfacet
  facet normal 0 0 -1
    outer loop
      vertex 104 -27.5 0
      vertex 106.598 -26 0
      vertex 106.38 -26.3263 0
    endloop
  endfacet
  facet normal 0 0 -1
    outer loop
      vertex 106.898 25.2765 0
      vertex 104 27.5 0
      vertex 106.772 25.6481 0
    endloop
  endfacet
  facet normal 0 0 -1
    outer loop
      vertex 104 -27.5 0
      vertex 106.38 -26.3263 0
      vertex 106.121 -26.6213 0
    endloop
  endfacet
  facet normal 0 0 -1
    outer loop
      vertex 106.772 25.6481 0
      vertex 104 27.5 0
      vertex 106.598 26 0
    endloop
  endfacet
  facet normal 0 0 -1
    outer loop
      vertex 104 -27.5 0
      vertex 106.121 -26.6213 0
      vertex 105.826 -26.8801 0
    endloop
  endfacet
  facet normal 0 0 -1
    outer loop
      vertex 106.598 26 0
      vertex 104 27.5 0
      vertex 106.38 26.3263 0
    endloop
  endfacet
  facet normal 0 0 -1
    outer loop
      vertex 104 -27.5 0
      vertex 105.826 -26.8801 0
      vertex 105.5 -27.0981 0
    endloop
  endfacet
  facet normal 0 0 -1
    outer loop
      vertex 106.38 26.3263 0
      vertex 104 27.5 0
      vertex 106.121 26.6213 0
    endloop
  endfacet
  facet normal 0 0 -1
    outer loop
      vertex 104 -27.5 0
      vertex 105.5 -27.0981 0
      vertex 105.148 -27.2716 0
    endloop
  endfacet
  facet normal 0 0 -1
    outer loop
      vertex 106.121 26.6213 0
      vertex 104 27.5 0
      vertex 105.826 26.8801 0
    endloop
  endfacet
  facet normal 0 0 -1
    outer loop
      vertex 104 -27.5 0
      vertex 105.148 -27.2716 0
      vertex 104.776 -27.3978 0
    endloop
  endfacet
  facet normal 0 0 -1
    outer loop
      vertex 105.826 26.8801 0
      vertex 104 27.5 0
      vertex 105.5 27.0981 0
    endloop
  endfacet
  facet normal 0 0 -1
    outer loop
      vertex 104 -27.5 0
      vertex 104.776 -27.3978 0
      vertex 104.392 -27.4743 0
    endloop
  endfacet
  facet normal 0 0 -1
    outer loop
      vertex 105.5 27.0981 0
      vertex 104 27.5 0
      vertex 105.148 27.2716 0
    endloop
  endfacet
  facet normal 0 0 -1
    outer loop
      vertex 105.148 27.2716 0
      vertex 104 27.5 0
      vertex 104.776 27.3978 0
    endloop
  endfacet
  facet normal 0 0 -1
    outer loop
      vertex 104.776 27.3978 0
      vertex 104 27.5 0
      vertex 104.392 27.4743 0
    endloop
  endfacet
  facet normal 0 0 -1
    outer loop
      vertex -104 -27.5 0
      vertex 104 27.5 0
      vertex 104 -27.5 0
    endloop
  endfacet
  facet normal 0 0 -1
    outer loop
      vertex -104 -27.5 0
      vertex -104 27.5 0
      vertex 104 27.5 0
    endloop
  endfacet
  facet normal 0 0 -1
    outer loop
      vertex -107 -24.5 0
      vertex -104 -27.5 0
      vertex -104.392 -27.4743 0
    endloop
  endfacet
  facet normal 0 0 -1
    outer loop
      vertex -104 -27.5 0
      vertex -107 -24.5 0
      vertex -104 27.5 0
    endloop
  endfacet
  facet normal 0 0 -1
    outer loop
      vertex -107 -24.5 0
      vertex -104.392 -27.4743 0
      vertex -104.776 -27.3978 0
    endloop
  endfacet
  facet normal 0 0 -1
    outer loop
      vertex -107 24.5 0
      vertex -104 27.5 0
      vertex -107 -24.5 0
    endloop
  endfacet
  facet normal 0 0 -1
    outer loop
      vertex -107 -24.5 0
      vertex -104.776 -27.3978 0
      vertex -105.148 -27.2716 0
    endloop
  endfacet
  facet normal 0 0 -1
    outer loop
      vertex -104 27.5 0
      vertex -107 24.5 0
      vertex -104.392 27.4743 0
    endloop
  endfacet
  facet normal 0 0 -1
    outer loop
      vertex -107 -24.5 0
      vertex -105.148 -27.2716 0
      vertex -105.5 -27.0981 0
    endloop
  endfacet
  facet normal 0 0 -1
    outer loop
      vertex -104.392 27.4743 0
      vertex -107 24.5 0
      vertex -104.776 27.3978 0
    endloop
  endfacet
  facet normal 0 0 -1
    outer loop
      vertex -107 -24.5 0
      vertex -105.5 -27.0981 0
      vertex -105.826 -26.8801 0
    endloop
  endfacet
  facet normal 0 0 -1
    outer loop
      vertex -104.776 27.3978 0
      vertex -107 24.5 0
      vertex -105.148 27.2716 0
    endloop
  endfacet
  facet normal 0 0 -1
    outer loop
      vertex -107 -24.5 0
      vertex -105.826 -26.8801 0
      vertex -106.121 -26.6213 0
    endloop
  endfacet
  facet normal 0 0 -1
    outer loop
      vertex -105.148 27.2716 0
      vertex -107 24.5 0
      vertex -105.5 27.0981 0
    endloop
  endfacet
  facet normal 0 0 -1
    outer loop
      vertex -107 -24.5 0
      vertex -106.121 -26.6213 0
      vertex -106.38 -26.3263 0
    endloop
  endfacet
  facet normal 0 0 -1
    outer loop
      vertex -105.5 27.0981 0
      vertex -107 24.5 0
      vertex -105.826 26.8801 0
    endloop
  endfacet
  facet normal 0 0 -1
    outer loop
      vertex -107 -24.5 0
      vertex -106.38 -26.3263 0
      vertex -106.598 -26 0
    endloop
  endfacet
  facet normal 0 0 -1
    outer loop
      vertex -105.826 26.8801 0
      vertex -107 24.5 0
      vertex -106.121 26.6213 0
    endloop
  endfacet
  facet normal 0 0 -1
    outer loop
      vertex -107 -24.5 0
      vertex -106.598 -26 0
      vertex -106.772 -25.6481 0
    endloop
  endfacet
  facet normal 0 0 -1
    outer loop
      vertex -106.121 26.6213 0
      vertex -107 24.5 0
      vertex -106.38 26.3263 0
    endloop
  endfacet
  facet normal 0 0 -1
    outer loop
      vertex -107 -24.5 0
      vertex -106.772 -25.6481 0
      vertex -106.898 -25.2765 0
    endloop
  endfacet
  facet normal 0 0 -1
    outer loop
      vertex -106.38 26.3263 0
      vertex -107 24.5 0
      vertex -106.598 26 0
    endloop
  endfacet
  facet normal 0 0 -1
    outer loop
      vertex -107 -24.5 0
      vertex -106.898 -25.2765 0
      vertex -106.974 -24.8916 0
    endloop
  endfacet
  facet normal 0 0 -1
    outer loop
      vertex -106.598 26 0
      vertex -107 24.5 0
      vertex -106.772 25.6481 0
    endloop
  endfacet
  facet normal 0 0 -1
    outer loop
      vertex -106.772 25.6481 0
      vertex -107 24.5 0
      vertex -106.898 25.2765 0
    endloop
  endfacet
  facet normal 0 0 -1
    outer loop
      vertex -106.898 25.2765 0
      vertex -107 24.5 0
      vertex -106.974 24.8916 0
    endloop
  endfacet
  facet normal 0.555877 0.831265 -0
    outer loop
      vertex 105.826 26.8801 0
      vertex 105.5 27.0981 150
      vertex 105.826 26.8801 150
    endloop
  endfacet
  facet normal 0.555877 0.831265 0
    outer loop
      vertex 105.5 27.0981 150
      vertex 105.826 26.8801 0
      vertex 105.5 27.0981 0
    endloop
  endfacet
  facet normal 0.981058 0.193714 0
    outer loop
      vertex 106.974 24.8916 150
      vertex 106.898 25.2765 0
      vertex 106.898 25.2765 150
    endloop
  endfacet
  facet normal 0.981058 0.193714 0
    outer loop
      vertex 106.898 25.2765 0
      vertex 106.974 24.8916 150
      vertex 106.974 24.8916 0
    endloop
  endfacet
  facet normal 0.997803 0.0662484 0
    outer loop
      vertex 107 24.5 150
      vertex 106.974 24.8916 0
      vertex 106.974 24.8916 150
    endloop
  endfacet
  facet normal 0.997803 0.0662484 0
    outer loop
      vertex 106.974 24.8916 0
      vertex 107 24.5 150
      vertex 107 24.5 0
    endloop
  endfacet
  facet normal 0.751471 0.659766 0
    outer loop
      vertex 106.38 26.3263 150
      vertex 106.121 26.6213 0
      vertex 106.121 26.6213 150
    endloop
  endfacet
  facet normal 0.751471 0.659766 0
    outer loop
      vertex 106.121 26.6213 0
      vertex 106.38 26.3263 150
      vertex 106.38 26.3263 0
    endloop
  endfacet
  facet normal 0.44211 0.896961 -0
    outer loop
      vertex 105.5 27.0981 0
      vertex 105.148 27.2716 150
      vertex 105.5 27.0981 150
    endloop
  endfacet
  facet normal 0.44211 0.896961 0
    outer loop
      vertex 105.148 27.2716 150
      vertex 105.5 27.0981 0
      vertex 105.148 27.2716 0
    endloop
  endfacet
  facet normal -0.659478 0.751724 0
    outer loop
      vertex -105.826 26.8801 0
      vertex -106.121 26.6213 150
      vertex -105.826 26.8801 150
    endloop
  endfacet
  facet normal -0.659478 0.751724 0
    outer loop
      vertex -106.121 26.6213 150
      vertex -105.826 26.8801 0
      vertex -106.121 26.6213 0
    endloop
  endfacet
  facet normal -0.555877 0.831265 0
    outer loop
      vertex -105.5 27.0981 0
      vertex -105.826 26.8801 150
      vertex -105.5 27.0981 150
    endloop
  endfacet
  facet normal -0.555877 0.831265 0
    outer loop
      vertex -105.826 26.8801 150
      vertex -105.5 27.0981 0
      vertex -105.826 26.8801 0
    endloop
  endfacet
  facet normal -0.896405 0.443235 0
    outer loop
      vertex -106.772 25.6481 0
      vertex -106.598 26 150
      vertex -106.598 26 0
    endloop
  endfacet
  facet normal -0.896405 0.443235 0
    outer loop
      vertex -106.598 26 150
      vertex -106.772 25.6481 0
      vertex -106.772 25.6481 150
    endloop
  endfacet
  facet normal -0.997803 -0.0662484 0
    outer loop
      vertex -106.974 -24.8916 0
      vertex -107 -24.5 150
      vertex -107 -24.5 0
    endloop
  endfacet
  facet normal -0.997803 -0.0662484 0
    outer loop
      vertex -107 -24.5 150
      vertex -106.974 -24.8916 0
      vertex -106.974 -24.8916 150
    endloop
  endfacet
  facet normal -0.751471 -0.659766 0
    outer loop
      vertex -106.121 -26.6213 0
      vertex -106.38 -26.3263 150
      vertex -106.38 -26.3263 0
    endloop
  endfacet
  facet normal -0.751471 -0.659766 0
    outer loop
      vertex -106.38 -26.3263 150
      vertex -106.121 -26.6213 0
      vertex -106.121 -26.6213 150
    endloop
  endfacet
  facet normal -0.44211 -0.896961 0
    outer loop
      vertex -105.5 -27.0981 0
      vertex -105.148 -27.2716 150
      vertex -105.5 -27.0981 150
    endloop
  endfacet
  facet normal -0.44211 -0.896961 -0
    outer loop
      vertex -105.148 -27.2716 150
      vertex -105.5 -27.0981 0
      vertex -105.148 -27.2716 0
    endloop
  endfacet
  facet normal 0.896405 0.443235 0
    outer loop
      vertex 106.772 25.6481 150
      vertex 106.598 26 0
      vertex 106.598 26 150
    endloop
  endfacet
  facet normal 0.896405 0.443235 0
    outer loop
      vertex 106.598 26 0
      vertex 106.772 25.6481 150
      vertex 106.772 25.6481 0
    endloop
  endfacet
  facet normal 0.94704 0.321117 0
    outer loop
      vertex 106.898 25.2765 150
      vertex 106.772 25.6481 0
      vertex 106.772 25.6481 150
    endloop
  endfacet
  facet normal 0.94704 0.321117 0
    outer loop
      vertex 106.772 25.6481 0
      vertex 106.898 25.2765 150
      vertex 106.898 25.2765 0
    endloop
  endfacet
  facet normal 0.659478 0.751724 -0
    outer loop
      vertex 106.121 26.6213 0
      vertex 105.826 26.8801 150
      vertex 106.121 26.6213 150
    endloop
  endfacet
  facet normal 0.659478 0.751724 0
    outer loop
      vertex 105.826 26.8801 150
      vertex 106.121 26.6213 0
      vertex 105.826 26.8801 0
    endloop
  endfacet
  facet normal 0.896405 -0.443235 0
    outer loop
      vertex 106.598 -26 150
      vertex 106.772 -25.6481 0
      vertex 106.772 -25.6481 150
    endloop
  endfacet
  facet normal 0.896405 -0.443235 0
    outer loop
      vertex 106.772 -25.6481 0
      vertex 106.598 -26 150
      vertex 106.598 -26 0
    endloop
  endfacet
  facet normal 0.981058 -0.193714 0
    outer loop
      vertex 106.898 -25.2765 150
      vertex 106.974 -24.8916 0
      vertex 106.974 -24.8916 150
    endloop
  endfacet
  facet normal 0.981058 -0.193714 0
    outer loop
      vertex 106.974 -24.8916 0
      vertex 106.898 -25.2765 150
      vertex 106.898 -25.2765 0
    endloop
  endfacet
  facet normal 0.751471 -0.659766 0
    outer loop
      vertex 106.121 -26.6213 150
      vertex 106.38 -26.3263 0
      vertex 106.38 -26.3263 150
    endloop
  endfacet
  facet normal 0.751471 -0.659766 0
    outer loop
      vertex 106.38 -26.3263 0
      vertex 106.121 -26.6213 150
      vertex 106.121 -26.6213 0
    endloop
  endfacet
  facet normal 0.44211 -0.896961 0
    outer loop
      vertex 105.148 -27.2716 0
      vertex 105.5 -27.0981 150
      vertex 105.148 -27.2716 150
    endloop
  endfacet
  facet normal 0.44211 -0.896961 0
    outer loop
      vertex 105.5 -27.0981 150
      vertex 105.148 -27.2716 0
      vertex 105.5 -27.0981 0
    endloop
  endfacet
  facet normal -0.981058 -0.193714 0
    outer loop
      vertex -106.898 -25.2765 0
      vertex -106.974 -24.8916 150
      vertex -106.974 -24.8916 0
    endloop
  endfacet
  facet normal -0.981058 -0.193714 0
    outer loop
      vertex -106.974 -24.8916 150
      vertex -106.898 -25.2765 0
      vertex -106.898 -25.2765 150
    endloop
  endfacet
  facet normal -0.831501 -0.555523 0
    outer loop
      vertex -106.38 -26.3263 0
      vertex -106.598 -26 150
      vertex -106.598 -26 0
    endloop
  endfacet
  facet normal -0.831501 -0.555523 0
    outer loop
      vertex -106.598 -26 150
      vertex -106.38 -26.3263 0
      vertex -106.38 -26.3263 150
    endloop
  endfacet
  facet normal -0.94704 -0.321117 0
    outer loop
      vertex -106.772 -25.6481 0
      vertex -106.898 -25.2765 150
      vertex -106.898 -25.2765 0
    endloop
  endfacet
  facet normal -0.94704 -0.321117 0
    outer loop
      vertex -106.898 -25.2765 150
      vertex -106.772 -25.6481 0
      vertex -106.772 -25.6481 150
    endloop
  endfacet
  facet normal -0.659478 -0.751724 0
    outer loop
      vertex -106.121 -26.6213 0
      vertex -105.826 -26.8801 150
      vertex -106.121 -26.6213 150
    endloop
  endfacet
  facet normal -0.659478 -0.751724 -0
    outer loop
      vertex -105.826 -26.8801 150
      vertex -106.121 -26.6213 0
      vertex -105.826 -26.8801 0
    endloop
  endfacet
  facet normal 0.94704 -0.321117 0
    outer loop
      vertex 106.772 -25.6481 150
      vertex 106.898 -25.2765 0
      vertex 106.898 -25.2765 150
    endloop
  endfacet
  facet normal 0.94704 -0.321117 0
    outer loop
      vertex 106.898 -25.2765 0
      vertex 106.772 -25.6481 150
      vertex 106.772 -25.6481 0
    endloop
  endfacet
  facet normal 0.997803 -0.0662484 0
    outer loop
      vertex 106.974 -24.8916 150
      vertex 107 -24.5 0
      vertex 107 -24.5 150
    endloop
  endfacet
  facet normal 0.997803 -0.0662484 0
    outer loop
      vertex 107 -24.5 0
      vertex 106.974 -24.8916 150
      vertex 106.974 -24.8916 0
    endloop
  endfacet
  facet normal 0.555877 -0.831265 0
    outer loop
      vertex 105.5 -27.0981 0
      vertex 105.826 -26.8801 150
      vertex 105.5 -27.0981 150
    endloop
  endfacet
  facet normal 0.555877 -0.831265 0
    outer loop
      vertex 105.826 -26.8801 150
      vertex 105.5 -27.0981 0
      vertex 105.826 -26.8801 0
    endloop
  endfacet
  facet normal -0.896405 -0.443235 0
    outer loop
      vertex -106.598 -26 0
      vertex -106.772 -25.6481 150
      vertex -106.772 -25.6481 0
    endloop
  endfacet
  facet normal -0.896405 -0.443235 0
    outer loop
      vertex -106.772 -25.6481 150
      vertex -106.598 -26 0
      vertex -106.598 -26 150
    endloop
  endfacet
  facet normal -0.555877 -0.831265 0
    outer loop
      vertex -105.826 -26.8801 0
      vertex -105.5 -27.0981 150
      vertex -105.826 -26.8801 150
    endloop
  endfacet
  facet normal -0.555877 -0.831265 -0
    outer loop
      vertex -105.5 -27.0981 150
      vertex -105.826 -26.8801 0
      vertex -105.5 -27.0981 0
    endloop
  endfacet
  facet normal 0.659478 -0.751724 0
    outer loop
      vertex 105.826 -26.8801 0
      vertex 106.121 -26.6213 150
      vertex 105.826 -26.8801 150
    endloop
  endfacet
  facet normal 0.659478 -0.751724 0
    outer loop
      vertex 106.121 -26.6213 150
      vertex 105.826 -26.8801 0
      vertex 106.121 -26.6213 0
    endloop
  endfacet
  facet normal 1 0 0
    outer loop
      vertex -104 24.7 150
      vertex -104 -19.1 7.4
      vertex -104 24.7 3
    endloop
  endfacet
  facet normal 1 -0 0
    outer loop
      vertex -104 -27.5 150
      vertex -104 -19.1 7.4
      vertex -104 24.7 150
    endloop
  endfacet
  facet normal 1 0 0
    outer loop
      vertex -104 -27.5 3
      vertex -104 -23.1 7.4
      vertex -104 -27.5 150
    endloop
  endfacet
  facet normal 1 0 0
    outer loop
      vertex -104 -19.1 7.4
      vertex -104 -27.5 150
      vertex -104 -23.1 7.4
    endloop
  endfacet
  facet normal 1 -0 0
    outer loop
      vertex -104 -19.1 5.4
      vertex -104 24.7 3
      vertex -104 -19.1 7.4
    endloop
  endfacet
  facet normal 1 0 0
    outer loop
      vertex -104 -27.5 3
      vertex -104 -19.1 5.4
      vertex -104 -23.1 5.4
    endloop
  endfacet
  facet normal 1 0 0
    outer loop
      vertex -104 -19.1 5.4
      vertex -104 -27.5 3
      vertex -104 24.7 3
    endloop
  endfacet
  facet normal 1 0 0
    outer loop
      vertex -104 -23.1 7.4
      vertex -104 -27.5 3
      vertex -104 -23.1 5.4
    endloop
  endfacet
  facet normal -1 0 0
    outer loop
      vertex 104 -19.1 7.4
      vertex 104 24.7 3
      vertex 104 -19.1 5.4
    endloop
  endfacet
  facet normal -1 0 0
    outer loop
      vertex 104 -27.5 3
      vertex 104 -19.1 5.4
      vertex 104 24.7 3
    endloop
  endfacet
  facet normal -1 -0 0
    outer loop
      vertex 104 -23.1 5.4
      vertex 104 -27.5 3
      vertex 104 -23.1 7.4
    endloop
  endfacet
  facet normal -1 -0 0
    outer loop
      vertex 104 -19.1 5.4
      vertex 104 -27.5 3
      vertex 104 -23.1 5.4
    endloop
  endfacet
  facet normal -1 0 0
    outer loop
      vertex 104 24.7 3
      vertex 104 -19.1 7.4
      vertex 104 24.7 150
    endloop
  endfacet
  facet normal -1 0 0
    outer loop
      vertex 104 -27.5 150
      vertex 104 -19.1 7.4
      vertex 104 -23.1 7.4
    endloop
  endfacet
  facet normal -1 0 0
    outer loop
      vertex 104 -27.5 150
      vertex 104 -23.1 7.4
      vertex 104 -27.5 3
    endloop
  endfacet
  facet normal -1 0 0
    outer loop
      vertex 104 -19.1 7.4
      vertex 104 -27.5 150
      vertex 104 24.7 150
    endloop
  endfacet
  facet normal 0 0 1
    outer loop
      vertex 104 24.7 3
      vertex 101.6 -19.1 3
      vertex 104 -27.5 3
    endloop
  endfacet
  facet normal 0 0 1
    outer loop
      vertex 104 24.7 3
      vertex 99.6 -19.1 3
      vertex 101.6 -19.1 3
    endloop
  endfacet
  facet normal 0 0 1
    outer loop
      vertex 99.6 -19.1 3
      vertex -99.6 -19.1 3
      vertex 99.6 -23.1 3
    endloop
  endfacet
  facet normal 0 0 1
    outer loop
      vertex 104 24.7 3
      vertex -99.6 -19.1 3
      vertex 99.6 -19.1 3
    endloop
  endfacet
  facet normal -0 0 1
    outer loop
      vertex -104 24.7 3
      vertex -99.6 -19.1 3
      vertex 104 24.7 3
    endloop
  endfacet
  facet normal 0 0 1
    outer loop
      vertex -104 -27.5 3
      vertex -101.6 -19.1 3
      vertex -104 24.7 3
    endloop
  endfacet
  facet normal 0 0 1
    outer loop
      vertex -99.6 -19.1 3
      vertex -104 24.7 3
      vertex -101.6 -19.1 3
    endloop
  endfacet
  facet normal -0 0 1
    outer loop
      vertex 101.6 -23.1 3
      vertex 104 -27.5 3
      vertex 101.6 -19.1 3
    endloop
  endfacet
  facet normal -0 0 1
    outer loop
      vertex 99.6 -23.1 3
      vertex 104 -27.5 3
      vertex 101.6 -23.1 3
    endloop
  endfacet
  facet normal 0 0 1
    outer loop
      vertex -99.6 -23.1 3
      vertex 99.6 -23.1 3
      vertex -99.6 -19.1 3
    endloop
  endfacet
  facet normal 0 0 1
    outer loop
      vertex 99.6 -23.1 3
      vertex -99.6 -23.1 3
      vertex 104 -27.5 3
    endloop
  endfacet
  facet normal 0 0 1
    outer loop
      vertex -104 -27.5 3
      vertex -99.6 -23.1 3
      vertex -101.6 -23.1 3
    endloop
  endfacet
  facet normal 0 0 1
    outer loop
      vertex -99.6 -23.1 3
      vertex -104 -27.5 3
      vertex 104 -27.5 3
    endloop
  endfacet
  facet normal 0 0 1
    outer loop
      vertex -101.6 -19.1 3
      vertex -104 -27.5 3
      vertex -101.6 -23.1 3
    endloop
  endfacet
  facet normal 0 -1 0
    outer loop
      vertex -87.7039 24.7 138.543
      vertex -104 24.7 150
      vertex -88.4471 24.7 138.796
    endloop
  endfacet
  facet normal 0 -1 0
    outer loop
      vertex 104 24.7 150
      vertex 89.2168 24.7 138.949
      vertex 90 24.7 139
    endloop
  endfacet
  facet normal 0 -1 0
    outer loop
      vertex -87 24.7 138.196
      vertex -104 24.7 150
      vertex -87.7039 24.7 138.543
    endloop
  endfacet
  facet normal 0 -1 0
    outer loop
      vertex 104 24.7 150
      vertex 88.4471 24.7 138.796
      vertex 89.2168 24.7 138.949
    endloop
  endfacet
  facet normal 0 -1 0
    outer loop
      vertex -104 24.7 150
      vertex -87 24.7 138.196
      vertex 104 24.7 150
    endloop
  endfacet
  facet normal 0 -1 0
    outer loop
      vertex 104 24.7 150
      vertex 87.7039 24.7 138.543
      vertex 88.4471 24.7 138.796
    endloop
  endfacet
  facet normal 0 -1 0
    outer loop
      vertex 87 24.7 138.196
      vertex 104 24.7 150
      vertex -87 24.7 138.196
    endloop
  endfacet
  facet normal 0 -1 0
    outer loop
      vertex 104 24.7 150
      vertex 87 24.7 138.196
      vertex 87.7039 24.7 138.543
    endloop
  endfacet
  facet normal 0 -1 0
    outer loop
      vertex -86.3474 24.7 137.76
      vertex 87 24.7 138.196
      vertex -87 24.7 138.196
    endloop
  endfacet
  facet normal 0 -1 0
    outer loop
      vertex -86.3474 24.7 137.76
      vertex 86.3474 24.7 137.76
      vertex 87 24.7 138.196
    endloop
  endfacet
  facet normal 0 -1 0
    outer loop
      vertex -85.7574 24.7 137.243
      vertex 86.3474 24.7 137.76
      vertex -86.3474 24.7 137.76
    endloop
  endfacet
  facet normal 0 -1 0
    outer loop
      vertex -85.7574 24.7 137.243
      vertex 85.7574 24.7 137.243
      vertex 86.3474 24.7 137.76
    endloop
  endfacet
  facet normal 0 -1 0
    outer loop
      vertex -85.2399 24.7 136.653
      vertex 85.7574 24.7 137.243
      vertex -85.7574 24.7 137.243
    endloop
  endfacet
  facet normal 0 -1 0
    outer loop
      vertex -85.2399 24.7 136.653
      vertex 85.2399 24.7 136.653
      vertex 85.7574 24.7 137.243
    endloop
  endfacet
  facet normal 0 -1 0
    outer loop
      vertex -84.8038 24.7 136
      vertex 85.2399 24.7 136.653
      vertex -85.2399 24.7 136.653
    endloop
  endfacet
  facet normal 0 -1 0
    outer loop
      vertex 85.2399 24.7 136.653
      vertex -84.8038 24.7 136
      vertex 84.8038 24.7 136
    endloop
  endfacet
  facet normal 0 -1 0
    outer loop
      vertex -89.2168 24.7 138.949
      vertex -104 24.7 150
      vertex -90 24.7 139
    endloop
  endfacet
  facet normal 0 -1 0
    outer loop
      vertex -104 24.7 150
      vertex -90.7832 24.7 138.949
      vertex -90 24.7 139
    endloop
  endfacet
  facet normal 0 -1 0
    outer loop
      vertex -104 24.7 150
      vertex -91.5529 24.7 138.796
      vertex -90.7832 24.7 138.949
    endloop
  endfacet
  facet normal 0 -1 0
    outer loop
      vertex -104 24.7 150
      vertex -92.2961 24.7 138.543
      vertex -91.5529 24.7 138.796
    endloop
  endfacet
  facet normal 0 -1 0
    outer loop
      vertex -104 24.7 150
      vertex -93 24.7 138.196
      vertex -92.2961 24.7 138.543
    endloop
  endfacet
  facet normal 0 -1 0
    outer loop
      vertex -104 24.7 150
      vertex -93.6526 24.7 137.76
      vertex -93 24.7 138.196
    endloop
  endfacet
  facet normal 0 -1 0
    outer loop
      vertex -104 24.7 150
      vertex -94.2426 24.7 137.243
      vertex -93.6526 24.7 137.76
    endloop
  endfacet
  facet normal 0 -1 0
    outer loop
      vertex -104 24.7 150
      vertex -94.7601 24.7 136.653
      vertex -94.2426 24.7 137.243
    endloop
  endfacet
  facet normal 0 -1 0
    outer loop
      vertex -104 24.7 150
      vertex -95.1962 24.7 136
      vertex -94.7601 24.7 136.653
    endloop
  endfacet
  facet normal 0 -1 0
    outer loop
      vertex -104 24.7 150
      vertex -95.5433 24.7 135.296
      vertex -95.1962 24.7 136
    endloop
  endfacet
  facet normal 0 -1 0
    outer loop
      vertex -104 24.7 150
      vertex -95.7956 24.7 134.553
      vertex -95.5433 24.7 135.296
    endloop
  endfacet
  facet normal 0 -1 0
    outer loop
      vertex -104 24.7 150
      vertex -95.9487 24.7 133.783
      vertex -95.7956 24.7 134.553
    endloop
  endfacet
  facet normal 0 -1 0
    outer loop
      vertex -104 24.7 150
      vertex -96 24.7 133
      vertex -95.9487 24.7 133.783
    endloop
  endfacet
  facet normal 0 -1 0
    outer loop
      vertex -104 24.7 150
      vertex -95.9487 24.7 132.217
      vertex -96 24.7 133
    endloop
  endfacet
  facet normal 0 -1 0
    outer loop
      vertex -104 24.7 150
      vertex -95.7956 24.7 131.447
      vertex -95.9487 24.7 132.217
    endloop
  endfacet
  facet normal 0 -1 0
    outer loop
      vertex -104 24.7 150
      vertex -95.5433 24.7 130.704
      vertex -95.7956 24.7 131.447
    endloop
  endfacet
  facet normal 0 -1 0
    outer loop
      vertex -93.6526 24.7 128.24
      vertex -93 24.7 22.1962
      vertex -93 24.7 127.804
    endloop
  endfacet
  facet normal 0 -1 0
    outer loop
      vertex -93.6526 24.7 21.7601
      vertex -93.6526 24.7 128.24
      vertex -94.2426 24.7 128.757
    endloop
  endfacet
  facet normal 0 -1 0
    outer loop
      vertex -94.2426 24.7 21.2426
      vertex -94.2426 24.7 128.757
      vertex -94.7601 24.7 129.347
    endloop
  endfacet
  facet normal 0 -1 0
    outer loop
      vertex -94.7601 24.7 20.6526
      vertex -94.7601 24.7 129.347
      vertex -95.1962 24.7 130
    endloop
  endfacet
  facet normal 0 -1 0
    outer loop
      vertex -95.1962 24.7 20
      vertex -95.1962 24.7 130
      vertex -95.5433 24.7 130.704
    endloop
  endfacet
  facet normal 0 -1 0
    outer loop
      vertex -104 24.7 3
      vertex -95.5433 24.7 130.704
      vertex -104 24.7 150
    endloop
  endfacet
  facet normal 0 -1 0
    outer loop
      vertex -93.6526 24.7 128.24
      vertex -93.6526 24.7 21.7601
      vertex -93 24.7 22.1962
    endloop
  endfacet
  facet normal 0 -1 0
    outer loop
      vertex -94.2426 24.7 128.757
      vertex -94.2426 24.7 21.2426
      vertex -93.6526 24.7 21.7601
    endloop
  endfacet
  facet normal 0 -1 0
    outer loop
      vertex -94.7601 24.7 129.347
      vertex -94.7601 24.7 20.6526
      vertex -94.2426 24.7 21.2426
    endloop
  endfacet
  facet normal 0 -1 0
    outer loop
      vertex -95.1962 24.7 130
      vertex -95.1962 24.7 20
      vertex -94.7601 24.7 20.6526
    endloop
  endfacet
  facet normal 0 -1 0
    outer loop
      vertex -95.5433 24.7 130.704
      vertex -95.5433 24.7 19.2961
      vertex -95.1962 24.7 20
    endloop
  endfacet
  facet normal 0 -1 -0
    outer loop
      vertex -95.5433 24.7 130.704
      vertex -104 24.7 3
      vertex -95.5433 24.7 19.2961
    endloop
  endfacet
  facet normal 0 -1 0
    outer loop
      vertex -95.5433 24.7 19.2961
      vertex -104 24.7 3
      vertex -95.7956 24.7 18.5529
    endloop
  endfacet
  facet normal 0 -1 0
    outer loop
      vertex -95.7956 24.7 18.5529
      vertex -104 24.7 3
      vertex -95.9487 24.7 17.7832
    endloop
  endfacet
  facet normal 0 -1 0
    outer loop
      vertex 88.4471 24.7 11.2044
      vertex 104 24.7 3
      vertex 89.2168 24.7 11.0513
    endloop
  endfacet
  facet normal 0 -1 -0
    outer loop
      vertex -90.7832 24.7 11.0513
      vertex -104 24.7 3
      vertex -90 24.7 11
    endloop
  endfacet
  facet normal 0 -1 -0
    outer loop
      vertex -91.5529 24.7 11.2044
      vertex -104 24.7 3
      vertex -90.7832 24.7 11.0513
    endloop
  endfacet
  facet normal 0 -1 -0
    outer loop
      vertex -92.2961 24.7 11.4567
      vertex -104 24.7 3
      vertex -91.5529 24.7 11.2044
    endloop
  endfacet
  facet normal 0 -1 -0
    outer loop
      vertex -93 24.7 11.8038
      vertex -104 24.7 3
      vertex -92.2961 24.7 11.4567
    endloop
  endfacet
  facet normal 0 -1 -0
    outer loop
      vertex -93.6526 24.7 12.2399
      vertex -104 24.7 3
      vertex -93 24.7 11.8038
    endloop
  endfacet
  facet normal 0 -1 -0
    outer loop
      vertex -94.2426 24.7 12.7574
      vertex -104 24.7 3
      vertex -93.6526 24.7 12.2399
    endloop
  endfacet
  facet normal 0 -1 -0
    outer loop
      vertex -94.7601 24.7 13.3474
      vertex -104 24.7 3
      vertex -94.2426 24.7 12.7574
    endloop
  endfacet
  facet normal 0 -1 -0
    outer loop
      vertex -95.1962 24.7 14
      vertex -104 24.7 3
      vertex -94.7601 24.7 13.3474
    endloop
  endfacet
  facet normal 0 -1 -0
    outer loop
      vertex -95.5433 24.7 14.7039
      vertex -104 24.7 3
      vertex -95.1962 24.7 14
    endloop
  endfacet
  facet normal 0 -1 -0
    outer loop
      vertex -95.7956 24.7 15.4471
      vertex -104 24.7 3
      vertex -95.5433 24.7 14.7039
    endloop
  endfacet
  facet normal 0 -1 -0
    outer loop
      vertex -95.9487 24.7 16.2168
      vertex -104 24.7 3
      vertex -95.7956 24.7 15.4471
    endloop
  endfacet
  facet normal 0 -1 -0
    outer loop
      vertex -96 24.7 17
      vertex -104 24.7 3
      vertex -95.9487 24.7 16.2168
    endloop
  endfacet
  facet normal 0 -1 0
    outer loop
      vertex -95.9487 24.7 17.7832
      vertex -104 24.7 3
      vertex -96 24.7 17
    endloop
  endfacet
  facet normal 0 -1 0
    outer loop
      vertex -88.4471 24.7 138.796
      vertex -104 24.7 150
      vertex -89.2168 24.7 138.949
    endloop
  endfacet
  facet normal 0 -1 0
    outer loop
      vertex 90.7832 24.7 138.949
      vertex 104 24.7 150
      vertex 90 24.7 139
    endloop
  endfacet
  facet normal 0 -1 0
    outer loop
      vertex 91.5529 24.7 138.796
      vertex 104 24.7 150
      vertex 90.7832 24.7 138.949
    endloop
  endfacet
  facet normal 0 -1 0
    outer loop
      vertex 92.2961 24.7 138.543
      vertex 104 24.7 150
      vertex 91.5529 24.7 138.796
    endloop
  endfacet
  facet normal 0 -1 0
    outer loop
      vertex 93 24.7 138.196
      vertex 104 24.7 150
      vertex 92.2961 24.7 138.543
    endloop
  endfacet
  facet normal 0 -1 0
    outer loop
      vertex 93.6526 24.7 137.76
      vertex 104 24.7 150
      vertex 93 24.7 138.196
    endloop
  endfacet
  facet normal 0 -1 0
    outer loop
      vertex 94.2426 24.7 137.243
      vertex 104 24.7 150
      vertex 93.6526 24.7 137.76
    endloop
  endfacet
  facet normal 0 -1 0
    outer loop
      vertex 94.7601 24.7 136.653
      vertex 104 24.7 150
      vertex 94.2426 24.7 137.243
    endloop
  endfacet
  facet normal 0 -1 0
    outer loop
      vertex 95.1962 24.7 136
      vertex 104 24.7 150
      vertex 94.7601 24.7 136.653
    endloop
  endfacet
  facet normal 0 -1 0
    outer loop
      vertex 95.5433 24.7 135.296
      vertex 104 24.7 150
      vertex 95.1962 24.7 136
    endloop
  endfacet
  facet normal 0 -1 0
    outer loop
      vertex 95.7956 24.7 134.553
      vertex 104 24.7 150
      vertex 95.5433 24.7 135.296
    endloop
  endfacet
  facet normal 0 -1 0
    outer loop
      vertex 95.9487 24.7 133.783
      vertex 104 24.7 150
      vertex 95.7956 24.7 134.553
    endloop
  endfacet
  facet normal 0 -1 0
    outer loop
      vertex 96 24.7 133
      vertex 104 24.7 150
      vertex 95.9487 24.7 133.783
    endloop
  endfacet
  facet normal 0 -1 0
    outer loop
      vertex 95.9487 24.7 132.217
      vertex 104 24.7 150
      vertex 96 24.7 133
    endloop
  endfacet
  facet normal 0 -1 0
    outer loop
      vertex 95.7956 24.7 131.447
      vertex 104 24.7 150
      vertex 95.9487 24.7 132.217
    endloop
  endfacet
  facet normal 0 -1 0
    outer loop
      vertex 95.5433 24.7 130.704
      vertex 104 24.7 150
      vertex 95.7956 24.7 131.447
    endloop
  endfacet
  facet normal 0 -1 0
    outer loop
      vertex 93 24.7 22.1962
      vertex 93.6526 24.7 128.24
      vertex 93 24.7 127.804
    endloop
  endfacet
  facet normal 0 -1 0
    outer loop
      vertex 93.6526 24.7 21.7601
      vertex 93.6526 24.7 128.24
      vertex 93 24.7 22.1962
    endloop
  endfacet
  facet normal 0 -1 0
    outer loop
      vertex 93.6526 24.7 128.24
      vertex 93.6526 24.7 21.7601
      vertex 94.2426 24.7 128.757
    endloop
  endfacet
  facet normal 0 -1 0
    outer loop
      vertex 94.2426 24.7 21.2426
      vertex 94.2426 24.7 128.757
      vertex 93.6526 24.7 21.7601
    endloop
  endfacet
  facet normal 0 -1 0
    outer loop
      vertex 94.2426 24.7 128.757
      vertex 94.2426 24.7 21.2426
      vertex 94.7601 24.7 129.347
    endloop
  endfacet
  facet normal 0 -1 0
    outer loop
      vertex 94.7601 24.7 20.6526
      vertex 94.7601 24.7 129.347
      vertex 94.2426 24.7 21.2426
    endloop
  endfacet
  facet normal 0 -1 0
    outer loop
      vertex 94.7601 24.7 129.347
      vertex 94.7601 24.7 20.6526
      vertex 95.1962 24.7 130
    endloop
  endfacet
  facet normal 0 -1 0
    outer loop
      vertex 95.1962 24.7 20
      vertex 95.1962 24.7 130
      vertex 94.7601 24.7 20.6526
    endloop
  endfacet
  facet normal 0 -1 0
    outer loop
      vertex 95.1962 24.7 130
      vertex 95.1962 24.7 20
      vertex 95.5433 24.7 130.704
    endloop
  endfacet
  facet normal 0 -1 0
    outer loop
      vertex 95.5433 24.7 19.2961
      vertex 95.5433 24.7 130.704
      vertex 95.1962 24.7 20
    endloop
  endfacet
  facet normal 0 -1 0
    outer loop
      vertex 104 24.7 3
      vertex 95.5433 24.7 130.704
      vertex 95.5433 24.7 19.2961
    endloop
  endfacet
  facet normal 0 -1 0
    outer loop
      vertex 104 24.7 3
      vertex 95.5433 24.7 19.2961
      vertex 95.7956 24.7 18.5529
    endloop
  endfacet
  facet normal 0 -1 0
    outer loop
      vertex 104 24.7 3
      vertex 95.7956 24.7 18.5529
      vertex 95.9487 24.7 17.7832
    endloop
  endfacet
  facet normal 0 -1 0
    outer loop
      vertex 104 24.7 3
      vertex 95.9487 24.7 17.7832
      vertex 96 24.7 17
    endloop
  endfacet
  facet normal 0 -1 0
    outer loop
      vertex 95.5433 24.7 130.704
      vertex 104 24.7 3
      vertex 104 24.7 150
    endloop
  endfacet
  facet normal 0 -1 0
    outer loop
      vertex 95.9487 24.7 16.2168
      vertex 104 24.7 3
      vertex 96 24.7 17
    endloop
  endfacet
  facet normal 0 -1 0
    outer loop
      vertex 95.7956 24.7 15.4471
      vertex 104 24.7 3
      vertex 95.9487 24.7 16.2168
    endloop
  endfacet
  facet normal 0 -1 0
    outer loop
      vertex 95.5433 24.7 14.7039
      vertex 104 24.7 3
      vertex 95.7956 24.7 15.4471
    endloop
  endfacet
  facet normal 0 -1 0
    outer loop
      vertex 95.1962 24.7 14
      vertex 104 24.7 3
      vertex 95.5433 24.7 14.7039
    endloop
  endfacet
  facet normal 0 -1 0
    outer loop
      vertex 94.7601 24.7 13.3474
      vertex 104 24.7 3
      vertex 95.1962 24.7 14
    endloop
  endfacet
  facet normal 0 -1 0
    outer loop
      vertex 94.2426 24.7 12.7574
      vertex 104 24.7 3
      vertex 94.7601 24.7 13.3474
    endloop
  endfacet
  facet normal 0 -1 0
    outer loop
      vertex 93.6526 24.7 12.2399
      vertex 104 24.7 3
      vertex 94.2426 24.7 12.7574
    endloop
  endfacet
  facet normal 0 -1 0
    outer loop
      vertex 93 24.7 11.8038
      vertex 104 24.7 3
      vertex 93.6526 24.7 12.2399
    endloop
  endfacet
  facet normal 0 -1 0
    outer loop
      vertex 92.2961 24.7 11.4567
      vertex 104 24.7 3
      vertex 93 24.7 11.8038
    endloop
  endfacet
  facet normal 0 -1 0
    outer loop
      vertex 91.5529 24.7 11.2044
      vertex 104 24.7 3
      vertex 92.2961 24.7 11.4567
    endloop
  endfacet
  facet normal 0 -1 0
    outer loop
      vertex 90.7832 24.7 11.0513
      vertex 104 24.7 3
      vertex 91.5529 24.7 11.2044
    endloop
  endfacet
  facet normal 0 -1 0
    outer loop
      vertex 90 24.7 11
      vertex 104 24.7 3
      vertex 90.7832 24.7 11.0513
    endloop
  endfacet
  facet normal 0 -1 0
    outer loop
      vertex 89.2168 24.7 11.0513
      vertex 104 24.7 3
      vertex 90 24.7 11
    endloop
  endfacet
  facet normal 0 -1 0
    outer loop
      vertex -85.2399 24.7 13.3474
      vertex 84.8038 24.7 14
      vertex -84.8038 24.7 14
    endloop
  endfacet
  facet normal 0 -1 0
    outer loop
      vertex -85.2399 24.7 13.3474
      vertex 85.2399 24.7 13.3474
      vertex 84.8038 24.7 14
    endloop
  endfacet
  facet normal 0 -1 0
    outer loop
      vertex -85.7574 24.7 12.7574
      vertex 85.2399 24.7 13.3474
      vertex -85.2399 24.7 13.3474
    endloop
  endfacet
  facet normal 0 -1 0
    outer loop
      vertex -85.7574 24.7 12.7574
      vertex 85.7574 24.7 12.7574
      vertex 85.2399 24.7 13.3474
    endloop
  endfacet
  facet normal 0 -1 0
    outer loop
      vertex -86.3474 24.7 12.2399
      vertex 85.7574 24.7 12.7574
      vertex -85.7574 24.7 12.7574
    endloop
  endfacet
  facet normal 0 -1 0
    outer loop
      vertex -86.3474 24.7 12.2399
      vertex 86.3474 24.7 12.2399
      vertex 85.7574 24.7 12.7574
    endloop
  endfacet
  facet normal 0 -1 0
    outer loop
      vertex -87 24.7 11.8038
      vertex 86.3474 24.7 12.2399
      vertex -86.3474 24.7 12.2399
    endloop
  endfacet
  facet normal 0 -1 0
    outer loop
      vertex -87 24.7 11.8038
      vertex 87 24.7 11.8038
      vertex 86.3474 24.7 12.2399
    endloop
  endfacet
  facet normal 0 -1 0
    outer loop
      vertex -87.7039 24.7 11.4567
      vertex 87 24.7 11.8038
      vertex -87 24.7 11.8038
    endloop
  endfacet
  facet normal 0 -1 0
    outer loop
      vertex -87.7039 24.7 11.4567
      vertex 87.7039 24.7 11.4567
      vertex 87 24.7 11.8038
    endloop
  endfacet
  facet normal 0 -1 0
    outer loop
      vertex -104 24.7 3
      vertex -87.7039 24.7 11.4567
      vertex -88.4471 24.7 11.2044
    endloop
  endfacet
  facet normal 0 -1 -0
    outer loop
      vertex -87.7039 24.7 11.4567
      vertex -104 24.7 3
      vertex 87.7039 24.7 11.4567
    endloop
  endfacet
  facet normal 0 -1 0
    outer loop
      vertex -104 24.7 3
      vertex -88.4471 24.7 11.2044
      vertex -89.2168 24.7 11.0513
    endloop
  endfacet
  facet normal 0 -1 0
    outer loop
      vertex 104 24.7 3
      vertex 87.7039 24.7 11.4567
      vertex -104 24.7 3
    endloop
  endfacet
  facet normal 0 -1 0
    outer loop
      vertex -104 24.7 3
      vertex -89.2168 24.7 11.0513
      vertex -90 24.7 11
    endloop
  endfacet
  facet normal 0 -1 0
    outer loop
      vertex 87.7039 24.7 11.4567
      vertex 104 24.7 3
      vertex 88.4471 24.7 11.2044
    endloop
  endfacet
  facet normal 1 -0 0
    outer loop
      vertex -93 24.7 127.804
      vertex -93 27.5 22.1962
      vertex -93 27.5 127.804
    endloop
  endfacet
  facet normal 1 0 0
    outer loop
      vertex -93 27.5 22.1962
      vertex -93 24.7 127.804
      vertex -93 24.7 22.1962
    endloop
  endfacet
  facet normal 0 0 -1
    outer loop
      vertex -84.8038 24.7 136
      vertex 84.8038 27.5 136
      vertex 84.8038 24.7 136
    endloop
  endfacet
  facet normal -0 0 -1
    outer loop
      vertex 84.8038 27.5 136
      vertex -84.8038 24.7 136
      vertex -84.8038 27.5 136
    endloop
  endfacet
  facet normal -1 0 0
    outer loop
      vertex 93 24.7 22.1962
      vertex 93 27.5 127.804
      vertex 93 27.5 22.1962
    endloop
  endfacet
  facet normal -1 -0 0
    outer loop
      vertex 93 27.5 127.804
      vertex 93 24.7 22.1962
      vertex 93 24.7 127.804
    endloop
  endfacet
  facet normal -0 0 1
    outer loop
      vertex -84.8038 27.5 14
      vertex 84.8038 24.7 14
      vertex 84.8038 27.5 14
    endloop
  endfacet
  facet normal 0 0 1
    outer loop
      vertex 84.8038 24.7 14
      vertex -84.8038 27.5 14
      vertex -84.8038 24.7 14
    endloop
  endfacet
  facet normal -1 0 0
    outer loop
      vertex -101.6 -23.1 3
      vertex -101.6 -19.1 5.4
      vertex -101.6 -19.1 3
    endloop
  endfacet
  facet normal -1 -0 0
    outer loop
      vertex -101.6 -19.1 5.4
      vertex -101.6 -23.1 3
      vertex -101.6 -23.1 5.4
    endloop
  endfacet
  facet normal -1 0 0
    outer loop
      vertex -101.6 -23.1 7.4
      vertex -101.6 -19.1 147
      vertex -101.6 -19.1 7.4
    endloop
  endfacet
  facet normal -1 -0 0
    outer loop
      vertex -101.6 -19.1 147
      vertex -101.6 -23.1 7.4
      vertex -101.6 -23.1 147
    endloop
  endfacet
  facet normal -0 0 1
    outer loop
      vertex -101.6 -19.1 147
      vertex -99.6 -23.1 147
      vertex -99.6 -19.1 147
    endloop
  endfacet
  facet normal 0 0 1
    outer loop
      vertex -99.6 -23.1 147
      vertex -101.6 -19.1 147
      vertex -101.6 -23.1 147
    endloop
  endfacet
  facet normal 1 -0 0
    outer loop
      vertex -99.6 -23.1 147
      vertex -99.6 -19.1 7.4
      vertex -99.6 -19.1 147
    endloop
  endfacet
  facet normal 1 0 0
    outer loop
      vertex -99.6 -19.1 7.4
      vertex -99.6 -23.1 147
      vertex -99.6 -23.1 7.4
    endloop
  endfacet
  facet normal 1 -0 0
    outer loop
      vertex -99.6 -23.1 5.4
      vertex -99.6 -19.1 3
      vertex -99.6 -19.1 5.4
    endloop
  endfacet
  facet normal 1 0 0
    outer loop
      vertex -99.6 -19.1 3
      vertex -99.6 -23.1 5.4
      vertex -99.6 -23.1 3
    endloop
  endfacet
  facet normal 0 1 -0
    outer loop
      vertex -99.6 -19.1 3
      vertex -101.6 -19.1 5.4
      vertex -99.6 -19.1 5.4
    endloop
  endfacet
  facet normal 0 1 0
    outer loop
      vertex -101.6 -19.1 5.4
      vertex -99.6 -19.1 3
      vertex -101.6 -19.1 3
    endloop
  endfacet
  facet normal 0 1 -0
    outer loop
      vertex 101.6 -19.1 3
      vertex 99.6 -19.1 5.4
      vertex 101.6 -19.1 5.4
    endloop
  endfacet
  facet normal 0 1 0
    outer loop
      vertex 99.6 -19.1 5.4
      vertex 101.6 -19.1 3
      vertex 99.6 -19.1 3
    endloop
  endfacet
  facet normal 0 1 0
    outer loop
      vertex 101.6 -19.1 5.4
      vertex 101.6 -19.1 7.4
      vertex 104 -19.1 7.4
    endloop
  endfacet
  facet normal 0 1 0
    outer loop
      vertex 101.6 -19.1 7.4
      vertex 101.6 -19.1 5.4
      vertex 99.6 -19.1 7.4
    endloop
  endfacet
  facet normal 0 1 0
    outer loop
      vertex 99.6 -19.1 7.4
      vertex 99.6 -19.1 5.4
      vertex -99.6 -19.1 7.4
    endloop
  endfacet
  facet normal 0 1 0
    outer loop
      vertex -99.6 -19.1 5.4
      vertex -99.6 -19.1 7.4
      vertex 99.6 -19.1 5.4
    endloop
  endfacet
  facet normal 0 1 0
    outer loop
      vertex 101.6 -19.1 5.4
      vertex 104 -19.1 7.4
      vertex 104 -19.1 5.4
    endloop
  endfacet
  facet normal 0 1 0
    outer loop
      vertex 99.6 -19.1 7.4
      vertex 101.6 -19.1 5.4
      vertex 99.6 -19.1 5.4
    endloop
  endfacet
  facet normal 0 1 0
    outer loop
      vertex -99.6 -19.1 7.4
      vertex -99.6 -19.1 5.4
      vertex -101.6 -19.1 7.4
    endloop
  endfacet
  facet normal 0 1 0
    outer loop
      vertex -101.6 -19.1 5.4
      vertex -101.6 -19.1 7.4
      vertex -99.6 -19.1 5.4
    endloop
  endfacet
  facet normal 0 1 0
    outer loop
      vertex -101.6 -19.1 7.4
      vertex -101.6 -19.1 5.4
      vertex -104 -19.1 7.4
    endloop
  endfacet
  facet normal 0 1 0
    outer loop
      vertex -104 -19.1 7.4
      vertex -101.6 -19.1 5.4
      vertex -104 -19.1 5.4
    endloop
  endfacet
  facet normal 0 1 -0
    outer loop
      vertex 101.6 -19.1 7.4
      vertex 99.6 -19.1 147
      vertex 101.6 -19.1 147
    endloop
  endfacet
  facet normal 0 1 0
    outer loop
      vertex 99.6 -19.1 147
      vertex 101.6 -19.1 7.4
      vertex 99.6 -19.1 7.4
    endloop
  endfacet
  facet normal 0 1 -0
    outer loop
      vertex -99.6 -19.1 7.4
      vertex -101.6 -19.1 147
      vertex -99.6 -19.1 147
    endloop
  endfacet
  facet normal 0 1 0
    outer loop
      vertex -101.6 -19.1 147
      vertex -99.6 -19.1 7.4
      vertex -101.6 -19.1 7.4
    endloop
  endfacet
  facet normal 0 -1 0
    outer loop
      vertex 99.6 -23.1 3
      vertex 101.6 -23.1 5.4
      vertex 99.6 -23.1 5.4
    endloop
  endfacet
  facet normal 0 -1 -0
    outer loop
      vertex 101.6 -23.1 5.4
      vertex 99.6 -23.1 3
      vertex 101.6 -23.1 3
    endloop
  endfacet
  facet normal 0 -1 0
    outer loop
      vertex -101.6 -23.1 3
      vertex -99.6 -23.1 5.4
      vertex -101.6 -23.1 5.4
    endloop
  endfacet
  facet normal 0 -1 -0
    outer loop
      vertex -99.6 -23.1 5.4
      vertex -101.6 -23.1 3
      vertex -99.6 -23.1 3
    endloop
  endfacet
  facet normal 0 -1 0
    outer loop
      vertex -101.6 -23.1 5.4
      vertex -101.6 -23.1 7.4
      vertex -104 -23.1 7.4
    endloop
  endfacet
  facet normal 0 -1 0
    outer loop
      vertex -101.6 -23.1 7.4
      vertex -101.6 -23.1 5.4
      vertex -99.6 -23.1 7.4
    endloop
  endfacet
  facet normal 0 -1 0
    outer loop
      vertex -99.6 -23.1 7.4
      vertex -99.6 -23.1 5.4
      vertex 99.6 -23.1 7.4
    endloop
  endfacet
  facet normal 0 -1 0
    outer loop
      vertex 99.6 -23.1 5.4
      vertex 99.6 -23.1 7.4
      vertex -99.6 -23.1 5.4
    endloop
  endfacet
  facet normal 0 -1 0
    outer loop
      vertex -101.6 -23.1 5.4
      vertex -104 -23.1 7.4
      vertex -104 -23.1 5.4
    endloop
  endfacet
  facet normal 0 -1 -0
    outer loop
      vertex -99.6 -23.1 7.4
      vertex -101.6 -23.1 5.4
      vertex -99.6 -23.1 5.4
    endloop
  endfacet
  facet normal 0 -1 0
    outer loop
      vertex 99.6 -23.1 7.4
      vertex 99.6 -23.1 5.4
      vertex 101.6 -23.1 7.4
    endloop
  endfacet
  facet normal 0 -1 0
    outer loop
      vertex 101.6 -23.1 5.4
      vertex 101.6 -23.1 7.4
      vertex 99.6 -23.1 5.4
    endloop
  endfacet
  facet normal 0 -1 0
    outer loop
      vertex 101.6 -23.1 7.4
      vertex 101.6 -23.1 5.4
      vertex 104 -23.1 7.4
    endloop
  endfacet
  facet normal 0 -1 -0
    outer loop
      vertex 104 -23.1 7.4
      vertex 101.6 -23.1 5.4
      vertex 104 -23.1 5.4
    endloop
  endfacet
  facet normal 0 -1 0
    outer loop
      vertex -101.6 -23.1 7.4
      vertex -99.6 -23.1 147
      vertex -101.6 -23.1 147
    endloop
  endfacet
  facet normal 0 -1 -0
    outer loop
      vertex -99.6 -23.1 147
      vertex -101.6 -23.1 7.4
      vertex -99.6 -23.1 7.4
    endloop
  endfacet
  facet normal 0 -1 0
    outer loop
      vertex 99.6 -23.1 7.4
      vertex 101.6 -23.1 147
      vertex 99.6 -23.1 147
    endloop
  endfacet
  facet normal 0 -1 -0
    outer loop
      vertex 101.6 -23.1 147
      vertex 99.6 -23.1 7.4
      vertex 101.6 -23.1 7.4
    endloop
  endfacet
  facet normal -1 0 0
    outer loop
      vertex 99.6 -23.1 3
      vertex 99.6 -19.1 5.4
      vertex 99.6 -19.1 3
    endloop
  endfacet
  facet normal -1 -0 0
    outer loop
      vertex 99.6 -19.1 5.4
      vertex 99.6 -23.1 3
      vertex 99.6 -23.1 5.4
    endloop
  endfacet
  facet normal -1 0 0
    outer loop
      vertex 99.6 -23.1 7.4
      vertex 99.6 -19.1 147
      vertex 99.6 -19.1 7.4
    endloop
  endfacet
  facet normal -1 -0 0
    outer loop
      vertex 99.6 -19.1 147
      vertex 99.6 -23.1 7.4
      vertex 99.6 -23.1 147
    endloop
  endfacet
  facet normal -0 0 1
    outer loop
      vertex 99.6 -19.1 147
      vertex 101.6 -23.1 147
      vertex 101.6 -19.1 147
    endloop
  endfacet
  facet normal 0 0 1
    outer loop
      vertex 101.6 -23.1 147
      vertex 99.6 -19.1 147
      vertex 99.6 -23.1 147
    endloop
  endfacet
  facet normal 1 -0 0
    outer loop
      vertex 101.6 -23.1 147
      vertex 101.6 -19.1 7.4
      vertex 101.6 -19.1 147
    endloop
  endfacet
  facet normal 1 0 0
    outer loop
      vertex 101.6 -19.1 7.4
      vertex 101.6 -23.1 147
      vertex 101.6 -23.1 7.4
    endloop
  endfacet
  facet normal 1 -0 0
    outer loop
      vertex 101.6 -23.1 5.4
      vertex 101.6 -19.1 3
      vertex 101.6 -19.1 5.4
    endloop
  endfacet
  facet normal 1 0 0
    outer loop
      vertex 101.6 -19.1 3
      vertex 101.6 -23.1 5.4
      vertex 101.6 -23.1 3
    endloop
  endfacet
  facet normal -0 0 1
    outer loop
      vertex 101.6 -19.1 7.4
      vertex 104 -23.1 7.4
      vertex 104 -19.1 7.4
    endloop
  endfacet
  facet normal 0 0 1
    outer loop
      vertex 104 -23.1 7.4
      vertex 101.6 -19.1 7.4
      vertex 101.6 -23.1 7.4
    endloop
  endfacet
  facet normal -0 0 1
    outer loop
      vertex -104 -19.1 7.4
      vertex -101.6 -23.1 7.4
      vertex -101.6 -19.1 7.4
    endloop
  endfacet
  facet normal 0 0 1
    outer loop
      vertex -101.6 -23.1 7.4
      vertex -104 -19.1 7.4
      vertex -104 -23.1 7.4
    endloop
  endfacet
  facet normal -0 0 1
    outer loop
      vertex -99.6 -19.1 7.4
      vertex 99.6 -23.1 7.4
      vertex 99.6 -19.1 7.4
    endloop
  endfacet
  facet normal 0 0 1
    outer loop
      vertex 99.6 -23.1 7.4
      vertex -99.6 -19.1 7.4
      vertex -99.6 -23.1 7.4
    endloop
  endfacet
  facet normal 0 0 -1
    outer loop
      vertex -104 -23.1 5.4
      vertex -101.6 -19.1 5.4
      vertex -101.6 -23.1 5.4
    endloop
  endfacet
  facet normal -0 0 -1
    outer loop
      vertex -101.6 -19.1 5.4
      vertex -104 -23.1 5.4
      vertex -104 -19.1 5.4
    endloop
  endfacet
  facet normal 0 0 -1
    outer loop
      vertex 101.6 -23.1 5.4
      vertex 104 -19.1 5.4
      vertex 104 -23.1 5.4
    endloop
  endfacet
  facet normal -0 0 -1
    outer loop
      vertex 104 -19.1 5.4
      vertex 101.6 -23.1 5.4
      vertex 101.6 -19.1 5.4
    endloop
  endfacet
  facet normal 0 0 -1
    outer loop
      vertex -99.6 -23.1 5.4
      vertex 99.6 -19.1 5.4
      vertex 99.6 -23.1 5.4
    endloop
  endfacet
  facet normal -0 0 -1
    outer loop
      vertex 99.6 -19.1 5.4
      vertex -99.6 -23.1 5.4
      vertex -99.6 -19.1 5.4
    endloop
  endfacet
  facet normal 0.997862 -0 0.0653605
    outer loop
      vertex -84.0513 19.5 17.7832
      vertex -84 27.5 17
      vertex -84.0513 27.5 17.7832
    endloop
  endfacet
  facet normal 0.997862 0 0.0653605
    outer loop
      vertex -84 27.5 17
      vertex -84.0513 19.5 17.7832
      vertex -84 19.5 17
    endloop
  endfacet
  facet normal 0.896885 -0 0.442263
    outer loop
      vertex -84.8038 19.5 20
      vertex -84.4567 27.5 19.2961
      vertex -84.8038 27.5 20
    endloop
  endfacet
  facet normal 0.896885 0 0.442263
    outer loop
      vertex -84.4567 27.5 19.2961
      vertex -84.8038 19.5 20
      vertex -84.4567 19.5 19.2961
    endloop
  endfacet
  facet normal -0.32146 0 0.946923
    outer loop
      vertex -92.2961 27.5 22.5433
      vertex -91.5529 19.5 22.7956
      vertex -91.5529 27.5 22.7956
    endloop
  endfacet
  facet normal -0.32146 0 0.946923
    outer loop
      vertex -91.5529 19.5 22.7956
      vertex -92.2961 27.5 22.5433
      vertex -92.2961 19.5 22.5433
    endloop
  endfacet
  facet normal -0.896885 0 0.442263
    outer loop
      vertex -95.5433 19.5 19.2961
      vertex -95.1962 24.7 20
      vertex -95.5433 24.7 19.2961
    endloop
  endfacet
  facet normal -0.896885 0 0.442263
    outer loop
      vertex -95.1962 24.7 20
      vertex -95.5433 19.5 19.2961
      vertex -95.1962 19.5 20
    endloop
  endfacet
  facet normal 0.980786 0 -0.195087
    outer loop
      vertex -84.0513 19.5 16.2168
      vertex -84.2044 27.5 15.4471
      vertex -84.0513 27.5 16.2168
    endloop
  endfacet
  facet normal 0.980786 0 -0.195087
    outer loop
      vertex -84.2044 27.5 15.4471
      vertex -84.0513 19.5 16.2168
      vertex -84.2044 19.5 15.4471
    endloop
  endfacet
  facet normal 0.751787 -0 0.659406
    outer loop
      vertex -85.7574 19.5 21.2426
      vertex -85.2399 27.5 20.6526
      vertex -85.7574 27.5 21.2426
    endloop
  endfacet
  facet normal 0.751787 0 0.659406
    outer loop
      vertex -85.2399 27.5 20.6526
      vertex -85.7574 19.5 21.2426
      vertex -85.2399 19.5 20.6526
    endloop
  endfacet
  facet normal 0.831442 -0 0.555611
    outer loop
      vertex -85.2399 19.5 20.6526
      vertex -84.8038 27.5 20
      vertex -85.2399 27.5 20.6526
    endloop
  endfacet
  facet normal 0.831442 0 0.555611
    outer loop
      vertex -84.8038 27.5 20
      vertex -85.2399 19.5 20.6526
      vertex -84.8038 19.5 20
    endloop
  endfacet
  facet normal -0.195087 0 0.980786
    outer loop
      vertex -91.5529 27.5 22.7956
      vertex -90.7832 19.5 22.9487
      vertex -90.7832 27.5 22.9487
    endloop
  endfacet
  facet normal -0.195087 0 0.980786
    outer loop
      vertex -90.7832 19.5 22.9487
      vertex -91.5529 27.5 22.7956
      vertex -91.5529 19.5 22.7956
    endloop
  endfacet
  facet normal 0.997862 0 -0.0653605
    outer loop
      vertex -84 19.5 17
      vertex -84.0513 27.5 16.2168
      vertex -84 27.5 17
    endloop
  endfacet
  facet normal 0.997862 0 -0.0653605
    outer loop
      vertex -84.0513 27.5 16.2168
      vertex -84 19.5 17
      vertex -84.0513 19.5 16.2168
    endloop
  endfacet
  facet normal 0.555611 0 -0.831442
    outer loop
      vertex -87 19.5 11.8038
      vertex -86.3474 24.7 12.2399
      vertex -86.3474 19.5 12.2399
    endloop
  endfacet
  facet normal 0.555611 0 -0.831442
    outer loop
      vertex -86.3474 24.7 12.2399
      vertex -87 19.5 11.8038
      vertex -87 24.7 11.8038
    endloop
  endfacet
  facet normal -0.896885 0 -0.442263
    outer loop
      vertex -95.1962 19.5 14
      vertex -95.5433 24.7 14.7039
      vertex -95.1962 24.7 14
    endloop
  endfacet
  facet normal -0.896885 -0 -0.442263
    outer loop
      vertex -95.5433 24.7 14.7039
      vertex -95.1962 19.5 14
      vertex -95.5433 19.5 14.7039
    endloop
  endfacet
  facet normal 0.946923 -0 0.32146
    outer loop
      vertex -84.4567 19.5 19.2961
      vertex -84.2044 27.5 18.5529
      vertex -84.4567 27.5 19.2961
    endloop
  endfacet
  facet normal 0.946923 0 0.32146
    outer loop
      vertex -84.2044 27.5 18.5529
      vertex -84.4567 19.5 19.2961
      vertex -84.2044 19.5 18.5529
    endloop
  endfacet
  facet normal 0.0653605 0 0.997862
    outer loop
      vertex -90 27.5 23
      vertex -89.2168 19.5 22.9487
      vertex -89.2168 27.5 22.9487
    endloop
  endfacet
  facet normal 0.0653605 0 0.997862
    outer loop
      vertex -89.2168 19.5 22.9487
      vertex -90 27.5 23
      vertex -90 19.5 23
    endloop
  endfacet
  facet normal 0.32146 0 0.946923
    outer loop
      vertex -88.4471 27.5 22.7956
      vertex -87.7039 19.5 22.5433
      vertex -87.7039 27.5 22.5433
    endloop
  endfacet
  facet normal 0.32146 0 0.946923
    outer loop
      vertex -87.7039 19.5 22.5433
      vertex -88.4471 27.5 22.7956
      vertex -88.4471 19.5 22.7956
    endloop
  endfacet
  facet normal 0.659406 0 0.751787
    outer loop
      vertex -86.3474 27.5 21.7601
      vertex -85.7574 19.5 21.2426
      vertex -85.7574 27.5 21.2426
    endloop
  endfacet
  facet normal 0.659406 0 0.751787
    outer loop
      vertex -85.7574 19.5 21.2426
      vertex -86.3474 27.5 21.7601
      vertex -86.3474 19.5 21.7601
    endloop
  endfacet
  facet normal -0.997862 0 0.0653605
    outer loop
      vertex -96 19.5 17
      vertex -95.9487 24.7 17.7832
      vertex -96 24.7 17
    endloop
  endfacet
  facet normal -0.997862 0 0.0653605
    outer loop
      vertex -95.9487 24.7 17.7832
      vertex -96 19.5 17
      vertex -95.9487 19.5 17.7832
    endloop
  endfacet
  facet normal 0 -1 0
    outer loop
      vertex -90 19.5 18.7
      vertex -90 19.5 23
      vertex -90.7832 19.5 22.9487
    endloop
  endfacet
  facet normal 0 -1 0
    outer loop
      vertex -90.2219 19.5 18.6855
      vertex -90.7832 19.5 22.9487
      vertex -91.5529 19.5 22.7956
    endloop
  endfacet
  facet normal 0 -1 0
    outer loop
      vertex -90 19.5 23
      vertex -90 19.5 18.7
      vertex -89.2168 19.5 22.9487
    endloop
  endfacet
  facet normal 0 -1 0
    outer loop
      vertex -90.44 19.5 18.6421
      vertex -91.5529 19.5 22.7956
      vertex -92.2961 19.5 22.5433
    endloop
  endfacet
  facet normal 0 -1 0
    outer loop
      vertex -89.7781 19.5 18.6855
      vertex -89.2168 19.5 22.9487
      vertex -90 19.5 18.7
    endloop
  endfacet
  facet normal 0 -1 0
    outer loop
      vertex -90.6506 19.5 18.5706
      vertex -92.2961 19.5 22.5433
      vertex -93 19.5 22.1962
    endloop
  endfacet
  facet normal 0 -1 -0
    outer loop
      vertex -89.2168 19.5 22.9487
      vertex -89.7781 19.5 18.6855
      vertex -88.4471 19.5 22.7956
    endloop
  endfacet
  facet normal 0 -1 0
    outer loop
      vertex -90.85 19.5 18.4722
      vertex -93 19.5 22.1962
      vertex -93.6526 19.5 21.7601
    endloop
  endfacet
  facet normal 0 -1 0
    outer loop
      vertex -89.56 19.5 18.6421
      vertex -88.4471 19.5 22.7956
      vertex -89.7781 19.5 18.6855
    endloop
  endfacet
  facet normal 0 -1 0
    outer loop
      vertex -91.0349 19.5 18.3487
      vertex -93.6526 19.5 21.7601
      vertex -94.2426 19.5 21.2426
    endloop
  endfacet
  facet normal 0 -1 -0
    outer loop
      vertex -88.4471 19.5 22.7956
      vertex -89.56 19.5 18.6421
      vertex -87.7039 19.5 22.5433
    endloop
  endfacet
  facet normal 0 -1 0
    outer loop
      vertex -91.2021 19.5 18.2021
      vertex -94.2426 19.5 21.2426
      vertex -94.7601 19.5 20.6526
    endloop
  endfacet
  facet normal 0 -1 0
    outer loop
      vertex -89.3494 19.5 18.5706
      vertex -87.7039 19.5 22.5433
      vertex -89.56 19.5 18.6421
    endloop
  endfacet
  facet normal 0 -1 0
    outer loop
      vertex -91.3487 19.5 18.0349
      vertex -94.7601 19.5 20.6526
      vertex -95.1962 19.5 20
    endloop
  endfacet
  facet normal 0 -1 -0
    outer loop
      vertex -87.7039 19.5 22.5433
      vertex -89.3494 19.5 18.5706
      vertex -87 19.5 22.1962
    endloop
  endfacet
  facet normal 0 -1 0
    outer loop
      vertex -91.4722 19.5 17.85
      vertex -95.1962 19.5 20
      vertex -95.5433 19.5 19.2961
    endloop
  endfacet
  facet normal 0 -1 0
    outer loop
      vertex -89.15 19.5 18.4722
      vertex -87 19.5 22.1962
      vertex -89.3494 19.5 18.5706
    endloop
  endfacet
  facet normal 0 -1 -0
    outer loop
      vertex -87 19.5 22.1962
      vertex -89.15 19.5 18.4722
      vertex -86.3474 19.5 21.7601
    endloop
  endfacet
  facet normal 0 -1 0
    outer loop
      vertex -90.7832 19.5 22.9487
      vertex -90.2219 19.5 18.6855
      vertex -90 19.5 18.7
    endloop
  endfacet
  facet normal 0 -1 0
    outer loop
      vertex -91.5529 19.5 22.7956
      vertex -90.44 19.5 18.6421
      vertex -90.2219 19.5 18.6855
    endloop
  endfacet
  facet normal 0 -1 0
    outer loop
      vertex -92.2961 19.5 22.5433
      vertex -90.6506 19.5 18.5706
      vertex -90.44 19.5 18.6421
    endloop
  endfacet
  facet normal 0 -1 0
    outer loop
      vertex -91.5706 19.5 17.6506
      vertex -95.5433 19.5 19.2961
      vertex -95.7956 19.5 18.5529
    endloop
  endfacet
  facet normal 0 -1 0
    outer loop
      vertex -93 19.5 22.1962
      vertex -90.85 19.5 18.4722
      vertex -90.6506 19.5 18.5706
    endloop
  endfacet
  facet normal 0 -1 0
    outer loop
      vertex -93.6526 19.5 21.7601
      vertex -91.0349 19.5 18.3487
      vertex -90.85 19.5 18.4722
    endloop
  endfacet
  facet normal 0 -1 0
    outer loop
      vertex -94.2426 19.5 21.2426
      vertex -91.2021 19.5 18.2021
      vertex -91.0349 19.5 18.3487
    endloop
  endfacet
  facet normal 0 -1 0
    outer loop
      vertex -94.7601 19.5 20.6526
      vertex -91.3487 19.5 18.0349
      vertex -91.2021 19.5 18.2021
    endloop
  endfacet
  facet normal 0 -1 0
    outer loop
      vertex -95.1962 19.5 20
      vertex -91.4722 19.5 17.85
      vertex -91.3487 19.5 18.0349
    endloop
  endfacet
  facet normal 0 -1 0
    outer loop
      vertex -91.6421 19.5 17.44
      vertex -95.7956 19.5 18.5529
      vertex -95.9487 19.5 17.7832
    endloop
  endfacet
  facet normal 0 -1 0
    outer loop
      vertex -95.5433 19.5 19.2961
      vertex -91.5706 19.5 17.6506
      vertex -91.4722 19.5 17.85
    endloop
  endfacet
  facet normal 0 -1 0
    outer loop
      vertex -95.7956 19.5 18.5529
      vertex -91.6421 19.5 17.44
      vertex -91.5706 19.5 17.6506
    endloop
  endfacet
  facet normal 0 -1 0
    outer loop
      vertex -95.9487 19.5 17.7832
      vertex -91.6855 19.5 17.2219
      vertex -91.6421 19.5 17.44
    endloop
  endfacet
  facet normal 0 -1 0
    outer loop
      vertex -96 19.5 17
      vertex -91.6855 19.5 17.2219
      vertex -95.9487 19.5 17.7832
    endloop
  endfacet
  facet normal 0 -1 0
    outer loop
      vertex -96 19.5 17
      vertex -91.7 19.5 17
      vertex -91.6855 19.5 17.2219
    endloop
  endfacet
  facet normal 0 -1 0
    outer loop
      vertex -96 19.5 17
      vertex -91.6855 19.5 16.7781
      vertex -91.7 19.5 17
    endloop
  endfacet
  facet normal 0 -1 0
    outer loop
      vertex -95.9487 19.5 16.2168
      vertex -91.6855 19.5 16.7781
      vertex -96 19.5 17
    endloop
  endfacet
  facet normal 0 -1 -0
    outer loop
      vertex -91.6855 19.5 16.7781
      vertex -95.9487 19.5 16.2168
      vertex -91.6421 19.5 16.56
    endloop
  endfacet
  facet normal 0 -1 0
    outer loop
      vertex -95.7956 19.5 15.4471
      vertex -91.6421 19.5 16.56
      vertex -95.9487 19.5 16.2168
    endloop
  endfacet
  facet normal 0 -1 -0
    outer loop
      vertex -91.6421 19.5 16.56
      vertex -95.7956 19.5 15.4471
      vertex -91.5706 19.5 16.3494
    endloop
  endfacet
  facet normal 0 -1 0
    outer loop
      vertex -95.5433 19.5 14.7039
      vertex -91.5706 19.5 16.3494
      vertex -95.7956 19.5 15.4471
    endloop
  endfacet
  facet normal 0 -1 -0
    outer loop
      vertex -91.5706 19.5 16.3494
      vertex -95.5433 19.5 14.7039
      vertex -91.4722 19.5 16.15
    endloop
  endfacet
  facet normal 0 -1 0
    outer loop
      vertex -95.1962 19.5 14
      vertex -91.4722 19.5 16.15
      vertex -95.5433 19.5 14.7039
    endloop
  endfacet
  facet normal 0 -1 -0
    outer loop
      vertex -91.4722 19.5 16.15
      vertex -95.1962 19.5 14
      vertex -91.3487 19.5 15.9651
    endloop
  endfacet
  facet normal 0 -1 0
    outer loop
      vertex -94.7601 19.5 13.3474
      vertex -91.3487 19.5 15.9651
      vertex -95.1962 19.5 14
    endloop
  endfacet
  facet normal 0 -1 -0
    outer loop
      vertex -91.3487 19.5 15.9651
      vertex -94.7601 19.5 13.3474
      vertex -91.2021 19.5 15.7979
    endloop
  endfacet
  facet normal 0 -1 0
    outer loop
      vertex -94.2426 19.5 12.7574
      vertex -91.2021 19.5 15.7979
      vertex -94.7601 19.5 13.3474
    endloop
  endfacet
  facet normal 0 -1 -0
    outer loop
      vertex -91.2021 19.5 15.7979
      vertex -94.2426 19.5 12.7574
      vertex -91.0349 19.5 15.6513
    endloop
  endfacet
  facet normal 0 -1 0
    outer loop
      vertex -93.6526 19.5 12.2399
      vertex -91.0349 19.5 15.6513
      vertex -94.2426 19.5 12.7574
    endloop
  endfacet
  facet normal 0 -1 -0
    outer loop
      vertex -91.0349 19.5 15.6513
      vertex -93.6526 19.5 12.2399
      vertex -90.85 19.5 15.5278
    endloop
  endfacet
  facet normal 0 -1 0
    outer loop
      vertex -88.9651 19.5 18.3487
      vertex -86.3474 19.5 21.7601
      vertex -89.15 19.5 18.4722
    endloop
  endfacet
  facet normal 0 -1 -0
    outer loop
      vertex -86.3474 19.5 21.7601
      vertex -88.9651 19.5 18.3487
      vertex -85.7574 19.5 21.2426
    endloop
  endfacet
  facet normal 0 -1 0
    outer loop
      vertex -88.7979 19.5 18.2021
      vertex -85.7574 19.5 21.2426
      vertex -88.9651 19.5 18.3487
    endloop
  endfacet
  facet normal 0 -1 -0
    outer loop
      vertex -85.7574 19.5 21.2426
      vertex -88.7979 19.5 18.2021
      vertex -85.2399 19.5 20.6526
    endloop
  endfacet
  facet normal 0 -1 0
    outer loop
      vertex -88.6513 19.5 18.0349
      vertex -85.2399 19.5 20.6526
      vertex -88.7979 19.5 18.2021
    endloop
  endfacet
  facet normal 0 -1 -0
    outer loop
      vertex -85.2399 19.5 20.6526
      vertex -88.6513 19.5 18.0349
      vertex -84.8038 19.5 20
    endloop
  endfacet
  facet normal 0 -1 0
    outer loop
      vertex -88.5278 19.5 17.85
      vertex -84.8038 19.5 20
      vertex -88.6513 19.5 18.0349
    endloop
  endfacet
  facet normal 0 -1 -0
    outer loop
      vertex -84.8038 19.5 20
      vertex -88.5278 19.5 17.85
      vertex -84.4567 19.5 19.2961
    endloop
  endfacet
  facet normal 0 -1 0
    outer loop
      vertex -88.4294 19.5 17.6506
      vertex -84.4567 19.5 19.2961
      vertex -88.5278 19.5 17.85
    endloop
  endfacet
  facet normal 0 -1 -0
    outer loop
      vertex -84.4567 19.5 19.2961
      vertex -88.4294 19.5 17.6506
      vertex -84.2044 19.5 18.5529
    endloop
  endfacet
  facet normal 0 -1 0
    outer loop
      vertex -88.3579 19.5 17.44
      vertex -84.2044 19.5 18.5529
      vertex -88.4294 19.5 17.6506
    endloop
  endfacet
  facet normal 0 -1 -0
    outer loop
      vertex -84.2044 19.5 18.5529
      vertex -88.3579 19.5 17.44
      vertex -84.0513 19.5 17.7832
    endloop
  endfacet
  facet normal 0 -1 0
    outer loop
      vertex -88.3145 19.5 17.2219
      vertex -84.0513 19.5 17.7832
      vertex -88.3579 19.5 17.44
    endloop
  endfacet
  facet normal 0 -1 0
    outer loop
      vertex -88.3 19.5 17
      vertex -84.0513 19.5 17.7832
      vertex -88.3145 19.5 17.2219
    endloop
  endfacet
  facet normal 0 -1 0
    outer loop
      vertex -88.3 19.5 17
      vertex -84 19.5 17
      vertex -84.0513 19.5 17.7832
    endloop
  endfacet
  facet normal 0 -1 0
    outer loop
      vertex -88.3145 19.5 16.7781
      vertex -84 19.5 17
      vertex -88.3 19.5 17
    endloop
  endfacet
  facet normal 0 -1 0
    outer loop
      vertex -84.0513 19.5 16.2168
      vertex -88.3145 19.5 16.7781
      vertex -88.3579 19.5 16.56
    endloop
  endfacet
  facet normal 0 -1 0
    outer loop
      vertex -84.2044 19.5 15.4471
      vertex -88.3579 19.5 16.56
      vertex -88.4294 19.5 16.3494
    endloop
  endfacet
  facet normal 0 -1 0
    outer loop
      vertex -88.3145 19.5 16.7781
      vertex -84.0513 19.5 16.2168
      vertex -84 19.5 17
    endloop
  endfacet
  facet normal 0 -1 0
    outer loop
      vertex -84.4567 19.5 14.7039
      vertex -88.4294 19.5 16.3494
      vertex -88.5278 19.5 16.15
    endloop
  endfacet
  facet normal 0 -1 0
    outer loop
      vertex -84.8038 19.5 14
      vertex -88.5278 19.5 16.15
      vertex -88.6513 19.5 15.9651
    endloop
  endfacet
  facet normal 0 -1 0
    outer loop
      vertex -85.2399 19.5 13.3474
      vertex -88.6513 19.5 15.9651
      vertex -88.7979 19.5 15.7979
    endloop
  endfacet
  facet normal 0 -1 0
    outer loop
      vertex -85.7574 19.5 12.7574
      vertex -88.7979 19.5 15.7979
      vertex -88.9651 19.5 15.6513
    endloop
  endfacet
  facet normal 0 -1 0
    outer loop
      vertex -86.3474 19.5 12.2399
      vertex -88.9651 19.5 15.6513
      vertex -89.15 19.5 15.5278
    endloop
  endfacet
  facet normal 0 -1 0
    outer loop
      vertex -88.3579 19.5 16.56
      vertex -84.2044 19.5 15.4471
      vertex -84.0513 19.5 16.2168
    endloop
  endfacet
  facet normal 0 -1 0
    outer loop
      vertex -87 19.5 11.8038
      vertex -89.15 19.5 15.5278
      vertex -89.3494 19.5 15.4294
    endloop
  endfacet
  facet normal 0 -1 0
    outer loop
      vertex -87.7039 19.5 11.4567
      vertex -89.3494 19.5 15.4294
      vertex -89.56 19.5 15.3579
    endloop
  endfacet
  facet normal 0 -1 0
    outer loop
      vertex -88.4471 19.5 11.2044
      vertex -89.56 19.5 15.3579
      vertex -89.7781 19.5 15.3145
    endloop
  endfacet
  facet normal 0 -1 0
    outer loop
      vertex -89.2168 19.5 11.0513
      vertex -89.7781 19.5 15.3145
      vertex -90 19.5 15.3
    endloop
  endfacet
  facet normal 0 -1 0
    outer loop
      vertex -93 19.5 11.8038
      vertex -90.85 19.5 15.5278
      vertex -93.6526 19.5 12.2399
    endloop
  endfacet
  facet normal 0 -1 0
    outer loop
      vertex -88.4294 19.5 16.3494
      vertex -84.4567 19.5 14.7039
      vertex -84.2044 19.5 15.4471
    endloop
  endfacet
  facet normal 0 -1 -0
    outer loop
      vertex -90.85 19.5 15.5278
      vertex -93 19.5 11.8038
      vertex -90.6506 19.5 15.4294
    endloop
  endfacet
  facet normal 0 -1 0
    outer loop
      vertex -88.5278 19.5 16.15
      vertex -84.8038 19.5 14
      vertex -84.4567 19.5 14.7039
    endloop
  endfacet
  facet normal 0 -1 0
    outer loop
      vertex -92.2961 19.5 11.4567
      vertex -90.6506 19.5 15.4294
      vertex -93 19.5 11.8038
    endloop
  endfacet
  facet normal 0 -1 0
    outer loop
      vertex -88.6513 19.5 15.9651
      vertex -85.2399 19.5 13.3474
      vertex -84.8038 19.5 14
    endloop
  endfacet
  facet normal 0 -1 -0
    outer loop
      vertex -90.6506 19.5 15.4294
      vertex -92.2961 19.5 11.4567
      vertex -90.44 19.5 15.3579
    endloop
  endfacet
  facet normal 0 -1 0
    outer loop
      vertex -88.7979 19.5 15.7979
      vertex -85.7574 19.5 12.7574
      vertex -85.2399 19.5 13.3474
    endloop
  endfacet
  facet normal 0 -1 0
    outer loop
      vertex -91.5529 19.5 11.2044
      vertex -90.44 19.5 15.3579
      vertex -92.2961 19.5 11.4567
    endloop
  endfacet
  facet normal 0 -1 0
    outer loop
      vertex -88.9651 19.5 15.6513
      vertex -86.3474 19.5 12.2399
      vertex -85.7574 19.5 12.7574
    endloop
  endfacet
  facet normal 0 -1 -0
    outer loop
      vertex -90.44 19.5 15.3579
      vertex -91.5529 19.5 11.2044
      vertex -90.2219 19.5 15.3145
    endloop
  endfacet
  facet normal 0 -1 0
    outer loop
      vertex -89.15 19.5 15.5278
      vertex -87 19.5 11.8038
      vertex -86.3474 19.5 12.2399
    endloop
  endfacet
  facet normal 0 -1 0
    outer loop
      vertex -90.7832 19.5 11.0513
      vertex -90.2219 19.5 15.3145
      vertex -91.5529 19.5 11.2044
    endloop
  endfacet
  facet normal 0 -1 0
    outer loop
      vertex -89.3494 19.5 15.4294
      vertex -87.7039 19.5 11.4567
      vertex -87 19.5 11.8038
    endloop
  endfacet
  facet normal 0 -1 -0
    outer loop
      vertex -90.2219 19.5 15.3145
      vertex -90.7832 19.5 11.0513
      vertex -90 19.5 15.3
    endloop
  endfacet
  facet normal 0 -1 0
    outer loop
      vertex -89.56 19.5 15.3579
      vertex -88.4471 19.5 11.2044
      vertex -87.7039 19.5 11.4567
    endloop
  endfacet
  facet normal 0 -1 0
    outer loop
      vertex -90 19.5 11
      vertex -90 19.5 15.3
      vertex -90.7832 19.5 11.0513
    endloop
  endfacet
  facet normal 0 -1 0
    outer loop
      vertex -89.7781 19.5 15.3145
      vertex -89.2168 19.5 11.0513
      vertex -88.4471 19.5 11.2044
    endloop
  endfacet
  facet normal 0 -1 0
    outer loop
      vertex -90 19.5 15.3
      vertex -90 19.5 11
      vertex -89.2168 19.5 11.0513
    endloop
  endfacet
  facet normal -0.946923 0 0.32146
    outer loop
      vertex -95.7956 19.5 18.5529
      vertex -95.5433 24.7 19.2961
      vertex -95.7956 24.7 18.5529
    endloop
  endfacet
  facet normal -0.946923 0 0.32146
    outer loop
      vertex -95.5433 24.7 19.2961
      vertex -95.7956 19.5 18.5529
      vertex -95.5433 19.5 19.2961
    endloop
  endfacet
  facet normal -0.831442 0 0.555611
    outer loop
      vertex -95.1962 19.5 20
      vertex -94.7601 24.7 20.6526
      vertex -95.1962 24.7 20
    endloop
  endfacet
  facet normal -0.831442 0 0.555611
    outer loop
      vertex -94.7601 24.7 20.6526
      vertex -95.1962 19.5 20
      vertex -94.7601 19.5 20.6526
    endloop
  endfacet
  facet normal -0.751787 0 0.659406
    outer loop
      vertex -94.7601 19.5 20.6526
      vertex -94.2426 24.7 21.2426
      vertex -94.7601 24.7 20.6526
    endloop
  endfacet
  facet normal -0.751787 0 0.659406
    outer loop
      vertex -94.2426 24.7 21.2426
      vertex -94.7601 19.5 20.6526
      vertex -94.2426 19.5 21.2426
    endloop
  endfacet
  facet normal -0.0653605 0 0.997862
    outer loop
      vertex -90.7832 27.5 22.9487
      vertex -90 19.5 23
      vertex -90 27.5 23
    endloop
  endfacet
  facet normal -0.0653605 0 0.997862
    outer loop
      vertex -90 19.5 23
      vertex -90.7832 27.5 22.9487
      vertex -90.7832 19.5 22.9487
    endloop
  endfacet
  facet normal -0.442263 0 0.896885
    outer loop
      vertex -93 24.7 22.1962
      vertex -92.2961 27.5 22.5433
      vertex -93 27.5 22.1962
    endloop
  endfacet
  facet normal -0.442263 0 0.896885
    outer loop
      vertex -92.2961 27.5 22.5433
      vertex -93 24.7 22.1962
      vertex -92.2961 19.5 22.5433
    endloop
  endfacet
  facet normal -0.442263 0 0.896885
    outer loop
      vertex -92.2961 19.5 22.5433
      vertex -93 24.7 22.1962
      vertex -93 19.5 22.1962
    endloop
  endfacet
  facet normal 0.946923 0 -0.32146
    outer loop
      vertex -84.2044 19.5 15.4471
      vertex -84.4567 27.5 14.7039
      vertex -84.2044 27.5 15.4471
    endloop
  endfacet
  facet normal 0.946923 0 -0.32146
    outer loop
      vertex -84.4567 27.5 14.7039
      vertex -84.2044 19.5 15.4471
      vertex -84.4567 19.5 14.7039
    endloop
  endfacet
  facet normal -0.659406 0 -0.751787
    outer loop
      vertex -94.2426 19.5 12.7574
      vertex -93.6526 24.7 12.2399
      vertex -93.6526 19.5 12.2399
    endloop
  endfacet
  facet normal -0.659406 0 -0.751787
    outer loop
      vertex -93.6526 24.7 12.2399
      vertex -94.2426 19.5 12.7574
      vertex -94.2426 24.7 12.7574
    endloop
  endfacet
  facet normal -0.946923 0 -0.32146
    outer loop
      vertex -95.5433 19.5 14.7039
      vertex -95.7956 24.7 15.4471
      vertex -95.5433 24.7 14.7039
    endloop
  endfacet
  facet normal -0.946923 -0 -0.32146
    outer loop
      vertex -95.7956 24.7 15.4471
      vertex -95.5433 19.5 14.7039
      vertex -95.7956 19.5 15.4471
    endloop
  endfacet
  facet normal -0.751787 0 -0.659406
    outer loop
      vertex -94.2426 19.5 12.7574
      vertex -94.7601 24.7 13.3474
      vertex -94.2426 24.7 12.7574
    endloop
  endfacet
  facet normal -0.751787 -0 -0.659406
    outer loop
      vertex -94.7601 24.7 13.3474
      vertex -94.2426 19.5 12.7574
      vertex -94.7601 19.5 13.3474
    endloop
  endfacet
  facet normal 0.0653605 0 -0.997862
    outer loop
      vertex -90 19.5 11
      vertex -89.2168 24.7 11.0513
      vertex -89.2168 19.5 11.0513
    endloop
  endfacet
  facet normal 0.0653605 0 -0.997862
    outer loop
      vertex -89.2168 24.7 11.0513
      vertex -90 19.5 11
      vertex -90 24.7 11
    endloop
  endfacet
  facet normal 0.195087 0 -0.980786
    outer loop
      vertex -89.2168 19.5 11.0513
      vertex -88.4471 24.7 11.2044
      vertex -88.4471 19.5 11.2044
    endloop
  endfacet
  facet normal 0.195087 0 -0.980786
    outer loop
      vertex -88.4471 24.7 11.2044
      vertex -89.2168 19.5 11.0513
      vertex -89.2168 24.7 11.0513
    endloop
  endfacet
  facet normal 0.980786 -0 0.195087
    outer loop
      vertex -84.2044 19.5 18.5529
      vertex -84.0513 27.5 17.7832
      vertex -84.2044 27.5 18.5529
    endloop
  endfacet
  facet normal 0.980786 0 0.195087
    outer loop
      vertex -84.0513 27.5 17.7832
      vertex -84.2044 19.5 18.5529
      vertex -84.0513 19.5 17.7832
    endloop
  endfacet
  facet normal 0.195087 0 0.980786
    outer loop
      vertex -89.2168 27.5 22.9487
      vertex -88.4471 19.5 22.7956
      vertex -88.4471 27.5 22.7956
    endloop
  endfacet
  facet normal 0.195087 0 0.980786
    outer loop
      vertex -88.4471 19.5 22.7956
      vertex -89.2168 27.5 22.9487
      vertex -89.2168 19.5 22.9487
    endloop
  endfacet
  facet normal 0.555611 0 0.831442
    outer loop
      vertex -87 27.5 22.1962
      vertex -86.3474 19.5 21.7601
      vertex -86.3474 27.5 21.7601
    endloop
  endfacet
  facet normal 0.555611 0 0.831442
    outer loop
      vertex -86.3474 19.5 21.7601
      vertex -87 27.5 22.1962
      vertex -87 19.5 22.1962
    endloop
  endfacet
  facet normal 0.442263 0 0.896885
    outer loop
      vertex -87.7039 27.5 22.5433
      vertex -87 19.5 22.1962
      vertex -87 27.5 22.1962
    endloop
  endfacet
  facet normal 0.442263 0 0.896885
    outer loop
      vertex -87 19.5 22.1962
      vertex -87.7039 27.5 22.5433
      vertex -87.7039 19.5 22.5433
    endloop
  endfacet
  facet normal -0.980786 0 0.195087
    outer loop
      vertex -95.9487 19.5 17.7832
      vertex -95.7956 24.7 18.5529
      vertex -95.9487 24.7 17.7832
    endloop
  endfacet
  facet normal -0.980786 0 0.195087
    outer loop
      vertex -95.7956 24.7 18.5529
      vertex -95.9487 19.5 17.7832
      vertex -95.7956 19.5 18.5529
    endloop
  endfacet
  facet normal -0.555611 0 0.831442
    outer loop
      vertex -93.6526 24.7 21.7601
      vertex -93 19.5 22.1962
      vertex -93 24.7 22.1962
    endloop
  endfacet
  facet normal -0.555611 0 0.831442
    outer loop
      vertex -93 19.5 22.1962
      vertex -93.6526 24.7 21.7601
      vertex -93.6526 19.5 21.7601
    endloop
  endfacet
  facet normal -0.659406 0 0.751787
    outer loop
      vertex -94.2426 24.7 21.2426
      vertex -93.6526 19.5 21.7601
      vertex -93.6526 24.7 21.7601
    endloop
  endfacet
  facet normal -0.659406 0 0.751787
    outer loop
      vertex -93.6526 19.5 21.7601
      vertex -94.2426 24.7 21.2426
      vertex -94.2426 19.5 21.2426
    endloop
  endfacet
  facet normal 0.659406 0 -0.751787
    outer loop
      vertex -86.3474 19.5 12.2399
      vertex -85.7574 24.7 12.7574
      vertex -85.7574 19.5 12.7574
    endloop
  endfacet
  facet normal 0.659406 0 -0.751787
    outer loop
      vertex -85.7574 24.7 12.7574
      vertex -86.3474 19.5 12.2399
      vertex -86.3474 24.7 12.2399
    endloop
  endfacet
  facet normal 0.751787 0 -0.659406
    outer loop
      vertex -85.2399 19.5 13.3474
      vertex -85.7574 24.7 12.7574
      vertex -85.2399 24.7 13.3474
    endloop
  endfacet
  facet normal 0.751787 0 -0.659406
    outer loop
      vertex -85.7574 24.7 12.7574
      vertex -85.2399 19.5 13.3474
      vertex -85.7574 19.5 12.7574
    endloop
  endfacet
  facet normal -0.32146 0 -0.946923
    outer loop
      vertex -92.2961 19.5 11.4567
      vertex -91.5529 24.7 11.2044
      vertex -91.5529 19.5 11.2044
    endloop
  endfacet
  facet normal -0.32146 0 -0.946923
    outer loop
      vertex -91.5529 24.7 11.2044
      vertex -92.2961 19.5 11.4567
      vertex -92.2961 24.7 11.4567
    endloop
  endfacet
  facet normal -0.997862 0 -0.0653605
    outer loop
      vertex -95.9487 19.5 16.2168
      vertex -96 24.7 17
      vertex -95.9487 24.7 16.2168
    endloop
  endfacet
  facet normal -0.997862 -0 -0.0653605
    outer loop
      vertex -96 24.7 17
      vertex -95.9487 19.5 16.2168
      vertex -96 19.5 17
    endloop
  endfacet
  facet normal -0.980786 0 -0.195087
    outer loop
      vertex -95.7956 19.5 15.4471
      vertex -95.9487 24.7 16.2168
      vertex -95.7956 24.7 15.4471
    endloop
  endfacet
  facet normal -0.980786 -0 -0.195087
    outer loop
      vertex -95.9487 24.7 16.2168
      vertex -95.7956 19.5 15.4471
      vertex -95.9487 19.5 16.2168
    endloop
  endfacet
  facet normal -0.831442 0 -0.555611
    outer loop
      vertex -94.7601 19.5 13.3474
      vertex -95.1962 24.7 14
      vertex -94.7601 24.7 13.3474
    endloop
  endfacet
  facet normal -0.831442 -0 -0.555611
    outer loop
      vertex -95.1962 24.7 14
      vertex -94.7601 19.5 13.3474
      vertex -95.1962 19.5 14
    endloop
  endfacet
  facet normal 0.442263 0 -0.896885
    outer loop
      vertex -87.7039 19.5 11.4567
      vertex -87 24.7 11.8038
      vertex -87 19.5 11.8038
    endloop
  endfacet
  facet normal 0.442263 0 -0.896885
    outer loop
      vertex -87 24.7 11.8038
      vertex -87.7039 19.5 11.4567
      vertex -87.7039 24.7 11.4567
    endloop
  endfacet
  facet normal 0.32146 0 -0.946923
    outer loop
      vertex -88.4471 19.5 11.2044
      vertex -87.7039 24.7 11.4567
      vertex -87.7039 19.5 11.4567
    endloop
  endfacet
  facet normal 0.32146 0 -0.946923
    outer loop
      vertex -87.7039 24.7 11.4567
      vertex -88.4471 19.5 11.2044
      vertex -88.4471 24.7 11.2044
    endloop
  endfacet
  facet normal 0.831442 0 -0.555611
    outer loop
      vertex -84.8038 19.5 14
      vertex -85.2399 24.7 13.3474
      vertex -84.8038 24.7 14
    endloop
  endfacet
  facet normal 0.831442 0 -0.555611
    outer loop
      vertex -85.2399 24.7 13.3474
      vertex -84.8038 19.5 14
      vertex -85.2399 19.5 13.3474
    endloop
  endfacet
  facet normal 0.896885 0 -0.442263
    outer loop
      vertex -84.4567 27.5 14.7039
      vertex -84.8038 24.7 14
      vertex -84.8038 27.5 14
    endloop
  endfacet
  facet normal 0.896885 0 -0.442263
    outer loop
      vertex -84.4567 19.5 14.7039
      vertex -84.8038 24.7 14
      vertex -84.4567 27.5 14.7039
    endloop
  endfacet
  facet normal 0.896885 0 -0.442263
    outer loop
      vertex -84.8038 24.7 14
      vertex -84.4567 19.5 14.7039
      vertex -84.8038 19.5 14
    endloop
  endfacet
  facet normal -0.442263 0 -0.896885
    outer loop
      vertex -93 19.5 11.8038
      vertex -92.2961 24.7 11.4567
      vertex -92.2961 19.5 11.4567
    endloop
  endfacet
  facet normal -0.442263 0 -0.896885
    outer loop
      vertex -92.2961 24.7 11.4567
      vertex -93 19.5 11.8038
      vertex -93 24.7 11.8038
    endloop
  endfacet
  facet normal -0.555611 0 -0.831442
    outer loop
      vertex -93.6526 19.5 12.2399
      vertex -93 24.7 11.8038
      vertex -93 19.5 11.8038
    endloop
  endfacet
  facet normal -0.555611 0 -0.831442
    outer loop
      vertex -93 24.7 11.8038
      vertex -93.6526 19.5 12.2399
      vertex -93.6526 24.7 12.2399
    endloop
  endfacet
  facet normal -0.195087 0 -0.980786
    outer loop
      vertex -91.5529 19.5 11.2044
      vertex -90.7832 24.7 11.0513
      vertex -90.7832 19.5 11.0513
    endloop
  endfacet
  facet normal -0.195087 0 -0.980786
    outer loop
      vertex -90.7832 24.7 11.0513
      vertex -91.5529 19.5 11.2044
      vertex -91.5529 24.7 11.2044
    endloop
  endfacet
  facet normal -0.0653605 0 -0.997862
    outer loop
      vertex -90.7832 19.5 11.0513
      vertex -90 24.7 11
      vertex -90 19.5 11
    endloop
  endfacet
  facet normal -0.0653605 0 -0.997862
    outer loop
      vertex -90 24.7 11
      vertex -90.7832 19.5 11.0513
      vertex -90.7832 24.7 11.0513
    endloop
  endfacet
  facet normal -0.997872 0 -0.0652057
    outer loop
      vertex -88.3 19.5 17
      vertex -88.3145 27.5 17.2219
      vertex -88.3 27.5 17
    endloop
  endfacet
  facet normal -0.997872 -0 -0.0652057
    outer loop
      vertex -88.3145 27.5 17.2219
      vertex -88.3 19.5 17
      vertex -88.3145 19.5 17.2219
    endloop
  endfacet
  facet normal -0.321484 0 -0.946915
    outer loop
      vertex -89.56 19.5 18.6421
      vertex -89.3494 27.5 18.5706
      vertex -89.3494 19.5 18.5706
    endloop
  endfacet
  facet normal -0.321484 0 -0.946915
    outer loop
      vertex -89.3494 27.5 18.5706
      vertex -89.56 19.5 18.6421
      vertex -89.56 27.5 18.6421
    endloop
  endfacet
  facet normal 0.44253 0 -0.896754
    outer loop
      vertex -90.85 19.5 18.4722
      vertex -90.6506 27.5 18.5706
      vertex -90.6506 19.5 18.5706
    endloop
  endfacet
  facet normal 0.44253 0 -0.896754
    outer loop
      vertex -90.6506 27.5 18.5706
      vertex -90.85 19.5 18.4722
      vertex -90.85 27.5 18.4722
    endloop
  endfacet
  facet normal 0.946915 0 -0.321484
    outer loop
      vertex -91.5706 19.5 17.6506
      vertex -91.6421 27.5 17.44
      vertex -91.5706 27.5 17.6506
    endloop
  endfacet
  facet normal 0.946915 0 -0.321484
    outer loop
      vertex -91.6421 27.5 17.44
      vertex -91.5706 19.5 17.6506
      vertex -91.6421 19.5 17.44
    endloop
  endfacet
  facet normal -0.98077 0 0.195165
    outer loop
      vertex -88.3579 19.5 16.56
      vertex -88.3145 27.5 16.7781
      vertex -88.3579 27.5 16.56
    endloop
  endfacet
  facet normal -0.98077 0 0.195165
    outer loop
      vertex -88.3145 27.5 16.7781
      vertex -88.3579 19.5 16.56
      vertex -88.3145 19.5 16.7781
    endloop
  endfacet
  facet normal -0.896754 0 -0.44253
    outer loop
      vertex -88.4294 19.5 17.6506
      vertex -88.5278 27.5 17.85
      vertex -88.4294 27.5 17.6506
    endloop
  endfacet
  facet normal -0.896754 -0 -0.44253
    outer loop
      vertex -88.5278 27.5 17.85
      vertex -88.4294 19.5 17.6506
      vertex -88.5278 19.5 17.85
    endloop
  endfacet
  facet normal -0.831566 0 -0.555426
    outer loop
      vertex -88.5278 19.5 17.85
      vertex -88.6513 27.5 18.0349
      vertex -88.5278 27.5 17.85
    endloop
  endfacet
  facet normal -0.831566 -0 -0.555426
    outer loop
      vertex -88.6513 27.5 18.0349
      vertex -88.5278 19.5 17.85
      vertex -88.6513 19.5 18.0349
    endloop
  endfacet
  facet normal 0.0652057 0 -0.997872
    outer loop
      vertex -90.2219 19.5 18.6855
      vertex -90 27.5 18.7
      vertex -90 19.5 18.7
    endloop
  endfacet
  facet normal 0.0652057 0 -0.997872
    outer loop
      vertex -90 27.5 18.7
      vertex -90.2219 19.5 18.6855
      vertex -90.2219 27.5 18.6855
    endloop
  endfacet
  facet normal -0.44253 0 -0.896754
    outer loop
      vertex -89.3494 19.5 18.5706
      vertex -89.15 27.5 18.4722
      vertex -89.15 19.5 18.4722
    endloop
  endfacet
  facet normal -0.44253 0 -0.896754
    outer loop
      vertex -89.15 27.5 18.4722
      vertex -89.3494 19.5 18.5706
      vertex -89.3494 27.5 18.5706
    endloop
  endfacet
  facet normal 0.997872 -0 0.0652057
    outer loop
      vertex -91.7 19.5 17
      vertex -91.6855 27.5 16.7781
      vertex -91.7 27.5 17
    endloop
  endfacet
  facet normal 0.997872 0 0.0652057
    outer loop
      vertex -91.6855 27.5 16.7781
      vertex -91.7 19.5 17
      vertex -91.6855 19.5 16.7781
    endloop
  endfacet
  facet normal 0.831566 -0 0.555426
    outer loop
      vertex -91.4722 19.5 16.15
      vertex -91.3487 27.5 15.9651
      vertex -91.4722 27.5 16.15
    endloop
  endfacet
  facet normal 0.831566 0 0.555426
    outer loop
      vertex -91.3487 27.5 15.9651
      vertex -91.4722 19.5 16.15
      vertex -91.3487 19.5 15.9651
    endloop
  endfacet
  facet normal -0.659268 0 -0.751908
    outer loop
      vertex -88.9651 19.5 18.3487
      vertex -88.7979 27.5 18.2021
      vertex -88.7979 19.5 18.2021
    endloop
  endfacet
  facet normal -0.659268 0 -0.751908
    outer loop
      vertex -88.7979 27.5 18.2021
      vertex -88.9651 19.5 18.3487
      vertex -88.9651 27.5 18.3487
    endloop
  endfacet
  facet normal -0.195165 0 -0.98077
    outer loop
      vertex -89.7781 19.5 18.6855
      vertex -89.56 27.5 18.6421
      vertex -89.56 19.5 18.6421
    endloop
  endfacet
  facet normal -0.195165 0 -0.98077
    outer loop
      vertex -89.56 27.5 18.6421
      vertex -89.7781 19.5 18.6855
      vertex -89.7781 27.5 18.6855
    endloop
  endfacet
  facet normal -0.0652057 0 -0.997872
    outer loop
      vertex -90 19.5 18.7
      vertex -89.7781 27.5 18.6855
      vertex -89.7781 19.5 18.6855
    endloop
  endfacet
  facet normal -0.0652057 0 -0.997872
    outer loop
      vertex -89.7781 27.5 18.6855
      vertex -90 19.5 18.7
      vertex -90 27.5 18.7
    endloop
  endfacet
  facet normal 0.98077 0 -0.195165
    outer loop
      vertex -91.6421 19.5 17.44
      vertex -91.6855 27.5 17.2219
      vertex -91.6421 27.5 17.44
    endloop
  endfacet
  facet normal 0.98077 0 -0.195165
    outer loop
      vertex -91.6855 27.5 17.2219
      vertex -91.6421 19.5 17.44
      vertex -91.6855 19.5 17.2219
    endloop
  endfacet
  facet normal 0.997872 0 -0.0652057
    outer loop
      vertex -91.6855 19.5 17.2219
      vertex -91.7 27.5 17
      vertex -91.6855 27.5 17.2219
    endloop
  endfacet
  facet normal 0.997872 0 -0.0652057
    outer loop
      vertex -91.7 27.5 17
      vertex -91.6855 19.5 17.2219
      vertex -91.7 19.5 17
    endloop
  endfacet
  facet normal 0.896754 0 -0.44253
    outer loop
      vertex -91.4722 19.5 17.85
      vertex -91.5706 27.5 17.6506
      vertex -91.4722 27.5 17.85
    endloop
  endfacet
  facet normal 0.896754 0 -0.44253
    outer loop
      vertex -91.5706 27.5 17.6506
      vertex -91.4722 19.5 17.85
      vertex -91.5706 19.5 17.6506
    endloop
  endfacet
  facet normal 0.831566 0 -0.555426
    outer loop
      vertex -91.3487 19.5 18.0349
      vertex -91.4722 27.5 17.85
      vertex -91.3487 27.5 18.0349
    endloop
  endfacet
  facet normal 0.831566 0 -0.555426
    outer loop
      vertex -91.4722 27.5 17.85
      vertex -91.3487 19.5 18.0349
      vertex -91.4722 19.5 17.85
    endloop
  endfacet
  facet normal 0.195165 0 -0.98077
    outer loop
      vertex -90.44 19.5 18.6421
      vertex -90.2219 27.5 18.6855
      vertex -90.2219 19.5 18.6855
    endloop
  endfacet
  facet normal 0.195165 0 -0.98077
    outer loop
      vertex -90.2219 27.5 18.6855
      vertex -90.44 19.5 18.6421
      vertex -90.44 27.5 18.6421
    endloop
  endfacet
  facet normal 0.555426 0 -0.831566
    outer loop
      vertex -91.0349 19.5 18.3487
      vertex -90.85 27.5 18.4722
      vertex -90.85 19.5 18.4722
    endloop
  endfacet
  facet normal 0.555426 0 -0.831566
    outer loop
      vertex -90.85 27.5 18.4722
      vertex -91.0349 19.5 18.3487
      vertex -91.0349 27.5 18.3487
    endloop
  endfacet
  facet normal 0.751908 0 -0.659268
    outer loop
      vertex -91.2021 19.5 18.2021
      vertex -91.3487 27.5 18.0349
      vertex -91.2021 27.5 18.2021
    endloop
  endfacet
  facet normal 0.751908 0 -0.659268
    outer loop
      vertex -91.3487 27.5 18.0349
      vertex -91.2021 19.5 18.2021
      vertex -91.3487 19.5 18.0349
    endloop
  endfacet
  facet normal -0.997872 0 0.0652057
    outer loop
      vertex -88.3145 19.5 16.7781
      vertex -88.3 27.5 17
      vertex -88.3145 27.5 16.7781
    endloop
  endfacet
  facet normal -0.997872 0 0.0652057
    outer loop
      vertex -88.3 27.5 17
      vertex -88.3145 19.5 16.7781
      vertex -88.3 19.5 17
    endloop
  endfacet
  facet normal -0.946915 0 0.321484
    outer loop
      vertex -88.4294 19.5 16.3494
      vertex -88.3579 27.5 16.56
      vertex -88.4294 27.5 16.3494
    endloop
  endfacet
  facet normal -0.946915 0 0.321484
    outer loop
      vertex -88.3579 27.5 16.56
      vertex -88.4294 19.5 16.3494
      vertex -88.3579 19.5 16.56
    endloop
  endfacet
  facet normal -0.831566 0 0.555426
    outer loop
      vertex -88.6513 19.5 15.9651
      vertex -88.5278 27.5 16.15
      vertex -88.6513 27.5 15.9651
    endloop
  endfacet
  facet normal -0.831566 0 0.555426
    outer loop
      vertex -88.5278 27.5 16.15
      vertex -88.6513 19.5 15.9651
      vertex -88.5278 19.5 16.15
    endloop
  endfacet
  facet normal 0.555426 0 0.831566
    outer loop
      vertex -91.0349 27.5 15.6513
      vertex -90.85 19.5 15.5278
      vertex -90.85 27.5 15.5278
    endloop
  endfacet
  facet normal 0.555426 0 0.831566
    outer loop
      vertex -90.85 19.5 15.5278
      vertex -91.0349 27.5 15.6513
      vertex -91.0349 19.5 15.6513
    endloop
  endfacet
  facet normal 0.98077 -0 0.195165
    outer loop
      vertex -91.6855 19.5 16.7781
      vertex -91.6421 27.5 16.56
      vertex -91.6855 27.5 16.7781
    endloop
  endfacet
  facet normal 0.98077 0 0.195165
    outer loop
      vertex -91.6421 27.5 16.56
      vertex -91.6855 19.5 16.7781
      vertex -91.6421 19.5 16.56
    endloop
  endfacet
  facet normal 0.751908 -0 0.659268
    outer loop
      vertex -91.3487 19.5 15.9651
      vertex -91.2021 27.5 15.7979
      vertex -91.3487 27.5 15.9651
    endloop
  endfacet
  facet normal 0.751908 0 0.659268
    outer loop
      vertex -91.2021 27.5 15.7979
      vertex -91.3487 19.5 15.9651
      vertex -91.2021 19.5 15.7979
    endloop
  endfacet
  facet normal -0.0652057 0 0.997872
    outer loop
      vertex -90 27.5 15.3
      vertex -89.7781 19.5 15.3145
      vertex -89.7781 27.5 15.3145
    endloop
  endfacet
  facet normal -0.0652057 0 0.997872
    outer loop
      vertex -89.7781 19.5 15.3145
      vertex -90 27.5 15.3
      vertex -90 19.5 15.3
    endloop
  endfacet
  facet normal -0.195165 0 0.98077
    outer loop
      vertex -89.7781 27.5 15.3145
      vertex -89.56 19.5 15.3579
      vertex -89.56 27.5 15.3579
    endloop
  endfacet
  facet normal -0.195165 0 0.98077
    outer loop
      vertex -89.56 19.5 15.3579
      vertex -89.7781 27.5 15.3145
      vertex -89.7781 19.5 15.3145
    endloop
  endfacet
  facet normal -0.555426 0 0.831566
    outer loop
      vertex -89.15 27.5 15.5278
      vertex -88.9651 19.5 15.6513
      vertex -88.9651 27.5 15.6513
    endloop
  endfacet
  facet normal -0.555426 0 0.831566
    outer loop
      vertex -88.9651 19.5 15.6513
      vertex -89.15 27.5 15.5278
      vertex -89.15 19.5 15.5278
    endloop
  endfacet
  facet normal -0.946915 0 -0.321484
    outer loop
      vertex -88.3579 19.5 17.44
      vertex -88.4294 27.5 17.6506
      vertex -88.3579 27.5 17.44
    endloop
  endfacet
  facet normal -0.946915 -0 -0.321484
    outer loop
      vertex -88.4294 27.5 17.6506
      vertex -88.3579 19.5 17.44
      vertex -88.4294 19.5 17.6506
    endloop
  endfacet
  facet normal -0.98077 0 -0.195165
    outer loop
      vertex -88.3145 19.5 17.2219
      vertex -88.3579 27.5 17.44
      vertex -88.3145 27.5 17.2219
    endloop
  endfacet
  facet normal -0.98077 -0 -0.195165
    outer loop
      vertex -88.3579 27.5 17.44
      vertex -88.3145 19.5 17.2219
      vertex -88.3579 19.5 17.44
    endloop
  endfacet
  facet normal -0.751908 0 -0.659268
    outer loop
      vertex -88.6513 19.5 18.0349
      vertex -88.7979 27.5 18.2021
      vertex -88.6513 27.5 18.0349
    endloop
  endfacet
  facet normal -0.751908 -0 -0.659268
    outer loop
      vertex -88.7979 27.5 18.2021
      vertex -88.6513 19.5 18.0349
      vertex -88.7979 19.5 18.2021
    endloop
  endfacet
  facet normal -0.555426 0 -0.831566
    outer loop
      vertex -89.15 19.5 18.4722
      vertex -88.9651 27.5 18.3487
      vertex -88.9651 19.5 18.3487
    endloop
  endfacet
  facet normal -0.555426 0 -0.831566
    outer loop
      vertex -88.9651 27.5 18.3487
      vertex -89.15 19.5 18.4722
      vertex -89.15 27.5 18.4722
    endloop
  endfacet
  facet normal 0.321484 0 -0.946915
    outer loop
      vertex -90.6506 19.5 18.5706
      vertex -90.44 27.5 18.6421
      vertex -90.44 19.5 18.6421
    endloop
  endfacet
  facet normal 0.321484 0 -0.946915
    outer loop
      vertex -90.44 27.5 18.6421
      vertex -90.6506 19.5 18.5706
      vertex -90.6506 27.5 18.5706
    endloop
  endfacet
  facet normal 0.659268 0 -0.751908
    outer loop
      vertex -91.2021 19.5 18.2021
      vertex -91.0349 27.5 18.3487
      vertex -91.0349 19.5 18.3487
    endloop
  endfacet
  facet normal 0.659268 0 -0.751908
    outer loop
      vertex -91.0349 27.5 18.3487
      vertex -91.2021 19.5 18.2021
      vertex -91.2021 27.5 18.2021
    endloop
  endfacet
  facet normal -0.896754 0 0.44253
    outer loop
      vertex -88.5278 19.5 16.15
      vertex -88.4294 27.5 16.3494
      vertex -88.5278 27.5 16.15
    endloop
  endfacet
  facet normal -0.896754 0 0.44253
    outer loop
      vertex -88.4294 27.5 16.3494
      vertex -88.5278 19.5 16.15
      vertex -88.4294 19.5 16.3494
    endloop
  endfacet
  facet normal 0.896754 -0 0.44253
    outer loop
      vertex -91.5706 19.5 16.3494
      vertex -91.4722 27.5 16.15
      vertex -91.5706 27.5 16.3494
    endloop
  endfacet
  facet normal 0.896754 0 0.44253
    outer loop
      vertex -91.4722 27.5 16.15
      vertex -91.5706 19.5 16.3494
      vertex -91.4722 19.5 16.15
    endloop
  endfacet
  facet normal 0.946915 -0 0.321484
    outer loop
      vertex -91.6421 19.5 16.56
      vertex -91.5706 27.5 16.3494
      vertex -91.6421 27.5 16.56
    endloop
  endfacet
  facet normal 0.946915 0 0.321484
    outer loop
      vertex -91.5706 27.5 16.3494
      vertex -91.6421 19.5 16.56
      vertex -91.5706 19.5 16.3494
    endloop
  endfacet
  facet normal 0.659268 0 0.751908
    outer loop
      vertex -91.2021 27.5 15.7979
      vertex -91.0349 19.5 15.6513
      vertex -91.0349 27.5 15.6513
    endloop
  endfacet
  facet normal 0.659268 0 0.751908
    outer loop
      vertex -91.0349 19.5 15.6513
      vertex -91.2021 27.5 15.7979
      vertex -91.2021 19.5 15.7979
    endloop
  endfacet
  facet normal -0.44253 0 0.896754
    outer loop
      vertex -89.3494 27.5 15.4294
      vertex -89.15 19.5 15.5278
      vertex -89.15 27.5 15.5278
    endloop
  endfacet
  facet normal -0.44253 0 0.896754
    outer loop
      vertex -89.15 19.5 15.5278
      vertex -89.3494 27.5 15.4294
      vertex -89.3494 19.5 15.4294
    endloop
  endfacet
  facet normal -0.321484 0 0.946915
    outer loop
      vertex -89.56 27.5 15.3579
      vertex -89.3494 19.5 15.4294
      vertex -89.3494 27.5 15.4294
    endloop
  endfacet
  facet normal -0.321484 0 0.946915
    outer loop
      vertex -89.3494 19.5 15.4294
      vertex -89.56 27.5 15.3579
      vertex -89.56 19.5 15.3579
    endloop
  endfacet
  facet normal 0.195165 0 0.98077
    outer loop
      vertex -90.44 27.5 15.3579
      vertex -90.2219 19.5 15.3145
      vertex -90.2219 27.5 15.3145
    endloop
  endfacet
  facet normal 0.195165 0 0.98077
    outer loop
      vertex -90.2219 19.5 15.3145
      vertex -90.44 27.5 15.3579
      vertex -90.44 19.5 15.3579
    endloop
  endfacet
  facet normal 0.321484 0 0.946915
    outer loop
      vertex -90.6506 27.5 15.4294
      vertex -90.44 19.5 15.3579
      vertex -90.44 27.5 15.3579
    endloop
  endfacet
  facet normal 0.321484 0 0.946915
    outer loop
      vertex -90.44 19.5 15.3579
      vertex -90.6506 27.5 15.4294
      vertex -90.6506 19.5 15.4294
    endloop
  endfacet
  facet normal -0.659268 0 0.751908
    outer loop
      vertex -88.9651 27.5 15.6513
      vertex -88.7979 19.5 15.7979
      vertex -88.7979 27.5 15.7979
    endloop
  endfacet
  facet normal -0.659268 0 0.751908
    outer loop
      vertex -88.7979 19.5 15.7979
      vertex -88.9651 27.5 15.6513
      vertex -88.9651 19.5 15.6513
    endloop
  endfacet
  facet normal -0.751908 0 0.659268
    outer loop
      vertex -88.7979 19.5 15.7979
      vertex -88.6513 27.5 15.9651
      vertex -88.7979 27.5 15.7979
    endloop
  endfacet
  facet normal -0.751908 0 0.659268
    outer loop
      vertex -88.6513 27.5 15.9651
      vertex -88.7979 19.5 15.7979
      vertex -88.6513 19.5 15.9651
    endloop
  endfacet
  facet normal 0.0652057 0 0.997872
    outer loop
      vertex -90.2219 27.5 15.3145
      vertex -90 19.5 15.3
      vertex -90 27.5 15.3
    endloop
  endfacet
  facet normal 0.0652057 0 0.997872
    outer loop
      vertex -90 19.5 15.3
      vertex -90.2219 27.5 15.3145
      vertex -90.2219 19.5 15.3145
    endloop
  endfacet
  facet normal 0.44253 0 0.896754
    outer loop
      vertex -90.85 27.5 15.5278
      vertex -90.6506 19.5 15.4294
      vertex -90.6506 27.5 15.4294
    endloop
  endfacet
  facet normal 0.44253 0 0.896754
    outer loop
      vertex -90.6506 19.5 15.4294
      vertex -90.85 27.5 15.5278
      vertex -90.85 19.5 15.5278
    endloop
  endfacet
  facet normal 0.997861 -0 0.0653771
    outer loop
      vertex -84.0513 19.5 133.783
      vertex -84 27.5 133
      vertex -84.0513 27.5 133.783
    endloop
  endfacet
  facet normal 0.997861 0 0.0653771
    outer loop
      vertex -84 27.5 133
      vertex -84.0513 19.5 133.783
      vertex -84 19.5 133
    endloop
  endfacet
  facet normal 0.89691 -0 0.442212
    outer loop
      vertex -84.8038 24.7 136
      vertex -84.4567 27.5 135.296
      vertex -84.8038 27.5 136
    endloop
  endfacet
  facet normal 0.89691 0 0.442212
    outer loop
      vertex -84.4567 19.5 135.296
      vertex -84.8038 24.7 136
      vertex -84.8038 19.5 136
    endloop
  endfacet
  facet normal 0.89691 0 0.442212
    outer loop
      vertex -84.8038 24.7 136
      vertex -84.4567 19.5 135.296
      vertex -84.4567 27.5 135.296
    endloop
  endfacet
  facet normal 0.44216 0 0.896936
    outer loop
      vertex -87.7039 24.7 138.543
      vertex -87 19.5 138.196
      vertex -87 24.7 138.196
    endloop
  endfacet
  facet normal 0.44216 0 0.896936
    outer loop
      vertex -87 19.5 138.196
      vertex -87.7039 24.7 138.543
      vertex -87.7039 19.5 138.543
    endloop
  endfacet
  facet normal -0.322259 0 0.946652
    outer loop
      vertex -92.2961 24.7 138.543
      vertex -91.5529 19.5 138.796
      vertex -91.5529 24.7 138.796
    endloop
  endfacet
  facet normal -0.322259 0 0.946652
    outer loop
      vertex -91.5529 19.5 138.796
      vertex -92.2961 24.7 138.543
      vertex -92.2961 19.5 138.543
    endloop
  endfacet
  facet normal -0.89691 0 0.442212
    outer loop
      vertex -95.5433 19.5 135.296
      vertex -95.1962 24.7 136
      vertex -95.5433 24.7 135.296
    endloop
  endfacet
  facet normal -0.89691 0 0.442212
    outer loop
      vertex -95.1962 24.7 136
      vertex -95.5433 19.5 135.296
      vertex -95.1962 19.5 136
    endloop
  endfacet
  facet normal 0.980801 0 -0.195014
    outer loop
      vertex -84.0513 19.5 132.217
      vertex -84.2044 27.5 131.447
      vertex -84.0513 27.5 132.217
    endloop
  endfacet
  facet normal 0.980801 0 -0.195014
    outer loop
      vertex -84.2044 27.5 131.447
      vertex -84.0513 19.5 132.217
      vertex -84.2044 19.5 131.447
    endloop
  endfacet
  facet normal 0.751787 -0 0.659406
    outer loop
      vertex -85.7574 19.5 137.243
      vertex -85.2399 24.7 136.653
      vertex -85.7574 24.7 137.243
    endloop
  endfacet
  facet normal 0.751787 0 0.659406
    outer loop
      vertex -85.2399 24.7 136.653
      vertex -85.7574 19.5 137.243
      vertex -85.2399 19.5 136.653
    endloop
  endfacet
  facet normal 0.831599 -0 0.555376
    outer loop
      vertex -85.2399 19.5 136.653
      vertex -84.8038 24.7 136
      vertex -85.2399 24.7 136.653
    endloop
  endfacet
  facet normal 0.831599 0 0.555376
    outer loop
      vertex -84.8038 24.7 136
      vertex -85.2399 19.5 136.653
      vertex -84.8038 19.5 136
    endloop
  endfacet
  facet normal -0.194964 0 0.98081
    outer loop
      vertex -91.5529 24.7 138.796
      vertex -90.7832 19.5 138.949
      vertex -90.7832 24.7 138.949
    endloop
  endfacet
  facet normal -0.194964 0 0.98081
    outer loop
      vertex -90.7832 19.5 138.949
      vertex -91.5529 24.7 138.796
      vertex -91.5529 19.5 138.796
    endloop
  endfacet
  facet normal 0.997861 0 -0.0653771
    outer loop
      vertex -84 19.5 133
      vertex -84.0513 27.5 132.217
      vertex -84 27.5 133
    endloop
  endfacet
  facet normal 0.997861 0 -0.0653771
    outer loop
      vertex -84.0513 27.5 132.217
      vertex -84 19.5 133
      vertex -84.0513 19.5 132.217
    endloop
  endfacet
  facet normal 0.555523 0 -0.831501
    outer loop
      vertex -87 19.5 127.804
      vertex -86.3474 27.5 128.24
      vertex -86.3474 19.5 128.24
    endloop
  endfacet
  facet normal 0.555523 0 -0.831501
    outer loop
      vertex -86.3474 27.5 128.24
      vertex -87 19.5 127.804
      vertex -87 27.5 127.804
    endloop
  endfacet
  facet normal -0.89691 0 -0.442212
    outer loop
      vertex -95.1962 19.5 130
      vertex -95.5433 24.7 130.704
      vertex -95.1962 24.7 130
    endloop
  endfacet
  facet normal -0.89691 -0 -0.442212
    outer loop
      vertex -95.5433 24.7 130.704
      vertex -95.1962 19.5 130
      vertex -95.5433 19.5 130.704
    endloop
  endfacet
  facet normal 0.946897 -0 0.321537
    outer loop
      vertex -84.4567 19.5 135.296
      vertex -84.2044 27.5 134.553
      vertex -84.4567 27.5 135.296
    endloop
  endfacet
  facet normal 0.946897 0 0.321537
    outer loop
      vertex -84.2044 27.5 134.553
      vertex -84.4567 19.5 135.296
      vertex -84.2044 19.5 134.553
    endloop
  endfacet
  facet normal 0.0649798 0 0.997887
    outer loop
      vertex -90 24.7 139
      vertex -89.2168 19.5 138.949
      vertex -89.2168 24.7 138.949
    endloop
  endfacet
  facet normal 0.0649798 0 0.997887
    outer loop
      vertex -89.2168 19.5 138.949
      vertex -90 24.7 139
      vertex -90 19.5 139
    endloop
  endfacet
  facet normal 0.322259 0 0.946652
    outer loop
      vertex -88.4471 24.7 138.796
      vertex -87.7039 19.5 138.543
      vertex -87.7039 24.7 138.543
    endloop
  endfacet
  facet normal 0.322259 0 0.946652
    outer loop
      vertex -87.7039 19.5 138.543
      vertex -88.4471 24.7 138.796
      vertex -88.4471 19.5 138.796
    endloop
  endfacet
  facet normal 0.659046 0 0.752103
    outer loop
      vertex -86.3474 24.7 137.76
      vertex -85.7574 19.5 137.243
      vertex -85.7574 24.7 137.243
    endloop
  endfacet
  facet normal 0.659046 0 0.752103
    outer loop
      vertex -85.7574 19.5 137.243
      vertex -86.3474 24.7 137.76
      vertex -86.3474 19.5 137.76
    endloop
  endfacet
  facet normal -0.997861 0 0.0653771
    outer loop
      vertex -96 19.5 133
      vertex -95.9487 24.7 133.783
      vertex -96 24.7 133
    endloop
  endfacet
  facet normal -0.997861 0 0.0653771
    outer loop
      vertex -95.9487 24.7 133.783
      vertex -96 19.5 133
      vertex -95.9487 19.5 133.783
    endloop
  endfacet
  facet normal 0 -1 0
    outer loop
      vertex -90 19.5 134.7
      vertex -90 19.5 139
      vertex -90.7832 19.5 138.949
    endloop
  endfacet
  facet normal 0 -1 0
    outer loop
      vertex -90.2219 19.5 134.685
      vertex -90.7832 19.5 138.949
      vertex -91.5529 19.5 138.796
    endloop
  endfacet
  facet normal 0 -1 0
    outer loop
      vertex -90 19.5 139
      vertex -90 19.5 134.7
      vertex -89.2168 19.5 138.949
    endloop
  endfacet
  facet normal 0 -1 0
    outer loop
      vertex -90.44 19.5 134.642
      vertex -91.5529 19.5 138.796
      vertex -92.2961 19.5 138.543
    endloop
  endfacet
  facet normal 0 -1 0
    outer loop
      vertex -89.7781 19.5 134.685
      vertex -89.2168 19.5 138.949
      vertex -90 19.5 134.7
    endloop
  endfacet
  facet normal 0 -1 0
    outer loop
      vertex -90.6506 19.5 134.571
      vertex -92.2961 19.5 138.543
      vertex -93 19.5 138.196
    endloop
  endfacet
  facet normal 0 -1 -0
    outer loop
      vertex -89.2168 19.5 138.949
      vertex -89.7781 19.5 134.685
      vertex -88.4471 19.5 138.796
    endloop
  endfacet
  facet normal 0 -1 0
    outer loop
      vertex -90.85 19.5 134.472
      vertex -93 19.5 138.196
      vertex -93.6526 19.5 137.76
    endloop
  endfacet
  facet normal 0 -1 0
    outer loop
      vertex -89.56 19.5 134.642
      vertex -88.4471 19.5 138.796
      vertex -89.7781 19.5 134.685
    endloop
  endfacet
  facet normal 0 -1 0
    outer loop
      vertex -91.0349 19.5 134.349
      vertex -93.6526 19.5 137.76
      vertex -94.2426 19.5 137.243
    endloop
  endfacet
  facet normal 0 -1 -0
    outer loop
      vertex -88.4471 19.5 138.796
      vertex -89.56 19.5 134.642
      vertex -87.7039 19.5 138.543
    endloop
  endfacet
  facet normal 0 -1 0
    outer loop
      vertex -91.2021 19.5 134.202
      vertex -94.2426 19.5 137.243
      vertex -94.7601 19.5 136.653
    endloop
  endfacet
  facet normal 0 -1 0
    outer loop
      vertex -89.3494 19.5 134.571
      vertex -87.7039 19.5 138.543
      vertex -89.56 19.5 134.642
    endloop
  endfacet
  facet normal 0 -1 0
    outer loop
      vertex -91.3487 19.5 134.035
      vertex -94.7601 19.5 136.653
      vertex -95.1962 19.5 136
    endloop
  endfacet
  facet normal 0 -1 -0
    outer loop
      vertex -87.7039 19.5 138.543
      vertex -89.3494 19.5 134.571
      vertex -87 19.5 138.196
    endloop
  endfacet
  facet normal 0 -1 0
    outer loop
      vertex -91.4722 19.5 133.85
      vertex -95.1962 19.5 136
      vertex -95.5433 19.5 135.296
    endloop
  endfacet
  facet normal 0 -1 0
    outer loop
      vertex -89.15 19.5 134.472
      vertex -87 19.5 138.196
      vertex -89.3494 19.5 134.571
    endloop
  endfacet
  facet normal 0 -1 -0
    outer loop
      vertex -87 19.5 138.196
      vertex -89.15 19.5 134.472
      vertex -86.3474 19.5 137.76
    endloop
  endfacet
  facet normal 0 -1 0
    outer loop
      vertex -90.7832 19.5 138.949
      vertex -90.2219 19.5 134.685
      vertex -90 19.5 134.7
    endloop
  endfacet
  facet normal 0 -1 0
    outer loop
      vertex -91.5529 19.5 138.796
      vertex -90.44 19.5 134.642
      vertex -90.2219 19.5 134.685
    endloop
  endfacet
  facet normal 0 -1 0
    outer loop
      vertex -92.2961 19.5 138.543
      vertex -90.6506 19.5 134.571
      vertex -90.44 19.5 134.642
    endloop
  endfacet
  facet normal 0 -1 0
    outer loop
      vertex -91.5706 19.5 133.651
      vertex -95.5433 19.5 135.296
      vertex -95.7956 19.5 134.553
    endloop
  endfacet
  facet normal 0 -1 0
    outer loop
      vertex -93 19.5 138.196
      vertex -90.85 19.5 134.472
      vertex -90.6506 19.5 134.571
    endloop
  endfacet
  facet normal 0 -1 0
    outer loop
      vertex -93.6526 19.5 137.76
      vertex -91.0349 19.5 134.349
      vertex -90.85 19.5 134.472
    endloop
  endfacet
  facet normal 0 -1 0
    outer loop
      vertex -94.2426 19.5 137.243
      vertex -91.2021 19.5 134.202
      vertex -91.0349 19.5 134.349
    endloop
  endfacet
  facet normal 0 -1 0
    outer loop
      vertex -94.7601 19.5 136.653
      vertex -91.3487 19.5 134.035
      vertex -91.2021 19.5 134.202
    endloop
  endfacet
  facet normal 0 -1 0
    outer loop
      vertex -95.1962 19.5 136
      vertex -91.4722 19.5 133.85
      vertex -91.3487 19.5 134.035
    endloop
  endfacet
  facet normal 0 -1 0
    outer loop
      vertex -91.6421 19.5 133.44
      vertex -95.7956 19.5 134.553
      vertex -95.9487 19.5 133.783
    endloop
  endfacet
  facet normal 0 -1 0
    outer loop
      vertex -95.5433 19.5 135.296
      vertex -91.5706 19.5 133.651
      vertex -91.4722 19.5 133.85
    endloop
  endfacet
  facet normal 0 -1 0
    outer loop
      vertex -95.7956 19.5 134.553
      vertex -91.6421 19.5 133.44
      vertex -91.5706 19.5 133.651
    endloop
  endfacet
  facet normal 0 -1 0
    outer loop
      vertex -95.9487 19.5 133.783
      vertex -91.6855 19.5 133.222
      vertex -91.6421 19.5 133.44
    endloop
  endfacet
  facet normal 0 -1 0
    outer loop
      vertex -96 19.5 133
      vertex -91.6855 19.5 133.222
      vertex -95.9487 19.5 133.783
    endloop
  endfacet
  facet normal 0 -1 0
    outer loop
      vertex -96 19.5 133
      vertex -91.7 19.5 133
      vertex -91.6855 19.5 133.222
    endloop
  endfacet
  facet normal 0 -1 0
    outer loop
      vertex -96 19.5 133
      vertex -91.6855 19.5 132.778
      vertex -91.7 19.5 133
    endloop
  endfacet
  facet normal 0 -1 0
    outer loop
      vertex -95.9487 19.5 132.217
      vertex -91.6855 19.5 132.778
      vertex -96 19.5 133
    endloop
  endfacet
  facet normal 0 -1 -0
    outer loop
      vertex -91.6855 19.5 132.778
      vertex -95.9487 19.5 132.217
      vertex -91.6421 19.5 132.56
    endloop
  endfacet
  facet normal 0 -1 0
    outer loop
      vertex -95.7956 19.5 131.447
      vertex -91.6421 19.5 132.56
      vertex -95.9487 19.5 132.217
    endloop
  endfacet
  facet normal 0 -1 -0
    outer loop
      vertex -91.6421 19.5 132.56
      vertex -95.7956 19.5 131.447
      vertex -91.5706 19.5 132.349
    endloop
  endfacet
  facet normal 0 -1 0
    outer loop
      vertex -95.5433 19.5 130.704
      vertex -91.5706 19.5 132.349
      vertex -95.7956 19.5 131.447
    endloop
  endfacet
  facet normal 0 -1 -0
    outer loop
      vertex -91.5706 19.5 132.349
      vertex -95.5433 19.5 130.704
      vertex -91.4722 19.5 132.15
    endloop
  endfacet
  facet normal 0 -1 0
    outer loop
      vertex -95.1962 19.5 130
      vertex -91.4722 19.5 132.15
      vertex -95.5433 19.5 130.704
    endloop
  endfacet
  facet normal 0 -1 -0
    outer loop
      vertex -91.4722 19.5 132.15
      vertex -95.1962 19.5 130
      vertex -91.3487 19.5 131.965
    endloop
  endfacet
  facet normal 0 -1 0
    outer loop
      vertex -94.7601 19.5 129.347
      vertex -91.3487 19.5 131.965
      vertex -95.1962 19.5 130
    endloop
  endfacet
  facet normal 0 -1 -0
    outer loop
      vertex -91.3487 19.5 131.965
      vertex -94.7601 19.5 129.347
      vertex -91.2021 19.5 131.798
    endloop
  endfacet
  facet normal 0 -1 0
    outer loop
      vertex -94.2426 19.5 128.757
      vertex -91.2021 19.5 131.798
      vertex -94.7601 19.5 129.347
    endloop
  endfacet
  facet normal 0 -1 -0
    outer loop
      vertex -91.2021 19.5 131.798
      vertex -94.2426 19.5 128.757
      vertex -91.0349 19.5 131.651
    endloop
  endfacet
  facet normal 0 -1 0
    outer loop
      vertex -93.6526 19.5 128.24
      vertex -91.0349 19.5 131.651
      vertex -94.2426 19.5 128.757
    endloop
  endfacet
  facet normal 0 -1 -0
    outer loop
      vertex -91.0349 19.5 131.651
      vertex -93.6526 19.5 128.24
      vertex -90.85 19.5 131.528
    endloop
  endfacet
  facet normal 0 -1 0
    outer loop
      vertex -88.9651 19.5 134.349
      vertex -86.3474 19.5 137.76
      vertex -89.15 19.5 134.472
    endloop
  endfacet
  facet normal 0 -1 -0
    outer loop
      vertex -86.3474 19.5 137.76
      vertex -88.9651 19.5 134.349
      vertex -85.7574 19.5 137.243
    endloop
  endfacet
  facet normal 0 -1 0
    outer loop
      vertex -88.7979 19.5 134.202
      vertex -85.7574 19.5 137.243
      vertex -88.9651 19.5 134.349
    endloop
  endfacet
  facet normal 0 -1 -0
    outer loop
      vertex -85.7574 19.5 137.243
      vertex -88.7979 19.5 134.202
      vertex -85.2399 19.5 136.653
    endloop
  endfacet
  facet normal 0 -1 0
    outer loop
      vertex -88.6513 19.5 134.035
      vertex -85.2399 19.5 136.653
      vertex -88.7979 19.5 134.202
    endloop
  endfacet
  facet normal 0 -1 -0
    outer loop
      vertex -85.2399 19.5 136.653
      vertex -88.6513 19.5 134.035
      vertex -84.8038 19.5 136
    endloop
  endfacet
  facet normal 0 -1 0
    outer loop
      vertex -88.5278 19.5 133.85
      vertex -84.8038 19.5 136
      vertex -88.6513 19.5 134.035
    endloop
  endfacet
  facet normal 0 -1 -0
    outer loop
      vertex -84.8038 19.5 136
      vertex -88.5278 19.5 133.85
      vertex -84.4567 19.5 135.296
    endloop
  endfacet
  facet normal 0 -1 0
    outer loop
      vertex -88.4294 19.5 133.651
      vertex -84.4567 19.5 135.296
      vertex -88.5278 19.5 133.85
    endloop
  endfacet
  facet normal 0 -1 -0
    outer loop
      vertex -84.4567 19.5 135.296
      vertex -88.4294 19.5 133.651
      vertex -84.2044 19.5 134.553
    endloop
  endfacet
  facet normal 0 -1 0
    outer loop
      vertex -88.3579 19.5 133.44
      vertex -84.2044 19.5 134.553
      vertex -88.4294 19.5 133.651
    endloop
  endfacet
  facet normal 0 -1 -0
    outer loop
      vertex -84.2044 19.5 134.553
      vertex -88.3579 19.5 133.44
      vertex -84.0513 19.5 133.783
    endloop
  endfacet
  facet normal 0 -1 0
    outer loop
      vertex -88.3145 19.5 133.222
      vertex -84.0513 19.5 133.783
      vertex -88.3579 19.5 133.44
    endloop
  endfacet
  facet normal 0 -1 0
    outer loop
      vertex -88.3 19.5 133
      vertex -84.0513 19.5 133.783
      vertex -88.3145 19.5 133.222
    endloop
  endfacet
  facet normal 0 -1 0
    outer loop
      vertex -88.3 19.5 133
      vertex -84 19.5 133
      vertex -84.0513 19.5 133.783
    endloop
  endfacet
  facet normal 0 -1 0
    outer loop
      vertex -88.3145 19.5 132.778
      vertex -84 19.5 133
      vertex -88.3 19.5 133
    endloop
  endfacet
  facet normal 0 -1 0
    outer loop
      vertex -84.0513 19.5 132.217
      vertex -88.3145 19.5 132.778
      vertex -88.3579 19.5 132.56
    endloop
  endfacet
  facet normal 0 -1 0
    outer loop
      vertex -84.2044 19.5 131.447
      vertex -88.3579 19.5 132.56
      vertex -88.4294 19.5 132.349
    endloop
  endfacet
  facet normal 0 -1 0
    outer loop
      vertex -88.3145 19.5 132.778
      vertex -84.0513 19.5 132.217
      vertex -84 19.5 133
    endloop
  endfacet
  facet normal 0 -1 0
    outer loop
      vertex -84.4567 19.5 130.704
      vertex -88.4294 19.5 132.349
      vertex -88.5278 19.5 132.15
    endloop
  endfacet
  facet normal 0 -1 0
    outer loop
      vertex -84.8038 19.5 130
      vertex -88.5278 19.5 132.15
      vertex -88.6513 19.5 131.965
    endloop
  endfacet
  facet normal 0 -1 0
    outer loop
      vertex -85.2399 19.5 129.347
      vertex -88.6513 19.5 131.965
      vertex -88.7979 19.5 131.798
    endloop
  endfacet
  facet normal 0 -1 0
    outer loop
      vertex -85.7574 19.5 128.757
      vertex -88.7979 19.5 131.798
      vertex -88.9651 19.5 131.651
    endloop
  endfacet
  facet normal 0 -1 0
    outer loop
      vertex -86.3474 19.5 128.24
      vertex -88.9651 19.5 131.651
      vertex -89.15 19.5 131.528
    endloop
  endfacet
  facet normal 0 -1 0
    outer loop
      vertex -88.3579 19.5 132.56
      vertex -84.2044 19.5 131.447
      vertex -84.0513 19.5 132.217
    endloop
  endfacet
  facet normal 0 -1 0
    outer loop
      vertex -87 19.5 127.804
      vertex -89.15 19.5 131.528
      vertex -89.3494 19.5 131.429
    endloop
  endfacet
  facet normal 0 -1 0
    outer loop
      vertex -87.7039 19.5 127.457
      vertex -89.3494 19.5 131.429
      vertex -89.56 19.5 131.358
    endloop
  endfacet
  facet normal 0 -1 0
    outer loop
      vertex -88.4471 19.5 127.204
      vertex -89.56 19.5 131.358
      vertex -89.7781 19.5 131.315
    endloop
  endfacet
  facet normal 0 -1 0
    outer loop
      vertex -89.2168 19.5 127.051
      vertex -89.7781 19.5 131.315
      vertex -90 19.5 131.3
    endloop
  endfacet
  facet normal 0 -1 0
    outer loop
      vertex -93 19.5 127.804
      vertex -90.85 19.5 131.528
      vertex -93.6526 19.5 128.24
    endloop
  endfacet
  facet normal 0 -1 0
    outer loop
      vertex -88.4294 19.5 132.349
      vertex -84.4567 19.5 130.704
      vertex -84.2044 19.5 131.447
    endloop
  endfacet
  facet normal 0 -1 -0
    outer loop
      vertex -90.85 19.5 131.528
      vertex -93 19.5 127.804
      vertex -90.6506 19.5 131.429
    endloop
  endfacet
  facet normal 0 -1 0
    outer loop
      vertex -88.5278 19.5 132.15
      vertex -84.8038 19.5 130
      vertex -84.4567 19.5 130.704
    endloop
  endfacet
  facet normal 0 -1 0
    outer loop
      vertex -92.2961 19.5 127.457
      vertex -90.6506 19.5 131.429
      vertex -93 19.5 127.804
    endloop
  endfacet
  facet normal 0 -1 0
    outer loop
      vertex -88.6513 19.5 131.965
      vertex -85.2399 19.5 129.347
      vertex -84.8038 19.5 130
    endloop
  endfacet
  facet normal 0 -1 -0
    outer loop
      vertex -90.6506 19.5 131.429
      vertex -92.2961 19.5 127.457
      vertex -90.44 19.5 131.358
    endloop
  endfacet
  facet normal 0 -1 0
    outer loop
      vertex -88.7979 19.5 131.798
      vertex -85.7574 19.5 128.757
      vertex -85.2399 19.5 129.347
    endloop
  endfacet
  facet normal 0 -1 0
    outer loop
      vertex -91.5529 19.5 127.204
      vertex -90.44 19.5 131.358
      vertex -92.2961 19.5 127.457
    endloop
  endfacet
  facet normal 0 -1 0
    outer loop
      vertex -88.9651 19.5 131.651
      vertex -86.3474 19.5 128.24
      vertex -85.7574 19.5 128.757
    endloop
  endfacet
  facet normal 0 -1 -0
    outer loop
      vertex -90.44 19.5 131.358
      vertex -91.5529 19.5 127.204
      vertex -90.2219 19.5 131.315
    endloop
  endfacet
  facet normal 0 -1 0
    outer loop
      vertex -89.15 19.5 131.528
      vertex -87 19.5 127.804
      vertex -86.3474 19.5 128.24
    endloop
  endfacet
  facet normal 0 -1 0
    outer loop
      vertex -90.7832 19.5 127.051
      vertex -90.2219 19.5 131.315
      vertex -91.5529 19.5 127.204
    endloop
  endfacet
  facet normal 0 -1 0
    outer loop
      vertex -89.3494 19.5 131.429
      vertex -87.7039 19.5 127.457
      vertex -87 19.5 127.804
    endloop
  endfacet
  facet normal 0 -1 -0
    outer loop
      vertex -90.2219 19.5 131.315
      vertex -90.7832 19.5 127.051
      vertex -90 19.5 131.3
    endloop
  endfacet
  facet normal 0 -1 0
    outer loop
      vertex -89.56 19.5 131.358
      vertex -88.4471 19.5 127.204
      vertex -87.7039 19.5 127.457
    endloop
  endfacet
  facet normal 0 -1 0
    outer loop
      vertex -90 19.5 127
      vertex -90 19.5 131.3
      vertex -90.7832 19.5 127.051
    endloop
  endfacet
  facet normal 0 -1 0
    outer loop
      vertex -89.7781 19.5 131.315
      vertex -89.2168 19.5 127.051
      vertex -88.4471 19.5 127.204
    endloop
  endfacet
  facet normal 0 -1 0
    outer loop
      vertex -90 19.5 131.3
      vertex -90 19.5 127
      vertex -89.2168 19.5 127.051
    endloop
  endfacet
  facet normal -0.946897 0 0.321537
    outer loop
      vertex -95.7956 19.5 134.553
      vertex -95.5433 24.7 135.296
      vertex -95.7956 24.7 134.553
    endloop
  endfacet
  facet normal -0.946897 0 0.321537
    outer loop
      vertex -95.5433 24.7 135.296
      vertex -95.7956 19.5 134.553
      vertex -95.5433 19.5 135.296
    endloop
  endfacet
  facet normal -0.831599 0 0.555376
    outer loop
      vertex -95.1962 19.5 136
      vertex -94.7601 24.7 136.653
      vertex -95.1962 24.7 136
    endloop
  endfacet
  facet normal -0.831599 0 0.555376
    outer loop
      vertex -94.7601 24.7 136.653
      vertex -95.1962 19.5 136
      vertex -94.7601 19.5 136.653
    endloop
  endfacet
  facet normal -0.751787 0 0.659406
    outer loop
      vertex -94.7601 19.5 136.653
      vertex -94.2426 24.7 137.243
      vertex -94.7601 24.7 136.653
    endloop
  endfacet
  facet normal -0.751787 0 0.659406
    outer loop
      vertex -94.2426 24.7 137.243
      vertex -94.7601 19.5 136.653
      vertex -94.2426 19.5 137.243
    endloop
  endfacet
  facet normal -0.0649798 0 0.997887
    outer loop
      vertex -90.7832 24.7 138.949
      vertex -90 19.5 139
      vertex -90 24.7 139
    endloop
  endfacet
  facet normal -0.0649798 0 0.997887
    outer loop
      vertex -90 19.5 139
      vertex -90.7832 24.7 138.949
      vertex -90.7832 19.5 138.949
    endloop
  endfacet
  facet normal -0.44216 0 0.896936
    outer loop
      vertex -93 24.7 138.196
      vertex -92.2961 19.5 138.543
      vertex -92.2961 24.7 138.543
    endloop
  endfacet
  facet normal -0.44216 0 0.896936
    outer loop
      vertex -92.2961 19.5 138.543
      vertex -93 24.7 138.196
      vertex -93 19.5 138.196
    endloop
  endfacet
  facet normal -0.659046 0 0.752103
    outer loop
      vertex -94.2426 24.7 137.243
      vertex -93.6526 19.5 137.76
      vertex -93.6526 24.7 137.76
    endloop
  endfacet
  facet normal -0.659046 0 0.752103
    outer loop
      vertex -93.6526 19.5 137.76
      vertex -94.2426 24.7 137.243
      vertex -94.2426 19.5 137.243
    endloop
  endfacet
  facet normal 0.946897 0 -0.321537
    outer loop
      vertex -84.2044 19.5 131.447
      vertex -84.4567 27.5 130.704
      vertex -84.2044 27.5 131.447
    endloop
  endfacet
  facet normal 0.946897 0 -0.321537
    outer loop
      vertex -84.4567 27.5 130.704
      vertex -84.2044 19.5 131.447
      vertex -84.4567 19.5 130.704
    endloop
  endfacet
  facet normal -0.659046 0 -0.752103
    outer loop
      vertex -94.2426 19.5 128.757
      vertex -93.6526 24.7 128.24
      vertex -93.6526 19.5 128.24
    endloop
  endfacet
  facet normal -0.659046 0 -0.752103
    outer loop
      vertex -93.6526 24.7 128.24
      vertex -94.2426 19.5 128.757
      vertex -94.2426 24.7 128.757
    endloop
  endfacet
  facet normal -0.946897 0 -0.321537
    outer loop
      vertex -95.5433 19.5 130.704
      vertex -95.7956 24.7 131.447
      vertex -95.5433 24.7 130.704
    endloop
  endfacet
  facet normal -0.946897 -0 -0.321537
    outer loop
      vertex -95.7956 24.7 131.447
      vertex -95.5433 19.5 130.704
      vertex -95.7956 19.5 131.447
    endloop
  endfacet
  facet normal -0.751787 0 -0.659406
    outer loop
      vertex -94.2426 19.5 128.757
      vertex -94.7601 24.7 129.347
      vertex -94.2426 24.7 128.757
    endloop
  endfacet
  facet normal -0.751787 -0 -0.659406
    outer loop
      vertex -94.7601 24.7 129.347
      vertex -94.2426 19.5 128.757
      vertex -94.7601 19.5 129.347
    endloop
  endfacet
  facet normal 0.0649798 0 -0.997887
    outer loop
      vertex -90 19.5 127
      vertex -89.2168 27.5 127.051
      vertex -89.2168 19.5 127.051
    endloop
  endfacet
  facet normal 0.0649798 0 -0.997887
    outer loop
      vertex -89.2168 27.5 127.051
      vertex -90 19.5 127
      vertex -90 27.5 127
    endloop
  endfacet
  facet normal 0.194964 0 -0.98081
    outer loop
      vertex -89.2168 19.5 127.051
      vertex -88.4471 27.5 127.204
      vertex -88.4471 19.5 127.204
    endloop
  endfacet
  facet normal 0.194964 0 -0.98081
    outer loop
      vertex -88.4471 27.5 127.204
      vertex -89.2168 19.5 127.051
      vertex -89.2168 27.5 127.051
    endloop
  endfacet
  facet normal 0.980801 -0 0.195014
    outer loop
      vertex -84.2044 19.5 134.553
      vertex -84.0513 27.5 133.783
      vertex -84.2044 27.5 134.553
    endloop
  endfacet
  facet normal 0.980801 0 0.195014
    outer loop
      vertex -84.0513 27.5 133.783
      vertex -84.2044 19.5 134.553
      vertex -84.0513 19.5 133.783
    endloop
  endfacet
  facet normal 0.194964 0 0.98081
    outer loop
      vertex -89.2168 24.7 138.949
      vertex -88.4471 19.5 138.796
      vertex -88.4471 24.7 138.796
    endloop
  endfacet
  facet normal 0.194964 0 0.98081
    outer loop
      vertex -88.4471 19.5 138.796
      vertex -89.2168 24.7 138.949
      vertex -89.2168 19.5 138.949
    endloop
  endfacet
  facet normal 0.555523 0 0.831501
    outer loop
      vertex -87 24.7 138.196
      vertex -86.3474 19.5 137.76
      vertex -86.3474 24.7 137.76
    endloop
  endfacet
  facet normal 0.555523 0 0.831501
    outer loop
      vertex -86.3474 19.5 137.76
      vertex -87 24.7 138.196
      vertex -87 19.5 138.196
    endloop
  endfacet
  facet normal -0.980801 0 0.195014
    outer loop
      vertex -95.9487 19.5 133.783
      vertex -95.7956 24.7 134.553
      vertex -95.9487 24.7 133.783
    endloop
  endfacet
  facet normal -0.980801 0 0.195014
    outer loop
      vertex -95.7956 24.7 134.553
      vertex -95.9487 19.5 133.783
      vertex -95.7956 19.5 134.553
    endloop
  endfacet
  facet normal -0.555523 0 0.831501
    outer loop
      vertex -93.6526 24.7 137.76
      vertex -93 19.5 138.196
      vertex -93 24.7 138.196
    endloop
  endfacet
  facet normal -0.555523 0 0.831501
    outer loop
      vertex -93 19.5 138.196
      vertex -93.6526 24.7 137.76
      vertex -93.6526 19.5 137.76
    endloop
  endfacet
  facet normal 0.659046 0 -0.752103
    outer loop
      vertex -86.3474 19.5 128.24
      vertex -85.7574 27.5 128.757
      vertex -85.7574 19.5 128.757
    endloop
  endfacet
  facet normal 0.659046 0 -0.752103
    outer loop
      vertex -85.7574 27.5 128.757
      vertex -86.3474 19.5 128.24
      vertex -86.3474 27.5 128.24
    endloop
  endfacet
  facet normal 0.751787 0 -0.659406
    outer loop
      vertex -85.2399 19.5 129.347
      vertex -85.7574 27.5 128.757
      vertex -85.2399 27.5 129.347
    endloop
  endfacet
  facet normal 0.751787 0 -0.659406
    outer loop
      vertex -85.7574 27.5 128.757
      vertex -85.2399 19.5 129.347
      vertex -85.7574 19.5 128.757
    endloop
  endfacet
  facet normal -0.322259 0 -0.946652
    outer loop
      vertex -92.2961 19.5 127.457
      vertex -91.5529 27.5 127.204
      vertex -91.5529 19.5 127.204
    endloop
  endfacet
  facet normal -0.322259 0 -0.946652
    outer loop
      vertex -91.5529 27.5 127.204
      vertex -92.2961 19.5 127.457
      vertex -92.2961 27.5 127.457
    endloop
  endfacet
  facet normal -0.997861 0 -0.0653771
    outer loop
      vertex -95.9487 19.5 132.217
      vertex -96 24.7 133
      vertex -95.9487 24.7 132.217
    endloop
  endfacet
  facet normal -0.997861 -0 -0.0653771
    outer loop
      vertex -96 24.7 133
      vertex -95.9487 19.5 132.217
      vertex -96 19.5 133
    endloop
  endfacet
  facet normal -0.980801 0 -0.195014
    outer loop
      vertex -95.7956 19.5 131.447
      vertex -95.9487 24.7 132.217
      vertex -95.7956 24.7 131.447
    endloop
  endfacet
  facet normal -0.980801 -0 -0.195014
    outer loop
      vertex -95.9487 24.7 132.217
      vertex -95.7956 19.5 131.447
      vertex -95.9487 19.5 132.217
    endloop
  endfacet
  facet normal -0.831599 0 -0.555376
    outer loop
      vertex -94.7601 19.5 129.347
      vertex -95.1962 24.7 130
      vertex -94.7601 24.7 129.347
    endloop
  endfacet
  facet normal -0.831599 -0 -0.555376
    outer loop
      vertex -95.1962 24.7 130
      vertex -94.7601 19.5 129.347
      vertex -95.1962 19.5 130
    endloop
  endfacet
  facet normal 0.322259 0 -0.946652
    outer loop
      vertex -88.4471 19.5 127.204
      vertex -87.7039 27.5 127.457
      vertex -87.7039 19.5 127.457
    endloop
  endfacet
  facet normal 0.322259 0 -0.946652
    outer loop
      vertex -87.7039 27.5 127.457
      vertex -88.4471 19.5 127.204
      vertex -88.4471 27.5 127.204
    endloop
  endfacet
  facet normal 0.44216 0 -0.896936
    outer loop
      vertex -87.7039 19.5 127.457
      vertex -87 27.5 127.804
      vertex -87 19.5 127.804
    endloop
  endfacet
  facet normal 0.44216 0 -0.896936
    outer loop
      vertex -87 27.5 127.804
      vertex -87.7039 19.5 127.457
      vertex -87.7039 27.5 127.457
    endloop
  endfacet
  facet normal 0.831599 0 -0.555376
    outer loop
      vertex -84.8038 19.5 130
      vertex -85.2399 27.5 129.347
      vertex -84.8038 27.5 130
    endloop
  endfacet
  facet normal 0.831599 0 -0.555376
    outer loop
      vertex -85.2399 27.5 129.347
      vertex -84.8038 19.5 130
      vertex -85.2399 19.5 129.347
    endloop
  endfacet
  facet normal 0.89691 0 -0.442212
    outer loop
      vertex -84.4567 19.5 130.704
      vertex -84.8038 27.5 130
      vertex -84.4567 27.5 130.704
    endloop
  endfacet
  facet normal 0.89691 0 -0.442212
    outer loop
      vertex -84.8038 27.5 130
      vertex -84.4567 19.5 130.704
      vertex -84.8038 19.5 130
    endloop
  endfacet
  facet normal -0.44216 -0 -0.896936
    outer loop
      vertex -93 24.7 127.804
      vertex -92.2961 19.5 127.457
      vertex -93 19.5 127.804
    endloop
  endfacet
  facet normal -0.44216 0 -0.896936
    outer loop
      vertex -92.2961 19.5 127.457
      vertex -93 24.7 127.804
      vertex -92.2961 27.5 127.457
    endloop
  endfacet
  facet normal -0.44216 0 -0.896936
    outer loop
      vertex -92.2961 27.5 127.457
      vertex -93 24.7 127.804
      vertex -93 27.5 127.804
    endloop
  endfacet
  facet normal -0.555523 0 -0.831501
    outer loop
      vertex -93.6526 19.5 128.24
      vertex -93 24.7 127.804
      vertex -93 19.5 127.804
    endloop
  endfacet
  facet normal -0.555523 0 -0.831501
    outer loop
      vertex -93 24.7 127.804
      vertex -93.6526 19.5 128.24
      vertex -93.6526 24.7 128.24
    endloop
  endfacet
  facet normal -0.194964 0 -0.98081
    outer loop
      vertex -91.5529 19.5 127.204
      vertex -90.7832 27.5 127.051
      vertex -90.7832 19.5 127.051
    endloop
  endfacet
  facet normal -0.194964 0 -0.98081
    outer loop
      vertex -90.7832 27.5 127.051
      vertex -91.5529 19.5 127.204
      vertex -91.5529 27.5 127.204
    endloop
  endfacet
  facet normal -0.0649798 0 -0.997887
    outer loop
      vertex -90.7832 19.5 127.051
      vertex -90 27.5 127
      vertex -90 19.5 127
    endloop
  endfacet
  facet normal -0.0649798 0 -0.997887
    outer loop
      vertex -90 27.5 127
      vertex -90.7832 19.5 127.051
      vertex -90.7832 27.5 127.051
    endloop
  endfacet
  facet normal -0.997874 0 -0.0651764
    outer loop
      vertex -88.3 19.5 133
      vertex -88.3145 27.5 133.222
      vertex -88.3 27.5 133
    endloop
  endfacet
  facet normal -0.997874 -0 -0.0651764
    outer loop
      vertex -88.3145 27.5 133.222
      vertex -88.3 19.5 133
      vertex -88.3145 19.5 133.222
    endloop
  endfacet
  facet normal -0.319466 0 -0.947598
    outer loop
      vertex -89.56 19.5 134.642
      vertex -89.3494 27.5 134.571
      vertex -89.3494 19.5 134.571
    endloop
  endfacet
  facet normal -0.319466 0 -0.947598
    outer loop
      vertex -89.3494 27.5 134.571
      vertex -89.56 19.5 134.642
      vertex -89.56 27.5 134.642
    endloop
  endfacet
  facet normal 0.444696 0 -0.895681
    outer loop
      vertex -90.85 19.5 134.472
      vertex -90.6506 27.5 134.571
      vertex -90.6506 19.5 134.571
    endloop
  endfacet
  facet normal 0.444696 0 -0.895681
    outer loop
      vertex -90.6506 27.5 134.571
      vertex -90.85 19.5 134.472
      vertex -90.85 27.5 134.472
    endloop
  endfacet
  facet normal 0.947101 0 -0.320937
    outer loop
      vertex -91.5706 19.5 133.651
      vertex -91.6421 27.5 133.44
      vertex -91.5706 27.5 133.651
    endloop
  endfacet
  facet normal 0.947101 0 -0.320937
    outer loop
      vertex -91.6421 27.5 133.44
      vertex -91.5706 19.5 133.651
      vertex -91.6421 19.5 133.44
    endloop
  endfacet
  facet normal -0.8964 0 -0.443245
    outer loop
      vertex -88.4294 19.5 133.651
      vertex -88.5278 27.5 133.85
      vertex -88.4294 27.5 133.651
    endloop
  endfacet
  facet normal -0.8964 -0 -0.443245
    outer loop
      vertex -88.5278 27.5 133.85
      vertex -88.4294 19.5 133.651
      vertex -88.5278 19.5 133.85
    endloop
  endfacet
  facet normal -0.831704 0 -0.555219
    outer loop
      vertex -88.5278 19.5 133.85
      vertex -88.6513 27.5 134.035
      vertex -88.5278 27.5 133.85
    endloop
  endfacet
  facet normal -0.831704 -0 -0.555219
    outer loop
      vertex -88.6513 27.5 134.035
      vertex -88.5278 19.5 133.85
      vertex -88.6513 19.5 134.035
    endloop
  endfacet
  facet normal 0.0674441 0 -0.997723
    outer loop
      vertex -90.2219 19.5 134.685
      vertex -90 27.5 134.7
      vertex -90 19.5 134.7
    endloop
  endfacet
  facet normal 0.0674441 0 -0.997723
    outer loop
      vertex -90 27.5 134.7
      vertex -90.2219 19.5 134.685
      vertex -90.2219 27.5 134.685
    endloop
  endfacet
  facet normal -0.444696 0 -0.895681
    outer loop
      vertex -89.3494 19.5 134.571
      vertex -89.15 27.5 134.472
      vertex -89.15 19.5 134.472
    endloop
  endfacet
  facet normal -0.444696 0 -0.895681
    outer loop
      vertex -89.15 27.5 134.472
      vertex -89.3494 19.5 134.571
      vertex -89.3494 27.5 134.571
    endloop
  endfacet
  facet normal 0.997874 -0 0.0651764
    outer loop
      vertex -91.7 19.5 133
      vertex -91.6855 27.5 132.778
      vertex -91.7 27.5 133
    endloop
  endfacet
  facet normal 0.997874 0 0.0651764
    outer loop
      vertex -91.6855 27.5 132.778
      vertex -91.7 19.5 133
      vertex -91.6855 19.5 132.778
    endloop
  endfacet
  facet normal 0.831704 -0 0.555219
    outer loop
      vertex -91.4722 19.5 132.15
      vertex -91.3487 27.5 131.965
      vertex -91.4722 27.5 132.15
    endloop
  endfacet
  facet normal 0.831704 0 0.555219
    outer loop
      vertex -91.3487 27.5 131.965
      vertex -91.4722 19.5 132.15
      vertex -91.3487 19.5 131.965
    endloop
  endfacet
  facet normal -0.660284 0 -0.751016
    outer loop
      vertex -88.9651 19.5 134.349
      vertex -88.7979 27.5 134.202
      vertex -88.7979 19.5 134.202
    endloop
  endfacet
  facet normal -0.660284 0 -0.751016
    outer loop
      vertex -88.7979 27.5 134.202
      vertex -88.9651 19.5 134.349
      vertex -88.9651 27.5 134.349
    endloop
  endfacet
  facet normal -0.193434 0 -0.981113
    outer loop
      vertex -89.7781 19.5 134.685
      vertex -89.56 27.5 134.642
      vertex -89.56 19.5 134.642
    endloop
  endfacet
  facet normal -0.193434 0 -0.981113
    outer loop
      vertex -89.56 27.5 134.642
      vertex -89.7781 19.5 134.685
      vertex -89.7781 27.5 134.685
    endloop
  endfacet
  facet normal -0.0674441 0 -0.997723
    outer loop
      vertex -90 19.5 134.7
      vertex -89.7781 27.5 134.685
      vertex -89.7781 19.5 134.685
    endloop
  endfacet
  facet normal -0.0674441 0 -0.997723
    outer loop
      vertex -89.7781 27.5 134.685
      vertex -90 19.5 134.7
      vertex -90 27.5 134.7
    endloop
  endfacet
  facet normal -0.553869 0 -0.832604
    outer loop
      vertex -89.15 19.5 134.472
      vertex -88.9651 27.5 134.349
      vertex -88.9651 19.5 134.349
    endloop
  endfacet
  facet normal -0.553869 0 -0.832604
    outer loop
      vertex -88.9651 27.5 134.349
      vertex -89.15 19.5 134.472
      vertex -89.15 27.5 134.472
    endloop
  endfacet
  facet normal 0.980753 0 -0.195251
    outer loop
      vertex -91.6421 19.5 133.44
      vertex -91.6855 27.5 133.222
      vertex -91.6421 27.5 133.44
    endloop
  endfacet
  facet normal 0.980753 0 -0.195251
    outer loop
      vertex -91.6855 27.5 133.222
      vertex -91.6421 19.5 133.44
      vertex -91.6855 19.5 133.222
    endloop
  endfacet
  facet normal 0.997874 0 -0.0651764
    outer loop
      vertex -91.6855 19.5 133.222
      vertex -91.7 27.5 133
      vertex -91.6855 27.5 133.222
    endloop
  endfacet
  facet normal 0.997874 0 -0.0651764
    outer loop
      vertex -91.7 27.5 133
      vertex -91.6855 19.5 133.222
      vertex -91.7 19.5 133
    endloop
  endfacet
  facet normal 0.8964 0 -0.443245
    outer loop
      vertex -91.4722 19.5 133.85
      vertex -91.5706 27.5 133.651
      vertex -91.4722 27.5 133.85
    endloop
  endfacet
  facet normal 0.8964 0 -0.443245
    outer loop
      vertex -91.5706 27.5 133.651
      vertex -91.4722 19.5 133.85
      vertex -91.5706 19.5 133.651
    endloop
  endfacet
  facet normal 0.831704 0 -0.555219
    outer loop
      vertex -91.3487 19.5 134.035
      vertex -91.4722 27.5 133.85
      vertex -91.3487 27.5 134.035
    endloop
  endfacet
  facet normal 0.831704 0 -0.555219
    outer loop
      vertex -91.4722 27.5 133.85
      vertex -91.3487 19.5 134.035
      vertex -91.4722 19.5 133.85
    endloop
  endfacet
  facet normal 0.193434 0 -0.981113
    outer loop
      vertex -90.44 19.5 134.642
      vertex -90.2219 27.5 134.685
      vertex -90.2219 19.5 134.685
    endloop
  endfacet
  facet normal 0.193434 0 -0.981113
    outer loop
      vertex -90.2219 27.5 134.685
      vertex -90.44 19.5 134.642
      vertex -90.44 27.5 134.642
    endloop
  endfacet
  facet normal 0.553869 0 -0.832604
    outer loop
      vertex -91.0349 19.5 134.349
      vertex -90.85 27.5 134.472
      vertex -90.85 19.5 134.472
    endloop
  endfacet
  facet normal 0.553869 0 -0.832604
    outer loop
      vertex -90.85 27.5 134.472
      vertex -91.0349 19.5 134.349
      vertex -91.0349 27.5 134.349
    endloop
  endfacet
  facet normal 0.751516 0 -0.659714
    outer loop
      vertex -91.2021 19.5 134.202
      vertex -91.3487 27.5 134.035
      vertex -91.2021 27.5 134.202
    endloop
  endfacet
  facet normal 0.751516 0 -0.659714
    outer loop
      vertex -91.3487 27.5 134.035
      vertex -91.2021 19.5 134.202
      vertex -91.3487 19.5 134.035
    endloop
  endfacet
  facet normal -0.947101 0 0.320937
    outer loop
      vertex -88.4294 19.5 132.349
      vertex -88.3579 27.5 132.56
      vertex -88.4294 27.5 132.349
    endloop
  endfacet
  facet normal -0.947101 0 0.320937
    outer loop
      vertex -88.3579 27.5 132.56
      vertex -88.4294 19.5 132.349
      vertex -88.3579 19.5 132.56
    endloop
  endfacet
  facet normal -0.831704 0 0.555219
    outer loop
      vertex -88.6513 19.5 131.965
      vertex -88.5278 27.5 132.15
      vertex -88.6513 27.5 131.965
    endloop
  endfacet
  facet normal -0.831704 0 0.555219
    outer loop
      vertex -88.5278 27.5 132.15
      vertex -88.6513 19.5 131.965
      vertex -88.5278 19.5 132.15
    endloop
  endfacet
  facet normal 0.553869 0 0.832604
    outer loop
      vertex -91.0349 27.5 131.651
      vertex -90.85 19.5 131.528
      vertex -90.85 27.5 131.528
    endloop
  endfacet
  facet normal 0.553869 0 0.832604
    outer loop
      vertex -90.85 19.5 131.528
      vertex -91.0349 27.5 131.651
      vertex -91.0349 19.5 131.651
    endloop
  endfacet
  facet normal 0.980753 -0 0.195251
    outer loop
      vertex -91.6855 19.5 132.778
      vertex -91.6421 27.5 132.56
      vertex -91.6855 27.5 132.778
    endloop
  endfacet
  facet normal 0.980753 0 0.195251
    outer loop
      vertex -91.6421 27.5 132.56
      vertex -91.6855 19.5 132.778
      vertex -91.6421 19.5 132.56
    endloop
  endfacet
  facet normal 0.751516 -0 0.659714
    outer loop
      vertex -91.3487 19.5 131.965
      vertex -91.2021 27.5 131.798
      vertex -91.3487 27.5 131.965
    endloop
  endfacet
  facet normal 0.751516 0 0.659714
    outer loop
      vertex -91.2021 27.5 131.798
      vertex -91.3487 19.5 131.965
      vertex -91.2021 19.5 131.798
    endloop
  endfacet
  facet normal -0.0674441 0 0.997723
    outer loop
      vertex -90 27.5 131.3
      vertex -89.7781 19.5 131.315
      vertex -89.7781 27.5 131.315
    endloop
  endfacet
  facet normal -0.0674441 0 0.997723
    outer loop
      vertex -89.7781 19.5 131.315
      vertex -90 27.5 131.3
      vertex -90 19.5 131.3
    endloop
  endfacet
  facet normal -0.193434 0 0.981113
    outer loop
      vertex -89.7781 27.5 131.315
      vertex -89.56 19.5 131.358
      vertex -89.56 27.5 131.358
    endloop
  endfacet
  facet normal -0.193434 0 0.981113
    outer loop
      vertex -89.56 19.5 131.358
      vertex -89.7781 27.5 131.315
      vertex -89.7781 19.5 131.315
    endloop
  endfacet
  facet normal -0.553869 0 0.832604
    outer loop
      vertex -89.15 27.5 131.528
      vertex -88.9651 19.5 131.651
      vertex -88.9651 27.5 131.651
    endloop
  endfacet
  facet normal -0.553869 0 0.832604
    outer loop
      vertex -88.9651 19.5 131.651
      vertex -89.15 27.5 131.528
      vertex -89.15 19.5 131.528
    endloop
  endfacet
  facet normal -0.947101 0 -0.320937
    outer loop
      vertex -88.3579 19.5 133.44
      vertex -88.4294 27.5 133.651
      vertex -88.3579 27.5 133.44
    endloop
  endfacet
  facet normal -0.947101 -0 -0.320937
    outer loop
      vertex -88.4294 27.5 133.651
      vertex -88.3579 19.5 133.44
      vertex -88.4294 19.5 133.651
    endloop
  endfacet
  facet normal -0.980753 0 -0.195251
    outer loop
      vertex -88.3145 19.5 133.222
      vertex -88.3579 27.5 133.44
      vertex -88.3145 27.5 133.222
    endloop
  endfacet
  facet normal -0.980753 -0 -0.195251
    outer loop
      vertex -88.3579 27.5 133.44
      vertex -88.3145 19.5 133.222
      vertex -88.3579 19.5 133.44
    endloop
  endfacet
  facet normal -0.751516 0 -0.659714
    outer loop
      vertex -88.6513 19.5 134.035
      vertex -88.7979 27.5 134.202
      vertex -88.6513 27.5 134.035
    endloop
  endfacet
  facet normal -0.751516 -0 -0.659714
    outer loop
      vertex -88.7979 27.5 134.202
      vertex -88.6513 19.5 134.035
      vertex -88.7979 19.5 134.202
    endloop
  endfacet
  facet normal 0.319466 0 -0.947598
    outer loop
      vertex -90.6506 19.5 134.571
      vertex -90.44 27.5 134.642
      vertex -90.44 19.5 134.642
    endloop
  endfacet
  facet normal 0.319466 0 -0.947598
    outer loop
      vertex -90.44 27.5 134.642
      vertex -90.6506 19.5 134.571
      vertex -90.6506 27.5 134.571
    endloop
  endfacet
  facet normal 0.660284 0 -0.751016
    outer loop
      vertex -91.2021 19.5 134.202
      vertex -91.0349 27.5 134.349
      vertex -91.0349 19.5 134.349
    endloop
  endfacet
  facet normal 0.660284 0 -0.751016
    outer loop
      vertex -91.0349 27.5 134.349
      vertex -91.2021 19.5 134.202
      vertex -91.2021 27.5 134.202
    endloop
  endfacet
  facet normal -0.980753 0 0.195251
    outer loop
      vertex -88.3579 19.5 132.56
      vertex -88.3145 27.5 132.778
      vertex -88.3579 27.5 132.56
    endloop
  endfacet
  facet normal -0.980753 0 0.195251
    outer loop
      vertex -88.3145 27.5 132.778
      vertex -88.3579 19.5 132.56
      vertex -88.3145 19.5 132.778
    endloop
  endfacet
  facet normal -0.997874 0 0.0651764
    outer loop
      vertex -88.3145 19.5 132.778
      vertex -88.3 27.5 133
      vertex -88.3145 27.5 132.778
    endloop
  endfacet
  facet normal -0.997874 0 0.0651764
    outer loop
      vertex -88.3 27.5 133
      vertex -88.3145 19.5 132.778
      vertex -88.3 19.5 133
    endloop
  endfacet
  facet normal -0.8964 0 0.443245
    outer loop
      vertex -88.5278 19.5 132.15
      vertex -88.4294 27.5 132.349
      vertex -88.5278 27.5 132.15
    endloop
  endfacet
  facet normal -0.8964 0 0.443245
    outer loop
      vertex -88.4294 27.5 132.349
      vertex -88.5278 19.5 132.15
      vertex -88.4294 19.5 132.349
    endloop
  endfacet
  facet normal 0.8964 -0 0.443245
    outer loop
      vertex -91.5706 19.5 132.349
      vertex -91.4722 27.5 132.15
      vertex -91.5706 27.5 132.349
    endloop
  endfacet
  facet normal 0.8964 0 0.443245
    outer loop
      vertex -91.4722 27.5 132.15
      vertex -91.5706 19.5 132.349
      vertex -91.4722 19.5 132.15
    endloop
  endfacet
  facet normal 0.947101 -0 0.320937
    outer loop
      vertex -91.6421 19.5 132.56
      vertex -91.5706 27.5 132.349
      vertex -91.6421 27.5 132.56
    endloop
  endfacet
  facet normal 0.947101 0 0.320937
    outer loop
      vertex -91.5706 27.5 132.349
      vertex -91.6421 19.5 132.56
      vertex -91.5706 19.5 132.349
    endloop
  endfacet
  facet normal 0.660284 0 0.751016
    outer loop
      vertex -91.2021 27.5 131.798
      vertex -91.0349 19.5 131.651
      vertex -91.0349 27.5 131.651
    endloop
  endfacet
  facet normal 0.660284 0 0.751016
    outer loop
      vertex -91.0349 19.5 131.651
      vertex -91.2021 27.5 131.798
      vertex -91.2021 19.5 131.798
    endloop
  endfacet
  facet normal -0.319466 0 0.947598
    outer loop
      vertex -89.56 27.5 131.358
      vertex -89.3494 19.5 131.429
      vertex -89.3494 27.5 131.429
    endloop
  endfacet
  facet normal -0.319466 0 0.947598
    outer loop
      vertex -89.3494 19.5 131.429
      vertex -89.56 27.5 131.358
      vertex -89.56 19.5 131.358
    endloop
  endfacet
  facet normal -0.444696 0 0.895681
    outer loop
      vertex -89.3494 27.5 131.429
      vertex -89.15 19.5 131.528
      vertex -89.15 27.5 131.528
    endloop
  endfacet
  facet normal -0.444696 0 0.895681
    outer loop
      vertex -89.15 19.5 131.528
      vertex -89.3494 27.5 131.429
      vertex -89.3494 19.5 131.429
    endloop
  endfacet
  facet normal 0.319466 0 0.947598
    outer loop
      vertex -90.6506 27.5 131.429
      vertex -90.44 19.5 131.358
      vertex -90.44 27.5 131.358
    endloop
  endfacet
  facet normal 0.319466 0 0.947598
    outer loop
      vertex -90.44 19.5 131.358
      vertex -90.6506 27.5 131.429
      vertex -90.6506 19.5 131.429
    endloop
  endfacet
  facet normal -0.660284 0 0.751016
    outer loop
      vertex -88.9651 27.5 131.651
      vertex -88.7979 19.5 131.798
      vertex -88.7979 27.5 131.798
    endloop
  endfacet
  facet normal -0.660284 0 0.751016
    outer loop
      vertex -88.7979 19.5 131.798
      vertex -88.9651 27.5 131.651
      vertex -88.9651 19.5 131.651
    endloop
  endfacet
  facet normal -0.751516 0 0.659714
    outer loop
      vertex -88.7979 19.5 131.798
      vertex -88.6513 27.5 131.965
      vertex -88.7979 27.5 131.798
    endloop
  endfacet
  facet normal -0.751516 0 0.659714
    outer loop
      vertex -88.6513 27.5 131.965
      vertex -88.7979 19.5 131.798
      vertex -88.6513 19.5 131.965
    endloop
  endfacet
  facet normal 0.193434 0 0.981113
    outer loop
      vertex -90.44 27.5 131.358
      vertex -90.2219 19.5 131.315
      vertex -90.2219 27.5 131.315
    endloop
  endfacet
  facet normal 0.193434 0 0.981113
    outer loop
      vertex -90.2219 19.5 131.315
      vertex -90.44 27.5 131.358
      vertex -90.44 19.5 131.358
    endloop
  endfacet
  facet normal 0.0674441 0 0.997723
    outer loop
      vertex -90.2219 27.5 131.315
      vertex -90 19.5 131.3
      vertex -90 27.5 131.3
    endloop
  endfacet
  facet normal 0.0674441 0 0.997723
    outer loop
      vertex -90 19.5 131.3
      vertex -90.2219 27.5 131.315
      vertex -90.2219 19.5 131.315
    endloop
  endfacet
  facet normal 0.444696 0 0.895681
    outer loop
      vertex -90.85 27.5 131.528
      vertex -90.6506 19.5 131.429
      vertex -90.6506 27.5 131.429
    endloop
  endfacet
  facet normal 0.444696 0 0.895681
    outer loop
      vertex -90.6506 19.5 131.429
      vertex -90.85 27.5 131.528
      vertex -90.85 19.5 131.528
    endloop
  endfacet
  facet normal 0.997862 -0 0.0653605
    outer loop
      vertex 95.9487 19.5 17.7832
      vertex 96 24.7 17
      vertex 95.9487 24.7 17.7832
    endloop
  endfacet
  facet normal 0.997862 0 0.0653605
    outer loop
      vertex 96 24.7 17
      vertex 95.9487 19.5 17.7832
      vertex 96 19.5 17
    endloop
  endfacet
  facet normal 0.997862 0 -0.0653605
    outer loop
      vertex 96 19.5 17
      vertex 95.9487 24.7 16.2168
      vertex 96 24.7 17
    endloop
  endfacet
  facet normal 0.997862 0 -0.0653605
    outer loop
      vertex 95.9487 24.7 16.2168
      vertex 96 19.5 17
      vertex 95.9487 19.5 16.2168
    endloop
  endfacet
  facet normal 0.555611 0 0.831442
    outer loop
      vertex 93 24.7 22.1962
      vertex 93.6526 19.5 21.7601
      vertex 93.6526 24.7 21.7601
    endloop
  endfacet
  facet normal 0.555611 0 0.831442
    outer loop
      vertex 93.6526 19.5 21.7601
      vertex 93 24.7 22.1962
      vertex 93 19.5 22.1962
    endloop
  endfacet
  facet normal -0.442263 0 0.896885
    outer loop
      vertex 87 27.5 22.1962
      vertex 87.7039 19.5 22.5433
      vertex 87.7039 27.5 22.5433
    endloop
  endfacet
  facet normal -0.442263 0 0.896885
    outer loop
      vertex 87.7039 19.5 22.5433
      vertex 87 27.5 22.1962
      vertex 87 19.5 22.1962
    endloop
  endfacet
  facet normal -0.946923 0 0.32146
    outer loop
      vertex 84.2044 19.5 18.5529
      vertex 84.4567 27.5 19.2961
      vertex 84.2044 27.5 18.5529
    endloop
  endfacet
  facet normal -0.946923 0 0.32146
    outer loop
      vertex 84.4567 27.5 19.2961
      vertex 84.2044 19.5 18.5529
      vertex 84.4567 19.5 19.2961
    endloop
  endfacet
  facet normal 0.946923 -0 0.32146
    outer loop
      vertex 95.5433 19.5 19.2961
      vertex 95.7956 24.7 18.5529
      vertex 95.5433 24.7 19.2961
    endloop
  endfacet
  facet normal 0.946923 0 0.32146
    outer loop
      vertex 95.7956 24.7 18.5529
      vertex 95.5433 19.5 19.2961
      vertex 95.7956 19.5 18.5529
    endloop
  endfacet
  facet normal 0.896885 -0 0.442263
    outer loop
      vertex 95.1962 19.5 20
      vertex 95.5433 24.7 19.2961
      vertex 95.1962 24.7 20
    endloop
  endfacet
  facet normal 0.896885 0 0.442263
    outer loop
      vertex 95.5433 24.7 19.2961
      vertex 95.1962 19.5 20
      vertex 95.5433 19.5 19.2961
    endloop
  endfacet
  facet normal 0.659406 0 0.751787
    outer loop
      vertex 93.6526 24.7 21.7601
      vertex 94.2426 19.5 21.2426
      vertex 94.2426 24.7 21.2426
    endloop
  endfacet
  facet normal 0.659406 0 0.751787
    outer loop
      vertex 94.2426 19.5 21.2426
      vertex 93.6526 24.7 21.7601
      vertex 93.6526 19.5 21.7601
    endloop
  endfacet
  facet normal -0.0653605 0 0.997862
    outer loop
      vertex 89.2168 27.5 22.9487
      vertex 90 19.5 23
      vertex 90 27.5 23
    endloop
  endfacet
  facet normal -0.0653605 0 0.997862
    outer loop
      vertex 90 19.5 23
      vertex 89.2168 27.5 22.9487
      vertex 89.2168 19.5 22.9487
    endloop
  endfacet
  facet normal 0.0653605 0 0.997862
    outer loop
      vertex 90 27.5 23
      vertex 90.7832 19.5 22.9487
      vertex 90.7832 27.5 22.9487
    endloop
  endfacet
  facet normal 0.0653605 0 0.997862
    outer loop
      vertex 90.7832 19.5 22.9487
      vertex 90 27.5 23
      vertex 90 19.5 23
    endloop
  endfacet
  facet normal -0.997862 0 -0.0653605
    outer loop
      vertex 84.0513 19.5 16.2168
      vertex 84 27.5 17
      vertex 84.0513 27.5 16.2168
    endloop
  endfacet
  facet normal -0.997862 -0 -0.0653605
    outer loop
      vertex 84 27.5 17
      vertex 84.0513 19.5 16.2168
      vertex 84 19.5 17
    endloop
  endfacet
  facet normal 0.442263 0 -0.896885
    outer loop
      vertex 92.2961 19.5 11.4567
      vertex 93 24.7 11.8038
      vertex 93 19.5 11.8038
    endloop
  endfacet
  facet normal 0.442263 0 -0.896885
    outer loop
      vertex 93 24.7 11.8038
      vertex 92.2961 19.5 11.4567
      vertex 92.2961 24.7 11.4567
    endloop
  endfacet
  facet normal 0.831442 0 -0.555611
    outer loop
      vertex 95.1962 19.5 14
      vertex 94.7601 24.7 13.3474
      vertex 95.1962 24.7 14
    endloop
  endfacet
  facet normal 0.831442 0 -0.555611
    outer loop
      vertex 94.7601 24.7 13.3474
      vertex 95.1962 19.5 14
      vertex 94.7601 19.5 13.3474
    endloop
  endfacet
  facet normal 0.0653605 0 -0.997862
    outer loop
      vertex 90 19.5 11
      vertex 90.7832 24.7 11.0513
      vertex 90.7832 19.5 11.0513
    endloop
  endfacet
  facet normal 0.0653605 0 -0.997862
    outer loop
      vertex 90.7832 24.7 11.0513
      vertex 90 19.5 11
      vertex 90 24.7 11
    endloop
  endfacet
  facet normal -0.32146 0 -0.946923
    outer loop
      vertex 87.7039 19.5 11.4567
      vertex 88.4471 24.7 11.2044
      vertex 88.4471 19.5 11.2044
    endloop
  endfacet
  facet normal -0.32146 0 -0.946923
    outer loop
      vertex 88.4471 24.7 11.2044
      vertex 87.7039 19.5 11.4567
      vertex 87.7039 24.7 11.4567
    endloop
  endfacet
  facet normal -0.831442 0 -0.555611
    outer loop
      vertex 85.2399 19.5 13.3474
      vertex 84.8038 24.7 14
      vertex 85.2399 24.7 13.3474
    endloop
  endfacet
  facet normal -0.831442 -0 -0.555611
    outer loop
      vertex 84.8038 24.7 14
      vertex 85.2399 19.5 13.3474
      vertex 84.8038 19.5 14
    endloop
  endfacet
  facet normal 0.32146 0 0.946923
    outer loop
      vertex 91.5529 27.5 22.7956
      vertex 92.2961 19.5 22.5433
      vertex 92.2961 27.5 22.5433
    endloop
  endfacet
  facet normal 0.32146 0 0.946923
    outer loop
      vertex 92.2961 19.5 22.5433
      vertex 91.5529 27.5 22.7956
      vertex 91.5529 19.5 22.7956
    endloop
  endfacet
  facet normal 0.442263 0 0.896885
    outer loop
      vertex 92.2961 27.5 22.5433
      vertex 93 24.7 22.1962
      vertex 93 27.5 22.1962
    endloop
  endfacet
  facet normal 0.442263 -0 0.896885
    outer loop
      vertex 92.2961 19.5 22.5433
      vertex 93 24.7 22.1962
      vertex 92.2961 27.5 22.5433
    endloop
  endfacet
  facet normal 0.442263 0 0.896885
    outer loop
      vertex 93 24.7 22.1962
      vertex 92.2961 19.5 22.5433
      vertex 93 19.5 22.1962
    endloop
  endfacet
  facet normal -0.980786 0 0.195087
    outer loop
      vertex 84.0513 19.5 17.7832
      vertex 84.2044 27.5 18.5529
      vertex 84.0513 27.5 17.7832
    endloop
  endfacet
  facet normal -0.980786 0 0.195087
    outer loop
      vertex 84.2044 27.5 18.5529
      vertex 84.0513 19.5 17.7832
      vertex 84.2044 19.5 18.5529
    endloop
  endfacet
  facet normal -0.831442 0 0.555611
    outer loop
      vertex 84.8038 19.5 20
      vertex 85.2399 27.5 20.6526
      vertex 84.8038 27.5 20
    endloop
  endfacet
  facet normal -0.831442 0 0.555611
    outer loop
      vertex 85.2399 27.5 20.6526
      vertex 84.8038 19.5 20
      vertex 85.2399 19.5 20.6526
    endloop
  endfacet
  facet normal -0.751787 0 0.659406
    outer loop
      vertex 85.2399 19.5 20.6526
      vertex 85.7574 27.5 21.2426
      vertex 85.2399 27.5 20.6526
    endloop
  endfacet
  facet normal -0.751787 0 0.659406
    outer loop
      vertex 85.7574 27.5 21.2426
      vertex 85.2399 19.5 20.6526
      vertex 85.7574 19.5 21.2426
    endloop
  endfacet
  facet normal 0.195087 0 -0.980786
    outer loop
      vertex 90.7832 19.5 11.0513
      vertex 91.5529 24.7 11.2044
      vertex 91.5529 19.5 11.2044
    endloop
  endfacet
  facet normal 0.195087 0 -0.980786
    outer loop
      vertex 91.5529 24.7 11.2044
      vertex 90.7832 19.5 11.0513
      vertex 90.7832 24.7 11.0513
    endloop
  endfacet
  facet normal 0.946923 0 -0.32146
    outer loop
      vertex 95.7956 19.5 15.4471
      vertex 95.5433 24.7 14.7039
      vertex 95.7956 24.7 15.4471
    endloop
  endfacet
  facet normal 0.946923 0 -0.32146
    outer loop
      vertex 95.5433 24.7 14.7039
      vertex 95.7956 19.5 15.4471
      vertex 95.5433 19.5 14.7039
    endloop
  endfacet
  facet normal 0.980786 0 -0.195087
    outer loop
      vertex 95.9487 19.5 16.2168
      vertex 95.7956 24.7 15.4471
      vertex 95.9487 24.7 16.2168
    endloop
  endfacet
  facet normal 0.980786 0 -0.195087
    outer loop
      vertex 95.7956 24.7 15.4471
      vertex 95.9487 19.5 16.2168
      vertex 95.7956 19.5 15.4471
    endloop
  endfacet
  facet normal 0.32146 0 -0.946923
    outer loop
      vertex 91.5529 19.5 11.2044
      vertex 92.2961 24.7 11.4567
      vertex 92.2961 19.5 11.4567
    endloop
  endfacet
  facet normal 0.32146 0 -0.946923
    outer loop
      vertex 92.2961 24.7 11.4567
      vertex 91.5529 19.5 11.2044
      vertex 91.5529 24.7 11.2044
    endloop
  endfacet
  facet normal 0.751787 0 -0.659406
    outer loop
      vertex 94.7601 19.5 13.3474
      vertex 94.2426 24.7 12.7574
      vertex 94.7601 24.7 13.3474
    endloop
  endfacet
  facet normal 0.751787 0 -0.659406
    outer loop
      vertex 94.2426 24.7 12.7574
      vertex 94.7601 19.5 13.3474
      vertex 94.2426 19.5 12.7574
    endloop
  endfacet
  facet normal -0.195087 0 -0.980786
    outer loop
      vertex 88.4471 19.5 11.2044
      vertex 89.2168 24.7 11.0513
      vertex 89.2168 19.5 11.0513
    endloop
  endfacet
  facet normal -0.195087 0 -0.980786
    outer loop
      vertex 89.2168 24.7 11.0513
      vertex 88.4471 19.5 11.2044
      vertex 88.4471 24.7 11.2044
    endloop
  endfacet
  facet normal -0.0653605 0 -0.997862
    outer loop
      vertex 89.2168 19.5 11.0513
      vertex 90 24.7 11
      vertex 90 19.5 11
    endloop
  endfacet
  facet normal -0.0653605 0 -0.997862
    outer loop
      vertex 90 24.7 11
      vertex 89.2168 19.5 11.0513
      vertex 89.2168 24.7 11.0513
    endloop
  endfacet
  facet normal -0.896885 0 -0.442263
    outer loop
      vertex 84.8038 24.7 14
      vertex 84.4567 27.5 14.7039
      vertex 84.8038 27.5 14
    endloop
  endfacet
  facet normal -0.896885 0 -0.442263
    outer loop
      vertex 84.4567 19.5 14.7039
      vertex 84.8038 24.7 14
      vertex 84.8038 19.5 14
    endloop
  endfacet
  facet normal -0.896885 0 -0.442263
    outer loop
      vertex 84.8038 24.7 14
      vertex 84.4567 19.5 14.7039
      vertex 84.4567 27.5 14.7039
    endloop
  endfacet
  facet normal -0.659406 0 -0.751787
    outer loop
      vertex 85.7574 19.5 12.7574
      vertex 86.3474 24.7 12.2399
      vertex 86.3474 19.5 12.2399
    endloop
  endfacet
  facet normal -0.659406 0 -0.751787
    outer loop
      vertex 86.3474 24.7 12.2399
      vertex 85.7574 19.5 12.7574
      vertex 85.7574 24.7 12.7574
    endloop
  endfacet
  facet normal 0.980786 -0 0.195087
    outer loop
      vertex 95.7956 19.5 18.5529
      vertex 95.9487 24.7 17.7832
      vertex 95.7956 24.7 18.5529
    endloop
  endfacet
  facet normal 0.980786 0 0.195087
    outer loop
      vertex 95.9487 24.7 17.7832
      vertex 95.7956 19.5 18.5529
      vertex 95.9487 19.5 17.7832
    endloop
  endfacet
  facet normal 0.831442 -0 0.555611
    outer loop
      vertex 94.7601 19.5 20.6526
      vertex 95.1962 24.7 20
      vertex 94.7601 24.7 20.6526
    endloop
  endfacet
  facet normal 0.831442 0 0.555611
    outer loop
      vertex 95.1962 24.7 20
      vertex 94.7601 19.5 20.6526
      vertex 95.1962 19.5 20
    endloop
  endfacet
  facet normal 0.751787 -0 0.659406
    outer loop
      vertex 94.2426 19.5 21.2426
      vertex 94.7601 24.7 20.6526
      vertex 94.2426 24.7 21.2426
    endloop
  endfacet
  facet normal 0.751787 0 0.659406
    outer loop
      vertex 94.7601 24.7 20.6526
      vertex 94.2426 19.5 21.2426
      vertex 94.7601 19.5 20.6526
    endloop
  endfacet
  facet normal 0.195087 0 0.980786
    outer loop
      vertex 90.7832 27.5 22.9487
      vertex 91.5529 19.5 22.7956
      vertex 91.5529 27.5 22.7956
    endloop
  endfacet
  facet normal 0.195087 0 0.980786
    outer loop
      vertex 91.5529 19.5 22.7956
      vertex 90.7832 27.5 22.9487
      vertex 90.7832 19.5 22.9487
    endloop
  endfacet
  facet normal 0 -1 0
    outer loop
      vertex 90 19.5 18.7
      vertex 90 19.5 23
      vertex 89.2168 19.5 22.9487
    endloop
  endfacet
  facet normal 0 -1 0
    outer loop
      vertex 89.7781 19.5 18.6855
      vertex 89.2168 19.5 22.9487
      vertex 88.4471 19.5 22.7956
    endloop
  endfacet
  facet normal 0 -1 0
    outer loop
      vertex 90 19.5 23
      vertex 90 19.5 18.7
      vertex 90.7832 19.5 22.9487
    endloop
  endfacet
  facet normal 0 -1 0
    outer loop
      vertex 89.56 19.5 18.6421
      vertex 88.4471 19.5 22.7956
      vertex 87.7039 19.5 22.5433
    endloop
  endfacet
  facet normal 0 -1 0
    outer loop
      vertex 90.2219 19.5 18.6855
      vertex 90.7832 19.5 22.9487
      vertex 90 19.5 18.7
    endloop
  endfacet
  facet normal 0 -1 0
    outer loop
      vertex 89.3494 19.5 18.5706
      vertex 87.7039 19.5 22.5433
      vertex 87 19.5 22.1962
    endloop
  endfacet
  facet normal 0 -1 -0
    outer loop
      vertex 90.7832 19.5 22.9487
      vertex 90.2219 19.5 18.6855
      vertex 91.5529 19.5 22.7956
    endloop
  endfacet
  facet normal 0 -1 0
    outer loop
      vertex 89.15 19.5 18.4722
      vertex 87 19.5 22.1962
      vertex 86.3474 19.5 21.7601
    endloop
  endfacet
  facet normal 0 -1 0
    outer loop
      vertex 90.44 19.5 18.6421
      vertex 91.5529 19.5 22.7956
      vertex 90.2219 19.5 18.6855
    endloop
  endfacet
  facet normal 0 -1 0
    outer loop
      vertex 88.9651 19.5 18.3487
      vertex 86.3474 19.5 21.7601
      vertex 85.7574 19.5 21.2426
    endloop
  endfacet
  facet normal 0 -1 -0
    outer loop
      vertex 91.5529 19.5 22.7956
      vertex 90.44 19.5 18.6421
      vertex 92.2961 19.5 22.5433
    endloop
  endfacet
  facet normal 0 -1 0
    outer loop
      vertex 88.7979 19.5 18.2021
      vertex 85.7574 19.5 21.2426
      vertex 85.2399 19.5 20.6526
    endloop
  endfacet
  facet normal 0 -1 0
    outer loop
      vertex 90.6506 19.5 18.5706
      vertex 92.2961 19.5 22.5433
      vertex 90.44 19.5 18.6421
    endloop
  endfacet
  facet normal 0 -1 0
    outer loop
      vertex 88.6513 19.5 18.0349
      vertex 85.2399 19.5 20.6526
      vertex 84.8038 19.5 20
    endloop
  endfacet
  facet normal 0 -1 -0
    outer loop
      vertex 92.2961 19.5 22.5433
      vertex 90.6506 19.5 18.5706
      vertex 93 19.5 22.1962
    endloop
  endfacet
  facet normal 0 -1 0
    outer loop
      vertex 88.5278 19.5 17.85
      vertex 84.8038 19.5 20
      vertex 84.4567 19.5 19.2961
    endloop
  endfacet
  facet normal 0 -1 0
    outer loop
      vertex 90.85 19.5 18.4722
      vertex 93 19.5 22.1962
      vertex 90.6506 19.5 18.5706
    endloop
  endfacet
  facet normal 0 -1 -0
    outer loop
      vertex 93 19.5 22.1962
      vertex 90.85 19.5 18.4722
      vertex 93.6526 19.5 21.7601
    endloop
  endfacet
  facet normal 0 -1 0
    outer loop
      vertex 89.2168 19.5 22.9487
      vertex 89.7781 19.5 18.6855
      vertex 90 19.5 18.7
    endloop
  endfacet
  facet normal 0 -1 0
    outer loop
      vertex 88.4471 19.5 22.7956
      vertex 89.56 19.5 18.6421
      vertex 89.7781 19.5 18.6855
    endloop
  endfacet
  facet normal 0 -1 0
    outer loop
      vertex 87.7039 19.5 22.5433
      vertex 89.3494 19.5 18.5706
      vertex 89.56 19.5 18.6421
    endloop
  endfacet
  facet normal 0 -1 0
    outer loop
      vertex 88.4294 19.5 17.6506
      vertex 84.4567 19.5 19.2961
      vertex 84.2044 19.5 18.5529
    endloop
  endfacet
  facet normal 0 -1 0
    outer loop
      vertex 87 19.5 22.1962
      vertex 89.15 19.5 18.4722
      vertex 89.3494 19.5 18.5706
    endloop
  endfacet
  facet normal 0 -1 0
    outer loop
      vertex 86.3474 19.5 21.7601
      vertex 88.9651 19.5 18.3487
      vertex 89.15 19.5 18.4722
    endloop
  endfacet
  facet normal 0 -1 0
    outer loop
      vertex 85.7574 19.5 21.2426
      vertex 88.7979 19.5 18.2021
      vertex 88.9651 19.5 18.3487
    endloop
  endfacet
  facet normal 0 -1 0
    outer loop
      vertex 85.2399 19.5 20.6526
      vertex 88.6513 19.5 18.0349
      vertex 88.7979 19.5 18.2021
    endloop
  endfacet
  facet normal 0 -1 0
    outer loop
      vertex 84.8038 19.5 20
      vertex 88.5278 19.5 17.85
      vertex 88.6513 19.5 18.0349
    endloop
  endfacet
  facet normal 0 -1 0
    outer loop
      vertex 88.3579 19.5 17.44
      vertex 84.2044 19.5 18.5529
      vertex 84.0513 19.5 17.7832
    endloop
  endfacet
  facet normal 0 -1 0
    outer loop
      vertex 84.4567 19.5 19.2961
      vertex 88.4294 19.5 17.6506
      vertex 88.5278 19.5 17.85
    endloop
  endfacet
  facet normal 0 -1 0
    outer loop
      vertex 84.2044 19.5 18.5529
      vertex 88.3579 19.5 17.44
      vertex 88.4294 19.5 17.6506
    endloop
  endfacet
  facet normal 0 -1 0
    outer loop
      vertex 84.0513 19.5 17.7832
      vertex 88.3145 19.5 17.2219
      vertex 88.3579 19.5 17.44
    endloop
  endfacet
  facet normal 0 -1 0
    outer loop
      vertex 84 19.5 17
      vertex 88.3145 19.5 17.2219
      vertex 84.0513 19.5 17.7832
    endloop
  endfacet
  facet normal 0 -1 0
    outer loop
      vertex 84 19.5 17
      vertex 88.3 19.5 17
      vertex 88.3145 19.5 17.2219
    endloop
  endfacet
  facet normal 0 -1 0
    outer loop
      vertex 84 19.5 17
      vertex 88.3145 19.5 16.7781
      vertex 88.3 19.5 17
    endloop
  endfacet
  facet normal 0 -1 0
    outer loop
      vertex 84.0513 19.5 16.2168
      vertex 88.3145 19.5 16.7781
      vertex 84 19.5 17
    endloop
  endfacet
  facet normal 0 -1 -0
    outer loop
      vertex 88.3145 19.5 16.7781
      vertex 84.0513 19.5 16.2168
      vertex 88.3579 19.5 16.56
    endloop
  endfacet
  facet normal 0 -1 0
    outer loop
      vertex 84.2044 19.5 15.4471
      vertex 88.3579 19.5 16.56
      vertex 84.0513 19.5 16.2168
    endloop
  endfacet
  facet normal 0 -1 -0
    outer loop
      vertex 88.3579 19.5 16.56
      vertex 84.2044 19.5 15.4471
      vertex 88.4294 19.5 16.3494
    endloop
  endfacet
  facet normal 0 -1 0
    outer loop
      vertex 84.4567 19.5 14.7039
      vertex 88.4294 19.5 16.3494
      vertex 84.2044 19.5 15.4471
    endloop
  endfacet
  facet normal 0 -1 -0
    outer loop
      vertex 88.4294 19.5 16.3494
      vertex 84.4567 19.5 14.7039
      vertex 88.5278 19.5 16.15
    endloop
  endfacet
  facet normal 0 -1 0
    outer loop
      vertex 84.8038 19.5 14
      vertex 88.5278 19.5 16.15
      vertex 84.4567 19.5 14.7039
    endloop
  endfacet
  facet normal 0 -1 -0
    outer loop
      vertex 88.5278 19.5 16.15
      vertex 84.8038 19.5 14
      vertex 88.6513 19.5 15.9651
    endloop
  endfacet
  facet normal 0 -1 0
    outer loop
      vertex 85.2399 19.5 13.3474
      vertex 88.6513 19.5 15.9651
      vertex 84.8038 19.5 14
    endloop
  endfacet
  facet normal 0 -1 -0
    outer loop
      vertex 88.6513 19.5 15.9651
      vertex 85.2399 19.5 13.3474
      vertex 88.7979 19.5 15.7979
    endloop
  endfacet
  facet normal 0 -1 0
    outer loop
      vertex 85.7574 19.5 12.7574
      vertex 88.7979 19.5 15.7979
      vertex 85.2399 19.5 13.3474
    endloop
  endfacet
  facet normal 0 -1 -0
    outer loop
      vertex 88.7979 19.5 15.7979
      vertex 85.7574 19.5 12.7574
      vertex 88.9651 19.5 15.6513
    endloop
  endfacet
  facet normal 0 -1 0
    outer loop
      vertex 86.3474 19.5 12.2399
      vertex 88.9651 19.5 15.6513
      vertex 85.7574 19.5 12.7574
    endloop
  endfacet
  facet normal 0 -1 -0
    outer loop
      vertex 88.9651 19.5 15.6513
      vertex 86.3474 19.5 12.2399
      vertex 89.15 19.5 15.5278
    endloop
  endfacet
  facet normal 0 -1 0
    outer loop
      vertex 91.0349 19.5 18.3487
      vertex 93.6526 19.5 21.7601
      vertex 90.85 19.5 18.4722
    endloop
  endfacet
  facet normal 0 -1 -0
    outer loop
      vertex 93.6526 19.5 21.7601
      vertex 91.0349 19.5 18.3487
      vertex 94.2426 19.5 21.2426
    endloop
  endfacet
  facet normal 0 -1 0
    outer loop
      vertex 91.2021 19.5 18.2021
      vertex 94.2426 19.5 21.2426
      vertex 91.0349 19.5 18.3487
    endloop
  endfacet
  facet normal 0 -1 -0
    outer loop
      vertex 94.2426 19.5 21.2426
      vertex 91.2021 19.5 18.2021
      vertex 94.7601 19.5 20.6526
    endloop
  endfacet
  facet normal 0 -1 0
    outer loop
      vertex 91.3487 19.5 18.0349
      vertex 94.7601 19.5 20.6526
      vertex 91.2021 19.5 18.2021
    endloop
  endfacet
  facet normal 0 -1 -0
    outer loop
      vertex 94.7601 19.5 20.6526
      vertex 91.3487 19.5 18.0349
      vertex 95.1962 19.5 20
    endloop
  endfacet
  facet normal 0 -1 0
    outer loop
      vertex 91.4722 19.5 17.85
      vertex 95.1962 19.5 20
      vertex 91.3487 19.5 18.0349
    endloop
  endfacet
  facet normal 0 -1 -0
    outer loop
      vertex 95.1962 19.5 20
      vertex 91.4722 19.5 17.85
      vertex 95.5433 19.5 19.2961
    endloop
  endfacet
  facet normal 0 -1 0
    outer loop
      vertex 91.5706 19.5 17.6506
      vertex 95.5433 19.5 19.2961
      vertex 91.4722 19.5 17.85
    endloop
  endfacet
  facet normal 0 -1 -0
    outer loop
      vertex 95.5433 19.5 19.2961
      vertex 91.5706 19.5 17.6506
      vertex 95.7956 19.5 18.5529
    endloop
  endfacet
  facet normal 0 -1 0
    outer loop
      vertex 91.6421 19.5 17.44
      vertex 95.7956 19.5 18.5529
      vertex 91.5706 19.5 17.6506
    endloop
  endfacet
  facet normal 0 -1 -0
    outer loop
      vertex 95.7956 19.5 18.5529
      vertex 91.6421 19.5 17.44
      vertex 95.9487 19.5 17.7832
    endloop
  endfacet
  facet normal 0 -1 0
    outer loop
      vertex 91.6855 19.5 17.2219
      vertex 95.9487 19.5 17.7832
      vertex 91.6421 19.5 17.44
    endloop
  endfacet
  facet normal 0 -1 0
    outer loop
      vertex 91.7 19.5 17
      vertex 95.9487 19.5 17.7832
      vertex 91.6855 19.5 17.2219
    endloop
  endfacet
  facet normal 0 -1 0
    outer loop
      vertex 91.7 19.5 17
      vertex 96 19.5 17
      vertex 95.9487 19.5 17.7832
    endloop
  endfacet
  facet normal 0 -1 0
    outer loop
      vertex 91.6855 19.5 16.7781
      vertex 96 19.5 17
      vertex 91.7 19.5 17
    endloop
  endfacet
  facet normal 0 -1 0
    outer loop
      vertex 95.9487 19.5 16.2168
      vertex 91.6855 19.5 16.7781
      vertex 91.6421 19.5 16.56
    endloop
  endfacet
  facet normal 0 -1 0
    outer loop
      vertex 95.7956 19.5 15.4471
      vertex 91.6421 19.5 16.56
      vertex 91.5706 19.5 16.3494
    endloop
  endfacet
  facet normal 0 -1 0
    outer loop
      vertex 91.6855 19.5 16.7781
      vertex 95.9487 19.5 16.2168
      vertex 96 19.5 17
    endloop
  endfacet
  facet normal 0 -1 0
    outer loop
      vertex 95.5433 19.5 14.7039
      vertex 91.5706 19.5 16.3494
      vertex 91.4722 19.5 16.15
    endloop
  endfacet
  facet normal 0 -1 0
    outer loop
      vertex 95.1962 19.5 14
      vertex 91.4722 19.5 16.15
      vertex 91.3487 19.5 15.9651
    endloop
  endfacet
  facet normal 0 -1 0
    outer loop
      vertex 94.7601 19.5 13.3474
      vertex 91.3487 19.5 15.9651
      vertex 91.2021 19.5 15.7979
    endloop
  endfacet
  facet normal 0 -1 0
    outer loop
      vertex 94.2426 19.5 12.7574
      vertex 91.2021 19.5 15.7979
      vertex 91.0349 19.5 15.6513
    endloop
  endfacet
  facet normal 0 -1 0
    outer loop
      vertex 93.6526 19.5 12.2399
      vertex 91.0349 19.5 15.6513
      vertex 90.85 19.5 15.5278
    endloop
  endfacet
  facet normal 0 -1 0
    outer loop
      vertex 91.6421 19.5 16.56
      vertex 95.7956 19.5 15.4471
      vertex 95.9487 19.5 16.2168
    endloop
  endfacet
  facet normal 0 -1 0
    outer loop
      vertex 93 19.5 11.8038
      vertex 90.85 19.5 15.5278
      vertex 90.6506 19.5 15.4294
    endloop
  endfacet
  facet normal 0 -1 0
    outer loop
      vertex 92.2961 19.5 11.4567
      vertex 90.6506 19.5 15.4294
      vertex 90.44 19.5 15.3579
    endloop
  endfacet
  facet normal 0 -1 0
    outer loop
      vertex 91.5529 19.5 11.2044
      vertex 90.44 19.5 15.3579
      vertex 90.2219 19.5 15.3145
    endloop
  endfacet
  facet normal 0 -1 0
    outer loop
      vertex 90.7832 19.5 11.0513
      vertex 90.2219 19.5 15.3145
      vertex 90 19.5 15.3
    endloop
  endfacet
  facet normal 0 -1 0
    outer loop
      vertex 87 19.5 11.8038
      vertex 89.15 19.5 15.5278
      vertex 86.3474 19.5 12.2399
    endloop
  endfacet
  facet normal 0 -1 0
    outer loop
      vertex 91.5706 19.5 16.3494
      vertex 95.5433 19.5 14.7039
      vertex 95.7956 19.5 15.4471
    endloop
  endfacet
  facet normal 0 -1 -0
    outer loop
      vertex 89.15 19.5 15.5278
      vertex 87 19.5 11.8038
      vertex 89.3494 19.5 15.4294
    endloop
  endfacet
  facet normal 0 -1 0
    outer loop
      vertex 91.4722 19.5 16.15
      vertex 95.1962 19.5 14
      vertex 95.5433 19.5 14.7039
    endloop
  endfacet
  facet normal 0 -1 0
    outer loop
      vertex 87.7039 19.5 11.4567
      vertex 89.3494 19.5 15.4294
      vertex 87 19.5 11.8038
    endloop
  endfacet
  facet normal 0 -1 0
    outer loop
      vertex 91.3487 19.5 15.9651
      vertex 94.7601 19.5 13.3474
      vertex 95.1962 19.5 14
    endloop
  endfacet
  facet normal 0 -1 -0
    outer loop
      vertex 89.3494 19.5 15.4294
      vertex 87.7039 19.5 11.4567
      vertex 89.56 19.5 15.3579
    endloop
  endfacet
  facet normal 0 -1 0
    outer loop
      vertex 91.2021 19.5 15.7979
      vertex 94.2426 19.5 12.7574
      vertex 94.7601 19.5 13.3474
    endloop
  endfacet
  facet normal 0 -1 0
    outer loop
      vertex 88.4471 19.5 11.2044
      vertex 89.56 19.5 15.3579
      vertex 87.7039 19.5 11.4567
    endloop
  endfacet
  facet normal 0 -1 0
    outer loop
      vertex 91.0349 19.5 15.6513
      vertex 93.6526 19.5 12.2399
      vertex 94.2426 19.5 12.7574
    endloop
  endfacet
  facet normal 0 -1 -0
    outer loop
      vertex 89.56 19.5 15.3579
      vertex 88.4471 19.5 11.2044
      vertex 89.7781 19.5 15.3145
    endloop
  endfacet
  facet normal 0 -1 0
    outer loop
      vertex 90.85 19.5 15.5278
      vertex 93 19.5 11.8038
      vertex 93.6526 19.5 12.2399
    endloop
  endfacet
  facet normal 0 -1 0
    outer loop
      vertex 89.2168 19.5 11.0513
      vertex 89.7781 19.5 15.3145
      vertex 88.4471 19.5 11.2044
    endloop
  endfacet
  facet normal 0 -1 0
    outer loop
      vertex 90.6506 19.5 15.4294
      vertex 92.2961 19.5 11.4567
      vertex 93 19.5 11.8038
    endloop
  endfacet
  facet normal 0 -1 -0
    outer loop
      vertex 89.7781 19.5 15.3145
      vertex 89.2168 19.5 11.0513
      vertex 90 19.5 15.3
    endloop
  endfacet
  facet normal 0 -1 0
    outer loop
      vertex 90.44 19.5 15.3579
      vertex 91.5529 19.5 11.2044
      vertex 92.2961 19.5 11.4567
    endloop
  endfacet
  facet normal 0 -1 0
    outer loop
      vertex 90 19.5 11
      vertex 90 19.5 15.3
      vertex 89.2168 19.5 11.0513
    endloop
  endfacet
  facet normal 0 -1 0
    outer loop
      vertex 90.2219 19.5 15.3145
      vertex 90.7832 19.5 11.0513
      vertex 91.5529 19.5 11.2044
    endloop
  endfacet
  facet normal 0 -1 0
    outer loop
      vertex 90 19.5 15.3
      vertex 90 19.5 11
      vertex 90.7832 19.5 11.0513
    endloop
  endfacet
  facet normal -0.997862 0 0.0653605
    outer loop
      vertex 84 19.5 17
      vertex 84.0513 27.5 17.7832
      vertex 84 27.5 17
    endloop
  endfacet
  facet normal -0.997862 0 0.0653605
    outer loop
      vertex 84.0513 27.5 17.7832
      vertex 84 19.5 17
      vertex 84.0513 19.5 17.7832
    endloop
  endfacet
  facet normal -0.896885 0 0.442263
    outer loop
      vertex 84.4567 19.5 19.2961
      vertex 84.8038 27.5 20
      vertex 84.4567 27.5 19.2961
    endloop
  endfacet
  facet normal -0.896885 0 0.442263
    outer loop
      vertex 84.8038 27.5 20
      vertex 84.4567 19.5 19.2961
      vertex 84.8038 19.5 20
    endloop
  endfacet
  facet normal -0.195087 0 0.980786
    outer loop
      vertex 88.4471 27.5 22.7956
      vertex 89.2168 19.5 22.9487
      vertex 89.2168 27.5 22.9487
    endloop
  endfacet
  facet normal -0.195087 0 0.980786
    outer loop
      vertex 89.2168 19.5 22.9487
      vertex 88.4471 27.5 22.7956
      vertex 88.4471 19.5 22.7956
    endloop
  endfacet
  facet normal -0.32146 0 0.946923
    outer loop
      vertex 87.7039 27.5 22.5433
      vertex 88.4471 19.5 22.7956
      vertex 88.4471 27.5 22.7956
    endloop
  endfacet
  facet normal -0.32146 0 0.946923
    outer loop
      vertex 88.4471 19.5 22.7956
      vertex 87.7039 27.5 22.5433
      vertex 87.7039 19.5 22.5433
    endloop
  endfacet
  facet normal -0.555611 0 0.831442
    outer loop
      vertex 86.3474 27.5 21.7601
      vertex 87 19.5 22.1962
      vertex 87 27.5 22.1962
    endloop
  endfacet
  facet normal -0.555611 0 0.831442
    outer loop
      vertex 87 19.5 22.1962
      vertex 86.3474 27.5 21.7601
      vertex 86.3474 19.5 21.7601
    endloop
  endfacet
  facet normal -0.659406 0 0.751787
    outer loop
      vertex 85.7574 27.5 21.2426
      vertex 86.3474 19.5 21.7601
      vertex 86.3474 27.5 21.7601
    endloop
  endfacet
  facet normal -0.659406 0 0.751787
    outer loop
      vertex 86.3474 19.5 21.7601
      vertex 85.7574 27.5 21.2426
      vertex 85.7574 19.5 21.2426
    endloop
  endfacet
  facet normal 0.896885 0 -0.442263
    outer loop
      vertex 95.5433 19.5 14.7039
      vertex 95.1962 24.7 14
      vertex 95.5433 24.7 14.7039
    endloop
  endfacet
  facet normal 0.896885 0 -0.442263
    outer loop
      vertex 95.1962 24.7 14
      vertex 95.5433 19.5 14.7039
      vertex 95.1962 19.5 14
    endloop
  endfacet
  facet normal 0.555611 0 -0.831442
    outer loop
      vertex 93 19.5 11.8038
      vertex 93.6526 24.7 12.2399
      vertex 93.6526 19.5 12.2399
    endloop
  endfacet
  facet normal 0.555611 0 -0.831442
    outer loop
      vertex 93.6526 24.7 12.2399
      vertex 93 19.5 11.8038
      vertex 93 24.7 11.8038
    endloop
  endfacet
  facet normal 0.659406 0 -0.751787
    outer loop
      vertex 93.6526 19.5 12.2399
      vertex 94.2426 24.7 12.7574
      vertex 94.2426 19.5 12.7574
    endloop
  endfacet
  facet normal 0.659406 0 -0.751787
    outer loop
      vertex 94.2426 24.7 12.7574
      vertex 93.6526 19.5 12.2399
      vertex 93.6526 24.7 12.2399
    endloop
  endfacet
  facet normal -0.555611 0 -0.831442
    outer loop
      vertex 86.3474 19.5 12.2399
      vertex 87 24.7 11.8038
      vertex 87 19.5 11.8038
    endloop
  endfacet
  facet normal -0.555611 0 -0.831442
    outer loop
      vertex 87 24.7 11.8038
      vertex 86.3474 19.5 12.2399
      vertex 86.3474 24.7 12.2399
    endloop
  endfacet
  facet normal -0.442263 0 -0.896885
    outer loop
      vertex 87 19.5 11.8038
      vertex 87.7039 24.7 11.4567
      vertex 87.7039 19.5 11.4567
    endloop
  endfacet
  facet normal -0.442263 0 -0.896885
    outer loop
      vertex 87.7039 24.7 11.4567
      vertex 87 19.5 11.8038
      vertex 87 24.7 11.8038
    endloop
  endfacet
  facet normal -0.980786 0 -0.195087
    outer loop
      vertex 84.2044 19.5 15.4471
      vertex 84.0513 27.5 16.2168
      vertex 84.2044 27.5 15.4471
    endloop
  endfacet
  facet normal -0.980786 -0 -0.195087
    outer loop
      vertex 84.0513 27.5 16.2168
      vertex 84.2044 19.5 15.4471
      vertex 84.0513 19.5 16.2168
    endloop
  endfacet
  facet normal -0.946923 0 -0.32146
    outer loop
      vertex 84.4567 19.5 14.7039
      vertex 84.2044 27.5 15.4471
      vertex 84.4567 27.5 14.7039
    endloop
  endfacet
  facet normal -0.946923 -0 -0.32146
    outer loop
      vertex 84.2044 27.5 15.4471
      vertex 84.4567 19.5 14.7039
      vertex 84.2044 19.5 15.4471
    endloop
  endfacet
  facet normal -0.751787 0 -0.659406
    outer loop
      vertex 85.7574 19.5 12.7574
      vertex 85.2399 24.7 13.3474
      vertex 85.7574 24.7 12.7574
    endloop
  endfacet
  facet normal -0.751787 -0 -0.659406
    outer loop
      vertex 85.2399 24.7 13.3474
      vertex 85.7574 19.5 12.7574
      vertex 85.2399 19.5 13.3474
    endloop
  endfacet
  facet normal -0.997872 0 -0.0652057
    outer loop
      vertex 91.7 19.5 17
      vertex 91.6855 27.5 17.2219
      vertex 91.7 27.5 17
    endloop
  endfacet
  facet normal -0.997872 -0 -0.0652057
    outer loop
      vertex 91.6855 27.5 17.2219
      vertex 91.7 19.5 17
      vertex 91.6855 19.5 17.2219
    endloop
  endfacet
  facet normal -0.98077 0 -0.195165
    outer loop
      vertex 91.6855 19.5 17.2219
      vertex 91.6421 27.5 17.44
      vertex 91.6855 27.5 17.2219
    endloop
  endfacet
  facet normal -0.98077 -0 -0.195165
    outer loop
      vertex 91.6421 27.5 17.44
      vertex 91.6855 19.5 17.2219
      vertex 91.6421 19.5 17.44
    endloop
  endfacet
  facet normal 0.0652057 0 -0.997872
    outer loop
      vertex 89.7781 19.5 18.6855
      vertex 90 27.5 18.7
      vertex 90 19.5 18.7
    endloop
  endfacet
  facet normal 0.0652057 0 -0.997872
    outer loop
      vertex 90 27.5 18.7
      vertex 89.7781 19.5 18.6855
      vertex 89.7781 27.5 18.6855
    endloop
  endfacet
  facet normal -0.659268 0 -0.751908
    outer loop
      vertex 91.0349 19.5 18.3487
      vertex 91.2021 27.5 18.2021
      vertex 91.2021 19.5 18.2021
    endloop
  endfacet
  facet normal -0.659268 0 -0.751908
    outer loop
      vertex 91.2021 27.5 18.2021
      vertex 91.0349 19.5 18.3487
      vertex 91.0349 27.5 18.3487
    endloop
  endfacet
  facet normal 0.751908 0 -0.659268
    outer loop
      vertex 88.7979 19.5 18.2021
      vertex 88.6513 27.5 18.0349
      vertex 88.7979 27.5 18.2021
    endloop
  endfacet
  facet normal 0.751908 0 -0.659268
    outer loop
      vertex 88.6513 27.5 18.0349
      vertex 88.7979 19.5 18.2021
      vertex 88.6513 19.5 18.0349
    endloop
  endfacet
  facet normal 0.44253 0 -0.896754
    outer loop
      vertex 89.15 19.5 18.4722
      vertex 89.3494 27.5 18.5706
      vertex 89.3494 19.5 18.5706
    endloop
  endfacet
  facet normal 0.44253 0 -0.896754
    outer loop
      vertex 89.3494 27.5 18.5706
      vertex 89.15 19.5 18.4722
      vertex 89.15 27.5 18.4722
    endloop
  endfacet
  facet normal -0.321484 0 -0.946915
    outer loop
      vertex 90.44 19.5 18.6421
      vertex 90.6506 27.5 18.5706
      vertex 90.6506 19.5 18.5706
    endloop
  endfacet
  facet normal -0.321484 0 -0.946915
    outer loop
      vertex 90.6506 27.5 18.5706
      vertex 90.44 19.5 18.6421
      vertex 90.44 27.5 18.6421
    endloop
  endfacet
  facet normal -0.44253 0 -0.896754
    outer loop
      vertex 90.6506 19.5 18.5706
      vertex 90.85 27.5 18.4722
      vertex 90.85 19.5 18.4722
    endloop
  endfacet
  facet normal -0.44253 0 -0.896754
    outer loop
      vertex 90.85 27.5 18.4722
      vertex 90.6506 19.5 18.5706
      vertex 90.6506 27.5 18.5706
    endloop
  endfacet
  facet normal 0.946915 0 -0.321484
    outer loop
      vertex 88.4294 19.5 17.6506
      vertex 88.3579 27.5 17.44
      vertex 88.4294 27.5 17.6506
    endloop
  endfacet
  facet normal 0.946915 0 -0.321484
    outer loop
      vertex 88.3579 27.5 17.44
      vertex 88.4294 19.5 17.6506
      vertex 88.3579 19.5 17.44
    endloop
  endfacet
  facet normal 0.896754 0 -0.44253
    outer loop
      vertex 88.5278 19.5 17.85
      vertex 88.4294 27.5 17.6506
      vertex 88.5278 27.5 17.85
    endloop
  endfacet
  facet normal 0.896754 0 -0.44253
    outer loop
      vertex 88.4294 27.5 17.6506
      vertex 88.5278 19.5 17.85
      vertex 88.4294 19.5 17.6506
    endloop
  endfacet
  facet normal 0.195165 0 -0.98077
    outer loop
      vertex 89.56 19.5 18.6421
      vertex 89.7781 27.5 18.6855
      vertex 89.7781 19.5 18.6855
    endloop
  endfacet
  facet normal 0.195165 0 -0.98077
    outer loop
      vertex 89.7781 27.5 18.6855
      vertex 89.56 19.5 18.6421
      vertex 89.56 27.5 18.6421
    endloop
  endfacet
  facet normal -0.946915 0 0.321484
    outer loop
      vertex 91.5706 19.5 16.3494
      vertex 91.6421 27.5 16.56
      vertex 91.5706 27.5 16.3494
    endloop
  endfacet
  facet normal -0.946915 0 0.321484
    outer loop
      vertex 91.6421 27.5 16.56
      vertex 91.5706 19.5 16.3494
      vertex 91.6421 19.5 16.56
    endloop
  endfacet
  facet normal -0.195165 0 0.98077
    outer loop
      vertex 90.2219 27.5 15.3145
      vertex 90.44 19.5 15.3579
      vertex 90.44 27.5 15.3579
    endloop
  endfacet
  facet normal -0.195165 0 0.98077
    outer loop
      vertex 90.44 19.5 15.3579
      vertex 90.2219 27.5 15.3145
      vertex 90.2219 19.5 15.3145
    endloop
  endfacet
  facet normal -0.831566 0 -0.555426
    outer loop
      vertex 91.4722 19.5 17.85
      vertex 91.3487 27.5 18.0349
      vertex 91.4722 27.5 17.85
    endloop
  endfacet
  facet normal -0.831566 -0 -0.555426
    outer loop
      vertex 91.3487 27.5 18.0349
      vertex 91.4722 19.5 17.85
      vertex 91.3487 19.5 18.0349
    endloop
  endfacet
  facet normal -0.0652057 0 -0.997872
    outer loop
      vertex 90 19.5 18.7
      vertex 90.2219 27.5 18.6855
      vertex 90.2219 19.5 18.6855
    endloop
  endfacet
  facet normal -0.0652057 0 -0.997872
    outer loop
      vertex 90.2219 27.5 18.6855
      vertex 90 19.5 18.7
      vertex 90 27.5 18.7
    endloop
  endfacet
  facet normal -0.555426 0 -0.831566
    outer loop
      vertex 90.85 19.5 18.4722
      vertex 91.0349 27.5 18.3487
      vertex 91.0349 19.5 18.3487
    endloop
  endfacet
  facet normal -0.555426 0 -0.831566
    outer loop
      vertex 91.0349 27.5 18.3487
      vertex 90.85 19.5 18.4722
      vertex 90.85 27.5 18.4722
    endloop
  endfacet
  facet normal 0.997872 0 -0.0652057
    outer loop
      vertex 88.3145 19.5 17.2219
      vertex 88.3 27.5 17
      vertex 88.3145 27.5 17.2219
    endloop
  endfacet
  facet normal 0.997872 0 -0.0652057
    outer loop
      vertex 88.3 27.5 17
      vertex 88.3145 19.5 17.2219
      vertex 88.3 19.5 17
    endloop
  endfacet
  facet normal 0.997872 -0 0.0652057
    outer loop
      vertex 88.3 19.5 17
      vertex 88.3145 27.5 16.7781
      vertex 88.3 27.5 17
    endloop
  endfacet
  facet normal 0.997872 0 0.0652057
    outer loop
      vertex 88.3145 27.5 16.7781
      vertex 88.3 19.5 17
      vertex 88.3145 19.5 16.7781
    endloop
  endfacet
  facet normal 0.555426 0 -0.831566
    outer loop
      vertex 88.9651 19.5 18.3487
      vertex 89.15 27.5 18.4722
      vertex 89.15 19.5 18.4722
    endloop
  endfacet
  facet normal 0.555426 0 -0.831566
    outer loop
      vertex 89.15 27.5 18.4722
      vertex 88.9651 19.5 18.3487
      vertex 88.9651 27.5 18.3487
    endloop
  endfacet
  facet normal -0.896754 0 0.44253
    outer loop
      vertex 91.4722 19.5 16.15
      vertex 91.5706 27.5 16.3494
      vertex 91.4722 27.5 16.15
    endloop
  endfacet
  facet normal -0.896754 0 0.44253
    outer loop
      vertex 91.5706 27.5 16.3494
      vertex 91.4722 19.5 16.15
      vertex 91.5706 19.5 16.3494
    endloop
  endfacet
  facet normal 0.751908 -0 0.659268
    outer loop
      vertex 88.6513 19.5 15.9651
      vertex 88.7979 27.5 15.7979
      vertex 88.6513 27.5 15.9651
    endloop
  endfacet
  facet normal 0.751908 0 0.659268
    outer loop
      vertex 88.7979 27.5 15.7979
      vertex 88.6513 19.5 15.9651
      vertex 88.7979 19.5 15.7979
    endloop
  endfacet
  facet normal 0.896754 -0 0.44253
    outer loop
      vertex 88.4294 19.5 16.3494
      vertex 88.5278 27.5 16.15
      vertex 88.4294 27.5 16.3494
    endloop
  endfacet
  facet normal 0.896754 0 0.44253
    outer loop
      vertex 88.5278 27.5 16.15
      vertex 88.4294 19.5 16.3494
      vertex 88.5278 19.5 16.15
    endloop
  endfacet
  facet normal 0.831566 -0 0.555426
    outer loop
      vertex 88.5278 19.5 16.15
      vertex 88.6513 27.5 15.9651
      vertex 88.5278 27.5 16.15
    endloop
  endfacet
  facet normal 0.831566 0 0.555426
    outer loop
      vertex 88.6513 27.5 15.9651
      vertex 88.5278 19.5 16.15
      vertex 88.6513 19.5 15.9651
    endloop
  endfacet
  facet normal 0.98077 -0 0.195165
    outer loop
      vertex 88.3145 19.5 16.7781
      vertex 88.3579 27.5 16.56
      vertex 88.3145 27.5 16.7781
    endloop
  endfacet
  facet normal 0.98077 0 0.195165
    outer loop
      vertex 88.3579 27.5 16.56
      vertex 88.3145 19.5 16.7781
      vertex 88.3579 19.5 16.56
    endloop
  endfacet
  facet normal -0.0652057 0 0.997872
    outer loop
      vertex 90 27.5 15.3
      vertex 90.2219 19.5 15.3145
      vertex 90.2219 27.5 15.3145
    endloop
  endfacet
  facet normal -0.0652057 0 0.997872
    outer loop
      vertex 90.2219 19.5 15.3145
      vertex 90 27.5 15.3
      vertex 90 19.5 15.3
    endloop
  endfacet
  facet normal -0.44253 0 0.896754
    outer loop
      vertex 90.6506 27.5 15.4294
      vertex 90.85 19.5 15.5278
      vertex 90.85 27.5 15.5278
    endloop
  endfacet
  facet normal -0.44253 0 0.896754
    outer loop
      vertex 90.85 19.5 15.5278
      vertex 90.6506 27.5 15.4294
      vertex 90.6506 19.5 15.4294
    endloop
  endfacet
  facet normal -0.946915 0 -0.321484
    outer loop
      vertex 91.6421 19.5 17.44
      vertex 91.5706 27.5 17.6506
      vertex 91.6421 27.5 17.44
    endloop
  endfacet
  facet normal -0.946915 -0 -0.321484
    outer loop
      vertex 91.5706 27.5 17.6506
      vertex 91.6421 19.5 17.44
      vertex 91.5706 19.5 17.6506
    endloop
  endfacet
  facet normal -0.896754 0 -0.44253
    outer loop
      vertex 91.5706 19.5 17.6506
      vertex 91.4722 27.5 17.85
      vertex 91.5706 27.5 17.6506
    endloop
  endfacet
  facet normal -0.896754 -0 -0.44253
    outer loop
      vertex 91.4722 27.5 17.85
      vertex 91.5706 19.5 17.6506
      vertex 91.4722 19.5 17.85
    endloop
  endfacet
  facet normal -0.751908 0 -0.659268
    outer loop
      vertex 91.3487 19.5 18.0349
      vertex 91.2021 27.5 18.2021
      vertex 91.3487 27.5 18.0349
    endloop
  endfacet
  facet normal -0.751908 -0 -0.659268
    outer loop
      vertex 91.2021 27.5 18.2021
      vertex 91.3487 19.5 18.0349
      vertex 91.2021 19.5 18.2021
    endloop
  endfacet
  facet normal -0.195165 0 -0.98077
    outer loop
      vertex 90.2219 19.5 18.6855
      vertex 90.44 27.5 18.6421
      vertex 90.44 19.5 18.6421
    endloop
  endfacet
  facet normal -0.195165 0 -0.98077
    outer loop
      vertex 90.44 27.5 18.6421
      vertex 90.2219 19.5 18.6855
      vertex 90.2219 27.5 18.6855
    endloop
  endfacet
  facet normal 0.831566 0 -0.555426
    outer loop
      vertex 88.6513 19.5 18.0349
      vertex 88.5278 27.5 17.85
      vertex 88.6513 27.5 18.0349
    endloop
  endfacet
  facet normal 0.831566 0 -0.555426
    outer loop
      vertex 88.5278 27.5 17.85
      vertex 88.6513 19.5 18.0349
      vertex 88.5278 19.5 17.85
    endloop
  endfacet
  facet normal 0.98077 0 -0.195165
    outer loop
      vertex 88.3579 19.5 17.44
      vertex 88.3145 27.5 17.2219
      vertex 88.3579 27.5 17.44
    endloop
  endfacet
  facet normal 0.98077 0 -0.195165
    outer loop
      vertex 88.3145 27.5 17.2219
      vertex 88.3579 19.5 17.44
      vertex 88.3145 19.5 17.2219
    endloop
  endfacet
  facet normal 0.659268 0 -0.751908
    outer loop
      vertex 88.7979 19.5 18.2021
      vertex 88.9651 27.5 18.3487
      vertex 88.9651 19.5 18.3487
    endloop
  endfacet
  facet normal 0.659268 0 -0.751908
    outer loop
      vertex 88.9651 27.5 18.3487
      vertex 88.7979 19.5 18.2021
      vertex 88.7979 27.5 18.2021
    endloop
  endfacet
  facet normal 0.321484 0 -0.946915
    outer loop
      vertex 89.3494 19.5 18.5706
      vertex 89.56 27.5 18.6421
      vertex 89.56 19.5 18.6421
    endloop
  endfacet
  facet normal 0.321484 0 -0.946915
    outer loop
      vertex 89.56 27.5 18.6421
      vertex 89.3494 19.5 18.5706
      vertex 89.3494 27.5 18.5706
    endloop
  endfacet
  facet normal -0.831566 0 0.555426
    outer loop
      vertex 91.3487 19.5 15.9651
      vertex 91.4722 27.5 16.15
      vertex 91.3487 27.5 15.9651
    endloop
  endfacet
  facet normal -0.831566 0 0.555426
    outer loop
      vertex 91.4722 27.5 16.15
      vertex 91.3487 19.5 15.9651
      vertex 91.4722 19.5 16.15
    endloop
  endfacet
  facet normal -0.98077 0 0.195165
    outer loop
      vertex 91.6421 19.5 16.56
      vertex 91.6855 27.5 16.7781
      vertex 91.6421 27.5 16.56
    endloop
  endfacet
  facet normal -0.98077 0 0.195165
    outer loop
      vertex 91.6855 27.5 16.7781
      vertex 91.6421 19.5 16.56
      vertex 91.6855 19.5 16.7781
    endloop
  endfacet
  facet normal -0.997872 0 0.0652057
    outer loop
      vertex 91.6855 19.5 16.7781
      vertex 91.7 27.5 17
      vertex 91.6855 27.5 16.7781
    endloop
  endfacet
  facet normal -0.997872 0 0.0652057
    outer loop
      vertex 91.7 27.5 17
      vertex 91.6855 19.5 16.7781
      vertex 91.7 19.5 17
    endloop
  endfacet
  facet normal 0.659268 0 0.751908
    outer loop
      vertex 88.7979 27.5 15.7979
      vertex 88.9651 19.5 15.6513
      vertex 88.9651 27.5 15.6513
    endloop
  endfacet
  facet normal 0.659268 0 0.751908
    outer loop
      vertex 88.9651 19.5 15.6513
      vertex 88.7979 27.5 15.7979
      vertex 88.7979 19.5 15.7979
    endloop
  endfacet
  facet normal 0.946915 -0 0.321484
    outer loop
      vertex 88.3579 19.5 16.56
      vertex 88.4294 27.5 16.3494
      vertex 88.3579 27.5 16.56
    endloop
  endfacet
  facet normal 0.946915 0 0.321484
    outer loop
      vertex 88.4294 27.5 16.3494
      vertex 88.3579 19.5 16.56
      vertex 88.4294 19.5 16.3494
    endloop
  endfacet
  facet normal -0.555426 0 0.831566
    outer loop
      vertex 90.85 27.5 15.5278
      vertex 91.0349 19.5 15.6513
      vertex 91.0349 27.5 15.6513
    endloop
  endfacet
  facet normal -0.555426 0 0.831566
    outer loop
      vertex 91.0349 19.5 15.6513
      vertex 90.85 27.5 15.5278
      vertex 90.85 19.5 15.5278
    endloop
  endfacet
  facet normal -0.321484 0 0.946915
    outer loop
      vertex 90.44 27.5 15.3579
      vertex 90.6506 19.5 15.4294
      vertex 90.6506 27.5 15.4294
    endloop
  endfacet
  facet normal -0.321484 0 0.946915
    outer loop
      vertex 90.6506 19.5 15.4294
      vertex 90.44 27.5 15.3579
      vertex 90.44 19.5 15.3579
    endloop
  endfacet
  facet normal 0.44253 0 0.896754
    outer loop
      vertex 89.15 27.5 15.5278
      vertex 89.3494 19.5 15.4294
      vertex 89.3494 27.5 15.4294
    endloop
  endfacet
  facet normal 0.44253 0 0.896754
    outer loop
      vertex 89.3494 19.5 15.4294
      vertex 89.15 27.5 15.5278
      vertex 89.15 19.5 15.5278
    endloop
  endfacet
  facet normal 0.321484 0 0.946915
    outer loop
      vertex 89.3494 27.5 15.4294
      vertex 89.56 19.5 15.3579
      vertex 89.56 27.5 15.3579
    endloop
  endfacet
  facet normal 0.321484 0 0.946915
    outer loop
      vertex 89.56 19.5 15.3579
      vertex 89.3494 27.5 15.4294
      vertex 89.3494 19.5 15.4294
    endloop
  endfacet
  facet normal -0.659268 0 0.751908
    outer loop
      vertex 91.0349 27.5 15.6513
      vertex 91.2021 19.5 15.7979
      vertex 91.2021 27.5 15.7979
    endloop
  endfacet
  facet normal -0.659268 0 0.751908
    outer loop
      vertex 91.2021 19.5 15.7979
      vertex 91.0349 27.5 15.6513
      vertex 91.0349 19.5 15.6513
    endloop
  endfacet
  facet normal -0.751908 0 0.659268
    outer loop
      vertex 91.2021 19.5 15.7979
      vertex 91.3487 27.5 15.9651
      vertex 91.2021 27.5 15.7979
    endloop
  endfacet
  facet normal -0.751908 0 0.659268
    outer loop
      vertex 91.3487 27.5 15.9651
      vertex 91.2021 19.5 15.7979
      vertex 91.3487 19.5 15.9651
    endloop
  endfacet
  facet normal 0.195165 0 0.98077
    outer loop
      vertex 89.56 27.5 15.3579
      vertex 89.7781 19.5 15.3145
      vertex 89.7781 27.5 15.3145
    endloop
  endfacet
  facet normal 0.195165 0 0.98077
    outer loop
      vertex 89.7781 19.5 15.3145
      vertex 89.56 27.5 15.3579
      vertex 89.56 19.5 15.3579
    endloop
  endfacet
  facet normal 0.0652057 0 0.997872
    outer loop
      vertex 89.7781 27.5 15.3145
      vertex 90 19.5 15.3
      vertex 90 27.5 15.3
    endloop
  endfacet
  facet normal 0.0652057 0 0.997872
    outer loop
      vertex 90 19.5 15.3
      vertex 89.7781 27.5 15.3145
      vertex 89.7781 19.5 15.3145
    endloop
  endfacet
  facet normal 0.555426 0 0.831566
    outer loop
      vertex 88.9651 27.5 15.6513
      vertex 89.15 19.5 15.5278
      vertex 89.15 27.5 15.5278
    endloop
  endfacet
  facet normal 0.555426 0 0.831566
    outer loop
      vertex 89.15 19.5 15.5278
      vertex 88.9651 27.5 15.6513
      vertex 88.9651 19.5 15.6513
    endloop
  endfacet
  facet normal 0.997861 -0 0.0653771
    outer loop
      vertex 95.9487 19.5 133.783
      vertex 96 24.7 133
      vertex 95.9487 24.7 133.783
    endloop
  endfacet
  facet normal 0.997861 0 0.0653771
    outer loop
      vertex 96 24.7 133
      vertex 95.9487 19.5 133.783
      vertex 96 19.5 133
    endloop
  endfacet
  facet normal -0.194964 0 -0.98081
    outer loop
      vertex 88.4471 19.5 127.204
      vertex 89.2168 27.5 127.051
      vertex 89.2168 19.5 127.051
    endloop
  endfacet
  facet normal -0.194964 0 -0.98081
    outer loop
      vertex 89.2168 27.5 127.051
      vertex 88.4471 19.5 127.204
      vertex 88.4471 27.5 127.204
    endloop
  endfacet
  facet normal 0.555523 0 0.831501
    outer loop
      vertex 93 24.7 138.196
      vertex 93.6526 19.5 137.76
      vertex 93.6526 24.7 137.76
    endloop
  endfacet
  facet normal 0.555523 0 0.831501
    outer loop
      vertex 93.6526 19.5 137.76
      vertex 93 24.7 138.196
      vertex 93 19.5 138.196
    endloop
  endfacet
  facet normal -0.44216 0 0.896936
    outer loop
      vertex 87 24.7 138.196
      vertex 87.7039 19.5 138.543
      vertex 87.7039 24.7 138.543
    endloop
  endfacet
  facet normal -0.44216 0 0.896936
    outer loop
      vertex 87.7039 19.5 138.543
      vertex 87 24.7 138.196
      vertex 87 19.5 138.196
    endloop
  endfacet
  facet normal -0.946897 0 0.321537
    outer loop
      vertex 84.2044 19.5 134.553
      vertex 84.4567 27.5 135.296
      vertex 84.2044 27.5 134.553
    endloop
  endfacet
  facet normal -0.946897 0 0.321537
    outer loop
      vertex 84.4567 27.5 135.296
      vertex 84.2044 19.5 134.553
      vertex 84.4567 19.5 135.296
    endloop
  endfacet
  facet normal 0.89691 -0 0.442212
    outer loop
      vertex 95.1962 19.5 136
      vertex 95.5433 24.7 135.296
      vertex 95.1962 24.7 136
    endloop
  endfacet
  facet normal 0.89691 0 0.442212
    outer loop
      vertex 95.5433 24.7 135.296
      vertex 95.1962 19.5 136
      vertex 95.5433 19.5 135.296
    endloop
  endfacet
  facet normal 0.659046 0 0.752103
    outer loop
      vertex 93.6526 24.7 137.76
      vertex 94.2426 19.5 137.243
      vertex 94.2426 24.7 137.243
    endloop
  endfacet
  facet normal 0.659046 0 0.752103
    outer loop
      vertex 94.2426 19.5 137.243
      vertex 93.6526 24.7 137.76
      vertex 93.6526 19.5 137.76
    endloop
  endfacet
  facet normal 0.322259 0 0.946652
    outer loop
      vertex 91.5529 24.7 138.796
      vertex 92.2961 19.5 138.543
      vertex 92.2961 24.7 138.543
    endloop
  endfacet
  facet normal 0.322259 0 0.946652
    outer loop
      vertex 92.2961 19.5 138.543
      vertex 91.5529 24.7 138.796
      vertex 91.5529 19.5 138.796
    endloop
  endfacet
  facet normal -0.0649798 0 0.997887
    outer loop
      vertex 89.2168 24.7 138.949
      vertex 90 19.5 139
      vertex 90 24.7 139
    endloop
  endfacet
  facet normal -0.0649798 0 0.997887
    outer loop
      vertex 90 19.5 139
      vertex 89.2168 24.7 138.949
      vertex 89.2168 19.5 138.949
    endloop
  endfacet
  facet normal -0.831599 0 0.555376
    outer loop
      vertex 84.8038 19.5 136
      vertex 85.2399 24.7 136.653
      vertex 84.8038 24.7 136
    endloop
  endfacet
  facet normal -0.831599 0 0.555376
    outer loop
      vertex 85.2399 24.7 136.653
      vertex 84.8038 19.5 136
      vertex 85.2399 19.5 136.653
    endloop
  endfacet
  facet normal -0.751787 0 0.659406
    outer loop
      vertex 85.2399 19.5 136.653
      vertex 85.7574 24.7 137.243
      vertex 85.2399 24.7 136.653
    endloop
  endfacet
  facet normal -0.751787 0 0.659406
    outer loop
      vertex 85.7574 24.7 137.243
      vertex 85.2399 19.5 136.653
      vertex 85.7574 19.5 137.243
    endloop
  endfacet
  facet normal 0.831599 0 -0.555376
    outer loop
      vertex 95.1962 19.5 130
      vertex 94.7601 24.7 129.347
      vertex 95.1962 24.7 130
    endloop
  endfacet
  facet normal 0.831599 0 -0.555376
    outer loop
      vertex 94.7601 24.7 129.347
      vertex 95.1962 19.5 130
      vertex 94.7601 19.5 129.347
    endloop
  endfacet
  facet normal 0.44216 0 -0.896936
    outer loop
      vertex 92.2961 19.5 127.457
      vertex 93 24.7 127.804
      vertex 93 19.5 127.804
    endloop
  endfacet
  facet normal 0.44216 0 -0.896936
    outer loop
      vertex 92.2961 27.5 127.457
      vertex 93 24.7 127.804
      vertex 92.2961 19.5 127.457
    endloop
  endfacet
  facet normal 0.44216 0 -0.896936
    outer loop
      vertex 93 24.7 127.804
      vertex 92.2961 27.5 127.457
      vertex 93 27.5 127.804
    endloop
  endfacet
  facet normal -0.0649798 0 -0.997887
    outer loop
      vertex 89.2168 19.5 127.051
      vertex 90 27.5 127
      vertex 90 19.5 127
    endloop
  endfacet
  facet normal -0.0649798 0 -0.997887
    outer loop
      vertex 90 27.5 127
      vertex 89.2168 19.5 127.051
      vertex 89.2168 27.5 127.051
    endloop
  endfacet
  facet normal 0.946897 -0 0.321537
    outer loop
      vertex 95.5433 19.5 135.296
      vertex 95.7956 24.7 134.553
      vertex 95.5433 24.7 135.296
    endloop
  endfacet
  facet normal 0.946897 0 0.321537
    outer loop
      vertex 95.7956 24.7 134.553
      vertex 95.5433 19.5 135.296
      vertex 95.7956 19.5 134.553
    endloop
  endfacet
  facet normal 0.751787 -0 0.659406
    outer loop
      vertex 94.2426 19.5 137.243
      vertex 94.7601 24.7 136.653
      vertex 94.2426 24.7 137.243
    endloop
  endfacet
  facet normal 0.751787 0 0.659406
    outer loop
      vertex 94.7601 24.7 136.653
      vertex 94.2426 19.5 137.243
      vertex 94.7601 19.5 136.653
    endloop
  endfacet
  facet normal 0.831599 -0 0.555376
    outer loop
      vertex 94.7601 19.5 136.653
      vertex 95.1962 24.7 136
      vertex 94.7601 24.7 136.653
    endloop
  endfacet
  facet normal 0.831599 0 0.555376
    outer loop
      vertex 95.1962 24.7 136
      vertex 94.7601 19.5 136.653
      vertex 95.1962 19.5 136
    endloop
  endfacet
  facet normal 0.194964 0 0.98081
    outer loop
      vertex 90.7832 24.7 138.949
      vertex 91.5529 19.5 138.796
      vertex 91.5529 24.7 138.796
    endloop
  endfacet
  facet normal 0.194964 0 0.98081
    outer loop
      vertex 91.5529 19.5 138.796
      vertex 90.7832 24.7 138.949
      vertex 90.7832 19.5 138.949
    endloop
  endfacet
  facet normal 0.0649798 0 0.997887
    outer loop
      vertex 90 24.7 139
      vertex 90.7832 19.5 138.949
      vertex 90.7832 24.7 138.949
    endloop
  endfacet
  facet normal 0.0649798 0 0.997887
    outer loop
      vertex 90.7832 19.5 138.949
      vertex 90 24.7 139
      vertex 90 19.5 139
    endloop
  endfacet
  facet normal -0.997861 0 -0.0653771
    outer loop
      vertex 84.0513 19.5 132.217
      vertex 84 27.5 133
      vertex 84.0513 27.5 132.217
    endloop
  endfacet
  facet normal -0.997861 -0 -0.0653771
    outer loop
      vertex 84 27.5 133
      vertex 84.0513 19.5 132.217
      vertex 84 19.5 133
    endloop
  endfacet
  facet normal -0.980801 0 0.195014
    outer loop
      vertex 84.0513 19.5 133.783
      vertex 84.2044 27.5 134.553
      vertex 84.0513 27.5 133.783
    endloop
  endfacet
  facet normal -0.980801 0 0.195014
    outer loop
      vertex 84.2044 27.5 134.553
      vertex 84.0513 19.5 133.783
      vertex 84.2044 19.5 134.553
    endloop
  endfacet
  facet normal -0.659046 0 0.752103
    outer loop
      vertex 85.7574 24.7 137.243
      vertex 86.3474 19.5 137.76
      vertex 86.3474 24.7 137.76
    endloop
  endfacet
  facet normal -0.659046 0 0.752103
    outer loop
      vertex 86.3474 19.5 137.76
      vertex 85.7574 24.7 137.243
      vertex 85.7574 19.5 137.243
    endloop
  endfacet
  facet normal -0.555523 0 0.831501
    outer loop
      vertex 86.3474 24.7 137.76
      vertex 87 19.5 138.196
      vertex 87 24.7 138.196
    endloop
  endfacet
  facet normal -0.555523 0 0.831501
    outer loop
      vertex 87 19.5 138.196
      vertex 86.3474 24.7 137.76
      vertex 86.3474 19.5 137.76
    endloop
  endfacet
  facet normal 0.997861 0 -0.0653771
    outer loop
      vertex 96 19.5 133
      vertex 95.9487 24.7 132.217
      vertex 96 24.7 133
    endloop
  endfacet
  facet normal 0.997861 0 -0.0653771
    outer loop
      vertex 95.9487 24.7 132.217
      vertex 96 19.5 133
      vertex 95.9487 19.5 132.217
    endloop
  endfacet
  facet normal 0.946897 0 -0.321537
    outer loop
      vertex 95.7956 19.5 131.447
      vertex 95.5433 24.7 130.704
      vertex 95.7956 24.7 131.447
    endloop
  endfacet
  facet normal 0.946897 0 -0.321537
    outer loop
      vertex 95.5433 24.7 130.704
      vertex 95.7956 19.5 131.447
      vertex 95.5433 19.5 130.704
    endloop
  endfacet
  facet normal 0.89691 0 -0.442212
    outer loop
      vertex 95.5433 19.5 130.704
      vertex 95.1962 24.7 130
      vertex 95.5433 24.7 130.704
    endloop
  endfacet
  facet normal 0.89691 0 -0.442212
    outer loop
      vertex 95.1962 24.7 130
      vertex 95.5433 19.5 130.704
      vertex 95.1962 19.5 130
    endloop
  endfacet
  facet normal 0.322259 0 -0.946652
    outer loop
      vertex 91.5529 19.5 127.204
      vertex 92.2961 27.5 127.457
      vertex 92.2961 19.5 127.457
    endloop
  endfacet
  facet normal 0.322259 0 -0.946652
    outer loop
      vertex 92.2961 27.5 127.457
      vertex 91.5529 19.5 127.204
      vertex 91.5529 27.5 127.204
    endloop
  endfacet
  facet normal 0.751787 0 -0.659406
    outer loop
      vertex 94.7601 19.5 129.347
      vertex 94.2426 24.7 128.757
      vertex 94.7601 24.7 129.347
    endloop
  endfacet
  facet normal 0.751787 0 -0.659406
    outer loop
      vertex 94.2426 24.7 128.757
      vertex 94.7601 19.5 129.347
      vertex 94.2426 19.5 128.757
    endloop
  endfacet
  facet normal 0.555523 0 -0.831501
    outer loop
      vertex 93 19.5 127.804
      vertex 93.6526 24.7 128.24
      vertex 93.6526 19.5 128.24
    endloop
  endfacet
  facet normal 0.555523 0 -0.831501
    outer loop
      vertex 93.6526 24.7 128.24
      vertex 93 19.5 127.804
      vertex 93 24.7 127.804
    endloop
  endfacet
  facet normal 0.0649798 0 -0.997887
    outer loop
      vertex 90 19.5 127
      vertex 90.7832 27.5 127.051
      vertex 90.7832 19.5 127.051
    endloop
  endfacet
  facet normal 0.0649798 0 -0.997887
    outer loop
      vertex 90.7832 27.5 127.051
      vertex 90 19.5 127
      vertex 90 27.5 127
    endloop
  endfacet
  facet normal -0.322259 0 -0.946652
    outer loop
      vertex 87.7039 19.5 127.457
      vertex 88.4471 27.5 127.204
      vertex 88.4471 19.5 127.204
    endloop
  endfacet
  facet normal -0.322259 0 -0.946652
    outer loop
      vertex 88.4471 27.5 127.204
      vertex 87.7039 19.5 127.457
      vertex 87.7039 27.5 127.457
    endloop
  endfacet
  facet normal -0.555523 0 -0.831501
    outer loop
      vertex 86.3474 19.5 128.24
      vertex 87 27.5 127.804
      vertex 87 19.5 127.804
    endloop
  endfacet
  facet normal -0.555523 0 -0.831501
    outer loop
      vertex 87 27.5 127.804
      vertex 86.3474 19.5 128.24
      vertex 86.3474 27.5 128.24
    endloop
  endfacet
  facet normal -0.89691 0 -0.442212
    outer loop
      vertex 84.8038 19.5 130
      vertex 84.4567 27.5 130.704
      vertex 84.8038 27.5 130
    endloop
  endfacet
  facet normal -0.89691 -0 -0.442212
    outer loop
      vertex 84.4567 27.5 130.704
      vertex 84.8038 19.5 130
      vertex 84.4567 19.5 130.704
    endloop
  endfacet
  facet normal -0.659046 0 -0.752103
    outer loop
      vertex 85.7574 19.5 128.757
      vertex 86.3474 27.5 128.24
      vertex 86.3474 19.5 128.24
    endloop
  endfacet
  facet normal -0.659046 0 -0.752103
    outer loop
      vertex 86.3474 27.5 128.24
      vertex 85.7574 19.5 128.757
      vertex 85.7574 27.5 128.757
    endloop
  endfacet
  facet normal -0.831599 0 -0.555376
    outer loop
      vertex 85.2399 19.5 129.347
      vertex 84.8038 27.5 130
      vertex 85.2399 27.5 129.347
    endloop
  endfacet
  facet normal -0.831599 -0 -0.555376
    outer loop
      vertex 84.8038 27.5 130
      vertex 85.2399 19.5 129.347
      vertex 84.8038 19.5 130
    endloop
  endfacet
  facet normal 0.980801 -0 0.195014
    outer loop
      vertex 95.7956 19.5 134.553
      vertex 95.9487 24.7 133.783
      vertex 95.7956 24.7 134.553
    endloop
  endfacet
  facet normal 0.980801 0 0.195014
    outer loop
      vertex 95.9487 24.7 133.783
      vertex 95.7956 19.5 134.553
      vertex 95.9487 19.5 133.783
    endloop
  endfacet
  facet normal 0.44216 0 0.896936
    outer loop
      vertex 92.2961 24.7 138.543
      vertex 93 19.5 138.196
      vertex 93 24.7 138.196
    endloop
  endfacet
  facet normal 0.44216 0 0.896936
    outer loop
      vertex 93 19.5 138.196
      vertex 92.2961 24.7 138.543
      vertex 92.2961 19.5 138.543
    endloop
  endfacet
  facet normal 0 -1 0
    outer loop
      vertex 90 19.5 134.7
      vertex 90 19.5 139
      vertex 89.2168 19.5 138.949
    endloop
  endfacet
  facet normal 0 -1 0
    outer loop
      vertex 89.7781 19.5 134.685
      vertex 89.2168 19.5 138.949
      vertex 88.4471 19.5 138.796
    endloop
  endfacet
  facet normal 0 -1 0
    outer loop
      vertex 90 19.5 139
      vertex 90 19.5 134.7
      vertex 90.7832 19.5 138.949
    endloop
  endfacet
  facet normal 0 -1 0
    outer loop
      vertex 89.56 19.5 134.642
      vertex 88.4471 19.5 138.796
      vertex 87.7039 19.5 138.543
    endloop
  endfacet
  facet normal 0 -1 0
    outer loop
      vertex 90.2219 19.5 134.685
      vertex 90.7832 19.5 138.949
      vertex 90 19.5 134.7
    endloop
  endfacet
  facet normal 0 -1 0
    outer loop
      vertex 89.3494 19.5 134.571
      vertex 87.7039 19.5 138.543
      vertex 87 19.5 138.196
    endloop
  endfacet
  facet normal 0 -1 -0
    outer loop
      vertex 90.7832 19.5 138.949
      vertex 90.2219 19.5 134.685
      vertex 91.5529 19.5 138.796
    endloop
  endfacet
  facet normal 0 -1 0
    outer loop
      vertex 89.15 19.5 134.472
      vertex 87 19.5 138.196
      vertex 86.3474 19.5 137.76
    endloop
  endfacet
  facet normal 0 -1 0
    outer loop
      vertex 90.44 19.5 134.642
      vertex 91.5529 19.5 138.796
      vertex 90.2219 19.5 134.685
    endloop
  endfacet
  facet normal 0 -1 0
    outer loop
      vertex 88.9651 19.5 134.349
      vertex 86.3474 19.5 137.76
      vertex 85.7574 19.5 137.243
    endloop
  endfacet
  facet normal 0 -1 -0
    outer loop
      vertex 91.5529 19.5 138.796
      vertex 90.44 19.5 134.642
      vertex 92.2961 19.5 138.543
    endloop
  endfacet
  facet normal 0 -1 0
    outer loop
      vertex 88.7979 19.5 134.202
      vertex 85.7574 19.5 137.243
      vertex 85.2399 19.5 136.653
    endloop
  endfacet
  facet normal 0 -1 0
    outer loop
      vertex 90.6506 19.5 134.571
      vertex 92.2961 19.5 138.543
      vertex 90.44 19.5 134.642
    endloop
  endfacet
  facet normal 0 -1 0
    outer loop
      vertex 88.6513 19.5 134.035
      vertex 85.2399 19.5 136.653
      vertex 84.8038 19.5 136
    endloop
  endfacet
  facet normal 0 -1 -0
    outer loop
      vertex 92.2961 19.5 138.543
      vertex 90.6506 19.5 134.571
      vertex 93 19.5 138.196
    endloop
  endfacet
  facet normal 0 -1 0
    outer loop
      vertex 88.5278 19.5 133.85
      vertex 84.8038 19.5 136
      vertex 84.4567 19.5 135.296
    endloop
  endfacet
  facet normal 0 -1 0
    outer loop
      vertex 90.85 19.5 134.472
      vertex 93 19.5 138.196
      vertex 90.6506 19.5 134.571
    endloop
  endfacet
  facet normal 0 -1 -0
    outer loop
      vertex 93 19.5 138.196
      vertex 90.85 19.5 134.472
      vertex 93.6526 19.5 137.76
    endloop
  endfacet
  facet normal 0 -1 0
    outer loop
      vertex 89.2168 19.5 138.949
      vertex 89.7781 19.5 134.685
      vertex 90 19.5 134.7
    endloop
  endfacet
  facet normal 0 -1 0
    outer loop
      vertex 88.4471 19.5 138.796
      vertex 89.56 19.5 134.642
      vertex 89.7781 19.5 134.685
    endloop
  endfacet
  facet normal 0 -1 0
    outer loop
      vertex 87.7039 19.5 138.543
      vertex 89.3494 19.5 134.571
      vertex 89.56 19.5 134.642
    endloop
  endfacet
  facet normal 0 -1 0
    outer loop
      vertex 88.4294 19.5 133.651
      vertex 84.4567 19.5 135.296
      vertex 84.2044 19.5 134.553
    endloop
  endfacet
  facet normal 0 -1 0
    outer loop
      vertex 87 19.5 138.196
      vertex 89.15 19.5 134.472
      vertex 89.3494 19.5 134.571
    endloop
  endfacet
  facet normal 0 -1 0
    outer loop
      vertex 86.3474 19.5 137.76
      vertex 88.9651 19.5 134.349
      vertex 89.15 19.5 134.472
    endloop
  endfacet
  facet normal 0 -1 0
    outer loop
      vertex 85.7574 19.5 137.243
      vertex 88.7979 19.5 134.202
      vertex 88.9651 19.5 134.349
    endloop
  endfacet
  facet normal 0 -1 0
    outer loop
      vertex 85.2399 19.5 136.653
      vertex 88.6513 19.5 134.035
      vertex 88.7979 19.5 134.202
    endloop
  endfacet
  facet normal 0 -1 0
    outer loop
      vertex 84.8038 19.5 136
      vertex 88.5278 19.5 133.85
      vertex 88.6513 19.5 134.035
    endloop
  endfacet
  facet normal 0 -1 0
    outer loop
      vertex 88.3579 19.5 133.44
      vertex 84.2044 19.5 134.553
      vertex 84.0513 19.5 133.783
    endloop
  endfacet
  facet normal 0 -1 0
    outer loop
      vertex 84.4567 19.5 135.296
      vertex 88.4294 19.5 133.651
      vertex 88.5278 19.5 133.85
    endloop
  endfacet
  facet normal 0 -1 0
    outer loop
      vertex 84.2044 19.5 134.553
      vertex 88.3579 19.5 133.44
      vertex 88.4294 19.5 133.651
    endloop
  endfacet
  facet normal 0 -1 0
    outer loop
      vertex 84.0513 19.5 133.783
      vertex 88.3145 19.5 133.222
      vertex 88.3579 19.5 133.44
    endloop
  endfacet
  facet normal 0 -1 0
    outer loop
      vertex 84 19.5 133
      vertex 88.3145 19.5 133.222
      vertex 84.0513 19.5 133.783
    endloop
  endfacet
  facet normal 0 -1 0
    outer loop
      vertex 84 19.5 133
      vertex 88.3 19.5 133
      vertex 88.3145 19.5 133.222
    endloop
  endfacet
  facet normal 0 -1 0
    outer loop
      vertex 84 19.5 133
      vertex 88.3145 19.5 132.778
      vertex 88.3 19.5 133
    endloop
  endfacet
  facet normal 0 -1 0
    outer loop
      vertex 84.0513 19.5 132.217
      vertex 88.3145 19.5 132.778
      vertex 84 19.5 133
    endloop
  endfacet
  facet normal 0 -1 -0
    outer loop
      vertex 88.3145 19.5 132.778
      vertex 84.0513 19.5 132.217
      vertex 88.3579 19.5 132.56
    endloop
  endfacet
  facet normal 0 -1 0
    outer loop
      vertex 84.2044 19.5 131.447
      vertex 88.3579 19.5 132.56
      vertex 84.0513 19.5 132.217
    endloop
  endfacet
  facet normal 0 -1 -0
    outer loop
      vertex 88.3579 19.5 132.56
      vertex 84.2044 19.5 131.447
      vertex 88.4294 19.5 132.349
    endloop
  endfacet
  facet normal 0 -1 0
    outer loop
      vertex 84.4567 19.5 130.704
      vertex 88.4294 19.5 132.349
      vertex 84.2044 19.5 131.447
    endloop
  endfacet
  facet normal 0 -1 -0
    outer loop
      vertex 88.4294 19.5 132.349
      vertex 84.4567 19.5 130.704
      vertex 88.5278 19.5 132.15
    endloop
  endfacet
  facet normal 0 -1 0
    outer loop
      vertex 84.8038 19.5 130
      vertex 88.5278 19.5 132.15
      vertex 84.4567 19.5 130.704
    endloop
  endfacet
  facet normal 0 -1 -0
    outer loop
      vertex 88.5278 19.5 132.15
      vertex 84.8038 19.5 130
      vertex 88.6513 19.5 131.965
    endloop
  endfacet
  facet normal 0 -1 0
    outer loop
      vertex 85.2399 19.5 129.347
      vertex 88.6513 19.5 131.965
      vertex 84.8038 19.5 130
    endloop
  endfacet
  facet normal 0 -1 -0
    outer loop
      vertex 88.6513 19.5 131.965
      vertex 85.2399 19.5 129.347
      vertex 88.7979 19.5 131.798
    endloop
  endfacet
  facet normal 0 -1 0
    outer loop
      vertex 85.7574 19.5 128.757
      vertex 88.7979 19.5 131.798
      vertex 85.2399 19.5 129.347
    endloop
  endfacet
  facet normal 0 -1 -0
    outer loop
      vertex 88.7979 19.5 131.798
      vertex 85.7574 19.5 128.757
      vertex 88.9651 19.5 131.651
    endloop
  endfacet
  facet normal 0 -1 0
    outer loop
      vertex 86.3474 19.5 128.24
      vertex 88.9651 19.5 131.651
      vertex 85.7574 19.5 128.757
    endloop
  endfacet
  facet normal 0 -1 -0
    outer loop
      vertex 88.9651 19.5 131.651
      vertex 86.3474 19.5 128.24
      vertex 89.15 19.5 131.528
    endloop
  endfacet
  facet normal 0 -1 0
    outer loop
      vertex 91.0349 19.5 134.349
      vertex 93.6526 19.5 137.76
      vertex 90.85 19.5 134.472
    endloop
  endfacet
  facet normal 0 -1 -0
    outer loop
      vertex 93.6526 19.5 137.76
      vertex 91.0349 19.5 134.349
      vertex 94.2426 19.5 137.243
    endloop
  endfacet
  facet normal 0 -1 0
    outer loop
      vertex 91.2021 19.5 134.202
      vertex 94.2426 19.5 137.243
      vertex 91.0349 19.5 134.349
    endloop
  endfacet
  facet normal 0 -1 -0
    outer loop
      vertex 94.2426 19.5 137.243
      vertex 91.2021 19.5 134.202
      vertex 94.7601 19.5 136.653
    endloop
  endfacet
  facet normal 0 -1 0
    outer loop
      vertex 91.3487 19.5 134.035
      vertex 94.7601 19.5 136.653
      vertex 91.2021 19.5 134.202
    endloop
  endfacet
  facet normal 0 -1 -0
    outer loop
      vertex 94.7601 19.5 136.653
      vertex 91.3487 19.5 134.035
      vertex 95.1962 19.5 136
    endloop
  endfacet
  facet normal 0 -1 0
    outer loop
      vertex 91.4722 19.5 133.85
      vertex 95.1962 19.5 136
      vertex 91.3487 19.5 134.035
    endloop
  endfacet
  facet normal 0 -1 -0
    outer loop
      vertex 95.1962 19.5 136
      vertex 91.4722 19.5 133.85
      vertex 95.5433 19.5 135.296
    endloop
  endfacet
  facet normal 0 -1 0
    outer loop
      vertex 91.5706 19.5 133.651
      vertex 95.5433 19.5 135.296
      vertex 91.4722 19.5 133.85
    endloop
  endfacet
  facet normal 0 -1 -0
    outer loop
      vertex 95.5433 19.5 135.296
      vertex 91.5706 19.5 133.651
      vertex 95.7956 19.5 134.553
    endloop
  endfacet
  facet normal 0 -1 0
    outer loop
      vertex 91.6421 19.5 133.44
      vertex 95.7956 19.5 134.553
      vertex 91.5706 19.5 133.651
    endloop
  endfacet
  facet normal 0 -1 -0
    outer loop
      vertex 95.7956 19.5 134.553
      vertex 91.6421 19.5 133.44
      vertex 95.9487 19.5 133.783
    endloop
  endfacet
  facet normal 0 -1 0
    outer loop
      vertex 91.6855 19.5 133.222
      vertex 95.9487 19.5 133.783
      vertex 91.6421 19.5 133.44
    endloop
  endfacet
  facet normal 0 -1 0
    outer loop
      vertex 91.7 19.5 133
      vertex 95.9487 19.5 133.783
      vertex 91.6855 19.5 133.222
    endloop
  endfacet
  facet normal 0 -1 0
    outer loop
      vertex 91.7 19.5 133
      vertex 96 19.5 133
      vertex 95.9487 19.5 133.783
    endloop
  endfacet
  facet normal 0 -1 0
    outer loop
      vertex 91.6855 19.5 132.778
      vertex 96 19.5 133
      vertex 91.7 19.5 133
    endloop
  endfacet
  facet normal 0 -1 0
    outer loop
      vertex 95.9487 19.5 132.217
      vertex 91.6855 19.5 132.778
      vertex 91.6421 19.5 132.56
    endloop
  endfacet
  facet normal 0 -1 0
    outer loop
      vertex 95.7956 19.5 131.447
      vertex 91.6421 19.5 132.56
      vertex 91.5706 19.5 132.349
    endloop
  endfacet
  facet normal 0 -1 0
    outer loop
      vertex 91.6855 19.5 132.778
      vertex 95.9487 19.5 132.217
      vertex 96 19.5 133
    endloop
  endfacet
  facet normal 0 -1 0
    outer loop
      vertex 95.5433 19.5 130.704
      vertex 91.5706 19.5 132.349
      vertex 91.4722 19.5 132.15
    endloop
  endfacet
  facet normal 0 -1 0
    outer loop
      vertex 95.1962 19.5 130
      vertex 91.4722 19.5 132.15
      vertex 91.3487 19.5 131.965
    endloop
  endfacet
  facet normal 0 -1 0
    outer loop
      vertex 94.7601 19.5 129.347
      vertex 91.3487 19.5 131.965
      vertex 91.2021 19.5 131.798
    endloop
  endfacet
  facet normal 0 -1 0
    outer loop
      vertex 94.2426 19.5 128.757
      vertex 91.2021 19.5 131.798
      vertex 91.0349 19.5 131.651
    endloop
  endfacet
  facet normal 0 -1 0
    outer loop
      vertex 93.6526 19.5 128.24
      vertex 91.0349 19.5 131.651
      vertex 90.85 19.5 131.528
    endloop
  endfacet
  facet normal 0 -1 0
    outer loop
      vertex 91.6421 19.5 132.56
      vertex 95.7956 19.5 131.447
      vertex 95.9487 19.5 132.217
    endloop
  endfacet
  facet normal 0 -1 0
    outer loop
      vertex 93 19.5 127.804
      vertex 90.85 19.5 131.528
      vertex 90.6506 19.5 131.429
    endloop
  endfacet
  facet normal 0 -1 0
    outer loop
      vertex 92.2961 19.5 127.457
      vertex 90.6506 19.5 131.429
      vertex 90.44 19.5 131.358
    endloop
  endfacet
  facet normal 0 -1 0
    outer loop
      vertex 91.5529 19.5 127.204
      vertex 90.44 19.5 131.358
      vertex 90.2219 19.5 131.315
    endloop
  endfacet
  facet normal 0 -1 0
    outer loop
      vertex 90.7832 19.5 127.051
      vertex 90.2219 19.5 131.315
      vertex 90 19.5 131.3
    endloop
  endfacet
  facet normal 0 -1 0
    outer loop
      vertex 87 19.5 127.804
      vertex 89.15 19.5 131.528
      vertex 86.3474 19.5 128.24
    endloop
  endfacet
  facet normal 0 -1 0
    outer loop
      vertex 91.5706 19.5 132.349
      vertex 95.5433 19.5 130.704
      vertex 95.7956 19.5 131.447
    endloop
  endfacet
  facet normal 0 -1 -0
    outer loop
      vertex 89.15 19.5 131.528
      vertex 87 19.5 127.804
      vertex 89.3494 19.5 131.429
    endloop
  endfacet
  facet normal 0 -1 0
    outer loop
      vertex 91.4722 19.5 132.15
      vertex 95.1962 19.5 130
      vertex 95.5433 19.5 130.704
    endloop
  endfacet
  facet normal 0 -1 0
    outer loop
      vertex 87.7039 19.5 127.457
      vertex 89.3494 19.5 131.429
      vertex 87 19.5 127.804
    endloop
  endfacet
  facet normal 0 -1 0
    outer loop
      vertex 91.3487 19.5 131.965
      vertex 94.7601 19.5 129.347
      vertex 95.1962 19.5 130
    endloop
  endfacet
  facet normal 0 -1 -0
    outer loop
      vertex 89.3494 19.5 131.429
      vertex 87.7039 19.5 127.457
      vertex 89.56 19.5 131.358
    endloop
  endfacet
  facet normal 0 -1 0
    outer loop
      vertex 91.2021 19.5 131.798
      vertex 94.2426 19.5 128.757
      vertex 94.7601 19.5 129.347
    endloop
  endfacet
  facet normal 0 -1 0
    outer loop
      vertex 88.4471 19.5 127.204
      vertex 89.56 19.5 131.358
      vertex 87.7039 19.5 127.457
    endloop
  endfacet
  facet normal 0 -1 0
    outer loop
      vertex 91.0349 19.5 131.651
      vertex 93.6526 19.5 128.24
      vertex 94.2426 19.5 128.757
    endloop
  endfacet
  facet normal 0 -1 -0
    outer loop
      vertex 89.56 19.5 131.358
      vertex 88.4471 19.5 127.204
      vertex 89.7781 19.5 131.315
    endloop
  endfacet
  facet normal 0 -1 0
    outer loop
      vertex 90.85 19.5 131.528
      vertex 93 19.5 127.804
      vertex 93.6526 19.5 128.24
    endloop
  endfacet
  facet normal 0 -1 0
    outer loop
      vertex 89.2168 19.5 127.051
      vertex 89.7781 19.5 131.315
      vertex 88.4471 19.5 127.204
    endloop
  endfacet
  facet normal 0 -1 0
    outer loop
      vertex 90.6506 19.5 131.429
      vertex 92.2961 19.5 127.457
      vertex 93 19.5 127.804
    endloop
  endfacet
  facet normal 0 -1 -0
    outer loop
      vertex 89.7781 19.5 131.315
      vertex 89.2168 19.5 127.051
      vertex 90 19.5 131.3
    endloop
  endfacet
  facet normal 0 -1 0
    outer loop
      vertex 90.44 19.5 131.358
      vertex 91.5529 19.5 127.204
      vertex 92.2961 19.5 127.457
    endloop
  endfacet
  facet normal 0 -1 0
    outer loop
      vertex 90 19.5 127
      vertex 90 19.5 131.3
      vertex 89.2168 19.5 127.051
    endloop
  endfacet
  facet normal 0 -1 0
    outer loop
      vertex 90.2219 19.5 131.315
      vertex 90.7832 19.5 127.051
      vertex 91.5529 19.5 127.204
    endloop
  endfacet
  facet normal 0 -1 0
    outer loop
      vertex 90 19.5 131.3
      vertex 90 19.5 127
      vertex 90.7832 19.5 127.051
    endloop
  endfacet
  facet normal -0.997861 0 0.0653771
    outer loop
      vertex 84 19.5 133
      vertex 84.0513 27.5 133.783
      vertex 84 27.5 133
    endloop
  endfacet
  facet normal -0.997861 0 0.0653771
    outer loop
      vertex 84.0513 27.5 133.783
      vertex 84 19.5 133
      vertex 84.0513 19.5 133.783
    endloop
  endfacet
  facet normal -0.89691 0 0.442212
    outer loop
      vertex 84.4567 27.5 135.296
      vertex 84.8038 24.7 136
      vertex 84.8038 27.5 136
    endloop
  endfacet
  facet normal -0.89691 0 0.442212
    outer loop
      vertex 84.4567 19.5 135.296
      vertex 84.8038 24.7 136
      vertex 84.4567 27.5 135.296
    endloop
  endfacet
  facet normal -0.89691 0 0.442212
    outer loop
      vertex 84.8038 24.7 136
      vertex 84.4567 19.5 135.296
      vertex 84.8038 19.5 136
    endloop
  endfacet
  facet normal -0.194964 0 0.98081
    outer loop
      vertex 88.4471 24.7 138.796
      vertex 89.2168 19.5 138.949
      vertex 89.2168 24.7 138.949
    endloop
  endfacet
  facet normal -0.194964 0 0.98081
    outer loop
      vertex 89.2168 19.5 138.949
      vertex 88.4471 24.7 138.796
      vertex 88.4471 19.5 138.796
    endloop
  endfacet
  facet normal -0.322259 0 0.946652
    outer loop
      vertex 87.7039 24.7 138.543
      vertex 88.4471 19.5 138.796
      vertex 88.4471 24.7 138.796
    endloop
  endfacet
  facet normal -0.322259 0 0.946652
    outer loop
      vertex 88.4471 19.5 138.796
      vertex 87.7039 24.7 138.543
      vertex 87.7039 19.5 138.543
    endloop
  endfacet
  facet normal 0.980801 0 -0.195014
    outer loop
      vertex 95.9487 19.5 132.217
      vertex 95.7956 24.7 131.447
      vertex 95.9487 24.7 132.217
    endloop
  endfacet
  facet normal 0.980801 0 -0.195014
    outer loop
      vertex 95.7956 24.7 131.447
      vertex 95.9487 19.5 132.217
      vertex 95.7956 19.5 131.447
    endloop
  endfacet
  facet normal 0.194964 0 -0.98081
    outer loop
      vertex 90.7832 19.5 127.051
      vertex 91.5529 27.5 127.204
      vertex 91.5529 19.5 127.204
    endloop
  endfacet
  facet normal 0.194964 0 -0.98081
    outer loop
      vertex 91.5529 27.5 127.204
      vertex 90.7832 19.5 127.051
      vertex 90.7832 27.5 127.051
    endloop
  endfacet
  facet normal 0.659046 0 -0.752103
    outer loop
      vertex 93.6526 19.5 128.24
      vertex 94.2426 24.7 128.757
      vertex 94.2426 19.5 128.757
    endloop
  endfacet
  facet normal 0.659046 0 -0.752103
    outer loop
      vertex 94.2426 24.7 128.757
      vertex 93.6526 19.5 128.24
      vertex 93.6526 24.7 128.24
    endloop
  endfacet
  facet normal -0.44216 0 -0.896936
    outer loop
      vertex 87 19.5 127.804
      vertex 87.7039 27.5 127.457
      vertex 87.7039 19.5 127.457
    endloop
  endfacet
  facet normal -0.44216 0 -0.896936
    outer loop
      vertex 87.7039 27.5 127.457
      vertex 87 19.5 127.804
      vertex 87 27.5 127.804
    endloop
  endfacet
  facet normal -0.980801 0 -0.195014
    outer loop
      vertex 84.2044 19.5 131.447
      vertex 84.0513 27.5 132.217
      vertex 84.2044 27.5 131.447
    endloop
  endfacet
  facet normal -0.980801 -0 -0.195014
    outer loop
      vertex 84.0513 27.5 132.217
      vertex 84.2044 19.5 131.447
      vertex 84.0513 19.5 132.217
    endloop
  endfacet
  facet normal -0.946897 0 -0.321537
    outer loop
      vertex 84.4567 19.5 130.704
      vertex 84.2044 27.5 131.447
      vertex 84.4567 27.5 130.704
    endloop
  endfacet
  facet normal -0.946897 -0 -0.321537
    outer loop
      vertex 84.2044 27.5 131.447
      vertex 84.4567 19.5 130.704
      vertex 84.2044 19.5 131.447
    endloop
  endfacet
  facet normal -0.751787 0 -0.659406
    outer loop
      vertex 85.7574 19.5 128.757
      vertex 85.2399 27.5 129.347
      vertex 85.7574 27.5 128.757
    endloop
  endfacet
  facet normal -0.751787 -0 -0.659406
    outer loop
      vertex 85.2399 27.5 129.347
      vertex 85.7574 19.5 128.757
      vertex 85.2399 19.5 129.347
    endloop
  endfacet
  facet normal -0.997874 0 -0.0651764
    outer loop
      vertex 91.7 19.5 133
      vertex 91.6855 27.5 133.222
      vertex 91.7 27.5 133
    endloop
  endfacet
  facet normal -0.997874 -0 -0.0651764
    outer loop
      vertex 91.6855 27.5 133.222
      vertex 91.7 19.5 133
      vertex 91.6855 19.5 133.222
    endloop
  endfacet
  facet normal -0.319466 0 -0.947598
    outer loop
      vertex 90.44 19.5 134.642
      vertex 90.6506 27.5 134.571
      vertex 90.6506 19.5 134.571
    endloop
  endfacet
  facet normal -0.319466 0 -0.947598
    outer loop
      vertex 90.6506 27.5 134.571
      vertex 90.44 19.5 134.642
      vertex 90.44 27.5 134.642
    endloop
  endfacet
  facet normal 0.444696 0 -0.895681
    outer loop
      vertex 89.15 19.5 134.472
      vertex 89.3494 27.5 134.571
      vertex 89.3494 19.5 134.571
    endloop
  endfacet
  facet normal 0.444696 0 -0.895681
    outer loop
      vertex 89.3494 27.5 134.571
      vertex 89.15 19.5 134.472
      vertex 89.15 27.5 134.472
    endloop
  endfacet
  facet normal 0.947101 0 -0.320937
    outer loop
      vertex 88.4294 19.5 133.651
      vertex 88.3579 27.5 133.44
      vertex 88.4294 27.5 133.651
    endloop
  endfacet
  facet normal 0.947101 0 -0.320937
    outer loop
      vertex 88.3579 27.5 133.44
      vertex 88.4294 19.5 133.651
      vertex 88.3579 19.5 133.44
    endloop
  endfacet
  facet normal -0.997874 0 0.0651764
    outer loop
      vertex 91.6855 19.5 132.778
      vertex 91.7 27.5 133
      vertex 91.6855 27.5 132.778
    endloop
  endfacet
  facet normal -0.997874 0 0.0651764
    outer loop
      vertex 91.7 27.5 133
      vertex 91.6855 19.5 132.778
      vertex 91.7 19.5 133
    endloop
  endfacet
  facet normal -0.444696 0 0.895681
    outer loop
      vertex 90.6506 27.5 131.429
      vertex 90.85 19.5 131.528
      vertex 90.85 27.5 131.528
    endloop
  endfacet
  facet normal -0.444696 0 0.895681
    outer loop
      vertex 90.85 19.5 131.528
      vertex 90.6506 27.5 131.429
      vertex 90.6506 19.5 131.429
    endloop
  endfacet
  facet normal -0.8964 0 -0.443245
    outer loop
      vertex 91.5706 19.5 133.651
      vertex 91.4722 27.5 133.85
      vertex 91.5706 27.5 133.651
    endloop
  endfacet
  facet normal -0.8964 -0 -0.443245
    outer loop
      vertex 91.4722 27.5 133.85
      vertex 91.5706 19.5 133.651
      vertex 91.4722 19.5 133.85
    endloop
  endfacet
  facet normal -0.831704 0 -0.555219
    outer loop
      vertex 91.4722 19.5 133.85
      vertex 91.3487 27.5 134.035
      vertex 91.4722 27.5 133.85
    endloop
  endfacet
  facet normal -0.831704 -0 -0.555219
    outer loop
      vertex 91.3487 27.5 134.035
      vertex 91.4722 19.5 133.85
      vertex 91.3487 19.5 134.035
    endloop
  endfacet
  facet normal 0.0674441 0 -0.997723
    outer loop
      vertex 89.7781 19.5 134.685
      vertex 90 27.5 134.7
      vertex 90 19.5 134.7
    endloop
  endfacet
  facet normal 0.0674441 0 -0.997723
    outer loop
      vertex 90 27.5 134.7
      vertex 89.7781 19.5 134.685
      vertex 89.7781 27.5 134.685
    endloop
  endfacet
  facet normal 0.997874 0 -0.0651764
    outer loop
      vertex 88.3145 19.5 133.222
      vertex 88.3 27.5 133
      vertex 88.3145 27.5 133.222
    endloop
  endfacet
  facet normal 0.997874 0 -0.0651764
    outer loop
      vertex 88.3 27.5 133
      vertex 88.3145 19.5 133.222
      vertex 88.3 19.5 133
    endloop
  endfacet
  facet normal -0.660284 0 -0.751016
    outer loop
      vertex 91.0349 19.5 134.349
      vertex 91.2021 27.5 134.202
      vertex 91.2021 19.5 134.202
    endloop
  endfacet
  facet normal -0.660284 0 -0.751016
    outer loop
      vertex 91.2021 27.5 134.202
      vertex 91.0349 19.5 134.349
      vertex 91.0349 27.5 134.349
    endloop
  endfacet
  facet normal -0.193434 0 -0.981113
    outer loop
      vertex 90.2219 19.5 134.685
      vertex 90.44 27.5 134.642
      vertex 90.44 19.5 134.642
    endloop
  endfacet
  facet normal -0.193434 0 -0.981113
    outer loop
      vertex 90.44 27.5 134.642
      vertex 90.2219 19.5 134.685
      vertex 90.2219 27.5 134.685
    endloop
  endfacet
  facet normal -0.0674441 0 -0.997723
    outer loop
      vertex 90 19.5 134.7
      vertex 90.2219 27.5 134.685
      vertex 90.2219 19.5 134.685
    endloop
  endfacet
  facet normal -0.0674441 0 -0.997723
    outer loop
      vertex 90.2219 27.5 134.685
      vertex 90 19.5 134.7
      vertex 90 27.5 134.7
    endloop
  endfacet
  facet normal 0.997874 -0 0.0651764
    outer loop
      vertex 88.3 19.5 133
      vertex 88.3145 27.5 132.778
      vertex 88.3 27.5 133
    endloop
  endfacet
  facet normal 0.997874 0 0.0651764
    outer loop
      vertex 88.3145 27.5 132.778
      vertex 88.3 19.5 133
      vertex 88.3145 19.5 132.778
    endloop
  endfacet
  facet normal 0.193434 0 -0.981113
    outer loop
      vertex 89.56 19.5 134.642
      vertex 89.7781 27.5 134.685
      vertex 89.7781 19.5 134.685
    endloop
  endfacet
  facet normal 0.193434 0 -0.981113
    outer loop
      vertex 89.7781 27.5 134.685
      vertex 89.56 19.5 134.642
      vertex 89.56 27.5 134.642
    endloop
  endfacet
  facet normal 0.553869 0 -0.832604
    outer loop
      vertex 88.9651 19.5 134.349
      vertex 89.15 27.5 134.472
      vertex 89.15 19.5 134.472
    endloop
  endfacet
  facet normal 0.553869 0 -0.832604
    outer loop
      vertex 89.15 27.5 134.472
      vertex 88.9651 19.5 134.349
      vertex 88.9651 27.5 134.349
    endloop
  endfacet
  facet normal 0.751516 0 -0.659714
    outer loop
      vertex 88.7979 19.5 134.202
      vertex 88.6513 27.5 134.035
      vertex 88.7979 27.5 134.202
    endloop
  endfacet
  facet normal 0.751516 0 -0.659714
    outer loop
      vertex 88.6513 27.5 134.035
      vertex 88.7979 19.5 134.202
      vertex 88.6513 19.5 134.035
    endloop
  endfacet
  facet normal 0.660284 0 -0.751016
    outer loop
      vertex 88.7979 19.5 134.202
      vertex 88.9651 27.5 134.349
      vertex 88.9651 19.5 134.349
    endloop
  endfacet
  facet normal 0.660284 0 -0.751016
    outer loop
      vertex 88.9651 27.5 134.349
      vertex 88.7979 19.5 134.202
      vertex 88.7979 27.5 134.202
    endloop
  endfacet
  facet normal -0.947101 0 0.320937
    outer loop
      vertex 91.5706 19.5 132.349
      vertex 91.6421 27.5 132.56
      vertex 91.5706 27.5 132.349
    endloop
  endfacet
  facet normal -0.947101 0 0.320937
    outer loop
      vertex 91.6421 27.5 132.56
      vertex 91.5706 19.5 132.349
      vertex 91.6421 19.5 132.56
    endloop
  endfacet
  facet normal -0.980753 0 0.195251
    outer loop
      vertex 91.6421 19.5 132.56
      vertex 91.6855 27.5 132.778
      vertex 91.6421 27.5 132.56
    endloop
  endfacet
  facet normal -0.980753 0 0.195251
    outer loop
      vertex 91.6855 27.5 132.778
      vertex 91.6421 19.5 132.56
      vertex 91.6855 19.5 132.778
    endloop
  endfacet
  facet normal -0.831704 0 0.555219
    outer loop
      vertex 91.3487 19.5 131.965
      vertex 91.4722 27.5 132.15
      vertex 91.3487 27.5 131.965
    endloop
  endfacet
  facet normal -0.831704 0 0.555219
    outer loop
      vertex 91.4722 27.5 132.15
      vertex 91.3487 19.5 131.965
      vertex 91.4722 19.5 132.15
    endloop
  endfacet
  facet normal 0.980753 -0 0.195251
    outer loop
      vertex 88.3145 19.5 132.778
      vertex 88.3579 27.5 132.56
      vertex 88.3145 27.5 132.778
    endloop
  endfacet
  facet normal 0.980753 0 0.195251
    outer loop
      vertex 88.3579 27.5 132.56
      vertex 88.3145 19.5 132.778
      vertex 88.3579 19.5 132.56
    endloop
  endfacet
  facet normal 0.751516 -0 0.659714
    outer loop
      vertex 88.6513 19.5 131.965
      vertex 88.7979 27.5 131.798
      vertex 88.6513 27.5 131.965
    endloop
  endfacet
  facet normal 0.751516 0 0.659714
    outer loop
      vertex 88.7979 27.5 131.798
      vertex 88.6513 19.5 131.965
      vertex 88.7979 19.5 131.798
    endloop
  endfacet
  facet normal 0.947101 -0 0.320937
    outer loop
      vertex 88.3579 19.5 132.56
      vertex 88.4294 27.5 132.349
      vertex 88.3579 27.5 132.56
    endloop
  endfacet
  facet normal 0.947101 0 0.320937
    outer loop
      vertex 88.4294 27.5 132.349
      vertex 88.3579 19.5 132.56
      vertex 88.4294 19.5 132.349
    endloop
  endfacet
  facet normal 0.831704 -0 0.555219
    outer loop
      vertex 88.5278 19.5 132.15
      vertex 88.6513 27.5 131.965
      vertex 88.5278 27.5 132.15
    endloop
  endfacet
  facet normal 0.831704 0 0.555219
    outer loop
      vertex 88.6513 27.5 131.965
      vertex 88.5278 19.5 132.15
      vertex 88.6513 19.5 131.965
    endloop
  endfacet
  facet normal -0.0674441 0 0.997723
    outer loop
      vertex 90 27.5 131.3
      vertex 90.2219 19.5 131.315
      vertex 90.2219 27.5 131.315
    endloop
  endfacet
  facet normal -0.0674441 0 0.997723
    outer loop
      vertex 90.2219 19.5 131.315
      vertex 90 27.5 131.3
      vertex 90 19.5 131.3
    endloop
  endfacet
  facet normal -0.193434 0 0.981113
    outer loop
      vertex 90.2219 27.5 131.315
      vertex 90.44 19.5 131.358
      vertex 90.44 27.5 131.358
    endloop
  endfacet
  facet normal -0.193434 0 0.981113
    outer loop
      vertex 90.44 19.5 131.358
      vertex 90.2219 27.5 131.315
      vertex 90.2219 19.5 131.315
    endloop
  endfacet
  facet normal -0.947101 0 -0.320937
    outer loop
      vertex 91.6421 19.5 133.44
      vertex 91.5706 27.5 133.651
      vertex 91.6421 27.5 133.44
    endloop
  endfacet
  facet normal -0.947101 -0 -0.320937
    outer loop
      vertex 91.5706 27.5 133.651
      vertex 91.6421 19.5 133.44
      vertex 91.5706 19.5 133.651
    endloop
  endfacet
  facet normal -0.980753 0 -0.195251
    outer loop
      vertex 91.6855 19.5 133.222
      vertex 91.6421 27.5 133.44
      vertex 91.6855 27.5 133.222
    endloop
  endfacet
  facet normal -0.980753 -0 -0.195251
    outer loop
      vertex 91.6421 27.5 133.44
      vertex 91.6855 19.5 133.222
      vertex 91.6421 19.5 133.44
    endloop
  endfacet
  facet normal -0.751516 0 -0.659714
    outer loop
      vertex 91.3487 19.5 134.035
      vertex 91.2021 27.5 134.202
      vertex 91.3487 27.5 134.035
    endloop
  endfacet
  facet normal -0.751516 -0 -0.659714
    outer loop
      vertex 91.2021 27.5 134.202
      vertex 91.3487 19.5 134.035
      vertex 91.2021 19.5 134.202
    endloop
  endfacet
  facet normal -0.553869 0 -0.832604
    outer loop
      vertex 90.85 19.5 134.472
      vertex 91.0349 27.5 134.349
      vertex 91.0349 19.5 134.349
    endloop
  endfacet
  facet normal -0.553869 0 -0.832604
    outer loop
      vertex 91.0349 27.5 134.349
      vertex 90.85 19.5 134.472
      vertex 90.85 27.5 134.472
    endloop
  endfacet
  facet normal -0.444696 0 -0.895681
    outer loop
      vertex 90.6506 19.5 134.571
      vertex 90.85 27.5 134.472
      vertex 90.85 19.5 134.472
    endloop
  endfacet
  facet normal -0.444696 0 -0.895681
    outer loop
      vertex 90.85 27.5 134.472
      vertex 90.6506 19.5 134.571
      vertex 90.6506 27.5 134.571
    endloop
  endfacet
  facet normal 0.980753 0 -0.195251
    outer loop
      vertex 88.3579 19.5 133.44
      vertex 88.3145 27.5 133.222
      vertex 88.3579 27.5 133.44
    endloop
  endfacet
  facet normal 0.980753 0 -0.195251
    outer loop
      vertex 88.3145 27.5 133.222
      vertex 88.3579 19.5 133.44
      vertex 88.3145 19.5 133.222
    endloop
  endfacet
  facet normal 0.831704 0 -0.555219
    outer loop
      vertex 88.6513 19.5 134.035
      vertex 88.5278 27.5 133.85
      vertex 88.6513 27.5 134.035
    endloop
  endfacet
  facet normal 0.831704 0 -0.555219
    outer loop
      vertex 88.5278 27.5 133.85
      vertex 88.6513 19.5 134.035
      vertex 88.5278 19.5 133.85
    endloop
  endfacet
  facet normal 0.8964 0 -0.443245
    outer loop
      vertex 88.5278 19.5 133.85
      vertex 88.4294 27.5 133.651
      vertex 88.5278 27.5 133.85
    endloop
  endfacet
  facet normal 0.8964 0 -0.443245
    outer loop
      vertex 88.4294 27.5 133.651
      vertex 88.5278 19.5 133.85
      vertex 88.4294 19.5 133.651
    endloop
  endfacet
  facet normal 0.319466 0 -0.947598
    outer loop
      vertex 89.3494 19.5 134.571
      vertex 89.56 27.5 134.642
      vertex 89.56 19.5 134.642
    endloop
  endfacet
  facet normal 0.319466 0 -0.947598
    outer loop
      vertex 89.56 27.5 134.642
      vertex 89.3494 19.5 134.571
      vertex 89.3494 27.5 134.571
    endloop
  endfacet
  facet normal -0.8964 0 0.443245
    outer loop
      vertex 91.4722 19.5 132.15
      vertex 91.5706 27.5 132.349
      vertex 91.4722 27.5 132.15
    endloop
  endfacet
  facet normal -0.8964 0 0.443245
    outer loop
      vertex 91.5706 27.5 132.349
      vertex 91.4722 19.5 132.15
      vertex 91.5706 19.5 132.349
    endloop
  endfacet
  facet normal 0.319466 0 0.947598
    outer loop
      vertex 89.3494 27.5 131.429
      vertex 89.56 19.5 131.358
      vertex 89.56 27.5 131.358
    endloop
  endfacet
  facet normal 0.319466 0 0.947598
    outer loop
      vertex 89.56 19.5 131.358
      vertex 89.3494 27.5 131.429
      vertex 89.3494 19.5 131.429
    endloop
  endfacet
  facet normal 0.8964 -0 0.443245
    outer loop
      vertex 88.4294 19.5 132.349
      vertex 88.5278 27.5 132.15
      vertex 88.4294 27.5 132.349
    endloop
  endfacet
  facet normal 0.8964 0 0.443245
    outer loop
      vertex 88.5278 27.5 132.15
      vertex 88.4294 19.5 132.349
      vertex 88.5278 19.5 132.15
    endloop
  endfacet
  facet normal 0.660284 0 0.751016
    outer loop
      vertex 88.7979 27.5 131.798
      vertex 88.9651 19.5 131.651
      vertex 88.9651 27.5 131.651
    endloop
  endfacet
  facet normal 0.660284 0 0.751016
    outer loop
      vertex 88.9651 19.5 131.651
      vertex 88.7979 27.5 131.798
      vertex 88.7979 19.5 131.798
    endloop
  endfacet
  facet normal -0.319466 0 0.947598
    outer loop
      vertex 90.44 27.5 131.358
      vertex 90.6506 19.5 131.429
      vertex 90.6506 27.5 131.429
    endloop
  endfacet
  facet normal -0.319466 0 0.947598
    outer loop
      vertex 90.6506 19.5 131.429
      vertex 90.44 27.5 131.358
      vertex 90.44 19.5 131.358
    endloop
  endfacet
  facet normal -0.553869 0 0.832604
    outer loop
      vertex 90.85 27.5 131.528
      vertex 91.0349 19.5 131.651
      vertex 91.0349 27.5 131.651
    endloop
  endfacet
  facet normal -0.553869 0 0.832604
    outer loop
      vertex 91.0349 19.5 131.651
      vertex 90.85 27.5 131.528
      vertex 90.85 19.5 131.528
    endloop
  endfacet
  facet normal 0.553869 0 0.832604
    outer loop
      vertex 88.9651 27.5 131.651
      vertex 89.15 19.5 131.528
      vertex 89.15 27.5 131.528
    endloop
  endfacet
  facet normal 0.553869 0 0.832604
    outer loop
      vertex 89.15 19.5 131.528
      vertex 88.9651 27.5 131.651
      vertex 88.9651 19.5 131.651
    endloop
  endfacet
  facet normal 0.193434 0 0.981113
    outer loop
      vertex 89.56 27.5 131.358
      vertex 89.7781 19.5 131.315
      vertex 89.7781 27.5 131.315
    endloop
  endfacet
  facet normal 0.193434 0 0.981113
    outer loop
      vertex 89.7781 19.5 131.315
      vertex 89.56 27.5 131.358
      vertex 89.56 19.5 131.358
    endloop
  endfacet
  facet normal 0.444696 0 0.895681
    outer loop
      vertex 89.15 27.5 131.528
      vertex 89.3494 19.5 131.429
      vertex 89.3494 27.5 131.429
    endloop
  endfacet
  facet normal 0.444696 0 0.895681
    outer loop
      vertex 89.3494 19.5 131.429
      vertex 89.15 27.5 131.528
      vertex 89.15 19.5 131.528
    endloop
  endfacet
  facet normal -0.660284 0 0.751016
    outer loop
      vertex 91.0349 27.5 131.651
      vertex 91.2021 19.5 131.798
      vertex 91.2021 27.5 131.798
    endloop
  endfacet
  facet normal -0.660284 0 0.751016
    outer loop
      vertex 91.2021 19.5 131.798
      vertex 91.0349 27.5 131.651
      vertex 91.0349 19.5 131.651
    endloop
  endfacet
  facet normal -0.751516 0 0.659714
    outer loop
      vertex 91.2021 19.5 131.798
      vertex 91.3487 27.5 131.965
      vertex 91.2021 27.5 131.798
    endloop
  endfacet
  facet normal -0.751516 0 0.659714
    outer loop
      vertex 91.3487 27.5 131.965
      vertex 91.2021 19.5 131.798
      vertex 91.3487 19.5 131.965
    endloop
  endfacet
  facet normal 0.0674441 0 0.997723
    outer loop
      vertex 89.7781 27.5 131.315
      vertex 90 19.5 131.3
      vertex 90 27.5 131.3
    endloop
  endfacet
  facet normal 0.0674441 0 0.997723
    outer loop
      vertex 90 19.5 131.3
      vertex 89.7781 27.5 131.315
      vertex 89.7781 19.5 131.315
    endloop
  endfacet
  facet normal -1 0 0
    outer loop
      vertex -103.75 -23 150
      vertex -103.75 24.25 158
      vertex -103.75 24.25 150
    endloop
  endfacet
  facet normal -1 -0 0
    outer loop
      vertex -103.75 24.25 158
      vertex -103.75 -23 150
      vertex -103.75 -23 158
    endloop
  endfacet
  facet normal 0 0 1
    outer loop
      vertex 103.75 24.25 158
      vertex 101.95 20.95 158
      vertex 103.75 -23 158
    endloop
  endfacet
  facet normal 0 0 1
    outer loop
      vertex 103.75 24.25 158
      vertex -101.95 20.95 158
      vertex 101.95 20.95 158
    endloop
  endfacet
  facet normal -0 0 1
    outer loop
      vertex -103.75 24.25 158
      vertex -101.95 20.95 158
      vertex 103.75 24.25 158
    endloop
  endfacet
  facet normal 0 0 1
    outer loop
      vertex -103.75 -23 158
      vertex -101.95 20.95 158
      vertex -103.75 24.25 158
    endloop
  endfacet
  facet normal 0 0 1
    outer loop
      vertex -101.95 20.95 158
      vertex -103.75 -23 158
      vertex -101.95 -23 158
    endloop
  endfacet
  facet normal 0 0 1
    outer loop
      vertex 103.75 -23 158
      vertex 101.95 20.95 158
      vertex 101.95 -23 158
    endloop
  endfacet
  facet normal 1 -0 0
    outer loop
      vertex 103.75 -23 158
      vertex 103.75 24.25 150
      vertex 103.75 24.25 158
    endloop
  endfacet
  facet normal 1 0 0
    outer loop
      vertex 103.75 24.25 150
      vertex 103.75 -23 158
      vertex 103.75 -23 150
    endloop
  endfacet
  facet normal 0 0 -1
    outer loop
      vertex -101.95 -23 150
      vertex -103.75 -23 150
      vertex -101.95 20.95 150
    endloop
  endfacet
  facet normal 0 0 -1
    outer loop
      vertex 101.95 20.95 150
      vertex 103.75 -23 150
      vertex 101.95 -23 150
    endloop
  endfacet
  facet normal 0 0 -1
    outer loop
      vertex 103.75 -23 150
      vertex 101.95 20.95 150
      vertex 103.75 24.25 150
    endloop
  endfacet
  facet normal 0 0 -1
    outer loop
      vertex 79.1575 21.2221 150
      vertex 101.95 20.95 150
      vertex 79.2498 20.95 150
    endloop
  endfacet
  facet normal 0 0 -1
    outer loop
      vertex 78.8971 21.75 150
      vertex 101.95 20.95 150
      vertex 79.1575 21.2221 150
    endloop
  endfacet
  facet normal 0 0 -1
    outer loop
      vertex 101.95 20.95 150
      vertex 78.8971 21.75 150
      vertex 103.75 24.25 150
    endloop
  endfacet
  facet normal 0 0 -1
    outer loop
      vertex 78.5701 22.2394 150
      vertex 103.75 24.25 150
      vertex 78.8971 21.75 150
    endloop
  endfacet
  facet normal 0 0 -1
    outer loop
      vertex 78.182 22.682 150
      vertex 103.75 24.25 150
      vertex 78.5701 22.2394 150
    endloop
  endfacet
  facet normal 0 0 -1
    outer loop
      vertex 77.7394 23.0701 150
      vertex 103.75 24.25 150
      vertex 78.182 22.682 150
    endloop
  endfacet
  facet normal 0 0 -1
    outer loop
      vertex 77.25 23.3971 150
      vertex 103.75 24.25 150
      vertex 77.7394 23.0701 150
    endloop
  endfacet
  facet normal 0 0 -1
    outer loop
      vertex 76.7221 23.6575 150
      vertex 103.75 24.25 150
      vertex 77.25 23.3971 150
    endloop
  endfacet
  facet normal 0 0 -1
    outer loop
      vertex 76.1647 23.8467 150
      vertex 103.75 24.25 150
      vertex 76.7221 23.6575 150
    endloop
  endfacet
  facet normal 0 0 -1
    outer loop
      vertex 75.5874 23.9615 150
      vertex 103.75 24.25 150
      vertex 76.1647 23.8467 150
    endloop
  endfacet
  facet normal 0 0 -1
    outer loop
      vertex 75 24 150
      vertex 103.75 24.25 150
      vertex 75.5874 23.9615 150
    endloop
  endfacet
  facet normal 0 0 -1
    outer loop
      vertex 29.2498 20.95 150
      vertex 70.8425 21.2221 150
      vertex 70.7502 20.95 150
    endloop
  endfacet
  facet normal 0 0 -1
    outer loop
      vertex 29.1575 21.2221 150
      vertex 70.8425 21.2221 150
      vertex 29.2498 20.95 150
    endloop
  endfacet
  facet normal 0 0 -1
    outer loop
      vertex 70.8425 21.2221 150
      vertex 29.1575 21.2221 150
      vertex 71.1029 21.75 150
    endloop
  endfacet
  facet normal 0 0 -1
    outer loop
      vertex 28.8971 21.75 150
      vertex 71.1029 21.75 150
      vertex 29.1575 21.2221 150
    endloop
  endfacet
  facet normal 0 0 -1
    outer loop
      vertex 71.1029 21.75 150
      vertex 28.8971 21.75 150
      vertex 71.4299 22.2394 150
    endloop
  endfacet
  facet normal 0 0 -1
    outer loop
      vertex 28.5701 22.2394 150
      vertex 71.4299 22.2394 150
      vertex 28.8971 21.75 150
    endloop
  endfacet
  facet normal 0 0 -1
    outer loop
      vertex 71.4299 22.2394 150
      vertex 28.5701 22.2394 150
      vertex 71.818 22.682 150
    endloop
  endfacet
  facet normal 0 0 -1
    outer loop
      vertex 28.182 22.682 150
      vertex 71.818 22.682 150
      vertex 28.5701 22.2394 150
    endloop
  endfacet
  facet normal 0 0 -1
    outer loop
      vertex 71.818 22.682 150
      vertex 28.182 22.682 150
      vertex 72.2606 23.0701 150
    endloop
  endfacet
  facet normal 0 0 -1
    outer loop
      vertex 27.7394 23.0701 150
      vertex 72.2606 23.0701 150
      vertex 28.182 22.682 150
    endloop
  endfacet
  facet normal 0 0 -1
    outer loop
      vertex 72.2606 23.0701 150
      vertex 27.7394 23.0701 150
      vertex 72.75 23.3971 150
    endloop
  endfacet
  facet normal 0 0 -1
    outer loop
      vertex 27.25 23.3971 150
      vertex 72.75 23.3971 150
      vertex 27.7394 23.0701 150
    endloop
  endfacet
  facet normal 0 0 -1
    outer loop
      vertex 72.75 23.3971 150
      vertex 27.25 23.3971 150
      vertex 73.2779 23.6575 150
    endloop
  endfacet
  facet normal 0 0 -1
    outer loop
      vertex 26.7221 23.6575 150
      vertex 73.2779 23.6575 150
      vertex 27.25 23.3971 150
    endloop
  endfacet
  facet normal 0 0 -1
    outer loop
      vertex 73.2779 23.6575 150
      vertex 26.7221 23.6575 150
      vertex 73.8353 23.8467 150
    endloop
  endfacet
  facet normal 0 0 -1
    outer loop
      vertex 26.1647 23.8467 150
      vertex 73.8353 23.8467 150
      vertex 26.7221 23.6575 150
    endloop
  endfacet
  facet normal 0 0 -1
    outer loop
      vertex 73.8353 23.8467 150
      vertex 26.1647 23.8467 150
      vertex 74.4126 23.9615 150
    endloop
  endfacet
  facet normal 0 0 -1
    outer loop
      vertex 25.5874 23.9615 150
      vertex 74.4126 23.9615 150
      vertex 26.1647 23.8467 150
    endloop
  endfacet
  facet normal 0 0 -1
    outer loop
      vertex 74.4126 23.9615 150
      vertex 25.5874 23.9615 150
      vertex 75 24 150
    endloop
  endfacet
  facet normal 0 0 -1
    outer loop
      vertex 25 24 150
      vertex 75 24 150
      vertex 25.5874 23.9615 150
    endloop
  endfacet
  facet normal 0 0 -1
    outer loop
      vertex 75 24 150
      vertex 25 24 150
      vertex 103.75 24.25 150
    endloop
  endfacet
  facet normal 0 0 -1
    outer loop
      vertex -20.7502 20.95 150
      vertex 20.8425 21.2221 150
      vertex 20.7502 20.95 150
    endloop
  endfacet
  facet normal 0 0 -1
    outer loop
      vertex -20.8425 21.2221 150
      vertex 20.8425 21.2221 150
      vertex -20.7502 20.95 150
    endloop
  endfacet
  facet normal 0 0 -1
    outer loop
      vertex 20.8425 21.2221 150
      vertex -20.8425 21.2221 150
      vertex 21.1029 21.75 150
    endloop
  endfacet
  facet normal 0 0 -1
    outer loop
      vertex -21.1029 21.75 150
      vertex 21.1029 21.75 150
      vertex -20.8425 21.2221 150
    endloop
  endfacet
  facet normal 0 0 -1
    outer loop
      vertex 21.1029 21.75 150
      vertex -21.1029 21.75 150
      vertex 21.4299 22.2394 150
    endloop
  endfacet
  facet normal 0 0 -1
    outer loop
      vertex -21.4299 22.2394 150
      vertex 21.4299 22.2394 150
      vertex -21.1029 21.75 150
    endloop
  endfacet
  facet normal 0 0 -1
    outer loop
      vertex 21.4299 22.2394 150
      vertex -21.4299 22.2394 150
      vertex 21.818 22.682 150
    endloop
  endfacet
  facet normal 0 0 -1
    outer loop
      vertex -21.818 22.682 150
      vertex 21.818 22.682 150
      vertex -21.4299 22.2394 150
    endloop
  endfacet
  facet normal 0 0 -1
    outer loop
      vertex 21.818 22.682 150
      vertex -21.818 22.682 150
      vertex 22.2606 23.0701 150
    endloop
  endfacet
  facet normal 0 0 -1
    outer loop
      vertex -22.2606 23.0701 150
      vertex 22.2606 23.0701 150
      vertex -21.818 22.682 150
    endloop
  endfacet
  facet normal 0 0 -1
    outer loop
      vertex 22.2606 23.0701 150
      vertex -22.2606 23.0701 150
      vertex 22.75 23.3971 150
    endloop
  endfacet
  facet normal 0 0 -1
    outer loop
      vertex -22.75 23.3971 150
      vertex 22.75 23.3971 150
      vertex -22.2606 23.0701 150
    endloop
  endfacet
  facet normal 0 0 -1
    outer loop
      vertex 22.75 23.3971 150
      vertex -22.75 23.3971 150
      vertex 23.2779 23.6575 150
    endloop
  endfacet
  facet normal 0 0 -1
    outer loop
      vertex -23.2779 23.6575 150
      vertex 23.2779 23.6575 150
      vertex -22.75 23.3971 150
    endloop
  endfacet
  facet normal 0 0 -1
    outer loop
      vertex 23.2779 23.6575 150
      vertex -23.2779 23.6575 150
      vertex 23.8353 23.8467 150
    endloop
  endfacet
  facet normal 0 0 -1
    outer loop
      vertex -23.8353 23.8467 150
      vertex 23.8353 23.8467 150
      vertex -23.2779 23.6575 150
    endloop
  endfacet
  facet normal 0 0 -1
    outer loop
      vertex 23.8353 23.8467 150
      vertex -23.8353 23.8467 150
      vertex 24.4126 23.9615 150
    endloop
  endfacet
  facet normal 0 0 -1
    outer loop
      vertex -24.4126 23.9615 150
      vertex 24.4126 23.9615 150
      vertex -23.8353 23.8467 150
    endloop
  endfacet
  facet normal 0 0 -1
    outer loop
      vertex 24.4126 23.9615 150
      vertex -24.4126 23.9615 150
      vertex 25 24 150
    endloop
  endfacet
  facet normal 0 0 -1
    outer loop
      vertex -25 24 150
      vertex 25 24 150
      vertex -24.4126 23.9615 150
    endloop
  endfacet
  facet normal 0 0 -1
    outer loop
      vertex 25 24 150
      vertex -25 24 150
      vertex 103.75 24.25 150
    endloop
  endfacet
  facet normal 0 0 -1
    outer loop
      vertex -70.7502 20.95 150
      vertex -29.1575 21.2221 150
      vertex -29.2498 20.95 150
    endloop
  endfacet
  facet normal 0 0 -1
    outer loop
      vertex -70.8425 21.2221 150
      vertex -29.1575 21.2221 150
      vertex -70.7502 20.95 150
    endloop
  endfacet
  facet normal 0 0 -1
    outer loop
      vertex -29.1575 21.2221 150
      vertex -70.8425 21.2221 150
      vertex -28.8971 21.75 150
    endloop
  endfacet
  facet normal 0 0 -1
    outer loop
      vertex -71.1029 21.75 150
      vertex -28.8971 21.75 150
      vertex -70.8425 21.2221 150
    endloop
  endfacet
  facet normal 0 0 -1
    outer loop
      vertex -28.8971 21.75 150
      vertex -71.1029 21.75 150
      vertex -28.5701 22.2394 150
    endloop
  endfacet
  facet normal 0 0 -1
    outer loop
      vertex -71.4299 22.2394 150
      vertex -28.5701 22.2394 150
      vertex -71.1029 21.75 150
    endloop
  endfacet
  facet normal 0 0 -1
    outer loop
      vertex -28.5701 22.2394 150
      vertex -71.4299 22.2394 150
      vertex -28.182 22.682 150
    endloop
  endfacet
  facet normal 0 0 -1
    outer loop
      vertex -71.818 22.682 150
      vertex -28.182 22.682 150
      vertex -71.4299 22.2394 150
    endloop
  endfacet
  facet normal 0 0 -1
    outer loop
      vertex -28.182 22.682 150
      vertex -71.818 22.682 150
      vertex -27.7394 23.0701 150
    endloop
  endfacet
  facet normal 0 0 -1
    outer loop
      vertex -72.2606 23.0701 150
      vertex -27.7394 23.0701 150
      vertex -71.818 22.682 150
    endloop
  endfacet
  facet normal 0 0 -1
    outer loop
      vertex -27.7394 23.0701 150
      vertex -72.2606 23.0701 150
      vertex -27.25 23.3971 150
    endloop
  endfacet
  facet normal 0 0 -1
    outer loop
      vertex -72.75 23.3971 150
      vertex -27.25 23.3971 150
      vertex -72.2606 23.0701 150
    endloop
  endfacet
  facet normal 0 0 -1
    outer loop
      vertex -27.25 23.3971 150
      vertex -72.75 23.3971 150
      vertex -26.7221 23.6575 150
    endloop
  endfacet
  facet normal 0 0 -1
    outer loop
      vertex -73.2779 23.6575 150
      vertex -26.7221 23.6575 150
      vertex -72.75 23.3971 150
    endloop
  endfacet
  facet normal 0 0 -1
    outer loop
      vertex -26.7221 23.6575 150
      vertex -73.2779 23.6575 150
      vertex -26.1647 23.8467 150
    endloop
  endfacet
  facet normal 0 0 -1
    outer loop
      vertex -73.8353 23.8467 150
      vertex -26.1647 23.8467 150
      vertex -73.2779 23.6575 150
    endloop
  endfacet
  facet normal 0 0 -1
    outer loop
      vertex -26.1647 23.8467 150
      vertex -73.8353 23.8467 150
      vertex -25.5874 23.9615 150
    endloop
  endfacet
  facet normal 0 0 -1
    outer loop
      vertex -74.4126 23.9615 150
      vertex -25.5874 23.9615 150
      vertex -73.8353 23.8467 150
    endloop
  endfacet
  facet normal 0 0 -1
    outer loop
      vertex -25.5874 23.9615 150
      vertex -74.4126 23.9615 150
      vertex -25 24 150
    endloop
  endfacet
  facet normal 0 0 -1
    outer loop
      vertex -75 24 150
      vertex -25 24 150
      vertex -74.4126 23.9615 150
    endloop
  endfacet
  facet normal 0 0 -1
    outer loop
      vertex -25 24 150
      vertex -75 24 150
      vertex 103.75 24.25 150
    endloop
  endfacet
  facet normal 0 0 -1
    outer loop
      vertex -101.95 20.95 150
      vertex -79.1575 21.2221 150
      vertex -79.2498 20.95 150
    endloop
  endfacet
  facet normal 0 0 -1
    outer loop
      vertex -101.95 20.95 150
      vertex -78.8971 21.75 150
      vertex -79.1575 21.2221 150
    endloop
  endfacet
  facet normal 0 0 -1
    outer loop
      vertex -103.75 24.25 150
      vertex -78.8971 21.75 150
      vertex -101.95 20.95 150
    endloop
  endfacet
  facet normal 0 0 -1
    outer loop
      vertex -78.8971 21.75 150
      vertex -103.75 24.25 150
      vertex -78.5701 22.2394 150
    endloop
  endfacet
  facet normal 0 0 -1
    outer loop
      vertex -78.5701 22.2394 150
      vertex -103.75 24.25 150
      vertex -78.182 22.682 150
    endloop
  endfacet
  facet normal 0 0 -1
    outer loop
      vertex -78.182 22.682 150
      vertex -103.75 24.25 150
      vertex -77.7394 23.0701 150
    endloop
  endfacet
  facet normal 0 0 -1
    outer loop
      vertex -77.7394 23.0701 150
      vertex -103.75 24.25 150
      vertex -77.25 23.3971 150
    endloop
  endfacet
  facet normal 0 0 -1
    outer loop
      vertex -77.25 23.3971 150
      vertex -103.75 24.25 150
      vertex -76.7221 23.6575 150
    endloop
  endfacet
  facet normal 0 0 -1
    outer loop
      vertex -76.7221 23.6575 150
      vertex -103.75 24.25 150
      vertex -76.1647 23.8467 150
    endloop
  endfacet
  facet normal 0 0 -1
    outer loop
      vertex -75 24 150
      vertex -103.75 24.25 150
      vertex 103.75 24.25 150
    endloop
  endfacet
  facet normal 0 0 -1
    outer loop
      vertex -75.5874 23.9615 150
      vertex -103.75 24.25 150
      vertex -75 24 150
    endloop
  endfacet
  facet normal 0 0 -1
    outer loop
      vertex -76.1647 23.8467 150
      vertex -103.75 24.25 150
      vertex -75.5874 23.9615 150
    endloop
  endfacet
  facet normal 0 0 -1
    outer loop
      vertex -103.75 24.25 150
      vertex -101.95 20.95 150
      vertex -103.75 -23 150
    endloop
  endfacet
  facet normal 0 0 1
    outer loop
      vertex -75.85 18.0278 150
      vertex -77.25 15.6029 150
      vertex -76.7221 15.3425 150
    endloop
  endfacet
  facet normal 0 0 1
    outer loop
      vertex -79.5 19.5 150
      vertex -76.7 19.5 150
      vertex -76.6855 19.7219 150
    endloop
  endfacet
  facet normal 0 0 1
    outer loop
      vertex -76.6855 19.2781 150
      vertex -77.7394 15.9299 150
      vertex -77.25 15.6029 150
    endloop
  endfacet
  facet normal 0 0 1
    outer loop
      vertex -79.4615 20.0874 150
      vertex -76.6855 19.7219 150
      vertex -76.6421 19.94 150
    endloop
  endfacet
  facet normal 0 0 1
    outer loop
      vertex -76.6855 19.2781 150
      vertex -78.182 16.318 150
      vertex -77.7394 15.9299 150
    endloop
  endfacet
  facet normal 0 0 1
    outer loop
      vertex -79.2498 20.95 150
      vertex -76.6421 19.94 150
      vertex -76.5706 20.1506 150
    endloop
  endfacet
  facet normal 0 0 1
    outer loop
      vertex -76.6855 19.2781 150
      vertex -78.5701 16.7606 150
      vertex -78.182 16.318 150
    endloop
  endfacet
  facet normal 0 0 1
    outer loop
      vertex -79.2498 20.95 150
      vertex -76.5706 20.1506 150
      vertex -76.4722 20.35 150
    endloop
  endfacet
  facet normal 0 0 1
    outer loop
      vertex -76.6855 19.2781 150
      vertex -78.8971 17.25 150
      vertex -78.5701 16.7606 150
    endloop
  endfacet
  facet normal 0 0 1
    outer loop
      vertex -79.2498 20.95 150
      vertex -76.4722 20.35 150
      vertex -76.3487 20.5349 150
    endloop
  endfacet
  facet normal 0 0 1
    outer loop
      vertex -76.6855 19.2781 150
      vertex -79.1575 17.7779 150
      vertex -78.8971 17.25 150
    endloop
  endfacet
  facet normal 0 0 1
    outer loop
      vertex -79.2498 20.95 150
      vertex -76.3487 20.5349 150
      vertex -76.2021 20.7021 150
    endloop
  endfacet
  facet normal -0 0 1
    outer loop
      vertex -79.2498 20.95 150
      vertex -76.0349 20.8487 150
      vertex -75.8833 20.95 150
    endloop
  endfacet
  facet normal 0 0 1
    outer loop
      vertex -79.2498 20.95 150
      vertex -76.2021 20.7021 150
      vertex -76.0349 20.8487 150
    endloop
  endfacet
  facet normal 0 0 1
    outer loop
      vertex -76.6421 19.94 150
      vertex -79.2498 20.95 150
      vertex -79.3467 20.6647 150
    endloop
  endfacet
  facet normal 0 0 1
    outer loop
      vertex -76.6421 19.94 150
      vertex -79.3467 20.6647 150
      vertex -79.4615 20.0874 150
    endloop
  endfacet
  facet normal 0 0 1
    outer loop
      vertex -76.6855 19.2781 150
      vertex -79.3467 18.3353 150
      vertex -79.1575 17.7779 150
    endloop
  endfacet
  facet normal 0 0 1
    outer loop
      vertex -76.6855 19.7219 150
      vertex -79.4615 20.0874 150
      vertex -79.5 19.5 150
    endloop
  endfacet
  facet normal 0 0 1
    outer loop
      vertex -76.6855 19.2781 150
      vertex -79.4615 18.9126 150
      vertex -79.3467 18.3353 150
    endloop
  endfacet
  facet normal 0 0 1
    outer loop
      vertex -76.7 19.5 150
      vertex -79.5 19.5 150
      vertex -79.4615 18.9126 150
    endloop
  endfacet
  facet normal 0 0 1
    outer loop
      vertex -73.3 19.5 150
      vertex -70.5 19.5 150
      vertex -70.5385 20.0874 150
    endloop
  endfacet
  facet normal 0 0 1
    outer loop
      vertex -73.3145 19.7219 150
      vertex -70.5385 20.0874 150
      vertex -70.6533 20.6647 150
    endloop
  endfacet
  facet normal 0 0 1
    outer loop
      vertex -70.5 19.5 150
      vertex -73.3 19.5 150
      vertex -70.5385 18.9126 150
    endloop
  endfacet
  facet normal 0 0 1
    outer loop
      vertex -73.3579 19.94 150
      vertex -70.6533 20.6647 150
      vertex -70.7502 20.95 150
    endloop
  endfacet
  facet normal -0 0 1
    outer loop
      vertex -73.3145 19.2781 150
      vertex -70.5385 18.9126 150
      vertex -73.3 19.5 150
    endloop
  endfacet
  facet normal 0 0 1
    outer loop
      vertex -70.5385 18.9126 150
      vertex -73.3145 19.2781 150
      vertex -70.6533 18.3353 150
    endloop
  endfacet
  facet normal 0 0 1
    outer loop
      vertex -70.6533 18.3353 150
      vertex -73.3579 19.06 150
      vertex -70.8425 17.7779 150
    endloop
  endfacet
  facet normal -0 0 1
    outer loop
      vertex -73.4294 18.8494 150
      vertex -70.8425 17.7779 150
      vertex -73.3579 19.06 150
    endloop
  endfacet
  facet normal -0 0 1
    outer loop
      vertex -73.5278 18.65 150
      vertex -71.1029 17.25 150
      vertex -73.4294 18.8494 150
    endloop
  endfacet
  facet normal 0 0 1
    outer loop
      vertex -71.1029 17.25 150
      vertex -73.5278 18.65 150
      vertex -71.4299 16.7606 150
    endloop
  endfacet
  facet normal 0 0 1
    outer loop
      vertex -71.4299 16.7606 150
      vertex -73.6513 18.4651 150
      vertex -71.818 16.318 150
    endloop
  endfacet
  facet normal -0 0 1
    outer loop
      vertex -73.3579 19.06 150
      vertex -70.6533 18.3353 150
      vertex -73.3145 19.2781 150
    endloop
  endfacet
  facet normal 0 0 1
    outer loop
      vertex -70.5385 20.0874 150
      vertex -73.3145 19.7219 150
      vertex -73.3 19.5 150
    endloop
  endfacet
  facet normal 0 0 1
    outer loop
      vertex -70.6533 20.6647 150
      vertex -73.3579 19.94 150
      vertex -73.3145 19.7219 150
    endloop
  endfacet
  facet normal 0 0 1
    outer loop
      vertex -70.7502 20.95 150
      vertex -73.4294 20.1506 150
      vertex -73.3579 19.94 150
    endloop
  endfacet
  facet normal 0 0 1
    outer loop
      vertex -70.7502 20.95 150
      vertex -73.5278 20.35 150
      vertex -73.4294 20.1506 150
    endloop
  endfacet
  facet normal 0 0 1
    outer loop
      vertex -70.7502 20.95 150
      vertex -73.6513 20.5349 150
      vertex -73.5278 20.35 150
    endloop
  endfacet
  facet normal 0 0 1
    outer loop
      vertex -70.7502 20.95 150
      vertex -73.7979 20.7021 150
      vertex -73.6513 20.5349 150
    endloop
  endfacet
  facet normal 0 0 1
    outer loop
      vertex -70.7502 20.95 150
      vertex -73.9651 20.8487 150
      vertex -73.7979 20.7021 150
    endloop
  endfacet
  facet normal 0 -0 1
    outer loop
      vertex -73.9651 20.8487 150
      vertex -70.7502 20.95 150
      vertex -74.1167 20.95 150
    endloop
  endfacet
  facet normal 0 0 1
    outer loop
      vertex -70.8425 17.7779 150
      vertex -73.4294 18.8494 150
      vertex -71.1029 17.25 150
    endloop
  endfacet
  facet normal -0 0 1
    outer loop
      vertex -73.6513 18.4651 150
      vertex -71.4299 16.7606 150
      vertex -73.5278 18.65 150
    endloop
  endfacet
  facet normal -0 0 1
    outer loop
      vertex -73.7979 18.2979 150
      vertex -71.818 16.318 150
      vertex -73.6513 18.4651 150
    endloop
  endfacet
  facet normal 0 0 1
    outer loop
      vertex -71.818 16.318 150
      vertex -73.7979 18.2979 150
      vertex -72.2606 15.9299 150
    endloop
  endfacet
  facet normal -0 0 1
    outer loop
      vertex -73.9651 18.1513 150
      vertex -72.2606 15.9299 150
      vertex -73.7979 18.2979 150
    endloop
  endfacet
  facet normal 0 0 1
    outer loop
      vertex -72.2606 15.9299 150
      vertex -73.9651 18.1513 150
      vertex -72.75 15.6029 150
    endloop
  endfacet
  facet normal -0 0 1
    outer loop
      vertex -74.15 18.0278 150
      vertex -72.75 15.6029 150
      vertex -73.9651 18.1513 150
    endloop
  endfacet
  facet normal 0 0 1
    outer loop
      vertex -72.75 15.6029 150
      vertex -74.15 18.0278 150
      vertex -73.2779 15.3425 150
    endloop
  endfacet
  facet normal -0 0 1
    outer loop
      vertex -74.3494 17.9294 150
      vertex -73.2779 15.3425 150
      vertex -74.15 18.0278 150
    endloop
  endfacet
  facet normal 0 0 1
    outer loop
      vertex -73.2779 15.3425 150
      vertex -74.3494 17.9294 150
      vertex -73.8353 15.1533 150
    endloop
  endfacet
  facet normal -0 0 1
    outer loop
      vertex -74.56 17.8579 150
      vertex -73.8353 15.1533 150
      vertex -74.3494 17.9294 150
    endloop
  endfacet
  facet normal 0 0 1
    outer loop
      vertex -73.8353 15.1533 150
      vertex -74.56 17.8579 150
      vertex -74.4126 15.0385 150
    endloop
  endfacet
  facet normal -0 0 1
    outer loop
      vertex -74.7781 17.8145 150
      vertex -74.4126 15.0385 150
      vertex -74.56 17.8579 150
    endloop
  endfacet
  facet normal -0 0 1
    outer loop
      vertex -75 17.8 150
      vertex -74.4126 15.0385 150
      vertex -74.7781 17.8145 150
    endloop
  endfacet
  facet normal 0 0 1
    outer loop
      vertex -75 17.8 150
      vertex -75 15 150
      vertex -74.4126 15.0385 150
    endloop
  endfacet
  facet normal 0 0 1
    outer loop
      vertex -75.2219 17.8145 150
      vertex -75 15 150
      vertex -75 17.8 150
    endloop
  endfacet
  facet normal 0 0 1
    outer loop
      vertex -75.5874 15.0385 150
      vertex -75.2219 17.8145 150
      vertex -75.44 17.8579 150
    endloop
  endfacet
  facet normal 0 0 1
    outer loop
      vertex -75.2219 17.8145 150
      vertex -75.5874 15.0385 150
      vertex -75 15 150
    endloop
  endfacet
  facet normal 0 0 1
    outer loop
      vertex -76.1647 15.1533 150
      vertex -75.44 17.8579 150
      vertex -75.6506 17.9294 150
    endloop
  endfacet
  facet normal 0 0 1
    outer loop
      vertex -76.7221 15.3425 150
      vertex -75.6506 17.9294 150
      vertex -75.85 18.0278 150
    endloop
  endfacet
  facet normal 0 0 1
    outer loop
      vertex -77.25 15.6029 150
      vertex -75.85 18.0278 150
      vertex -76.0349 18.1513 150
    endloop
  endfacet
  facet normal 0 0 1
    outer loop
      vertex -75.44 17.8579 150
      vertex -76.1647 15.1533 150
      vertex -75.5874 15.0385 150
    endloop
  endfacet
  facet normal 0 0 1
    outer loop
      vertex -77.25 15.6029 150
      vertex -76.0349 18.1513 150
      vertex -76.2021 18.2979 150
    endloop
  endfacet
  facet normal 0 0 1
    outer loop
      vertex -77.25 15.6029 150
      vertex -76.2021 18.2979 150
      vertex -76.3487 18.4651 150
    endloop
  endfacet
  facet normal 0 0 1
    outer loop
      vertex -77.25 15.6029 150
      vertex -76.3487 18.4651 150
      vertex -76.4722 18.65 150
    endloop
  endfacet
  facet normal 0 0 1
    outer loop
      vertex -77.25 15.6029 150
      vertex -76.4722 18.65 150
      vertex -76.5706 18.8494 150
    endloop
  endfacet
  facet normal 0 0 1
    outer loop
      vertex -77.25 15.6029 150
      vertex -76.5706 18.8494 150
      vertex -76.6421 19.06 150
    endloop
  endfacet
  facet normal 0 0 1
    outer loop
      vertex -77.25 15.6029 150
      vertex -76.6421 19.06 150
      vertex -76.6855 19.2781 150
    endloop
  endfacet
  facet normal 0 0 1
    outer loop
      vertex -75.6506 17.9294 150
      vertex -76.7221 15.3425 150
      vertex -76.1647 15.1533 150
    endloop
  endfacet
  facet normal 0 0 1
    outer loop
      vertex -79.4615 18.9126 150
      vertex -76.6855 19.2781 150
      vertex -76.7 19.5 150
    endloop
  endfacet
  facet normal 0 0 -1
    outer loop
      vertex -74.1167 20.95 150
      vertex -74.3494 21.0706 150
      vertex -74.15 20.9722 150
    endloop
  endfacet
  facet normal 0 0 -1
    outer loop
      vertex -74.1167 20.95 150
      vertex -74.56 21.1421 150
      vertex -74.3494 21.0706 150
    endloop
  endfacet
  facet normal 0 0 -1
    outer loop
      vertex -74.1167 20.95 150
      vertex -74.7781 21.1855 150
      vertex -74.56 21.1421 150
    endloop
  endfacet
  facet normal 0 0 -1
    outer loop
      vertex -74.1167 20.95 150
      vertex -75 21.2 150
      vertex -74.7781 21.1855 150
    endloop
  endfacet
  facet normal 0 0 -1
    outer loop
      vertex -74.1167 20.95 150
      vertex -75.2219 21.1855 150
      vertex -75 21.2 150
    endloop
  endfacet
  facet normal 0 0 -1
    outer loop
      vertex -74.1167 20.95 150
      vertex -75.44 21.1421 150
      vertex -75.2219 21.1855 150
    endloop
  endfacet
  facet normal 0 0 -1
    outer loop
      vertex -74.1167 20.95 150
      vertex -75.6506 21.0706 150
      vertex -75.44 21.1421 150
    endloop
  endfacet
  facet normal 0 0 -1
    outer loop
      vertex -75.8833 20.95 150
      vertex -75.6506 21.0706 150
      vertex -74.1167 20.95 150
    endloop
  endfacet
  facet normal 0 0 -1
    outer loop
      vertex -75.6506 21.0706 150
      vertex -75.8833 20.95 150
      vertex -75.85 20.9722 150
    endloop
  endfacet
  facet normal 0 0 1
    outer loop
      vertex 24.15 18.0278 150
      vertex 22.75 15.6029 150
      vertex 23.2779 15.3425 150
    endloop
  endfacet
  facet normal 0 0 1
    outer loop
      vertex 20.5 19.5 150
      vertex 23.3 19.5 150
      vertex 23.3145 19.7219 150
    endloop
  endfacet
  facet normal 0 0 1
    outer loop
      vertex 23.3145 19.2781 150
      vertex 22.2606 15.9299 150
      vertex 22.75 15.6029 150
    endloop
  endfacet
  facet normal 0 0 1
    outer loop
      vertex 20.5385 20.0874 150
      vertex 23.3145 19.7219 150
      vertex 23.3579 19.94 150
    endloop
  endfacet
  facet normal 0 0 1
    outer loop
      vertex 23.3145 19.2781 150
      vertex 21.818 16.318 150
      vertex 22.2606 15.9299 150
    endloop
  endfacet
  facet normal 0 0 1
    outer loop
      vertex 20.7502 20.95 150
      vertex 23.3579 19.94 150
      vertex 23.4294 20.1506 150
    endloop
  endfacet
  facet normal 0 0 1
    outer loop
      vertex 23.3145 19.2781 150
      vertex 21.4299 16.7606 150
      vertex 21.818 16.318 150
    endloop
  endfacet
  facet normal 0 0 1
    outer loop
      vertex 20.7502 20.95 150
      vertex 23.4294 20.1506 150
      vertex 23.5278 20.35 150
    endloop
  endfacet
  facet normal 0 0 1
    outer loop
      vertex 23.3145 19.2781 150
      vertex 21.1029 17.25 150
      vertex 21.4299 16.7606 150
    endloop
  endfacet
  facet normal 0 0 1
    outer loop
      vertex 20.7502 20.95 150
      vertex 23.5278 20.35 150
      vertex 23.6513 20.5349 150
    endloop
  endfacet
  facet normal 0 0 1
    outer loop
      vertex 23.3145 19.2781 150
      vertex 20.8425 17.7779 150
      vertex 21.1029 17.25 150
    endloop
  endfacet
  facet normal 0 0 1
    outer loop
      vertex 20.7502 20.95 150
      vertex 23.6513 20.5349 150
      vertex 23.7979 20.7021 150
    endloop
  endfacet
  facet normal -0 0 1
    outer loop
      vertex 20.7502 20.95 150
      vertex 23.9651 20.8487 150
      vertex 24.1167 20.95 150
    endloop
  endfacet
  facet normal 0 0 1
    outer loop
      vertex 20.7502 20.95 150
      vertex 23.7979 20.7021 150
      vertex 23.9651 20.8487 150
    endloop
  endfacet
  facet normal 0 0 1
    outer loop
      vertex 23.3579 19.94 150
      vertex 20.7502 20.95 150
      vertex 20.6533 20.6647 150
    endloop
  endfacet
  facet normal 0 0 1
    outer loop
      vertex 23.3579 19.94 150
      vertex 20.6533 20.6647 150
      vertex 20.5385 20.0874 150
    endloop
  endfacet
  facet normal 0 0 1
    outer loop
      vertex 23.3145 19.2781 150
      vertex 20.6533 18.3353 150
      vertex 20.8425 17.7779 150
    endloop
  endfacet
  facet normal 0 0 1
    outer loop
      vertex 23.3145 19.7219 150
      vertex 20.5385 20.0874 150
      vertex 20.5 19.5 150
    endloop
  endfacet
  facet normal 0 0 1
    outer loop
      vertex 23.3145 19.2781 150
      vertex 20.5385 18.9126 150
      vertex 20.6533 18.3353 150
    endloop
  endfacet
  facet normal 0 0 1
    outer loop
      vertex 23.3 19.5 150
      vertex 20.5 19.5 150
      vertex 20.5385 18.9126 150
    endloop
  endfacet
  facet normal 0 0 1
    outer loop
      vertex 26.7 19.5 150
      vertex 29.5 19.5 150
      vertex 29.4615 20.0874 150
    endloop
  endfacet
  facet normal 0 0 1
    outer loop
      vertex 26.6855 19.7219 150
      vertex 29.4615 20.0874 150
      vertex 29.3467 20.6647 150
    endloop
  endfacet
  facet normal 0 0 1
    outer loop
      vertex 29.5 19.5 150
      vertex 26.7 19.5 150
      vertex 29.4615 18.9126 150
    endloop
  endfacet
  facet normal 0 0 1
    outer loop
      vertex 26.6421 19.94 150
      vertex 29.3467 20.6647 150
      vertex 29.2498 20.95 150
    endloop
  endfacet
  facet normal -0 0 1
    outer loop
      vertex 26.6855 19.2781 150
      vertex 29.4615 18.9126 150
      vertex 26.7 19.5 150
    endloop
  endfacet
  facet normal 0 0 1
    outer loop
      vertex 29.4615 18.9126 150
      vertex 26.6855 19.2781 150
      vertex 29.3467 18.3353 150
    endloop
  endfacet
  facet normal 0 0 1
    outer loop
      vertex 29.3467 18.3353 150
      vertex 26.6421 19.06 150
      vertex 29.1575 17.7779 150
    endloop
  endfacet
  facet normal -0 0 1
    outer loop
      vertex 26.5706 18.8494 150
      vertex 29.1575 17.7779 150
      vertex 26.6421 19.06 150
    endloop
  endfacet
  facet normal -0 0 1
    outer loop
      vertex 26.4722 18.65 150
      vertex 28.8971 17.25 150
      vertex 26.5706 18.8494 150
    endloop
  endfacet
  facet normal 0 0 1
    outer loop
      vertex 28.8971 17.25 150
      vertex 26.4722 18.65 150
      vertex 28.5701 16.7606 150
    endloop
  endfacet
  facet normal 0 0 1
    outer loop
      vertex 28.5701 16.7606 150
      vertex 26.3487 18.4651 150
      vertex 28.182 16.318 150
    endloop
  endfacet
  facet normal -0 0 1
    outer loop
      vertex 26.6421 19.06 150
      vertex 29.3467 18.3353 150
      vertex 26.6855 19.2781 150
    endloop
  endfacet
  facet normal 0 0 1
    outer loop
      vertex 29.4615 20.0874 150
      vertex 26.6855 19.7219 150
      vertex 26.7 19.5 150
    endloop
  endfacet
  facet normal 0 0 1
    outer loop
      vertex 29.3467 20.6647 150
      vertex 26.6421 19.94 150
      vertex 26.6855 19.7219 150
    endloop
  endfacet
  facet normal 0 0 1
    outer loop
      vertex 29.2498 20.95 150
      vertex 26.5706 20.1506 150
      vertex 26.6421 19.94 150
    endloop
  endfacet
  facet normal 0 0 1
    outer loop
      vertex 29.2498 20.95 150
      vertex 26.4722 20.35 150
      vertex 26.5706 20.1506 150
    endloop
  endfacet
  facet normal 0 0 1
    outer loop
      vertex 29.2498 20.95 150
      vertex 26.3487 20.5349 150
      vertex 26.4722 20.35 150
    endloop
  endfacet
  facet normal 0 0 1
    outer loop
      vertex 29.2498 20.95 150
      vertex 26.2021 20.7021 150
      vertex 26.3487 20.5349 150
    endloop
  endfacet
  facet normal 0 0 1
    outer loop
      vertex 29.2498 20.95 150
      vertex 26.0349 20.8487 150
      vertex 26.2021 20.7021 150
    endloop
  endfacet
  facet normal 0 -0 1
    outer loop
      vertex 26.0349 20.8487 150
      vertex 29.2498 20.95 150
      vertex 25.8833 20.95 150
    endloop
  endfacet
  facet normal 0 0 1
    outer loop
      vertex 29.1575 17.7779 150
      vertex 26.5706 18.8494 150
      vertex 28.8971 17.25 150
    endloop
  endfacet
  facet normal -0 0 1
    outer loop
      vertex 26.3487 18.4651 150
      vertex 28.5701 16.7606 150
      vertex 26.4722 18.65 150
    endloop
  endfacet
  facet normal -0 0 1
    outer loop
      vertex 26.2021 18.2979 150
      vertex 28.182 16.318 150
      vertex 26.3487 18.4651 150
    endloop
  endfacet
  facet normal 0 0 1
    outer loop
      vertex 28.182 16.318 150
      vertex 26.2021 18.2979 150
      vertex 27.7394 15.9299 150
    endloop
  endfacet
  facet normal -0 0 1
    outer loop
      vertex 26.0349 18.1513 150
      vertex 27.7394 15.9299 150
      vertex 26.2021 18.2979 150
    endloop
  endfacet
  facet normal 0 0 1
    outer loop
      vertex 27.7394 15.9299 150
      vertex 26.0349 18.1513 150
      vertex 27.25 15.6029 150
    endloop
  endfacet
  facet normal -0 0 1
    outer loop
      vertex 25.85 18.0278 150
      vertex 27.25 15.6029 150
      vertex 26.0349 18.1513 150
    endloop
  endfacet
  facet normal 0 0 1
    outer loop
      vertex 27.25 15.6029 150
      vertex 25.85 18.0278 150
      vertex 26.7221 15.3425 150
    endloop
  endfacet
  facet normal -0 0 1
    outer loop
      vertex 25.6506 17.9294 150
      vertex 26.7221 15.3425 150
      vertex 25.85 18.0278 150
    endloop
  endfacet
  facet normal 0 0 1
    outer loop
      vertex 26.7221 15.3425 150
      vertex 25.6506 17.9294 150
      vertex 26.1647 15.1533 150
    endloop
  endfacet
  facet normal -0 0 1
    outer loop
      vertex 25.44 17.8579 150
      vertex 26.1647 15.1533 150
      vertex 25.6506 17.9294 150
    endloop
  endfacet
  facet normal 0 0 1
    outer loop
      vertex 26.1647 15.1533 150
      vertex 25.44 17.8579 150
      vertex 25.5874 15.0385 150
    endloop
  endfacet
  facet normal -0 0 1
    outer loop
      vertex 25.2219 17.8145 150
      vertex 25.5874 15.0385 150
      vertex 25.44 17.8579 150
    endloop
  endfacet
  facet normal -0 0 1
    outer loop
      vertex 25 17.8 150
      vertex 25.5874 15.0385 150
      vertex 25.2219 17.8145 150
    endloop
  endfacet
  facet normal 0 0 1
    outer loop
      vertex 25 17.8 150
      vertex 25 15 150
      vertex 25.5874 15.0385 150
    endloop
  endfacet
  facet normal 0 0 1
    outer loop
      vertex 24.7781 17.8145 150
      vertex 25 15 150
      vertex 25 17.8 150
    endloop
  endfacet
  facet normal 0 0 1
    outer loop
      vertex 24.4126 15.0385 150
      vertex 24.7781 17.8145 150
      vertex 24.56 17.8579 150
    endloop
  endfacet
  facet normal 0 0 1
    outer loop
      vertex 24.7781 17.8145 150
      vertex 24.4126 15.0385 150
      vertex 25 15 150
    endloop
  endfacet
  facet normal 0 0 1
    outer loop
      vertex 23.8353 15.1533 150
      vertex 24.56 17.8579 150
      vertex 24.3494 17.9294 150
    endloop
  endfacet
  facet normal 0 0 1
    outer loop
      vertex 23.2779 15.3425 150
      vertex 24.3494 17.9294 150
      vertex 24.15 18.0278 150
    endloop
  endfacet
  facet normal 0 0 1
    outer loop
      vertex 22.75 15.6029 150
      vertex 24.15 18.0278 150
      vertex 23.9651 18.1513 150
    endloop
  endfacet
  facet normal 0 0 1
    outer loop
      vertex 24.56 17.8579 150
      vertex 23.8353 15.1533 150
      vertex 24.4126 15.0385 150
    endloop
  endfacet
  facet normal 0 0 1
    outer loop
      vertex 22.75 15.6029 150
      vertex 23.9651 18.1513 150
      vertex 23.7979 18.2979 150
    endloop
  endfacet
  facet normal 0 0 1
    outer loop
      vertex 22.75 15.6029 150
      vertex 23.7979 18.2979 150
      vertex 23.6513 18.4651 150
    endloop
  endfacet
  facet normal 0 0 1
    outer loop
      vertex 22.75 15.6029 150
      vertex 23.6513 18.4651 150
      vertex 23.5278 18.65 150
    endloop
  endfacet
  facet normal 0 0 1
    outer loop
      vertex 22.75 15.6029 150
      vertex 23.5278 18.65 150
      vertex 23.4294 18.8494 150
    endloop
  endfacet
  facet normal 0 0 1
    outer loop
      vertex 22.75 15.6029 150
      vertex 23.4294 18.8494 150
      vertex 23.3579 19.06 150
    endloop
  endfacet
  facet normal 0 0 1
    outer loop
      vertex 22.75 15.6029 150
      vertex 23.3579 19.06 150
      vertex 23.3145 19.2781 150
    endloop
  endfacet
  facet normal 0 0 1
    outer loop
      vertex 24.3494 17.9294 150
      vertex 23.2779 15.3425 150
      vertex 23.8353 15.1533 150
    endloop
  endfacet
  facet normal 0 0 1
    outer loop
      vertex 20.5385 18.9126 150
      vertex 23.3145 19.2781 150
      vertex 23.3 19.5 150
    endloop
  endfacet
  facet normal 0 0 -1
    outer loop
      vertex 25.8833 20.95 150
      vertex 25.6506 21.0706 150
      vertex 25.85 20.9722 150
    endloop
  endfacet
  facet normal 0 0 -1
    outer loop
      vertex 25.8833 20.95 150
      vertex 25.44 21.1421 150
      vertex 25.6506 21.0706 150
    endloop
  endfacet
  facet normal 0 0 -1
    outer loop
      vertex 25.8833 20.95 150
      vertex 25.2219 21.1855 150
      vertex 25.44 21.1421 150
    endloop
  endfacet
  facet normal 0 0 -1
    outer loop
      vertex 25.8833 20.95 150
      vertex 25 21.2 150
      vertex 25.2219 21.1855 150
    endloop
  endfacet
  facet normal 0 0 -1
    outer loop
      vertex 25.8833 20.95 150
      vertex 24.7781 21.1855 150
      vertex 25 21.2 150
    endloop
  endfacet
  facet normal 0 0 -1
    outer loop
      vertex 25.8833 20.95 150
      vertex 24.56 21.1421 150
      vertex 24.7781 21.1855 150
    endloop
  endfacet
  facet normal 0 0 -1
    outer loop
      vertex 25.8833 20.95 150
      vertex 24.3494 21.0706 150
      vertex 24.56 21.1421 150
    endloop
  endfacet
  facet normal 0 0 -1
    outer loop
      vertex 24.1167 20.95 150
      vertex 24.3494 21.0706 150
      vertex 25.8833 20.95 150
    endloop
  endfacet
  facet normal 0 0 -1
    outer loop
      vertex 24.3494 21.0706 150
      vertex 24.1167 20.95 150
      vertex 24.15 20.9722 150
    endloop
  endfacet
  facet normal 0 0 1
    outer loop
      vertex -25.85 18.0278 150
      vertex -27.25 15.6029 150
      vertex -26.7221 15.3425 150
    endloop
  endfacet
  facet normal 0 0 1
    outer loop
      vertex -29.5 19.5 150
      vertex -26.7 19.5 150
      vertex -26.6855 19.7219 150
    endloop
  endfacet
  facet normal 0 0 1
    outer loop
      vertex -26.6855 19.2781 150
      vertex -27.7394 15.9299 150
      vertex -27.25 15.6029 150
    endloop
  endfacet
  facet normal 0 0 1
    outer loop
      vertex -29.4615 20.0874 150
      vertex -26.6855 19.7219 150
      vertex -26.6421 19.94 150
    endloop
  endfacet
  facet normal 0 0 1
    outer loop
      vertex -26.6855 19.2781 150
      vertex -28.182 16.318 150
      vertex -27.7394 15.9299 150
    endloop
  endfacet
  facet normal 0 0 1
    outer loop
      vertex -29.2498 20.95 150
      vertex -26.6421 19.94 150
      vertex -26.5706 20.1506 150
    endloop
  endfacet
  facet normal 0 0 1
    outer loop
      vertex -26.6855 19.2781 150
      vertex -28.5701 16.7606 150
      vertex -28.182 16.318 150
    endloop
  endfacet
  facet normal 0 0 1
    outer loop
      vertex -29.2498 20.95 150
      vertex -26.5706 20.1506 150
      vertex -26.4722 20.35 150
    endloop
  endfacet
  facet normal 0 0 1
    outer loop
      vertex -26.6855 19.2781 150
      vertex -28.8971 17.25 150
      vertex -28.5701 16.7606 150
    endloop
  endfacet
  facet normal 0 0 1
    outer loop
      vertex -29.2498 20.95 150
      vertex -26.4722 20.35 150
      vertex -26.3487 20.5349 150
    endloop
  endfacet
  facet normal 0 0 1
    outer loop
      vertex -26.6855 19.2781 150
      vertex -29.1575 17.7779 150
      vertex -28.8971 17.25 150
    endloop
  endfacet
  facet normal 0 0 1
    outer loop
      vertex -29.2498 20.95 150
      vertex -26.3487 20.5349 150
      vertex -26.2021 20.7021 150
    endloop
  endfacet
  facet normal -0 0 1
    outer loop
      vertex -29.2498 20.95 150
      vertex -26.0349 20.8487 150
      vertex -25.8833 20.95 150
    endloop
  endfacet
  facet normal 0 0 1
    outer loop
      vertex -29.2498 20.95 150
      vertex -26.2021 20.7021 150
      vertex -26.0349 20.8487 150
    endloop
  endfacet
  facet normal 0 0 1
    outer loop
      vertex -26.6421 19.94 150
      vertex -29.2498 20.95 150
      vertex -29.3467 20.6647 150
    endloop
  endfacet
  facet normal 0 0 1
    outer loop
      vertex -26.6421 19.94 150
      vertex -29.3467 20.6647 150
      vertex -29.4615 20.0874 150
    endloop
  endfacet
  facet normal 0 0 1
    outer loop
      vertex -26.6855 19.2781 150
      vertex -29.3467 18.3353 150
      vertex -29.1575 17.7779 150
    endloop
  endfacet
  facet normal 0 0 1
    outer loop
      vertex -26.6855 19.7219 150
      vertex -29.4615 20.0874 150
      vertex -29.5 19.5 150
    endloop
  endfacet
  facet normal 0 0 1
    outer loop
      vertex -26.6855 19.2781 150
      vertex -29.4615 18.9126 150
      vertex -29.3467 18.3353 150
    endloop
  endfacet
  facet normal 0 0 1
    outer loop
      vertex -26.7 19.5 150
      vertex -29.5 19.5 150
      vertex -29.4615 18.9126 150
    endloop
  endfacet
  facet normal 0 0 1
    outer loop
      vertex -23.3 19.5 150
      vertex -20.5 19.5 150
      vertex -20.5385 20.0874 150
    endloop
  endfacet
  facet normal 0 0 1
    outer loop
      vertex -23.3145 19.7219 150
      vertex -20.5385 20.0874 150
      vertex -20.6533 20.6647 150
    endloop
  endfacet
  facet normal 0 0 1
    outer loop
      vertex -20.5 19.5 150
      vertex -23.3 19.5 150
      vertex -20.5385 18.9126 150
    endloop
  endfacet
  facet normal 0 0 1
    outer loop
      vertex -23.3579 19.94 150
      vertex -20.6533 20.6647 150
      vertex -20.7502 20.95 150
    endloop
  endfacet
  facet normal -0 0 1
    outer loop
      vertex -23.3145 19.2781 150
      vertex -20.5385 18.9126 150
      vertex -23.3 19.5 150
    endloop
  endfacet
  facet normal 0 0 1
    outer loop
      vertex -20.5385 18.9126 150
      vertex -23.3145 19.2781 150
      vertex -20.6533 18.3353 150
    endloop
  endfacet
  facet normal 0 0 1
    outer loop
      vertex -20.6533 18.3353 150
      vertex -23.3579 19.06 150
      vertex -20.8425 17.7779 150
    endloop
  endfacet
  facet normal -0 0 1
    outer loop
      vertex -23.4294 18.8494 150
      vertex -20.8425 17.7779 150
      vertex -23.3579 19.06 150
    endloop
  endfacet
  facet normal -0 0 1
    outer loop
      vertex -23.5278 18.65 150
      vertex -21.1029 17.25 150
      vertex -23.4294 18.8494 150
    endloop
  endfacet
  facet normal 0 0 1
    outer loop
      vertex -21.1029 17.25 150
      vertex -23.5278 18.65 150
      vertex -21.4299 16.7606 150
    endloop
  endfacet
  facet normal 0 0 1
    outer loop
      vertex -21.4299 16.7606 150
      vertex -23.6513 18.4651 150
      vertex -21.818 16.318 150
    endloop
  endfacet
  facet normal -0 0 1
    outer loop
      vertex -23.3579 19.06 150
      vertex -20.6533 18.3353 150
      vertex -23.3145 19.2781 150
    endloop
  endfacet
  facet normal 0 0 1
    outer loop
      vertex -20.5385 20.0874 150
      vertex -23.3145 19.7219 150
      vertex -23.3 19.5 150
    endloop
  endfacet
  facet normal 0 0 1
    outer loop
      vertex -20.6533 20.6647 150
      vertex -23.3579 19.94 150
      vertex -23.3145 19.7219 150
    endloop
  endfacet
  facet normal 0 0 1
    outer loop
      vertex -20.7502 20.95 150
      vertex -23.4294 20.1506 150
      vertex -23.3579 19.94 150
    endloop
  endfacet
  facet normal 0 0 1
    outer loop
      vertex -20.7502 20.95 150
      vertex -23.5278 20.35 150
      vertex -23.4294 20.1506 150
    endloop
  endfacet
  facet normal 0 0 1
    outer loop
      vertex -20.7502 20.95 150
      vertex -23.6513 20.5349 150
      vertex -23.5278 20.35 150
    endloop
  endfacet
  facet normal 0 0 1
    outer loop
      vertex -20.7502 20.95 150
      vertex -23.7979 20.7021 150
      vertex -23.6513 20.5349 150
    endloop
  endfacet
  facet normal 0 0 1
    outer loop
      vertex -20.7502 20.95 150
      vertex -23.9651 20.8487 150
      vertex -23.7979 20.7021 150
    endloop
  endfacet
  facet normal 0 -0 1
    outer loop
      vertex -23.9651 20.8487 150
      vertex -20.7502 20.95 150
      vertex -24.1167 20.95 150
    endloop
  endfacet
  facet normal 0 0 1
    outer loop
      vertex -20.8425 17.7779 150
      vertex -23.4294 18.8494 150
      vertex -21.1029 17.25 150
    endloop
  endfacet
  facet normal -0 0 1
    outer loop
      vertex -23.6513 18.4651 150
      vertex -21.4299 16.7606 150
      vertex -23.5278 18.65 150
    endloop
  endfacet
  facet normal -0 0 1
    outer loop
      vertex -23.7979 18.2979 150
      vertex -21.818 16.318 150
      vertex -23.6513 18.4651 150
    endloop
  endfacet
  facet normal 0 0 1
    outer loop
      vertex -21.818 16.318 150
      vertex -23.7979 18.2979 150
      vertex -22.2606 15.9299 150
    endloop
  endfacet
  facet normal -0 0 1
    outer loop
      vertex -23.9651 18.1513 150
      vertex -22.2606 15.9299 150
      vertex -23.7979 18.2979 150
    endloop
  endfacet
  facet normal 0 0 1
    outer loop
      vertex -22.2606 15.9299 150
      vertex -23.9651 18.1513 150
      vertex -22.75 15.6029 150
    endloop
  endfacet
  facet normal -0 0 1
    outer loop
      vertex -24.15 18.0278 150
      vertex -22.75 15.6029 150
      vertex -23.9651 18.1513 150
    endloop
  endfacet
  facet normal 0 0 1
    outer loop
      vertex -22.75 15.6029 150
      vertex -24.15 18.0278 150
      vertex -23.2779 15.3425 150
    endloop
  endfacet
  facet normal -0 0 1
    outer loop
      vertex -24.3494 17.9294 150
      vertex -23.2779 15.3425 150
      vertex -24.15 18.0278 150
    endloop
  endfacet
  facet normal 0 0 1
    outer loop
      vertex -23.2779 15.3425 150
      vertex -24.3494 17.9294 150
      vertex -23.8353 15.1533 150
    endloop
  endfacet
  facet normal -0 0 1
    outer loop
      vertex -24.56 17.8579 150
      vertex -23.8353 15.1533 150
      vertex -24.3494 17.9294 150
    endloop
  endfacet
  facet normal 0 0 1
    outer loop
      vertex -23.8353 15.1533 150
      vertex -24.56 17.8579 150
      vertex -24.4126 15.0385 150
    endloop
  endfacet
  facet normal -0 0 1
    outer loop
      vertex -24.7781 17.8145 150
      vertex -24.4126 15.0385 150
      vertex -24.56 17.8579 150
    endloop
  endfacet
  facet normal -0 0 1
    outer loop
      vertex -25 17.8 150
      vertex -24.4126 15.0385 150
      vertex -24.7781 17.8145 150
    endloop
  endfacet
  facet normal 0 0 1
    outer loop
      vertex -25 17.8 150
      vertex -25 15 150
      vertex -24.4126 15.0385 150
    endloop
  endfacet
  facet normal 0 0 1
    outer loop
      vertex -25.2219 17.8145 150
      vertex -25 15 150
      vertex -25 17.8 150
    endloop
  endfacet
  facet normal 0 0 1
    outer loop
      vertex -25.5874 15.0385 150
      vertex -25.2219 17.8145 150
      vertex -25.44 17.8579 150
    endloop
  endfacet
  facet normal 0 0 1
    outer loop
      vertex -25.2219 17.8145 150
      vertex -25.5874 15.0385 150
      vertex -25 15 150
    endloop
  endfacet
  facet normal 0 0 1
    outer loop
      vertex -26.1647 15.1533 150
      vertex -25.44 17.8579 150
      vertex -25.6506 17.9294 150
    endloop
  endfacet
  facet normal 0 0 1
    outer loop
      vertex -26.7221 15.3425 150
      vertex -25.6506 17.9294 150
      vertex -25.85 18.0278 150
    endloop
  endfacet
  facet normal 0 0 1
    outer loop
      vertex -27.25 15.6029 150
      vertex -25.85 18.0278 150
      vertex -26.0349 18.1513 150
    endloop
  endfacet
  facet normal 0 0 1
    outer loop
      vertex -25.44 17.8579 150
      vertex -26.1647 15.1533 150
      vertex -25.5874 15.0385 150
    endloop
  endfacet
  facet normal 0 0 1
    outer loop
      vertex -27.25 15.6029 150
      vertex -26.0349 18.1513 150
      vertex -26.2021 18.2979 150
    endloop
  endfacet
  facet normal 0 0 1
    outer loop
      vertex -27.25 15.6029 150
      vertex -26.2021 18.2979 150
      vertex -26.3487 18.4651 150
    endloop
  endfacet
  facet normal 0 0 1
    outer loop
      vertex -27.25 15.6029 150
      vertex -26.3487 18.4651 150
      vertex -26.4722 18.65 150
    endloop
  endfacet
  facet normal 0 0 1
    outer loop
      vertex -27.25 15.6029 150
      vertex -26.4722 18.65 150
      vertex -26.5706 18.8494 150
    endloop
  endfacet
  facet normal 0 0 1
    outer loop
      vertex -27.25 15.6029 150
      vertex -26.5706 18.8494 150
      vertex -26.6421 19.06 150
    endloop
  endfacet
  facet normal 0 0 1
    outer loop
      vertex -27.25 15.6029 150
      vertex -26.6421 19.06 150
      vertex -26.6855 19.2781 150
    endloop
  endfacet
  facet normal 0 0 1
    outer loop
      vertex -25.6506 17.9294 150
      vertex -26.7221 15.3425 150
      vertex -26.1647 15.1533 150
    endloop
  endfacet
  facet normal 0 0 1
    outer loop
      vertex -29.4615 18.9126 150
      vertex -26.6855 19.2781 150
      vertex -26.7 19.5 150
    endloop
  endfacet
  facet normal 0 0 -1
    outer loop
      vertex -24.1167 20.95 150
      vertex -24.3494 21.0706 150
      vertex -24.15 20.9722 150
    endloop
  endfacet
  facet normal 0 0 -1
    outer loop
      vertex -24.1167 20.95 150
      vertex -24.56 21.1421 150
      vertex -24.3494 21.0706 150
    endloop
  endfacet
  facet normal 0 0 -1
    outer loop
      vertex -24.1167 20.95 150
      vertex -24.7781 21.1855 150
      vertex -24.56 21.1421 150
    endloop
  endfacet
  facet normal 0 0 -1
    outer loop
      vertex -24.1167 20.95 150
      vertex -25 21.2 150
      vertex -24.7781 21.1855 150
    endloop
  endfacet
  facet normal 0 0 -1
    outer loop
      vertex -24.1167 20.95 150
      vertex -25.2219 21.1855 150
      vertex -25 21.2 150
    endloop
  endfacet
  facet normal 0 0 -1
    outer loop
      vertex -24.1167 20.95 150
      vertex -25.44 21.1421 150
      vertex -25.2219 21.1855 150
    endloop
  endfacet
  facet normal 0 0 -1
    outer loop
      vertex -24.1167 20.95 150
      vertex -25.6506 21.0706 150
      vertex -25.44 21.1421 150
    endloop
  endfacet
  facet normal 0 0 -1
    outer loop
      vertex -25.8833 20.95 150
      vertex -25.6506 21.0706 150
      vertex -24.1167 20.95 150
    endloop
  endfacet
  facet normal 0 0 -1
    outer loop
      vertex -25.6506 21.0706 150
      vertex -25.8833 20.95 150
      vertex -25.85 20.9722 150
    endloop
  endfacet
  facet normal 0 0 1
    outer loop
      vertex 74.15 18.0278 150
      vertex 72.75 15.6029 150
      vertex 73.2779 15.3425 150
    endloop
  endfacet
  facet normal 0 0 1
    outer loop
      vertex 70.5 19.5 150
      vertex 73.3 19.5 150
      vertex 73.3145 19.7219 150
    endloop
  endfacet
  facet normal 0 0 1
    outer loop
      vertex 73.3145 19.2781 150
      vertex 72.2606 15.9299 150
      vertex 72.75 15.6029 150
    endloop
  endfacet
  facet normal 0 0 1
    outer loop
      vertex 70.5385 20.0874 150
      vertex 73.3145 19.7219 150
      vertex 73.3579 19.94 150
    endloop
  endfacet
  facet normal 0 0 1
    outer loop
      vertex 73.3145 19.2781 150
      vertex 71.818 16.318 150
      vertex 72.2606 15.9299 150
    endloop
  endfacet
  facet normal 0 0 1
    outer loop
      vertex 70.7502 20.95 150
      vertex 73.3579 19.94 150
      vertex 73.4294 20.1506 150
    endloop
  endfacet
  facet normal 0 0 1
    outer loop
      vertex 73.3145 19.2781 150
      vertex 71.4299 16.7606 150
      vertex 71.818 16.318 150
    endloop
  endfacet
  facet normal 0 0 1
    outer loop
      vertex 70.7502 20.95 150
      vertex 73.4294 20.1506 150
      vertex 73.5278 20.35 150
    endloop
  endfacet
  facet normal 0 0 1
    outer loop
      vertex 73.3145 19.2781 150
      vertex 71.1029 17.25 150
      vertex 71.4299 16.7606 150
    endloop
  endfacet
  facet normal 0 0 1
    outer loop
      vertex 70.7502 20.95 150
      vertex 73.5278 20.35 150
      vertex 73.6513 20.5349 150
    endloop
  endfacet
  facet normal 0 0 1
    outer loop
      vertex 73.3145 19.2781 150
      vertex 70.8425 17.7779 150
      vertex 71.1029 17.25 150
    endloop
  endfacet
  facet normal 0 0 1
    outer loop
      vertex 70.7502 20.95 150
      vertex 73.6513 20.5349 150
      vertex 73.7979 20.7021 150
    endloop
  endfacet
  facet normal -0 0 1
    outer loop
      vertex 70.7502 20.95 150
      vertex 73.9651 20.8487 150
      vertex 74.1167 20.95 150
    endloop
  endfacet
  facet normal 0 0 1
    outer loop
      vertex 70.7502 20.95 150
      vertex 73.7979 20.7021 150
      vertex 73.9651 20.8487 150
    endloop
  endfacet
  facet normal 0 0 1
    outer loop
      vertex 73.3579 19.94 150
      vertex 70.7502 20.95 150
      vertex 70.6533 20.6647 150
    endloop
  endfacet
  facet normal 0 0 1
    outer loop
      vertex 73.3579 19.94 150
      vertex 70.6533 20.6647 150
      vertex 70.5385 20.0874 150
    endloop
  endfacet
  facet normal 0 0 1
    outer loop
      vertex 73.3145 19.2781 150
      vertex 70.6533 18.3353 150
      vertex 70.8425 17.7779 150
    endloop
  endfacet
  facet normal 0 0 1
    outer loop
      vertex 73.3145 19.7219 150
      vertex 70.5385 20.0874 150
      vertex 70.5 19.5 150
    endloop
  endfacet
  facet normal 0 0 1
    outer loop
      vertex 73.3145 19.2781 150
      vertex 70.5385 18.9126 150
      vertex 70.6533 18.3353 150
    endloop
  endfacet
  facet normal 0 0 1
    outer loop
      vertex 73.3 19.5 150
      vertex 70.5 19.5 150
      vertex 70.5385 18.9126 150
    endloop
  endfacet
  facet normal 0 0 1
    outer loop
      vertex 76.7 19.5 150
      vertex 79.5 19.5 150
      vertex 79.4615 20.0874 150
    endloop
  endfacet
  facet normal 0 0 1
    outer loop
      vertex 76.6855 19.7219 150
      vertex 79.4615 20.0874 150
      vertex 79.3467 20.6647 150
    endloop
  endfacet
  facet normal 0 0 1
    outer loop
      vertex 79.5 19.5 150
      vertex 76.7 19.5 150
      vertex 79.4615 18.9126 150
    endloop
  endfacet
  facet normal 0 0 1
    outer loop
      vertex 76.6421 19.94 150
      vertex 79.3467 20.6647 150
      vertex 79.2498 20.95 150
    endloop
  endfacet
  facet normal -0 0 1
    outer loop
      vertex 76.6855 19.2781 150
      vertex 79.4615 18.9126 150
      vertex 76.7 19.5 150
    endloop
  endfacet
  facet normal 0 0 1
    outer loop
      vertex 79.4615 18.9126 150
      vertex 76.6855 19.2781 150
      vertex 79.3467 18.3353 150
    endloop
  endfacet
  facet normal 0 0 1
    outer loop
      vertex 79.3467 18.3353 150
      vertex 76.6421 19.06 150
      vertex 79.1575 17.7779 150
    endloop
  endfacet
  facet normal -0 0 1
    outer loop
      vertex 76.5706 18.8494 150
      vertex 79.1575 17.7779 150
      vertex 76.6421 19.06 150
    endloop
  endfacet
  facet normal -0 0 1
    outer loop
      vertex 76.4722 18.65 150
      vertex 78.8971 17.25 150
      vertex 76.5706 18.8494 150
    endloop
  endfacet
  facet normal 0 0 1
    outer loop
      vertex 78.8971 17.25 150
      vertex 76.4722 18.65 150
      vertex 78.5701 16.7606 150
    endloop
  endfacet
  facet normal 0 0 1
    outer loop
      vertex 78.5701 16.7606 150
      vertex 76.3487 18.4651 150
      vertex 78.182 16.318 150
    endloop
  endfacet
  facet normal -0 0 1
    outer loop
      vertex 76.6421 19.06 150
      vertex 79.3467 18.3353 150
      vertex 76.6855 19.2781 150
    endloop
  endfacet
  facet normal 0 0 1
    outer loop
      vertex 79.4615 20.0874 150
      vertex 76.6855 19.7219 150
      vertex 76.7 19.5 150
    endloop
  endfacet
  facet normal 0 0 1
    outer loop
      vertex 79.3467 20.6647 150
      vertex 76.6421 19.94 150
      vertex 76.6855 19.7219 150
    endloop
  endfacet
  facet normal 0 0 1
    outer loop
      vertex 79.2498 20.95 150
      vertex 76.5706 20.1506 150
      vertex 76.6421 19.94 150
    endloop
  endfacet
  facet normal 0 0 1
    outer loop
      vertex 79.2498 20.95 150
      vertex 76.4722 20.35 150
      vertex 76.5706 20.1506 150
    endloop
  endfacet
  facet normal 0 0 1
    outer loop
      vertex 79.2498 20.95 150
      vertex 76.3487 20.5349 150
      vertex 76.4722 20.35 150
    endloop
  endfacet
  facet normal 0 0 1
    outer loop
      vertex 79.2498 20.95 150
      vertex 76.2021 20.7021 150
      vertex 76.3487 20.5349 150
    endloop
  endfacet
  facet normal 0 0 1
    outer loop
      vertex 79.2498 20.95 150
      vertex 76.0349 20.8487 150
      vertex 76.2021 20.7021 150
    endloop
  endfacet
  facet normal 0 -0 1
    outer loop
      vertex 76.0349 20.8487 150
      vertex 79.2498 20.95 150
      vertex 75.8833 20.95 150
    endloop
  endfacet
  facet normal 0 0 1
    outer loop
      vertex 79.1575 17.7779 150
      vertex 76.5706 18.8494 150
      vertex 78.8971 17.25 150
    endloop
  endfacet
  facet normal -0 0 1
    outer loop
      vertex 76.3487 18.4651 150
      vertex 78.5701 16.7606 150
      vertex 76.4722 18.65 150
    endloop
  endfacet
  facet normal -0 0 1
    outer loop
      vertex 76.2021 18.2979 150
      vertex 78.182 16.318 150
      vertex 76.3487 18.4651 150
    endloop
  endfacet
  facet normal 0 0 1
    outer loop
      vertex 78.182 16.318 150
      vertex 76.2021 18.2979 150
      vertex 77.7394 15.9299 150
    endloop
  endfacet
  facet normal -0 0 1
    outer loop
      vertex 76.0349 18.1513 150
      vertex 77.7394 15.9299 150
      vertex 76.2021 18.2979 150
    endloop
  endfacet
  facet normal 0 0 1
    outer loop
      vertex 77.7394 15.9299 150
      vertex 76.0349 18.1513 150
      vertex 77.25 15.6029 150
    endloop
  endfacet
  facet normal -0 0 1
    outer loop
      vertex 75.85 18.0278 150
      vertex 77.25 15.6029 150
      vertex 76.0349 18.1513 150
    endloop
  endfacet
  facet normal 0 0 1
    outer loop
      vertex 77.25 15.6029 150
      vertex 75.85 18.0278 150
      vertex 76.7221 15.3425 150
    endloop
  endfacet
  facet normal -0 0 1
    outer loop
      vertex 75.6506 17.9294 150
      vertex 76.7221 15.3425 150
      vertex 75.85 18.0278 150
    endloop
  endfacet
  facet normal 0 0 1
    outer loop
      vertex 76.7221 15.3425 150
      vertex 75.6506 17.9294 150
      vertex 76.1647 15.1533 150
    endloop
  endfacet
  facet normal -0 0 1
    outer loop
      vertex 75.44 17.8579 150
      vertex 76.1647 15.1533 150
      vertex 75.6506 17.9294 150
    endloop
  endfacet
  facet normal 0 0 1
    outer loop
      vertex 76.1647 15.1533 150
      vertex 75.44 17.8579 150
      vertex 75.5874 15.0385 150
    endloop
  endfacet
  facet normal -0 0 1
    outer loop
      vertex 75.2219 17.8145 150
      vertex 75.5874 15.0385 150
      vertex 75.44 17.8579 150
    endloop
  endfacet
  facet normal -0 0 1
    outer loop
      vertex 75 17.8 150
      vertex 75.5874 15.0385 150
      vertex 75.2219 17.8145 150
    endloop
  endfacet
  facet normal 0 0 1
    outer loop
      vertex 75 17.8 150
      vertex 75 15 150
      vertex 75.5874 15.0385 150
    endloop
  endfacet
  facet normal 0 0 1
    outer loop
      vertex 74.7781 17.8145 150
      vertex 75 15 150
      vertex 75 17.8 150
    endloop
  endfacet
  facet normal 0 0 1
    outer loop
      vertex 74.4126 15.0385 150
      vertex 74.7781 17.8145 150
      vertex 74.56 17.8579 150
    endloop
  endfacet
  facet normal 0 0 1
    outer loop
      vertex 74.7781 17.8145 150
      vertex 74.4126 15.0385 150
      vertex 75 15 150
    endloop
  endfacet
  facet normal 0 0 1
    outer loop
      vertex 73.8353 15.1533 150
      vertex 74.56 17.8579 150
      vertex 74.3494 17.9294 150
    endloop
  endfacet
  facet normal 0 0 1
    outer loop
      vertex 73.2779 15.3425 150
      vertex 74.3494 17.9294 150
      vertex 74.15 18.0278 150
    endloop
  endfacet
  facet normal 0 0 1
    outer loop
      vertex 72.75 15.6029 150
      vertex 74.15 18.0278 150
      vertex 73.9651 18.1513 150
    endloop
  endfacet
  facet normal 0 0 1
    outer loop
      vertex 74.56 17.8579 150
      vertex 73.8353 15.1533 150
      vertex 74.4126 15.0385 150
    endloop
  endfacet
  facet normal 0 0 1
    outer loop
      vertex 72.75 15.6029 150
      vertex 73.9651 18.1513 150
      vertex 73.7979 18.2979 150
    endloop
  endfacet
  facet normal 0 0 1
    outer loop
      vertex 72.75 15.6029 150
      vertex 73.7979 18.2979 150
      vertex 73.6513 18.4651 150
    endloop
  endfacet
  facet normal 0 0 1
    outer loop
      vertex 72.75 15.6029 150
      vertex 73.6513 18.4651 150
      vertex 73.5278 18.65 150
    endloop
  endfacet
  facet normal 0 0 1
    outer loop
      vertex 72.75 15.6029 150
      vertex 73.5278 18.65 150
      vertex 73.4294 18.8494 150
    endloop
  endfacet
  facet normal 0 0 1
    outer loop
      vertex 72.75 15.6029 150
      vertex 73.4294 18.8494 150
      vertex 73.3579 19.06 150
    endloop
  endfacet
  facet normal 0 0 1
    outer loop
      vertex 72.75 15.6029 150
      vertex 73.3579 19.06 150
      vertex 73.3145 19.2781 150
    endloop
  endfacet
  facet normal 0 0 1
    outer loop
      vertex 74.3494 17.9294 150
      vertex 73.2779 15.3425 150
      vertex 73.8353 15.1533 150
    endloop
  endfacet
  facet normal 0 0 1
    outer loop
      vertex 70.5385 18.9126 150
      vertex 73.3145 19.2781 150
      vertex 73.3 19.5 150
    endloop
  endfacet
  facet normal 0 0 -1
    outer loop
      vertex 75.8833 20.95 150
      vertex 75.6506 21.0706 150
      vertex 75.85 20.9722 150
    endloop
  endfacet
  facet normal 0 0 -1
    outer loop
      vertex 75.8833 20.95 150
      vertex 75.44 21.1421 150
      vertex 75.6506 21.0706 150
    endloop
  endfacet
  facet normal 0 0 -1
    outer loop
      vertex 75.8833 20.95 150
      vertex 75.2219 21.1855 150
      vertex 75.44 21.1421 150
    endloop
  endfacet
  facet normal 0 0 -1
    outer loop
      vertex 75.8833 20.95 150
      vertex 75 21.2 150
      vertex 75.2219 21.1855 150
    endloop
  endfacet
  facet normal 0 0 -1
    outer loop
      vertex 75.8833 20.95 150
      vertex 74.7781 21.1855 150
      vertex 75 21.2 150
    endloop
  endfacet
  facet normal 0 0 -1
    outer loop
      vertex 75.8833 20.95 150
      vertex 74.56 21.1421 150
      vertex 74.7781 21.1855 150
    endloop
  endfacet
  facet normal 0 0 -1
    outer loop
      vertex 75.8833 20.95 150
      vertex 74.3494 21.0706 150
      vertex 74.56 21.1421 150
    endloop
  endfacet
  facet normal 0 0 -1
    outer loop
      vertex 74.1167 20.95 150
      vertex 74.3494 21.0706 150
      vertex 75.8833 20.95 150
    endloop
  endfacet
  facet normal 0 0 -1
    outer loop
      vertex 74.3494 21.0706 150
      vertex 74.1167 20.95 150
      vertex 74.15 20.9722 150
    endloop
  endfacet
  facet normal 0 1 -0
    outer loop
      vertex 103.75 24.25 150
      vertex -103.75 24.25 158
      vertex 103.75 24.25 158
    endloop
  endfacet
  facet normal 0 1 0
    outer loop
      vertex -103.75 24.25 158
      vertex 103.75 24.25 150
      vertex -103.75 24.25 150
    endloop
  endfacet
  facet normal 1 -0 0
    outer loop
      vertex -101.95 -23 158
      vertex -101.95 20.95 150
      vertex -101.95 20.95 158
    endloop
  endfacet
  facet normal 1 0 0
    outer loop
      vertex -101.95 20.95 150
      vertex -101.95 -23 158
      vertex -101.95 -23 150
    endloop
  endfacet
  facet normal -1 0 0
    outer loop
      vertex 101.95 -23 150
      vertex 101.95 20.95 158
      vertex 101.95 20.95 150
    endloop
  endfacet
  facet normal -1 -0 0
    outer loop
      vertex 101.95 20.95 158
      vertex 101.95 -23 150
      vertex 101.95 -23 158
    endloop
  endfacet
  facet normal 0 -1 0
    outer loop
      vertex -79.2498 20.95 150
      vertex -101.95 20.95 158
      vertex -101.95 20.95 150
    endloop
  endfacet
  facet normal 0 -1 0
    outer loop
      vertex -75.8833 20.95 150
      vertex -101.95 20.95 158
      vertex -79.2498 20.95 150
    endloop
  endfacet
  facet normal 0 -1 0
    outer loop
      vertex -74.1167 20.95 150
      vertex -101.95 20.95 158
      vertex -75.8833 20.95 150
    endloop
  endfacet
  facet normal 0 -1 0
    outer loop
      vertex -70.7502 20.95 150
      vertex -101.95 20.95 158
      vertex -74.1167 20.95 150
    endloop
  endfacet
  facet normal 0 -1 0
    outer loop
      vertex -29.2498 20.95 150
      vertex -101.95 20.95 158
      vertex -70.7502 20.95 150
    endloop
  endfacet
  facet normal 0 -1 0
    outer loop
      vertex -25.8833 20.95 150
      vertex -101.95 20.95 158
      vertex -29.2498 20.95 150
    endloop
  endfacet
  facet normal 0 -1 0
    outer loop
      vertex -24.1167 20.95 150
      vertex -101.95 20.95 158
      vertex -25.8833 20.95 150
    endloop
  endfacet
  facet normal 0 -1 0
    outer loop
      vertex -20.7502 20.95 150
      vertex -101.95 20.95 158
      vertex -24.1167 20.95 150
    endloop
  endfacet
  facet normal 0 -1 0
    outer loop
      vertex -101.95 20.95 158
      vertex -20.7502 20.95 150
      vertex 101.95 20.95 158
    endloop
  endfacet
  facet normal 0 -1 0
    outer loop
      vertex 20.7502 20.95 150
      vertex 101.95 20.95 158
      vertex -20.7502 20.95 150
    endloop
  endfacet
  facet normal 0 -1 0
    outer loop
      vertex 24.1167 20.95 150
      vertex 101.95 20.95 158
      vertex 20.7502 20.95 150
    endloop
  endfacet
  facet normal 0 -1 0
    outer loop
      vertex 25.8833 20.95 150
      vertex 101.95 20.95 158
      vertex 24.1167 20.95 150
    endloop
  endfacet
  facet normal 0 -1 0
    outer loop
      vertex 29.2498 20.95 150
      vertex 101.95 20.95 158
      vertex 25.8833 20.95 150
    endloop
  endfacet
  facet normal 0 -1 0
    outer loop
      vertex 70.7502 20.95 150
      vertex 101.95 20.95 158
      vertex 29.2498 20.95 150
    endloop
  endfacet
  facet normal 0 -1 0
    outer loop
      vertex 74.1167 20.95 150
      vertex 101.95 20.95 158
      vertex 70.7502 20.95 150
    endloop
  endfacet
  facet normal 0 -1 0
    outer loop
      vertex 75.8833 20.95 150
      vertex 101.95 20.95 158
      vertex 74.1167 20.95 150
    endloop
  endfacet
  facet normal 0 -1 0
    outer loop
      vertex 79.2498 20.95 150
      vertex 101.95 20.95 158
      vertex 75.8833 20.95 150
    endloop
  endfacet
  facet normal 0 -1 -0
    outer loop
      vertex 101.95 20.95 158
      vertex 79.2498 20.95 150
      vertex 101.95 20.95 150
    endloop
  endfacet
  facet normal 0 -1 0
    outer loop
      vertex -103.75 -23 150
      vertex -101.95 -23 158
      vertex -103.75 -23 158
    endloop
  endfacet
  facet normal 0 -1 -0
    outer loop
      vertex -101.95 -23 158
      vertex -103.75 -23 150
      vertex -101.95 -23 150
    endloop
  endfacet
  facet normal 0 -1 0
    outer loop
      vertex 101.95 -23 150
      vertex 103.75 -23 158
      vertex 101.95 -23 158
    endloop
  endfacet
  facet normal 0 -1 -0
    outer loop
      vertex 103.75 -23 158
      vertex 101.95 -23 150
      vertex 103.75 -23 150
    endloop
  endfacet
  facet normal 0.997859 0.0654027 0
    outer loop
      vertex -70.5 19.5 150
      vertex -70.5385 20.0874 142
      vertex -70.5385 20.0874 150
    endloop
  endfacet
  facet normal 0.997859 0.0654027 0
    outer loop
      vertex -70.5385 20.0874 142
      vertex -70.5 19.5 150
      vertex -70.5 19.5 142
    endloop
  endfacet
  facet normal -0.997859 0.0654027 0
    outer loop
      vertex -79.5 19.5 142
      vertex -79.4615 20.0874 150
      vertex -79.4615 20.0874 142
    endloop
  endfacet
  facet normal -0.997859 0.0654027 0
    outer loop
      vertex -79.4615 20.0874 150
      vertex -79.5 19.5 142
      vertex -79.5 19.5 150
    endloop
  endfacet
  facet normal 0.0654027 0.997859 -0
    outer loop
      vertex -74.4126 23.9615 142
      vertex -75 24 150
      vertex -74.4126 23.9615 150
    endloop
  endfacet
  facet normal 0.0654027 0.997859 0
    outer loop
      vertex -75 24 150
      vertex -74.4126 23.9615 142
      vertex -75 24 142
    endloop
  endfacet
  facet normal 0.0654027 -0.997859 0
    outer loop
      vertex -75 15 142
      vertex -74.4126 15.0385 150
      vertex -75 15 150
    endloop
  endfacet
  facet normal 0.0654027 -0.997859 0
    outer loop
      vertex -74.4126 15.0385 150
      vertex -75 15 142
      vertex -74.4126 15.0385 142
    endloop
  endfacet
  facet normal 0.751882 0.659298 0
    outer loop
      vertex -71.4299 22.2394 150
      vertex -71.818 22.682 142
      vertex -71.818 22.682 150
    endloop
  endfacet
  facet normal 0.751882 0.659298 0
    outer loop
      vertex -71.818 22.682 142
      vertex -71.4299 22.2394 150
      vertex -71.4299 22.2394 142
    endloop
  endfacet
  facet normal -0.659298 0.751882 0
    outer loop
      vertex -77.7394 23.0701 142
      vertex -78.182 22.682 150
      vertex -77.7394 23.0701 150
    endloop
  endfacet
  facet normal -0.659298 0.751882 0
    outer loop
      vertex -78.182 22.682 150
      vertex -77.7394 23.0701 142
      vertex -78.182 22.682 142
    endloop
  endfacet
  facet normal -0.321421 0.946936 0
    outer loop
      vertex -76.1647 23.8467 142
      vertex -76.7221 23.6575 150
      vertex -76.1647 23.8467 150
    endloop
  endfacet
  facet normal -0.321421 0.946936 0
    outer loop
      vertex -76.7221 23.6575 150
      vertex -76.1647 23.8467 142
      vertex -76.7221 23.6575 142
    endloop
  endfacet
  facet normal 0.831475 -0.555562 0
    outer loop
      vertex -71.4299 16.7606 150
      vertex -71.1029 17.25 142
      vertex -71.1029 17.25 150
    endloop
  endfacet
  facet normal 0.831475 -0.555562 0
    outer loop
      vertex -71.1029 17.25 142
      vertex -71.4299 16.7606 150
      vertex -71.4299 16.7606 142
    endloop
  endfacet
  facet normal 0.896827 0.442382 0
    outer loop
      vertex -70.8425 21.2221 150
      vertex -71.1029 21.75 142
      vertex -71.1029 21.75 150
    endloop
  endfacet
  facet normal 0.896827 0.442382 0
    outer loop
      vertex -71.1029 21.75 142
      vertex -70.8425 21.2221 150
      vertex -70.8425 21.2221 142
    endloop
  endfacet
  facet normal 0.980796 0.195038 0
    outer loop
      vertex -70.5385 20.0874 150
      vertex -70.6533 20.6647 142
      vertex -70.6533 20.6647 150
    endloop
  endfacet
  facet normal 0.980796 0.195038 0
    outer loop
      vertex -70.6533 20.6647 142
      vertex -70.5385 20.0874 150
      vertex -70.5385 20.0874 142
    endloop
  endfacet
  facet normal 0.831475 0.555562 0
    outer loop
      vertex -71.1029 21.75 150
      vertex -71.4299 22.2394 142
      vertex -71.4299 22.2394 150
    endloop
  endfacet
  facet normal 0.831475 0.555562 0
    outer loop
      vertex -71.4299 22.2394 142
      vertex -71.1029 21.75 150
      vertex -71.1029 21.75 142
    endloop
  endfacet
  facet normal 0.442382 0.896827 -0
    outer loop
      vertex -72.75 23.3971 142
      vertex -73.2779 23.6575 150
      vertex -72.75 23.3971 150
    endloop
  endfacet
  facet normal 0.442382 0.896827 0
    outer loop
      vertex -73.2779 23.6575 150
      vertex -72.75 23.3971 142
      vertex -73.2779 23.6575 142
    endloop
  endfacet
  facet normal 0.321421 0.946936 -0
    outer loop
      vertex -73.2779 23.6575 142
      vertex -73.8353 23.8467 150
      vertex -73.2779 23.6575 150
    endloop
  endfacet
  facet normal 0.321421 0.946936 0
    outer loop
      vertex -73.8353 23.8467 150
      vertex -73.2779 23.6575 142
      vertex -73.8353 23.8467 142
    endloop
  endfacet
  facet normal 0.555562 0.831475 -0
    outer loop
      vertex -72.2606 23.0701 142
      vertex -72.75 23.3971 150
      vertex -72.2606 23.0701 150
    endloop
  endfacet
  facet normal 0.555562 0.831475 0
    outer loop
      vertex -72.75 23.3971 150
      vertex -72.2606 23.0701 142
      vertex -72.75 23.3971 142
    endloop
  endfacet
  facet normal -0.896827 0.442382 0
    outer loop
      vertex -79.1575 21.2221 142
      vertex -78.8971 21.75 150
      vertex -78.8971 21.75 142
    endloop
  endfacet
  facet normal -0.896827 0.442382 0
    outer loop
      vertex -78.8971 21.75 150
      vertex -79.1575 21.2221 142
      vertex -79.1575 21.2221 150
    endloop
  endfacet
  facet normal -0.946999 0.321235 0
    outer loop
      vertex -79.1575 21.2221 142
      vertex -79.2498 20.95 150
      vertex -79.1575 21.2221 150
    endloop
  endfacet
  facet normal -0.946936 0.321421 7.07144e-06
    outer loop
      vertex -79.3467 20.6647 142
      vertex -79.2498 20.95 150
      vertex -79.1575 21.2221 142
    endloop
  endfacet
  facet normal -0.946876 0.321599 0
    outer loop
      vertex -79.2498 20.95 150
      vertex -79.3467 20.6647 142
      vertex -79.3467 20.6647 150
    endloop
  endfacet
  facet normal -0.442382 0.896827 0
    outer loop
      vertex -76.7221 23.6575 142
      vertex -77.25 23.3971 150
      vertex -76.7221 23.6575 150
    endloop
  endfacet
  facet normal -0.442382 0.896827 0
    outer loop
      vertex -77.25 23.3971 150
      vertex -76.7221 23.6575 142
      vertex -77.25 23.3971 142
    endloop
  endfacet
  facet normal -0.195038 0.980796 0
    outer loop
      vertex -75.5874 23.9615 142
      vertex -76.1647 23.8467 150
      vertex -75.5874 23.9615 150
    endloop
  endfacet
  facet normal -0.195038 0.980796 0
    outer loop
      vertex -76.1647 23.8467 150
      vertex -75.5874 23.9615 142
      vertex -76.1647 23.8467 142
    endloop
  endfacet
  facet normal 0.980796 -0.195038 0
    outer loop
      vertex -70.6533 18.3353 150
      vertex -70.5385 18.9126 142
      vertex -70.5385 18.9126 150
    endloop
  endfacet
  facet normal 0.980796 -0.195038 0
    outer loop
      vertex -70.5385 18.9126 142
      vertex -70.6533 18.3353 150
      vertex -70.6533 18.3353 142
    endloop
  endfacet
  facet normal 0.195038 -0.980796 0
    outer loop
      vertex -74.4126 15.0385 142
      vertex -73.8353 15.1533 150
      vertex -74.4126 15.0385 150
    endloop
  endfacet
  facet normal 0.195038 -0.980796 0
    outer loop
      vertex -73.8353 15.1533 150
      vertex -74.4126 15.0385 142
      vertex -73.8353 15.1533 142
    endloop
  endfacet
  facet normal 0.442382 -0.896827 0
    outer loop
      vertex -73.2779 15.3425 142
      vertex -72.75 15.6029 150
      vertex -73.2779 15.3425 150
    endloop
  endfacet
  facet normal 0.442382 -0.896827 0
    outer loop
      vertex -72.75 15.6029 150
      vertex -73.2779 15.3425 142
      vertex -72.75 15.6029 142
    endloop
  endfacet
  facet normal 0.946999 0.321235 0
    outer loop
      vertex -70.7502 20.95 150
      vertex -70.8425 21.2221 142
      vertex -70.8425 21.2221 150
    endloop
  endfacet
  facet normal 0.946876 0.321599 -0
    outer loop
      vertex -70.6533 20.6647 142
      vertex -70.7502 20.95 150
      vertex -70.6533 20.6647 150
    endloop
  endfacet
  facet normal 0.946936 0.321421 7.07144e-06
    outer loop
      vertex -70.7502 20.95 150
      vertex -70.6533 20.6647 142
      vertex -70.8425 21.2221 142
    endloop
  endfacet
  facet normal 0.195038 0.980796 -0
    outer loop
      vertex -73.8353 23.8467 142
      vertex -74.4126 23.9615 150
      vertex -73.8353 23.8467 150
    endloop
  endfacet
  facet normal 0.195038 0.980796 0
    outer loop
      vertex -74.4126 23.9615 150
      vertex -73.8353 23.8467 142
      vertex -74.4126 23.9615 142
    endloop
  endfacet
  facet normal 0.659298 0.751882 -0
    outer loop
      vertex -71.818 22.682 142
      vertex -72.2606 23.0701 150
      vertex -71.818 22.682 150
    endloop
  endfacet
  facet normal 0.659298 0.751882 0
    outer loop
      vertex -72.2606 23.0701 150
      vertex -71.818 22.682 142
      vertex -72.2606 23.0701 142
    endloop
  endfacet
  facet normal -0.831475 0.555562 0
    outer loop
      vertex -78.8971 21.75 142
      vertex -78.5701 22.2394 150
      vertex -78.5701 22.2394 142
    endloop
  endfacet
  facet normal -0.831475 0.555562 0
    outer loop
      vertex -78.5701 22.2394 150
      vertex -78.8971 21.75 142
      vertex -78.8971 21.75 150
    endloop
  endfacet
  facet normal -0.751882 0.659298 0
    outer loop
      vertex -78.5701 22.2394 142
      vertex -78.182 22.682 150
      vertex -78.182 22.682 142
    endloop
  endfacet
  facet normal -0.751882 0.659298 0
    outer loop
      vertex -78.182 22.682 150
      vertex -78.5701 22.2394 142
      vertex -78.5701 22.2394 150
    endloop
  endfacet
  facet normal -0.980796 0.195038 0
    outer loop
      vertex -79.4615 20.0874 142
      vertex -79.3467 20.6647 150
      vertex -79.3467 20.6647 142
    endloop
  endfacet
  facet normal -0.980796 0.195038 0
    outer loop
      vertex -79.3467 20.6647 150
      vertex -79.4615 20.0874 142
      vertex -79.4615 20.0874 150
    endloop
  endfacet
  facet normal -0.555562 0.831475 0
    outer loop
      vertex -77.25 23.3971 142
      vertex -77.7394 23.0701 150
      vertex -77.25 23.3971 150
    endloop
  endfacet
  facet normal -0.555562 0.831475 0
    outer loop
      vertex -77.7394 23.0701 150
      vertex -77.25 23.3971 142
      vertex -77.7394 23.0701 142
    endloop
  endfacet
  facet normal -0.0654027 0.997859 0
    outer loop
      vertex -75 24 142
      vertex -75.5874 23.9615 150
      vertex -75 24 150
    endloop
  endfacet
  facet normal -0.0654027 0.997859 0
    outer loop
      vertex -75.5874 23.9615 150
      vertex -75 24 142
      vertex -75.5874 23.9615 142
    endloop
  endfacet
  facet normal 0.997859 -0.0654027 0
    outer loop
      vertex -70.5385 18.9126 150
      vertex -70.5 19.5 142
      vertex -70.5 19.5 150
    endloop
  endfacet
  facet normal 0.997859 -0.0654027 0
    outer loop
      vertex -70.5 19.5 142
      vertex -70.5385 18.9126 150
      vertex -70.5385 18.9126 142
    endloop
  endfacet
  facet normal 0.555562 -0.831475 0
    outer loop
      vertex -72.75 15.6029 142
      vertex -72.2606 15.9299 150
      vertex -72.75 15.6029 150
    endloop
  endfacet
  facet normal 0.555562 -0.831475 0
    outer loop
      vertex -72.2606 15.9299 150
      vertex -72.75 15.6029 142
      vertex -72.2606 15.9299 142
    endloop
  endfacet
  facet normal 0.751882 -0.659298 0
    outer loop
      vertex -71.818 16.318 150
      vertex -71.4299 16.7606 142
      vertex -71.4299 16.7606 150
    endloop
  endfacet
  facet normal 0.751882 -0.659298 0
    outer loop
      vertex -71.4299 16.7606 142
      vertex -71.818 16.318 150
      vertex -71.818 16.318 142
    endloop
  endfacet
  facet normal -0.659298 -0.751882 0
    outer loop
      vertex -78.182 16.318 142
      vertex -77.7394 15.9299 150
      vertex -78.182 16.318 150
    endloop
  endfacet
  facet normal -0.659298 -0.751882 -0
    outer loop
      vertex -77.7394 15.9299 150
      vertex -78.182 16.318 142
      vertex -77.7394 15.9299 142
    endloop
  endfacet
  facet normal -0.896827 -0.442382 0
    outer loop
      vertex -78.8971 17.25 142
      vertex -79.1575 17.7779 150
      vertex -79.1575 17.7779 142
    endloop
  endfacet
  facet normal -0.896827 -0.442382 0
    outer loop
      vertex -79.1575 17.7779 150
      vertex -78.8971 17.25 142
      vertex -78.8971 17.25 150
    endloop
  endfacet
  facet normal -0.831475 -0.555562 0
    outer loop
      vertex -78.5701 16.7606 142
      vertex -78.8971 17.25 150
      vertex -78.8971 17.25 142
    endloop
  endfacet
  facet normal -0.831475 -0.555562 0
    outer loop
      vertex -78.8971 17.25 150
      vertex -78.5701 16.7606 142
      vertex -78.5701 16.7606 150
    endloop
  endfacet
  facet normal 0 0 -1
    outer loop
      vertex -73.3 19.5 142
      vertex -70.5 19.5 142
      vertex -70.5385 18.9126 142
    endloop
  endfacet
  facet normal 0 0 -1
    outer loop
      vertex -73.3145 19.2781 142
      vertex -70.5385 18.9126 142
      vertex -70.6533 18.3353 142
    endloop
  endfacet
  facet normal 0 0 -1
    outer loop
      vertex -70.5 19.5 142
      vertex -73.3 19.5 142
      vertex -70.5385 20.0874 142
    endloop
  endfacet
  facet normal 0 0 -1
    outer loop
      vertex -73.3579 19.06 142
      vertex -70.6533 18.3353 142
      vertex -70.8425 17.7779 142
    endloop
  endfacet
  facet normal 0 0 -1
    outer loop
      vertex -73.3145 19.7219 142
      vertex -70.5385 20.0874 142
      vertex -73.3 19.5 142
    endloop
  endfacet
  facet normal 0 0 -1
    outer loop
      vertex -73.4294 18.8494 142
      vertex -70.8425 17.7779 142
      vertex -71.1029 17.25 142
    endloop
  endfacet
  facet normal -0 0 -1
    outer loop
      vertex -70.5385 20.0874 142
      vertex -73.3145 19.7219 142
      vertex -70.6533 20.6647 142
    endloop
  endfacet
  facet normal 0 0 -1
    outer loop
      vertex -73.5278 18.65 142
      vertex -71.1029 17.25 142
      vertex -71.4299 16.7606 142
    endloop
  endfacet
  facet normal 0 0 -1
    outer loop
      vertex -73.3579 19.94 142
      vertex -70.6533 20.6647 142
      vertex -73.3145 19.7219 142
    endloop
  endfacet
  facet normal 0 0 -1
    outer loop
      vertex -73.6513 18.4651 142
      vertex -71.4299 16.7606 142
      vertex -71.818 16.318 142
    endloop
  endfacet
  facet normal -0 0 -1
    outer loop
      vertex -70.6533 20.6647 142
      vertex -73.3579 19.94 142
      vertex -70.8425 21.2221 142
    endloop
  endfacet
  facet normal 0 0 -1
    outer loop
      vertex -73.7979 18.2979 142
      vertex -71.818 16.318 142
      vertex -72.2606 15.9299 142
    endloop
  endfacet
  facet normal 0 0 -1
    outer loop
      vertex -73.4294 20.1506 142
      vertex -70.8425 21.2221 142
      vertex -73.3579 19.94 142
    endloop
  endfacet
  facet normal 0 0 -1
    outer loop
      vertex -73.9651 18.1513 142
      vertex -72.2606 15.9299 142
      vertex -72.75 15.6029 142
    endloop
  endfacet
  facet normal -0 0 -1
    outer loop
      vertex -70.8425 21.2221 142
      vertex -73.4294 20.1506 142
      vertex -71.1029 21.75 142
    endloop
  endfacet
  facet normal 0 0 -1
    outer loop
      vertex -74.15 18.0278 142
      vertex -72.75 15.6029 142
      vertex -73.2779 15.3425 142
    endloop
  endfacet
  facet normal 0 0 -1
    outer loop
      vertex -73.5278 20.35 142
      vertex -71.1029 21.75 142
      vertex -73.4294 20.1506 142
    endloop
  endfacet
  facet normal -0 0 -1
    outer loop
      vertex -71.1029 21.75 142
      vertex -73.5278 20.35 142
      vertex -71.4299 22.2394 142
    endloop
  endfacet
  facet normal 0 0 -1
    outer loop
      vertex -70.5385 18.9126 142
      vertex -73.3145 19.2781 142
      vertex -73.3 19.5 142
    endloop
  endfacet
  facet normal 0 0 -1
    outer loop
      vertex -70.6533 18.3353 142
      vertex -73.3579 19.06 142
      vertex -73.3145 19.2781 142
    endloop
  endfacet
  facet normal 0 0 -1
    outer loop
      vertex -70.8425 17.7779 142
      vertex -73.4294 18.8494 142
      vertex -73.3579 19.06 142
    endloop
  endfacet
  facet normal 0 0 -1
    outer loop
      vertex -71.1029 17.25 142
      vertex -73.5278 18.65 142
      vertex -73.4294 18.8494 142
    endloop
  endfacet
  facet normal 0 0 -1
    outer loop
      vertex -71.4299 16.7606 142
      vertex -73.6513 18.4651 142
      vertex -73.5278 18.65 142
    endloop
  endfacet
  facet normal 0 0 -1
    outer loop
      vertex -71.818 16.318 142
      vertex -73.7979 18.2979 142
      vertex -73.6513 18.4651 142
    endloop
  endfacet
  facet normal 0 0 -1
    outer loop
      vertex -74.3494 17.9294 142
      vertex -73.2779 15.3425 142
      vertex -73.8353 15.1533 142
    endloop
  endfacet
  facet normal 0 0 -1
    outer loop
      vertex -72.2606 15.9299 142
      vertex -73.9651 18.1513 142
      vertex -73.7979 18.2979 142
    endloop
  endfacet
  facet normal 0 0 -1
    outer loop
      vertex -72.75 15.6029 142
      vertex -74.15 18.0278 142
      vertex -73.9651 18.1513 142
    endloop
  endfacet
  facet normal 0 0 -1
    outer loop
      vertex -73.2779 15.3425 142
      vertex -74.3494 17.9294 142
      vertex -74.15 18.0278 142
    endloop
  endfacet
  facet normal 0 0 -1
    outer loop
      vertex -74.56 17.8579 142
      vertex -73.8353 15.1533 142
      vertex -74.4126 15.0385 142
    endloop
  endfacet
  facet normal 0 0 -1
    outer loop
      vertex -73.8353 15.1533 142
      vertex -74.56 17.8579 142
      vertex -74.3494 17.9294 142
    endloop
  endfacet
  facet normal 0 0 -1
    outer loop
      vertex -74.4126 15.0385 142
      vertex -74.7781 17.8145 142
      vertex -74.56 17.8579 142
    endloop
  endfacet
  facet normal 0 0 -1
    outer loop
      vertex -75 15 142
      vertex -74.7781 17.8145 142
      vertex -74.4126 15.0385 142
    endloop
  endfacet
  facet normal 0 0 -1
    outer loop
      vertex -75 15 142
      vertex -75 17.8 142
      vertex -74.7781 17.8145 142
    endloop
  endfacet
  facet normal 0 0 -1
    outer loop
      vertex -75 15 142
      vertex -75.2219 17.8145 142
      vertex -75 17.8 142
    endloop
  endfacet
  facet normal 0 0 -1
    outer loop
      vertex -75.5874 15.0385 142
      vertex -75.2219 17.8145 142
      vertex -75 15 142
    endloop
  endfacet
  facet normal -0 0 -1
    outer loop
      vertex -75.2219 17.8145 142
      vertex -75.5874 15.0385 142
      vertex -75.44 17.8579 142
    endloop
  endfacet
  facet normal 0 0 -1
    outer loop
      vertex -76.1647 15.1533 142
      vertex -75.44 17.8579 142
      vertex -75.5874 15.0385 142
    endloop
  endfacet
  facet normal -0 0 -1
    outer loop
      vertex -75.44 17.8579 142
      vertex -76.1647 15.1533 142
      vertex -75.6506 17.9294 142
    endloop
  endfacet
  facet normal 0 0 -1
    outer loop
      vertex -76.7221 15.3425 142
      vertex -75.6506 17.9294 142
      vertex -76.1647 15.1533 142
    endloop
  endfacet
  facet normal -0 0 -1
    outer loop
      vertex -75.6506 17.9294 142
      vertex -76.7221 15.3425 142
      vertex -75.85 18.0278 142
    endloop
  endfacet
  facet normal 0 0 -1
    outer loop
      vertex -77.25 15.6029 142
      vertex -75.85 18.0278 142
      vertex -76.7221 15.3425 142
    endloop
  endfacet
  facet normal -0 0 -1
    outer loop
      vertex -75.85 18.0278 142
      vertex -77.25 15.6029 142
      vertex -76.0349 18.1513 142
    endloop
  endfacet
  facet normal 0 0 -1
    outer loop
      vertex -77.7394 15.9299 142
      vertex -76.0349 18.1513 142
      vertex -77.25 15.6029 142
    endloop
  endfacet
  facet normal -0 0 -1
    outer loop
      vertex -76.0349 18.1513 142
      vertex -77.7394 15.9299 142
      vertex -76.2021 18.2979 142
    endloop
  endfacet
  facet normal 0 0 -1
    outer loop
      vertex -78.182 16.318 142
      vertex -76.2021 18.2979 142
      vertex -77.7394 15.9299 142
    endloop
  endfacet
  facet normal -0 0 -1
    outer loop
      vertex -76.2021 18.2979 142
      vertex -78.182 16.318 142
      vertex -76.3487 18.4651 142
    endloop
  endfacet
  facet normal -0 0 -1
    outer loop
      vertex -76.3487 18.4651 142
      vertex -78.5701 16.7606 142
      vertex -76.4722 18.65 142
    endloop
  endfacet
  facet normal 0 0 -1
    outer loop
      vertex -78.5701 16.7606 142
      vertex -76.3487 18.4651 142
      vertex -78.182 16.318 142
    endloop
  endfacet
  facet normal 0 0 -1
    outer loop
      vertex -73.6513 20.5349 142
      vertex -71.4299 22.2394 142
      vertex -73.5278 20.35 142
    endloop
  endfacet
  facet normal -0 0 -1
    outer loop
      vertex -71.4299 22.2394 142
      vertex -73.6513 20.5349 142
      vertex -71.818 22.682 142
    endloop
  endfacet
  facet normal 0 0 -1
    outer loop
      vertex -73.7979 20.7021 142
      vertex -71.818 22.682 142
      vertex -73.6513 20.5349 142
    endloop
  endfacet
  facet normal -0 0 -1
    outer loop
      vertex -71.818 22.682 142
      vertex -73.7979 20.7021 142
      vertex -72.2606 23.0701 142
    endloop
  endfacet
  facet normal 0 0 -1
    outer loop
      vertex -73.9651 20.8487 142
      vertex -72.2606 23.0701 142
      vertex -73.7979 20.7021 142
    endloop
  endfacet
  facet normal -0 0 -1
    outer loop
      vertex -72.2606 23.0701 142
      vertex -73.9651 20.8487 142
      vertex -72.75 23.3971 142
    endloop
  endfacet
  facet normal 0 0 -1
    outer loop
      vertex -74.15 20.9722 142
      vertex -72.75 23.3971 142
      vertex -73.9651 20.8487 142
    endloop
  endfacet
  facet normal -0 0 -1
    outer loop
      vertex -72.75 23.3971 142
      vertex -74.15 20.9722 142
      vertex -73.2779 23.6575 142
    endloop
  endfacet
  facet normal 0 0 -1
    outer loop
      vertex -74.3494 21.0706 142
      vertex -73.2779 23.6575 142
      vertex -74.15 20.9722 142
    endloop
  endfacet
  facet normal -0 0 -1
    outer loop
      vertex -73.2779 23.6575 142
      vertex -74.3494 21.0706 142
      vertex -73.8353 23.8467 142
    endloop
  endfacet
  facet normal 0 0 -1
    outer loop
      vertex -74.56 21.1421 142
      vertex -73.8353 23.8467 142
      vertex -74.3494 21.0706 142
    endloop
  endfacet
  facet normal -0 0 -1
    outer loop
      vertex -73.8353 23.8467 142
      vertex -74.56 21.1421 142
      vertex -74.4126 23.9615 142
    endloop
  endfacet
  facet normal 0 0 -1
    outer loop
      vertex -74.7781 21.1855 142
      vertex -74.4126 23.9615 142
      vertex -74.56 21.1421 142
    endloop
  endfacet
  facet normal 0 0 -1
    outer loop
      vertex -75 21.2 142
      vertex -74.4126 23.9615 142
      vertex -74.7781 21.1855 142
    endloop
  endfacet
  facet normal 0 0 -1
    outer loop
      vertex -75 21.2 142
      vertex -75 24 142
      vertex -74.4126 23.9615 142
    endloop
  endfacet
  facet normal 0 0 -1
    outer loop
      vertex -75.2219 21.1855 142
      vertex -75 24 142
      vertex -75 21.2 142
    endloop
  endfacet
  facet normal 0 0 -1
    outer loop
      vertex -75.5874 23.9615 142
      vertex -75.2219 21.1855 142
      vertex -75.44 21.1421 142
    endloop
  endfacet
  facet normal 0 0 -1
    outer loop
      vertex -75.2219 21.1855 142
      vertex -75.5874 23.9615 142
      vertex -75 24 142
    endloop
  endfacet
  facet normal 0 0 -1
    outer loop
      vertex -76.1647 23.8467 142
      vertex -75.44 21.1421 142
      vertex -75.6506 21.0706 142
    endloop
  endfacet
  facet normal 0 0 -1
    outer loop
      vertex -76.7221 23.6575 142
      vertex -75.6506 21.0706 142
      vertex -75.85 20.9722 142
    endloop
  endfacet
  facet normal 0 0 -1
    outer loop
      vertex -77.25 23.3971 142
      vertex -75.85 20.9722 142
      vertex -76.0349 20.8487 142
    endloop
  endfacet
  facet normal 0 0 -1
    outer loop
      vertex -75.44 21.1421 142
      vertex -76.1647 23.8467 142
      vertex -75.5874 23.9615 142
    endloop
  endfacet
  facet normal 0 0 -1
    outer loop
      vertex -77.7394 23.0701 142
      vertex -76.0349 20.8487 142
      vertex -76.2021 20.7021 142
    endloop
  endfacet
  facet normal 0 0 -1
    outer loop
      vertex -78.182 22.682 142
      vertex -76.2021 20.7021 142
      vertex -76.3487 20.5349 142
    endloop
  endfacet
  facet normal 0 0 -1
    outer loop
      vertex -78.5701 22.2394 142
      vertex -76.3487 20.5349 142
      vertex -76.4722 20.35 142
    endloop
  endfacet
  facet normal 0 0 -1
    outer loop
      vertex -78.8971 21.75 142
      vertex -76.4722 20.35 142
      vertex -76.5706 20.1506 142
    endloop
  endfacet
  facet normal 0 0 -1
    outer loop
      vertex -79.1575 21.2221 142
      vertex -76.5706 20.1506 142
      vertex -76.6421 19.94 142
    endloop
  endfacet
  facet normal 0 0 -1
    outer loop
      vertex -79.3467 20.6647 142
      vertex -76.6421 19.94 142
      vertex -76.6855 19.7219 142
    endloop
  endfacet
  facet normal 0 0 -1
    outer loop
      vertex -75.6506 21.0706 142
      vertex -76.7221 23.6575 142
      vertex -76.1647 23.8467 142
    endloop
  endfacet
  facet normal 0 0 -1
    outer loop
      vertex -79.4615 20.0874 142
      vertex -76.6855 19.7219 142
      vertex -76.7 19.5 142
    endloop
  endfacet
  facet normal 0 0 -1
    outer loop
      vertex -78.8971 17.25 142
      vertex -76.4722 18.65 142
      vertex -78.5701 16.7606 142
    endloop
  endfacet
  facet normal -0 0 -1
    outer loop
      vertex -76.4722 18.65 142
      vertex -78.8971 17.25 142
      vertex -76.5706 18.8494 142
    endloop
  endfacet
  facet normal 0 0 -1
    outer loop
      vertex -75.85 20.9722 142
      vertex -77.25 23.3971 142
      vertex -76.7221 23.6575 142
    endloop
  endfacet
  facet normal 0 0 -1
    outer loop
      vertex -79.1575 17.7779 142
      vertex -76.5706 18.8494 142
      vertex -78.8971 17.25 142
    endloop
  endfacet
  facet normal 0 0 -1
    outer loop
      vertex -76.0349 20.8487 142
      vertex -77.7394 23.0701 142
      vertex -77.25 23.3971 142
    endloop
  endfacet
  facet normal -0 0 -1
    outer loop
      vertex -76.5706 18.8494 142
      vertex -79.1575 17.7779 142
      vertex -76.6421 19.06 142
    endloop
  endfacet
  facet normal 0 0 -1
    outer loop
      vertex -76.2021 20.7021 142
      vertex -78.182 22.682 142
      vertex -77.7394 23.0701 142
    endloop
  endfacet
  facet normal 0 0 -1
    outer loop
      vertex -79.3467 18.3353 142
      vertex -76.6421 19.06 142
      vertex -79.1575 17.7779 142
    endloop
  endfacet
  facet normal 0 0 -1
    outer loop
      vertex -76.3487 20.5349 142
      vertex -78.5701 22.2394 142
      vertex -78.182 22.682 142
    endloop
  endfacet
  facet normal -0 0 -1
    outer loop
      vertex -76.6421 19.06 142
      vertex -79.3467 18.3353 142
      vertex -76.6855 19.2781 142
    endloop
  endfacet
  facet normal 0 0 -1
    outer loop
      vertex -76.4722 20.35 142
      vertex -78.8971 21.75 142
      vertex -78.5701 22.2394 142
    endloop
  endfacet
  facet normal 0 0 -1
    outer loop
      vertex -79.4615 18.9126 142
      vertex -76.6855 19.2781 142
      vertex -79.3467 18.3353 142
    endloop
  endfacet
  facet normal 0 0 -1
    outer loop
      vertex -76.5706 20.1506 142
      vertex -79.1575 21.2221 142
      vertex -78.8971 21.75 142
    endloop
  endfacet
  facet normal -0 0 -1
    outer loop
      vertex -76.6855 19.2781 142
      vertex -79.4615 18.9126 142
      vertex -76.7 19.5 142
    endloop
  endfacet
  facet normal 0 0 -1
    outer loop
      vertex -76.6421 19.94 142
      vertex -79.3467 20.6647 142
      vertex -79.1575 21.2221 142
    endloop
  endfacet
  facet normal 0 0 -1
    outer loop
      vertex -79.5 19.5 142
      vertex -76.7 19.5 142
      vertex -79.4615 18.9126 142
    endloop
  endfacet
  facet normal 0 0 -1
    outer loop
      vertex -76.6855 19.7219 142
      vertex -79.4615 20.0874 142
      vertex -79.3467 20.6647 142
    endloop
  endfacet
  facet normal 0 0 -1
    outer loop
      vertex -76.7 19.5 142
      vertex -79.5 19.5 142
      vertex -79.4615 20.0874 142
    endloop
  endfacet
  facet normal 0.896827 -0.442382 0
    outer loop
      vertex -71.1029 17.25 150
      vertex -70.8425 17.7779 142
      vertex -70.8425 17.7779 150
    endloop
  endfacet
  facet normal 0.896827 -0.442382 0
    outer loop
      vertex -70.8425 17.7779 142
      vertex -71.1029 17.25 150
      vertex -71.1029 17.25 142
    endloop
  endfacet
  facet normal 0.946936 -0.321421 0
    outer loop
      vertex -70.8425 17.7779 150
      vertex -70.6533 18.3353 142
      vertex -70.6533 18.3353 150
    endloop
  endfacet
  facet normal 0.946936 -0.321421 0
    outer loop
      vertex -70.6533 18.3353 142
      vertex -70.8425 17.7779 150
      vertex -70.8425 17.7779 142
    endloop
  endfacet
  facet normal -0.751882 -0.659298 0
    outer loop
      vertex -78.182 16.318 142
      vertex -78.5701 16.7606 150
      vertex -78.5701 16.7606 142
    endloop
  endfacet
  facet normal -0.751882 -0.659298 0
    outer loop
      vertex -78.5701 16.7606 150
      vertex -78.182 16.318 142
      vertex -78.182 16.318 150
    endloop
  endfacet
  facet normal -0.946936 -0.321421 0
    outer loop
      vertex -79.1575 17.7779 142
      vertex -79.3467 18.3353 150
      vertex -79.3467 18.3353 142
    endloop
  endfacet
  facet normal -0.946936 -0.321421 0
    outer loop
      vertex -79.3467 18.3353 150
      vertex -79.1575 17.7779 142
      vertex -79.1575 17.7779 150
    endloop
  endfacet
  facet normal 0.321421 -0.946936 0
    outer loop
      vertex -73.8353 15.1533 142
      vertex -73.2779 15.3425 150
      vertex -73.8353 15.1533 150
    endloop
  endfacet
  facet normal 0.321421 -0.946936 0
    outer loop
      vertex -73.2779 15.3425 150
      vertex -73.8353 15.1533 142
      vertex -73.2779 15.3425 142
    endloop
  endfacet
  facet normal 0.659298 -0.751882 0
    outer loop
      vertex -72.2606 15.9299 142
      vertex -71.818 16.318 150
      vertex -72.2606 15.9299 150
    endloop
  endfacet
  facet normal 0.659298 -0.751882 0
    outer loop
      vertex -71.818 16.318 150
      vertex -72.2606 15.9299 142
      vertex -71.818 16.318 142
    endloop
  endfacet
  facet normal -0.0654027 -0.997859 0
    outer loop
      vertex -75.5874 15.0385 142
      vertex -75 15 150
      vertex -75.5874 15.0385 150
    endloop
  endfacet
  facet normal -0.0654027 -0.997859 -0
    outer loop
      vertex -75 15 150
      vertex -75.5874 15.0385 142
      vertex -75 15 142
    endloop
  endfacet
  facet normal -0.321421 -0.946936 0
    outer loop
      vertex -76.7221 15.3425 142
      vertex -76.1647 15.1533 150
      vertex -76.7221 15.3425 150
    endloop
  endfacet
  facet normal -0.321421 -0.946936 -0
    outer loop
      vertex -76.1647 15.1533 150
      vertex -76.7221 15.3425 142
      vertex -76.1647 15.1533 142
    endloop
  endfacet
  facet normal -0.442382 -0.896827 0
    outer loop
      vertex -77.25 15.6029 142
      vertex -76.7221 15.3425 150
      vertex -77.25 15.6029 150
    endloop
  endfacet
  facet normal -0.442382 -0.896827 -0
    outer loop
      vertex -76.7221 15.3425 150
      vertex -77.25 15.6029 142
      vertex -76.7221 15.3425 142
    endloop
  endfacet
  facet normal -0.555562 -0.831475 0
    outer loop
      vertex -77.7394 15.9299 142
      vertex -77.25 15.6029 150
      vertex -77.7394 15.9299 150
    endloop
  endfacet
  facet normal -0.555562 -0.831475 -0
    outer loop
      vertex -77.25 15.6029 150
      vertex -77.7394 15.9299 142
      vertex -77.25 15.6029 142
    endloop
  endfacet
  facet normal -0.980796 -0.195038 0
    outer loop
      vertex -79.3467 18.3353 142
      vertex -79.4615 18.9126 150
      vertex -79.4615 18.9126 142
    endloop
  endfacet
  facet normal -0.980796 -0.195038 0
    outer loop
      vertex -79.4615 18.9126 150
      vertex -79.3467 18.3353 142
      vertex -79.3467 18.3353 150
    endloop
  endfacet
  facet normal -0.997859 -0.0654027 0
    outer loop
      vertex -79.4615 18.9126 142
      vertex -79.5 19.5 150
      vertex -79.5 19.5 142
    endloop
  endfacet
  facet normal -0.997859 -0.0654027 0
    outer loop
      vertex -79.5 19.5 150
      vertex -79.4615 18.9126 142
      vertex -79.4615 18.9126 150
    endloop
  endfacet
  facet normal -0.195038 -0.980796 0
    outer loop
      vertex -76.1647 15.1533 142
      vertex -75.5874 15.0385 150
      vertex -76.1647 15.1533 150
    endloop
  endfacet
  facet normal -0.195038 -0.980796 -0
    outer loop
      vertex -75.5874 15.0385 150
      vertex -76.1647 15.1533 142
      vertex -75.5874 15.0385 142
    endloop
  endfacet
  facet normal -0.831566 -0.555426 0
    outer loop
      vertex -73.5278 20.35 142
      vertex -73.6513 20.5349 150
      vertex -73.6513 20.5349 142
    endloop
  endfacet
  facet normal -0.831566 -0.555426 0
    outer loop
      vertex -73.6513 20.5349 150
      vertex -73.5278 20.35 142
      vertex -73.5278 20.35 150
    endloop
  endfacet
  facet normal -0.321484 -0.946915 0
    outer loop
      vertex -74.56 21.1421 142
      vertex -74.3494 21.0706 150
      vertex -74.56 21.1421 150
    endloop
  endfacet
  facet normal -0.321484 -0.946915 -0
    outer loop
      vertex -74.3494 21.0706 150
      vertex -74.56 21.1421 142
      vertex -74.3494 21.0706 142
    endloop
  endfacet
  facet normal 0.44253 -0.896754 0
    outer loop
      vertex -75.85 20.9722 142
      vertex -75.6506 21.0706 150
      vertex -75.85 20.9722 150
    endloop
  endfacet
  facet normal 0.44253 -0.896754 0
    outer loop
      vertex -75.6506 21.0706 150
      vertex -75.85 20.9722 142
      vertex -75.6506 21.0706 142
    endloop
  endfacet
  facet normal 0.946915 -0.321484 0
    outer loop
      vertex -76.6421 19.94 150
      vertex -76.5706 20.1506 142
      vertex -76.5706 20.1506 150
    endloop
  endfacet
  facet normal 0.946915 -0.321484 0
    outer loop
      vertex -76.5706 20.1506 142
      vertex -76.6421 19.94 150
      vertex -76.6421 19.94 142
    endloop
  endfacet
  facet normal -0.997872 0.0652057 0
    outer loop
      vertex -73.3145 19.2781 142
      vertex -73.3 19.5 150
      vertex -73.3 19.5 142
    endloop
  endfacet
  facet normal -0.997872 0.0652057 0
    outer loop
      vertex -73.3 19.5 150
      vertex -73.3145 19.2781 142
      vertex -73.3145 19.2781 150
    endloop
  endfacet
  facet normal -0.44253 0.896754 0
    outer loop
      vertex -74.15 18.0278 142
      vertex -74.3494 17.9294 150
      vertex -74.15 18.0278 150
    endloop
  endfacet
  facet normal -0.44253 0.896754 0
    outer loop
      vertex -74.3494 17.9294 150
      vertex -74.15 18.0278 142
      vertex -74.3494 17.9294 142
    endloop
  endfacet
  facet normal -0.98077 -0.195165 0
    outer loop
      vertex -73.3145 19.7219 142
      vertex -73.3579 19.94 150
      vertex -73.3579 19.94 142
    endloop
  endfacet
  facet normal -0.98077 -0.195165 0
    outer loop
      vertex -73.3579 19.94 150
      vertex -73.3145 19.7219 142
      vertex -73.3145 19.7219 150
    endloop
  endfacet
  facet normal 0.0652057 -0.997872 0
    outer loop
      vertex -75.2219 21.1855 142
      vertex -75 21.2 150
      vertex -75.2219 21.1855 150
    endloop
  endfacet
  facet normal 0.0652057 -0.997872 0
    outer loop
      vertex -75 21.2 150
      vertex -75.2219 21.1855 142
      vertex -75 21.2 142
    endloop
  endfacet
  facet normal 0.997872 -0.0652057 0
    outer loop
      vertex -76.7 19.5 150
      vertex -76.6855 19.7219 142
      vertex -76.6855 19.7219 150
    endloop
  endfacet
  facet normal 0.997872 -0.0652057 0
    outer loop
      vertex -76.6855 19.7219 142
      vertex -76.7 19.5 150
      vertex -76.7 19.5 142
    endloop
  endfacet
  facet normal 0.831566 -0.555426 0
    outer loop
      vertex -76.4722 20.35 150
      vertex -76.3487 20.5349 142
      vertex -76.3487 20.5349 150
    endloop
  endfacet
  facet normal 0.831566 -0.555426 0
    outer loop
      vertex -76.3487 20.5349 142
      vertex -76.4722 20.35 150
      vertex -76.4722 20.35 142
    endloop
  endfacet
  facet normal 0.555586 -0.831459 0
    outer loop
      vertex -76.0349 20.8487 142
      vertex -75.8833 20.95 150
      vertex -76.0349 20.8487 150
    endloop
  endfacet
  facet normal 0.555426 -0.831566 4.36808e-06
    outer loop
      vertex -75.85 20.9722 142
      vertex -75.8833 20.95 150
      vertex -76.0349 20.8487 142
    endloop
  endfacet
  facet normal 0.5547 -0.83205 0
    outer loop
      vertex -75.8833 20.95 150
      vertex -75.85 20.9722 142
      vertex -75.85 20.9722 150
    endloop
  endfacet
  facet normal 0.195165 -0.98077 0
    outer loop
      vertex -75.44 21.1421 142
      vertex -75.2219 21.1855 150
      vertex -75.44 21.1421 150
    endloop
  endfacet
  facet normal 0.195165 -0.98077 0
    outer loop
      vertex -75.2219 21.1855 150
      vertex -75.44 21.1421 142
      vertex -75.2219 21.1855 142
    endloop
  endfacet
  facet normal 0.659268 -0.751908 0
    outer loop
      vertex -76.2021 20.7021 142
      vertex -76.0349 20.8487 150
      vertex -76.2021 20.7021 150
    endloop
  endfacet
  facet normal 0.659268 -0.751908 0
    outer loop
      vertex -76.0349 20.8487 150
      vertex -76.2021 20.7021 142
      vertex -76.0349 20.8487 142
    endloop
  endfacet
  facet normal -0.997872 -0.0652057 0
    outer loop
      vertex -73.3 19.5 142
      vertex -73.3145 19.7219 150
      vertex -73.3145 19.7219 142
    endloop
  endfacet
  facet normal -0.997872 -0.0652057 0
    outer loop
      vertex -73.3145 19.7219 150
      vertex -73.3 19.5 142
      vertex -73.3 19.5 150
    endloop
  endfacet
  facet normal -0.555426 0.831566 0
    outer loop
      vertex -73.9651 18.1513 142
      vertex -74.15 18.0278 150
      vertex -73.9651 18.1513 150
    endloop
  endfacet
  facet normal -0.555426 0.831566 0
    outer loop
      vertex -74.15 18.0278 150
      vertex -73.9651 18.1513 142
      vertex -74.15 18.0278 142
    endloop
  endfacet
  facet normal -0.946915 0.321484 0
    outer loop
      vertex -73.4294 18.8494 142
      vertex -73.3579 19.06 150
      vertex -73.3579 19.06 142
    endloop
  endfacet
  facet normal -0.946915 0.321484 0
    outer loop
      vertex -73.3579 19.06 150
      vertex -73.4294 18.8494 142
      vertex -73.4294 18.8494 150
    endloop
  endfacet
  facet normal -0.321484 0.946915 0
    outer loop
      vertex -74.3494 17.9294 142
      vertex -74.56 17.8579 150
      vertex -74.3494 17.9294 150
    endloop
  endfacet
  facet normal -0.321484 0.946915 0
    outer loop
      vertex -74.56 17.8579 150
      vertex -74.3494 17.9294 142
      vertex -74.56 17.8579 142
    endloop
  endfacet
  facet normal -0.659268 -0.751908 0
    outer loop
      vertex -73.9651 20.8487 142
      vertex -73.7979 20.7021 150
      vertex -73.9651 20.8487 150
    endloop
  endfacet
  facet normal -0.659268 -0.751908 -0
    outer loop
      vertex -73.7979 20.7021 150
      vertex -73.9651 20.8487 142
      vertex -73.7979 20.7021 142
    endloop
  endfacet
  facet normal -0.195165 -0.98077 0
    outer loop
      vertex -74.7781 21.1855 142
      vertex -74.56 21.1421 150
      vertex -74.7781 21.1855 150
    endloop
  endfacet
  facet normal -0.195165 -0.98077 -0
    outer loop
      vertex -74.56 21.1421 150
      vertex -74.7781 21.1855 142
      vertex -74.56 21.1421 142
    endloop
  endfacet
  facet normal -0.0652057 -0.997872 0
    outer loop
      vertex -75 21.2 142
      vertex -74.7781 21.1855 150
      vertex -75 21.2 150
    endloop
  endfacet
  facet normal -0.0652057 -0.997872 -0
    outer loop
      vertex -74.7781 21.1855 150
      vertex -75 21.2 142
      vertex -74.7781 21.1855 142
    endloop
  endfacet
  facet normal -0.5547 -0.83205 0
    outer loop
      vertex -74.15 20.9722 142
      vertex -74.1167 20.95 150
      vertex -74.15 20.9722 150
    endloop
  endfacet
  facet normal -0.555586 -0.831459 5.32688e-06
    outer loop
      vertex -74.1167 20.95 150
      vertex -74.15 20.9722 142
      vertex -73.9651 20.8487 150
    endloop
  endfacet
  facet normal -0.555426 -0.831566 -0
    outer loop
      vertex -73.9651 20.8487 150
      vertex -74.15 20.9722 142
      vertex -73.9651 20.8487 142
    endloop
  endfacet
  facet normal -0.44253 -0.896754 0
    outer loop
      vertex -74.3494 21.0706 142
      vertex -74.15 20.9722 150
      vertex -74.3494 21.0706 150
    endloop
  endfacet
  facet normal -0.44253 -0.896754 -0
    outer loop
      vertex -74.15 20.9722 150
      vertex -74.3494 21.0706 142
      vertex -74.15 20.9722 142
    endloop
  endfacet
  facet normal 0.997872 0.0652057 0
    outer loop
      vertex -76.6855 19.2781 150
      vertex -76.7 19.5 142
      vertex -76.7 19.5 150
    endloop
  endfacet
  facet normal 0.997872 0.0652057 0
    outer loop
      vertex -76.7 19.5 142
      vertex -76.6855 19.2781 150
      vertex -76.6855 19.2781 142
    endloop
  endfacet
  facet normal 0.896754 -0.44253 0
    outer loop
      vertex -76.5706 20.1506 150
      vertex -76.4722 20.35 142
      vertex -76.4722 20.35 150
    endloop
  endfacet
  facet normal 0.896754 -0.44253 0
    outer loop
      vertex -76.4722 20.35 142
      vertex -76.5706 20.1506 150
      vertex -76.5706 20.1506 142
    endloop
  endfacet
  facet normal 0.751908 -0.659268 0
    outer loop
      vertex -76.3487 20.5349 150
      vertex -76.2021 20.7021 142
      vertex -76.2021 20.7021 150
    endloop
  endfacet
  facet normal 0.751908 -0.659268 0
    outer loop
      vertex -76.2021 20.7021 142
      vertex -76.3487 20.5349 150
      vertex -76.3487 20.5349 142
    endloop
  endfacet
  facet normal -0.98077 0.195165 0
    outer loop
      vertex -73.3579 19.06 142
      vertex -73.3145 19.2781 150
      vertex -73.3145 19.2781 142
    endloop
  endfacet
  facet normal -0.98077 0.195165 0
    outer loop
      vertex -73.3145 19.2781 150
      vertex -73.3579 19.06 142
      vertex -73.3579 19.06 150
    endloop
  endfacet
  facet normal -0.831566 0.555426 0
    outer loop
      vertex -73.6513 18.4651 142
      vertex -73.5278 18.65 150
      vertex -73.5278 18.65 142
    endloop
  endfacet
  facet normal -0.831566 0.555426 0
    outer loop
      vertex -73.5278 18.65 150
      vertex -73.6513 18.4651 142
      vertex -73.6513 18.4651 150
    endloop
  endfacet
  facet normal -0.896754 0.44253 0
    outer loop
      vertex -73.5278 18.65 142
      vertex -73.4294 18.8494 150
      vertex -73.4294 18.8494 142
    endloop
  endfacet
  facet normal -0.896754 0.44253 0
    outer loop
      vertex -73.4294 18.8494 150
      vertex -73.5278 18.65 142
      vertex -73.5278 18.65 150
    endloop
  endfacet
  facet normal 0.98077 0.195165 0
    outer loop
      vertex -76.6421 19.06 150
      vertex -76.6855 19.2781 142
      vertex -76.6855 19.2781 150
    endloop
  endfacet
  facet normal 0.98077 0.195165 0
    outer loop
      vertex -76.6855 19.2781 142
      vertex -76.6421 19.06 150
      vertex -76.6421 19.06 142
    endloop
  endfacet
  facet normal 0.751908 0.659268 0
    outer loop
      vertex -76.2021 18.2979 150
      vertex -76.3487 18.4651 142
      vertex -76.3487 18.4651 150
    endloop
  endfacet
  facet normal 0.751908 0.659268 0
    outer loop
      vertex -76.3487 18.4651 142
      vertex -76.2021 18.2979 150
      vertex -76.2021 18.2979 142
    endloop
  endfacet
  facet normal 0.946915 0.321484 0
    outer loop
      vertex -76.5706 18.8494 150
      vertex -76.6421 19.06 142
      vertex -76.6421 19.06 150
    endloop
  endfacet
  facet normal 0.946915 0.321484 0
    outer loop
      vertex -76.6421 19.06 142
      vertex -76.5706 18.8494 150
      vertex -76.5706 18.8494 142
    endloop
  endfacet
  facet normal 0.831566 0.555426 0
    outer loop
      vertex -76.3487 18.4651 150
      vertex -76.4722 18.65 142
      vertex -76.4722 18.65 150
    endloop
  endfacet
  facet normal 0.831566 0.555426 0
    outer loop
      vertex -76.4722 18.65 142
      vertex -76.3487 18.4651 150
      vertex -76.3487 18.4651 142
    endloop
  endfacet
  facet normal -0.195165 0.98077 0
    outer loop
      vertex -74.56 17.8579 142
      vertex -74.7781 17.8145 150
      vertex -74.56 17.8579 150
    endloop
  endfacet
  facet normal -0.195165 0.98077 0
    outer loop
      vertex -74.7781 17.8145 150
      vertex -74.56 17.8579 142
      vertex -74.7781 17.8145 142
    endloop
  endfacet
  facet normal -0.896754 -0.44253 0
    outer loop
      vertex -73.4294 20.1506 142
      vertex -73.5278 20.35 150
      vertex -73.5278 20.35 142
    endloop
  endfacet
  facet normal -0.896754 -0.44253 0
    outer loop
      vertex -73.5278 20.35 150
      vertex -73.4294 20.1506 142
      vertex -73.4294 20.1506 150
    endloop
  endfacet
  facet normal -0.946915 -0.321484 0
    outer loop
      vertex -73.3579 19.94 142
      vertex -73.4294 20.1506 150
      vertex -73.4294 20.1506 142
    endloop
  endfacet
  facet normal -0.946915 -0.321484 0
    outer loop
      vertex -73.4294 20.1506 150
      vertex -73.3579 19.94 142
      vertex -73.3579 19.94 150
    endloop
  endfacet
  facet normal -0.751908 -0.659268 0
    outer loop
      vertex -73.6513 20.5349 142
      vertex -73.7979 20.7021 150
      vertex -73.7979 20.7021 142
    endloop
  endfacet
  facet normal -0.751908 -0.659268 0
    outer loop
      vertex -73.7979 20.7021 150
      vertex -73.6513 20.5349 142
      vertex -73.6513 20.5349 150
    endloop
  endfacet
  facet normal 0.98077 -0.195165 0
    outer loop
      vertex -76.6855 19.7219 150
      vertex -76.6421 19.94 142
      vertex -76.6421 19.94 150
    endloop
  endfacet
  facet normal 0.98077 -0.195165 0
    outer loop
      vertex -76.6421 19.94 142
      vertex -76.6855 19.7219 150
      vertex -76.6855 19.7219 142
    endloop
  endfacet
  facet normal 0.321484 -0.946915 0
    outer loop
      vertex -75.6506 21.0706 142
      vertex -75.44 21.1421 150
      vertex -75.6506 21.0706 150
    endloop
  endfacet
  facet normal 0.321484 -0.946915 0
    outer loop
      vertex -75.44 21.1421 150
      vertex -75.6506 21.0706 142
      vertex -75.44 21.1421 142
    endloop
  endfacet
  facet normal -0.0652057 0.997872 0
    outer loop
      vertex -74.7781 17.8145 142
      vertex -75 17.8 150
      vertex -74.7781 17.8145 150
    endloop
  endfacet
  facet normal -0.0652057 0.997872 0
    outer loop
      vertex -75 17.8 150
      vertex -74.7781 17.8145 142
      vertex -75 17.8 142
    endloop
  endfacet
  facet normal 0.321484 0.946915 -0
    outer loop
      vertex -75.44 17.8579 142
      vertex -75.6506 17.9294 150
      vertex -75.44 17.8579 150
    endloop
  endfacet
  facet normal 0.321484 0.946915 0
    outer loop
      vertex -75.6506 17.9294 150
      vertex -75.44 17.8579 142
      vertex -75.6506 17.9294 142
    endloop
  endfacet
  facet normal 0.896754 0.44253 0
    outer loop
      vertex -76.4722 18.65 150
      vertex -76.5706 18.8494 142
      vertex -76.5706 18.8494 150
    endloop
  endfacet
  facet normal 0.896754 0.44253 0
    outer loop
      vertex -76.5706 18.8494 142
      vertex -76.4722 18.65 150
      vertex -76.4722 18.65 142
    endloop
  endfacet
  facet normal -0.659268 0.751908 0
    outer loop
      vertex -73.7979 18.2979 142
      vertex -73.9651 18.1513 150
      vertex -73.7979 18.2979 150
    endloop
  endfacet
  facet normal -0.659268 0.751908 0
    outer loop
      vertex -73.9651 18.1513 150
      vertex -73.7979 18.2979 142
      vertex -73.9651 18.1513 142
    endloop
  endfacet
  facet normal 0.555426 0.831566 -0
    outer loop
      vertex -75.85 18.0278 142
      vertex -76.0349 18.1513 150
      vertex -75.85 18.0278 150
    endloop
  endfacet
  facet normal 0.555426 0.831566 0
    outer loop
      vertex -76.0349 18.1513 150
      vertex -75.85 18.0278 142
      vertex -76.0349 18.1513 142
    endloop
  endfacet
  facet normal 0.195165 0.98077 -0
    outer loop
      vertex -75.2219 17.8145 142
      vertex -75.44 17.8579 150
      vertex -75.2219 17.8145 150
    endloop
  endfacet
  facet normal 0.195165 0.98077 0
    outer loop
      vertex -75.44 17.8579 150
      vertex -75.2219 17.8145 142
      vertex -75.44 17.8579 142
    endloop
  endfacet
  facet normal 0.44253 0.896754 -0
    outer loop
      vertex -75.6506 17.9294 142
      vertex -75.85 18.0278 150
      vertex -75.6506 17.9294 150
    endloop
  endfacet
  facet normal 0.44253 0.896754 0
    outer loop
      vertex -75.85 18.0278 150
      vertex -75.6506 17.9294 142
      vertex -75.85 18.0278 142
    endloop
  endfacet
  facet normal 0.659268 0.751908 -0
    outer loop
      vertex -76.0349 18.1513 142
      vertex -76.2021 18.2979 150
      vertex -76.0349 18.1513 150
    endloop
  endfacet
  facet normal 0.659268 0.751908 0
    outer loop
      vertex -76.2021 18.2979 150
      vertex -76.0349 18.1513 142
      vertex -76.2021 18.2979 142
    endloop
  endfacet
  facet normal -0.751908 0.659268 0
    outer loop
      vertex -73.7979 18.2979 142
      vertex -73.6513 18.4651 150
      vertex -73.6513 18.4651 142
    endloop
  endfacet
  facet normal -0.751908 0.659268 0
    outer loop
      vertex -73.6513 18.4651 150
      vertex -73.7979 18.2979 142
      vertex -73.7979 18.2979 150
    endloop
  endfacet
  facet normal 0.0652057 0.997872 -0
    outer loop
      vertex -75 17.8 142
      vertex -75.2219 17.8145 150
      vertex -75 17.8 150
    endloop
  endfacet
  facet normal 0.0652057 0.997872 0
    outer loop
      vertex -75.2219 17.8145 150
      vertex -75 17.8 142
      vertex -75.2219 17.8145 142
    endloop
  endfacet
  facet normal -0.946999 0.321235 0
    outer loop
      vertex -29.1575 21.2221 142
      vertex -29.2498 20.95 150
      vertex -29.1575 21.2221 150
    endloop
  endfacet
  facet normal -0.946936 0.321421 7.07144e-06
    outer loop
      vertex -29.3467 20.6647 142
      vertex -29.2498 20.95 150
      vertex -29.1575 21.2221 142
    endloop
  endfacet
  facet normal -0.946876 0.321599 0
    outer loop
      vertex -29.2498 20.95 150
      vertex -29.3467 20.6647 142
      vertex -29.3467 20.6647 150
    endloop
  endfacet
  facet normal 0.831475 0.555562 0
    outer loop
      vertex -21.1029 21.75 150
      vertex -21.4299 22.2394 142
      vertex -21.4299 22.2394 150
    endloop
  endfacet
  facet normal 0.831475 0.555562 0
    outer loop
      vertex -21.4299 22.2394 142
      vertex -21.1029 21.75 150
      vertex -21.1029 21.75 142
    endloop
  endfacet
  facet normal 0.321421 0.946936 -0
    outer loop
      vertex -23.2779 23.6575 142
      vertex -23.8353 23.8467 150
      vertex -23.2779 23.6575 150
    endloop
  endfacet
  facet normal 0.321421 0.946936 0
    outer loop
      vertex -23.8353 23.8467 150
      vertex -23.2779 23.6575 142
      vertex -23.8353 23.8467 142
    endloop
  endfacet
  facet normal 0.442382 0.896827 -0
    outer loop
      vertex -22.75 23.3971 142
      vertex -23.2779 23.6575 150
      vertex -22.75 23.3971 150
    endloop
  endfacet
  facet normal 0.442382 0.896827 0
    outer loop
      vertex -23.2779 23.6575 150
      vertex -22.75 23.3971 142
      vertex -23.2779 23.6575 142
    endloop
  endfacet
  facet normal -0.321421 0.946936 0
    outer loop
      vertex -26.1647 23.8467 142
      vertex -26.7221 23.6575 150
      vertex -26.1647 23.8467 150
    endloop
  endfacet
  facet normal -0.321421 0.946936 0
    outer loop
      vertex -26.7221 23.6575 150
      vertex -26.1647 23.8467 142
      vertex -26.7221 23.6575 142
    endloop
  endfacet
  facet normal -0.896827 0.442382 0
    outer loop
      vertex -29.1575 21.2221 142
      vertex -28.8971 21.75 150
      vertex -28.8971 21.75 142
    endloop
  endfacet
  facet normal -0.896827 0.442382 0
    outer loop
      vertex -28.8971 21.75 150
      vertex -29.1575 21.2221 142
      vertex -29.1575 21.2221 150
    endloop
  endfacet
  facet normal 0.980796 0.195038 0
    outer loop
      vertex -20.5385 20.0874 150
      vertex -20.6533 20.6647 142
      vertex -20.6533 20.6647 150
    endloop
  endfacet
  facet normal 0.980796 0.195038 0
    outer loop
      vertex -20.6533 20.6647 142
      vertex -20.5385 20.0874 150
      vertex -20.5385 20.0874 142
    endloop
  endfacet
  facet normal 0.751882 0.659298 0
    outer loop
      vertex -21.4299 22.2394 150
      vertex -21.818 22.682 142
      vertex -21.818 22.682 150
    endloop
  endfacet
  facet normal 0.751882 0.659298 0
    outer loop
      vertex -21.818 22.682 142
      vertex -21.4299 22.2394 150
      vertex -21.4299 22.2394 142
    endloop
  endfacet
  facet normal 0.195038 0.980796 -0
    outer loop
      vertex -23.8353 23.8467 142
      vertex -24.4126 23.9615 150
      vertex -23.8353 23.8467 150
    endloop
  endfacet
  facet normal 0.195038 0.980796 0
    outer loop
      vertex -24.4126 23.9615 150
      vertex -23.8353 23.8467 142
      vertex -24.4126 23.9615 142
    endloop
  endfacet
  facet normal 0.555562 0.831475 -0
    outer loop
      vertex -22.2606 23.0701 142
      vertex -22.75 23.3971 150
      vertex -22.2606 23.0701 150
    endloop
  endfacet
  facet normal 0.555562 0.831475 0
    outer loop
      vertex -22.75 23.3971 150
      vertex -22.2606 23.0701 142
      vertex -22.75 23.3971 142
    endloop
  endfacet
  facet normal -0.980796 0.195038 0
    outer loop
      vertex -29.4615 20.0874 142
      vertex -29.3467 20.6647 150
      vertex -29.3467 20.6647 142
    endloop
  endfacet
  facet normal -0.980796 0.195038 0
    outer loop
      vertex -29.3467 20.6647 150
      vertex -29.4615 20.0874 142
      vertex -29.4615 20.0874 150
    endloop
  endfacet
  facet normal -0.751882 0.659298 0
    outer loop
      vertex -28.5701 22.2394 142
      vertex -28.182 22.682 150
      vertex -28.182 22.682 142
    endloop
  endfacet
  facet normal -0.751882 0.659298 0
    outer loop
      vertex -28.182 22.682 150
      vertex -28.5701 22.2394 142
      vertex -28.5701 22.2394 150
    endloop
  endfacet
  facet normal -0.442382 0.896827 0
    outer loop
      vertex -26.7221 23.6575 142
      vertex -27.25 23.3971 150
      vertex -26.7221 23.6575 150
    endloop
  endfacet
  facet normal -0.442382 0.896827 0
    outer loop
      vertex -27.25 23.3971 150
      vertex -26.7221 23.6575 142
      vertex -27.25 23.3971 142
    endloop
  endfacet
  facet normal -0.195038 0.980796 0
    outer loop
      vertex -25.5874 23.9615 142
      vertex -26.1647 23.8467 150
      vertex -25.5874 23.9615 150
    endloop
  endfacet
  facet normal -0.195038 0.980796 0
    outer loop
      vertex -26.1647 23.8467 150
      vertex -25.5874 23.9615 142
      vertex -26.1647 23.8467 142
    endloop
  endfacet
  facet normal 0.555562 -0.831475 0
    outer loop
      vertex -22.75 15.6029 142
      vertex -22.2606 15.9299 150
      vertex -22.75 15.6029 150
    endloop
  endfacet
  facet normal 0.555562 -0.831475 0
    outer loop
      vertex -22.2606 15.9299 150
      vertex -22.75 15.6029 142
      vertex -22.2606 15.9299 142
    endloop
  endfacet
  facet normal -0.659298 -0.751882 0
    outer loop
      vertex -28.182 16.318 142
      vertex -27.7394 15.9299 150
      vertex -28.182 16.318 150
    endloop
  endfacet
  facet normal -0.659298 -0.751882 -0
    outer loop
      vertex -27.7394 15.9299 150
      vertex -28.182 16.318 142
      vertex -27.7394 15.9299 142
    endloop
  endfacet
  facet normal -0.896827 -0.442382 0
    outer loop
      vertex -28.8971 17.25 142
      vertex -29.1575 17.7779 150
      vertex -29.1575 17.7779 142
    endloop
  endfacet
  facet normal -0.896827 -0.442382 0
    outer loop
      vertex -29.1575 17.7779 150
      vertex -28.8971 17.25 142
      vertex -28.8971 17.25 150
    endloop
  endfacet
  facet normal 0.0654027 0.997859 -0
    outer loop
      vertex -24.4126 23.9615 142
      vertex -25 24 150
      vertex -24.4126 23.9615 150
    endloop
  endfacet
  facet normal 0.0654027 0.997859 0
    outer loop
      vertex -25 24 150
      vertex -24.4126 23.9615 142
      vertex -25 24 142
    endloop
  endfacet
  facet normal 0.659298 0.751882 -0
    outer loop
      vertex -21.818 22.682 142
      vertex -22.2606 23.0701 150
      vertex -21.818 22.682 150
    endloop
  endfacet
  facet normal 0.659298 0.751882 0
    outer loop
      vertex -22.2606 23.0701 150
      vertex -21.818 22.682 142
      vertex -22.2606 23.0701 142
    endloop
  endfacet
  facet normal -0.997859 0.0654027 0
    outer loop
      vertex -29.5 19.5 142
      vertex -29.4615 20.0874 150
      vertex -29.4615 20.0874 142
    endloop
  endfacet
  facet normal -0.997859 0.0654027 0
    outer loop
      vertex -29.4615 20.0874 150
      vertex -29.5 19.5 142
      vertex -29.5 19.5 150
    endloop
  endfacet
  facet normal -0.831475 0.555562 0
    outer loop
      vertex -28.8971 21.75 142
      vertex -28.5701 22.2394 150
      vertex -28.5701 22.2394 142
    endloop
  endfacet
  facet normal -0.831475 0.555562 0
    outer loop
      vertex -28.5701 22.2394 150
      vertex -28.8971 21.75 142
      vertex -28.8971 21.75 150
    endloop
  endfacet
  facet normal -0.0654027 0.997859 0
    outer loop
      vertex -25 24 142
      vertex -25.5874 23.9615 150
      vertex -25 24 150
    endloop
  endfacet
  facet normal -0.0654027 0.997859 0
    outer loop
      vertex -25.5874 23.9615 150
      vertex -25 24 142
      vertex -25.5874 23.9615 142
    endloop
  endfacet
  facet normal -0.555562 0.831475 0
    outer loop
      vertex -27.25 23.3971 142
      vertex -27.7394 23.0701 150
      vertex -27.25 23.3971 150
    endloop
  endfacet
  facet normal -0.555562 0.831475 0
    outer loop
      vertex -27.7394 23.0701 150
      vertex -27.25 23.3971 142
      vertex -27.7394 23.0701 142
    endloop
  endfacet
  facet normal -0.659298 0.751882 0
    outer loop
      vertex -27.7394 23.0701 142
      vertex -28.182 22.682 150
      vertex -27.7394 23.0701 150
    endloop
  endfacet
  facet normal -0.659298 0.751882 0
    outer loop
      vertex -28.182 22.682 150
      vertex -27.7394 23.0701 142
      vertex -28.182 22.682 142
    endloop
  endfacet
  facet normal 0.997859 0.0654027 0
    outer loop
      vertex -20.5 19.5 150
      vertex -20.5385 20.0874 142
      vertex -20.5385 20.0874 150
    endloop
  endfacet
  facet normal 0.997859 0.0654027 0
    outer loop
      vertex -20.5385 20.0874 142
      vertex -20.5 19.5 150
      vertex -20.5 19.5 142
    endloop
  endfacet
  facet normal 0.997859 -0.0654027 0
    outer loop
      vertex -20.5385 18.9126 150
      vertex -20.5 19.5 142
      vertex -20.5 19.5 150
    endloop
  endfacet
  facet normal 0.997859 -0.0654027 0
    outer loop
      vertex -20.5 19.5 142
      vertex -20.5385 18.9126 150
      vertex -20.5385 18.9126 142
    endloop
  endfacet
  facet normal 0.980796 -0.195038 0
    outer loop
      vertex -20.6533 18.3353 150
      vertex -20.5385 18.9126 142
      vertex -20.5385 18.9126 150
    endloop
  endfacet
  facet normal 0.980796 -0.195038 0
    outer loop
      vertex -20.5385 18.9126 142
      vertex -20.6533 18.3353 150
      vertex -20.6533 18.3353 142
    endloop
  endfacet
  facet normal -0.831475 -0.555562 0
    outer loop
      vertex -28.5701 16.7606 142
      vertex -28.8971 17.25 150
      vertex -28.8971 17.25 142
    endloop
  endfacet
  facet normal -0.831475 -0.555562 0
    outer loop
      vertex -28.8971 17.25 150
      vertex -28.5701 16.7606 142
      vertex -28.5701 16.7606 150
    endloop
  endfacet
  facet normal 0.195038 -0.980796 0
    outer loop
      vertex -24.4126 15.0385 142
      vertex -23.8353 15.1533 150
      vertex -24.4126 15.0385 150
    endloop
  endfacet
  facet normal 0.195038 -0.980796 0
    outer loop
      vertex -23.8353 15.1533 150
      vertex -24.4126 15.0385 142
      vertex -23.8353 15.1533 142
    endloop
  endfacet
  facet normal 0.442382 -0.896827 0
    outer loop
      vertex -23.2779 15.3425 142
      vertex -22.75 15.6029 150
      vertex -23.2779 15.3425 150
    endloop
  endfacet
  facet normal 0.442382 -0.896827 0
    outer loop
      vertex -22.75 15.6029 150
      vertex -23.2779 15.3425 142
      vertex -22.75 15.6029 142
    endloop
  endfacet
  facet normal 0.896827 0.442382 0
    outer loop
      vertex -20.8425 21.2221 150
      vertex -21.1029 21.75 142
      vertex -21.1029 21.75 150
    endloop
  endfacet
  facet normal 0.896827 0.442382 0
    outer loop
      vertex -21.1029 21.75 142
      vertex -20.8425 21.2221 150
      vertex -20.8425 21.2221 142
    endloop
  endfacet
  facet normal 0.946999 0.321235 0
    outer loop
      vertex -20.7502 20.95 150
      vertex -20.8425 21.2221 142
      vertex -20.8425 21.2221 150
    endloop
  endfacet
  facet normal 0.946876 0.321599 -0
    outer loop
      vertex -20.6533 20.6647 142
      vertex -20.7502 20.95 150
      vertex -20.6533 20.6647 150
    endloop
  endfacet
  facet normal 0.946936 0.321421 7.07144e-06
    outer loop
      vertex -20.7502 20.95 150
      vertex -20.6533 20.6647 142
      vertex -20.8425 21.2221 142
    endloop
  endfacet
  facet normal 0.896827 -0.442382 0
    outer loop
      vertex -21.1029 17.25 150
      vertex -20.8425 17.7779 142
      vertex -20.8425 17.7779 150
    endloop
  endfacet
  facet normal 0.896827 -0.442382 0
    outer loop
      vertex -20.8425 17.7779 142
      vertex -21.1029 17.25 150
      vertex -21.1029 17.25 142
    endloop
  endfacet
  facet normal 0.946936 -0.321421 0
    outer loop
      vertex -20.8425 17.7779 150
      vertex -20.6533 18.3353 142
      vertex -20.6533 18.3353 150
    endloop
  endfacet
  facet normal 0.946936 -0.321421 0
    outer loop
      vertex -20.6533 18.3353 142
      vertex -20.8425 17.7779 150
      vertex -20.8425 17.7779 142
    endloop
  endfacet
  facet normal 0.751882 -0.659298 0
    outer loop
      vertex -21.818 16.318 150
      vertex -21.4299 16.7606 142
      vertex -21.4299 16.7606 150
    endloop
  endfacet
  facet normal 0.751882 -0.659298 0
    outer loop
      vertex -21.4299 16.7606 142
      vertex -21.818 16.318 150
      vertex -21.818 16.318 142
    endloop
  endfacet
  facet normal 0.831475 -0.555562 0
    outer loop
      vertex -21.4299 16.7606 150
      vertex -21.1029 17.25 142
      vertex -21.1029 17.25 150
    endloop
  endfacet
  facet normal 0.831475 -0.555562 0
    outer loop
      vertex -21.1029 17.25 142
      vertex -21.4299 16.7606 150
      vertex -21.4299 16.7606 142
    endloop
  endfacet
  facet normal -0.0654027 -0.997859 0
    outer loop
      vertex -25.5874 15.0385 142
      vertex -25 15 150
      vertex -25.5874 15.0385 150
    endloop
  endfacet
  facet normal -0.0654027 -0.997859 -0
    outer loop
      vertex -25 15 150
      vertex -25.5874 15.0385 142
      vertex -25 15 142
    endloop
  endfacet
  facet normal -0.997859 -0.0654027 0
    outer loop
      vertex -29.4615 18.9126 142
      vertex -29.5 19.5 150
      vertex -29.5 19.5 142
    endloop
  endfacet
  facet normal -0.997859 -0.0654027 0
    outer loop
      vertex -29.5 19.5 150
      vertex -29.4615 18.9126 142
      vertex -29.4615 18.9126 150
    endloop
  endfacet
  facet normal -0.946936 -0.321421 0
    outer loop
      vertex -29.1575 17.7779 142
      vertex -29.3467 18.3353 150
      vertex -29.3467 18.3353 142
    endloop
  endfacet
  facet normal -0.946936 -0.321421 0
    outer loop
      vertex -29.3467 18.3353 150
      vertex -29.1575 17.7779 142
      vertex -29.1575 17.7779 150
    endloop
  endfacet
  facet normal -0.751882 -0.659298 0
    outer loop
      vertex -28.182 16.318 142
      vertex -28.5701 16.7606 150
      vertex -28.5701 16.7606 142
    endloop
  endfacet
  facet normal -0.751882 -0.659298 0
    outer loop
      vertex -28.5701 16.7606 150
      vertex -28.182 16.318 142
      vertex -28.182 16.318 150
    endloop
  endfacet
  facet normal 0.321421 -0.946936 0
    outer loop
      vertex -23.8353 15.1533 142
      vertex -23.2779 15.3425 150
      vertex -23.8353 15.1533 150
    endloop
  endfacet
  facet normal 0.321421 -0.946936 0
    outer loop
      vertex -23.2779 15.3425 150
      vertex -23.8353 15.1533 142
      vertex -23.2779 15.3425 142
    endloop
  endfacet
  facet normal 0.659298 -0.751882 0
    outer loop
      vertex -22.2606 15.9299 142
      vertex -21.818 16.318 150
      vertex -22.2606 15.9299 150
    endloop
  endfacet
  facet normal 0.659298 -0.751882 0
    outer loop
      vertex -21.818 16.318 150
      vertex -22.2606 15.9299 142
      vertex -21.818 16.318 142
    endloop
  endfacet
  facet normal 0.0654027 -0.997859 0
    outer loop
      vertex -25 15 142
      vertex -24.4126 15.0385 150
      vertex -25 15 150
    endloop
  endfacet
  facet normal 0.0654027 -0.997859 0
    outer loop
      vertex -24.4126 15.0385 150
      vertex -25 15 142
      vertex -24.4126 15.0385 142
    endloop
  endfacet
  facet normal -0.442382 -0.896827 0
    outer loop
      vertex -27.25 15.6029 142
      vertex -26.7221 15.3425 150
      vertex -27.25 15.6029 150
    endloop
  endfacet
  facet normal -0.442382 -0.896827 -0
    outer loop
      vertex -26.7221 15.3425 150
      vertex -27.25 15.6029 142
      vertex -26.7221 15.3425 142
    endloop
  endfacet
  facet normal -0.321421 -0.946936 0
    outer loop
      vertex -26.7221 15.3425 142
      vertex -26.1647 15.1533 150
      vertex -26.7221 15.3425 150
    endloop
  endfacet
  facet normal -0.321421 -0.946936 -0
    outer loop
      vertex -26.1647 15.1533 150
      vertex -26.7221 15.3425 142
      vertex -26.1647 15.1533 142
    endloop
  endfacet
  facet normal 0 0 -1
    outer loop
      vertex -23.3 19.5 142
      vertex -20.5 19.5 142
      vertex -20.5385 18.9126 142
    endloop
  endfacet
  facet normal 0 0 -1
    outer loop
      vertex -23.3145 19.2781 142
      vertex -20.5385 18.9126 142
      vertex -20.6533 18.3353 142
    endloop
  endfacet
  facet normal 0 0 -1
    outer loop
      vertex -20.5 19.5 142
      vertex -23.3 19.5 142
      vertex -20.5385 20.0874 142
    endloop
  endfacet
  facet normal 0 0 -1
    outer loop
      vertex -23.3579 19.06 142
      vertex -20.6533 18.3353 142
      vertex -20.8425 17.7779 142
    endloop
  endfacet
  facet normal 0 0 -1
    outer loop
      vertex -23.3145 19.7219 142
      vertex -20.5385 20.0874 142
      vertex -23.3 19.5 142
    endloop
  endfacet
  facet normal 0 0 -1
    outer loop
      vertex -23.4294 18.8494 142
      vertex -20.8425 17.7779 142
      vertex -21.1029 17.25 142
    endloop
  endfacet
  facet normal -0 0 -1
    outer loop
      vertex -20.5385 20.0874 142
      vertex -23.3145 19.7219 142
      vertex -20.6533 20.6647 142
    endloop
  endfacet
  facet normal 0 0 -1
    outer loop
      vertex -23.5278 18.65 142
      vertex -21.1029 17.25 142
      vertex -21.4299 16.7606 142
    endloop
  endfacet
  facet normal 0 0 -1
    outer loop
      vertex -23.3579 19.94 142
      vertex -20.6533 20.6647 142
      vertex -23.3145 19.7219 142
    endloop
  endfacet
  facet normal 0 0 -1
    outer loop
      vertex -23.6513 18.4651 142
      vertex -21.4299 16.7606 142
      vertex -21.818 16.318 142
    endloop
  endfacet
  facet normal -0 0 -1
    outer loop
      vertex -20.6533 20.6647 142
      vertex -23.3579 19.94 142
      vertex -20.8425 21.2221 142
    endloop
  endfacet
  facet normal 0 0 -1
    outer loop
      vertex -23.7979 18.2979 142
      vertex -21.818 16.318 142
      vertex -22.2606 15.9299 142
    endloop
  endfacet
  facet normal 0 0 -1
    outer loop
      vertex -23.4294 20.1506 142
      vertex -20.8425 21.2221 142
      vertex -23.3579 19.94 142
    endloop
  endfacet
  facet normal 0 0 -1
    outer loop
      vertex -23.9651 18.1513 142
      vertex -22.2606 15.9299 142
      vertex -22.75 15.6029 142
    endloop
  endfacet
  facet normal -0 0 -1
    outer loop
      vertex -20.8425 21.2221 142
      vertex -23.4294 20.1506 142
      vertex -21.1029 21.75 142
    endloop
  endfacet
  facet normal 0 0 -1
    outer loop
      vertex -24.15 18.0278 142
      vertex -22.75 15.6029 142
      vertex -23.2779 15.3425 142
    endloop
  endfacet
  facet normal 0 0 -1
    outer loop
      vertex -23.5278 20.35 142
      vertex -21.1029 21.75 142
      vertex -23.4294 20.1506 142
    endloop
  endfacet
  facet normal -0 0 -1
    outer loop
      vertex -21.1029 21.75 142
      vertex -23.5278 20.35 142
      vertex -21.4299 22.2394 142
    endloop
  endfacet
  facet normal 0 0 -1
    outer loop
      vertex -20.5385 18.9126 142
      vertex -23.3145 19.2781 142
      vertex -23.3 19.5 142
    endloop
  endfacet
  facet normal 0 0 -1
    outer loop
      vertex -20.6533 18.3353 142
      vertex -23.3579 19.06 142
      vertex -23.3145 19.2781 142
    endloop
  endfacet
  facet normal 0 0 -1
    outer loop
      vertex -20.8425 17.7779 142
      vertex -23.4294 18.8494 142
      vertex -23.3579 19.06 142
    endloop
  endfacet
  facet normal 0 0 -1
    outer loop
      vertex -21.1029 17.25 142
      vertex -23.5278 18.65 142
      vertex -23.4294 18.8494 142
    endloop
  endfacet
  facet normal 0 0 -1
    outer loop
      vertex -21.4299 16.7606 142
      vertex -23.6513 18.4651 142
      vertex -23.5278 18.65 142
    endloop
  endfacet
  facet normal 0 0 -1
    outer loop
      vertex -21.818 16.318 142
      vertex -23.7979 18.2979 142
      vertex -23.6513 18.4651 142
    endloop
  endfacet
  facet normal 0 0 -1
    outer loop
      vertex -24.3494 17.9294 142
      vertex -23.2779 15.3425 142
      vertex -23.8353 15.1533 142
    endloop
  endfacet
  facet normal 0 0 -1
    outer loop
      vertex -22.2606 15.9299 142
      vertex -23.9651 18.1513 142
      vertex -23.7979 18.2979 142
    endloop
  endfacet
  facet normal 0 0 -1
    outer loop
      vertex -22.75 15.6029 142
      vertex -24.15 18.0278 142
      vertex -23.9651 18.1513 142
    endloop
  endfacet
  facet normal 0 0 -1
    outer loop
      vertex -23.2779 15.3425 142
      vertex -24.3494 17.9294 142
      vertex -24.15 18.0278 142
    endloop
  endfacet
  facet normal 0 0 -1
    outer loop
      vertex -24.56 17.8579 142
      vertex -23.8353 15.1533 142
      vertex -24.4126 15.0385 142
    endloop
  endfacet
  facet normal 0 0 -1
    outer loop
      vertex -23.8353 15.1533 142
      vertex -24.56 17.8579 142
      vertex -24.3494 17.9294 142
    endloop
  endfacet
  facet normal 0 0 -1
    outer loop
      vertex -24.4126 15.0385 142
      vertex -24.7781 17.8145 142
      vertex -24.56 17.8579 142
    endloop
  endfacet
  facet normal 0 0 -1
    outer loop
      vertex -25 15 142
      vertex -24.7781 17.8145 142
      vertex -24.4126 15.0385 142
    endloop
  endfacet
  facet normal 0 0 -1
    outer loop
      vertex -25 15 142
      vertex -25 17.8 142
      vertex -24.7781 17.8145 142
    endloop
  endfacet
  facet normal 0 0 -1
    outer loop
      vertex -25 15 142
      vertex -25.2219 17.8145 142
      vertex -25 17.8 142
    endloop
  endfacet
  facet normal 0 0 -1
    outer loop
      vertex -25.5874 15.0385 142
      vertex -25.2219 17.8145 142
      vertex -25 15 142
    endloop
  endfacet
  facet normal -0 0 -1
    outer loop
      vertex -25.2219 17.8145 142
      vertex -25.5874 15.0385 142
      vertex -25.44 17.8579 142
    endloop
  endfacet
  facet normal 0 0 -1
    outer loop
      vertex -26.1647 15.1533 142
      vertex -25.44 17.8579 142
      vertex -25.5874 15.0385 142
    endloop
  endfacet
  facet normal -0 0 -1
    outer loop
      vertex -25.44 17.8579 142
      vertex -26.1647 15.1533 142
      vertex -25.6506 17.9294 142
    endloop
  endfacet
  facet normal 0 0 -1
    outer loop
      vertex -26.7221 15.3425 142
      vertex -25.6506 17.9294 142
      vertex -26.1647 15.1533 142
    endloop
  endfacet
  facet normal -0 0 -1
    outer loop
      vertex -25.6506 17.9294 142
      vertex -26.7221 15.3425 142
      vertex -25.85 18.0278 142
    endloop
  endfacet
  facet normal 0 0 -1
    outer loop
      vertex -27.25 15.6029 142
      vertex -25.85 18.0278 142
      vertex -26.7221 15.3425 142
    endloop
  endfacet
  facet normal -0 0 -1
    outer loop
      vertex -25.85 18.0278 142
      vertex -27.25 15.6029 142
      vertex -26.0349 18.1513 142
    endloop
  endfacet
  facet normal 0 0 -1
    outer loop
      vertex -27.7394 15.9299 142
      vertex -26.0349 18.1513 142
      vertex -27.25 15.6029 142
    endloop
  endfacet
  facet normal -0 0 -1
    outer loop
      vertex -26.0349 18.1513 142
      vertex -27.7394 15.9299 142
      vertex -26.2021 18.2979 142
    endloop
  endfacet
  facet normal 0 0 -1
    outer loop
      vertex -28.182 16.318 142
      vertex -26.2021 18.2979 142
      vertex -27.7394 15.9299 142
    endloop
  endfacet
  facet normal -0 0 -1
    outer loop
      vertex -26.2021 18.2979 142
      vertex -28.182 16.318 142
      vertex -26.3487 18.4651 142
    endloop
  endfacet
  facet normal -0 0 -1
    outer loop
      vertex -26.3487 18.4651 142
      vertex -28.5701 16.7606 142
      vertex -26.4722 18.65 142
    endloop
  endfacet
  facet normal 0 0 -1
    outer loop
      vertex -28.5701 16.7606 142
      vertex -26.3487 18.4651 142
      vertex -28.182 16.318 142
    endloop
  endfacet
  facet normal 0 0 -1
    outer loop
      vertex -23.6513 20.5349 142
      vertex -21.4299 22.2394 142
      vertex -23.5278 20.35 142
    endloop
  endfacet
  facet normal -0 0 -1
    outer loop
      vertex -21.4299 22.2394 142
      vertex -23.6513 20.5349 142
      vertex -21.818 22.682 142
    endloop
  endfacet
  facet normal 0 0 -1
    outer loop
      vertex -23.7979 20.7021 142
      vertex -21.818 22.682 142
      vertex -23.6513 20.5349 142
    endloop
  endfacet
  facet normal -0 0 -1
    outer loop
      vertex -21.818 22.682 142
      vertex -23.7979 20.7021 142
      vertex -22.2606 23.0701 142
    endloop
  endfacet
  facet normal 0 0 -1
    outer loop
      vertex -23.9651 20.8487 142
      vertex -22.2606 23.0701 142
      vertex -23.7979 20.7021 142
    endloop
  endfacet
  facet normal -0 0 -1
    outer loop
      vertex -22.2606 23.0701 142
      vertex -23.9651 20.8487 142
      vertex -22.75 23.3971 142
    endloop
  endfacet
  facet normal 0 0 -1
    outer loop
      vertex -24.15 20.9722 142
      vertex -22.75 23.3971 142
      vertex -23.9651 20.8487 142
    endloop
  endfacet
  facet normal -0 0 -1
    outer loop
      vertex -22.75 23.3971 142
      vertex -24.15 20.9722 142
      vertex -23.2779 23.6575 142
    endloop
  endfacet
  facet normal 0 0 -1
    outer loop
      vertex -24.3494 21.0706 142
      vertex -23.2779 23.6575 142
      vertex -24.15 20.9722 142
    endloop
  endfacet
  facet normal -0 0 -1
    outer loop
      vertex -23.2779 23.6575 142
      vertex -24.3494 21.0706 142
      vertex -23.8353 23.8467 142
    endloop
  endfacet
  facet normal 0 0 -1
    outer loop
      vertex -24.56 21.1421 142
      vertex -23.8353 23.8467 142
      vertex -24.3494 21.0706 142
    endloop
  endfacet
  facet normal -0 0 -1
    outer loop
      vertex -23.8353 23.8467 142
      vertex -24.56 21.1421 142
      vertex -24.4126 23.9615 142
    endloop
  endfacet
  facet normal 0 0 -1
    outer loop
      vertex -24.7781 21.1855 142
      vertex -24.4126 23.9615 142
      vertex -24.56 21.1421 142
    endloop
  endfacet
  facet normal 0 0 -1
    outer loop
      vertex -25 21.2 142
      vertex -24.4126 23.9615 142
      vertex -24.7781 21.1855 142
    endloop
  endfacet
  facet normal 0 0 -1
    outer loop
      vertex -25 21.2 142
      vertex -25 24 142
      vertex -24.4126 23.9615 142
    endloop
  endfacet
  facet normal 0 0 -1
    outer loop
      vertex -25.2219 21.1855 142
      vertex -25 24 142
      vertex -25 21.2 142
    endloop
  endfacet
  facet normal 0 0 -1
    outer loop
      vertex -25.5874 23.9615 142
      vertex -25.2219 21.1855 142
      vertex -25.44 21.1421 142
    endloop
  endfacet
  facet normal 0 0 -1
    outer loop
      vertex -25.2219 21.1855 142
      vertex -25.5874 23.9615 142
      vertex -25 24 142
    endloop
  endfacet
  facet normal 0 0 -1
    outer loop
      vertex -26.1647 23.8467 142
      vertex -25.44 21.1421 142
      vertex -25.6506 21.0706 142
    endloop
  endfacet
  facet normal 0 0 -1
    outer loop
      vertex -26.7221 23.6575 142
      vertex -25.6506 21.0706 142
      vertex -25.85 20.9722 142
    endloop
  endfacet
  facet normal 0 0 -1
    outer loop
      vertex -27.25 23.3971 142
      vertex -25.85 20.9722 142
      vertex -26.0349 20.8487 142
    endloop
  endfacet
  facet normal 0 0 -1
    outer loop
      vertex -25.44 21.1421 142
      vertex -26.1647 23.8467 142
      vertex -25.5874 23.9615 142
    endloop
  endfacet
  facet normal 0 0 -1
    outer loop
      vertex -27.7394 23.0701 142
      vertex -26.0349 20.8487 142
      vertex -26.2021 20.7021 142
    endloop
  endfacet
  facet normal 0 0 -1
    outer loop
      vertex -28.182 22.682 142
      vertex -26.2021 20.7021 142
      vertex -26.3487 20.5349 142
    endloop
  endfacet
  facet normal 0 0 -1
    outer loop
      vertex -28.5701 22.2394 142
      vertex -26.3487 20.5349 142
      vertex -26.4722 20.35 142
    endloop
  endfacet
  facet normal 0 0 -1
    outer loop
      vertex -28.8971 21.75 142
      vertex -26.4722 20.35 142
      vertex -26.5706 20.1506 142
    endloop
  endfacet
  facet normal 0 0 -1
    outer loop
      vertex -29.1575 21.2221 142
      vertex -26.5706 20.1506 142
      vertex -26.6421 19.94 142
    endloop
  endfacet
  facet normal 0 0 -1
    outer loop
      vertex -29.3467 20.6647 142
      vertex -26.6421 19.94 142
      vertex -26.6855 19.7219 142
    endloop
  endfacet
  facet normal 0 0 -1
    outer loop
      vertex -25.6506 21.0706 142
      vertex -26.7221 23.6575 142
      vertex -26.1647 23.8467 142
    endloop
  endfacet
  facet normal 0 0 -1
    outer loop
      vertex -29.4615 20.0874 142
      vertex -26.6855 19.7219 142
      vertex -26.7 19.5 142
    endloop
  endfacet
  facet normal 0 0 -1
    outer loop
      vertex -28.8971 17.25 142
      vertex -26.4722 18.65 142
      vertex -28.5701 16.7606 142
    endloop
  endfacet
  facet normal -0 0 -1
    outer loop
      vertex -26.4722 18.65 142
      vertex -28.8971 17.25 142
      vertex -26.5706 18.8494 142
    endloop
  endfacet
  facet normal 0 0 -1
    outer loop
      vertex -25.85 20.9722 142
      vertex -27.25 23.3971 142
      vertex -26.7221 23.6575 142
    endloop
  endfacet
  facet normal 0 0 -1
    outer loop
      vertex -29.1575 17.7779 142
      vertex -26.5706 18.8494 142
      vertex -28.8971 17.25 142
    endloop
  endfacet
  facet normal 0 0 -1
    outer loop
      vertex -26.0349 20.8487 142
      vertex -27.7394 23.0701 142
      vertex -27.25 23.3971 142
    endloop
  endfacet
  facet normal -0 0 -1
    outer loop
      vertex -26.5706 18.8494 142
      vertex -29.1575 17.7779 142
      vertex -26.6421 19.06 142
    endloop
  endfacet
  facet normal 0 0 -1
    outer loop
      vertex -26.2021 20.7021 142
      vertex -28.182 22.682 142
      vertex -27.7394 23.0701 142
    endloop
  endfacet
  facet normal 0 0 -1
    outer loop
      vertex -29.3467 18.3353 142
      vertex -26.6421 19.06 142
      vertex -29.1575 17.7779 142
    endloop
  endfacet
  facet normal 0 0 -1
    outer loop
      vertex -26.3487 20.5349 142
      vertex -28.5701 22.2394 142
      vertex -28.182 22.682 142
    endloop
  endfacet
  facet normal -0 0 -1
    outer loop
      vertex -26.6421 19.06 142
      vertex -29.3467 18.3353 142
      vertex -26.6855 19.2781 142
    endloop
  endfacet
  facet normal 0 0 -1
    outer loop
      vertex -26.4722 20.35 142
      vertex -28.8971 21.75 142
      vertex -28.5701 22.2394 142
    endloop
  endfacet
  facet normal 0 0 -1
    outer loop
      vertex -29.4615 18.9126 142
      vertex -26.6855 19.2781 142
      vertex -29.3467 18.3353 142
    endloop
  endfacet
  facet normal 0 0 -1
    outer loop
      vertex -26.5706 20.1506 142
      vertex -29.1575 21.2221 142
      vertex -28.8971 21.75 142
    endloop
  endfacet
  facet normal -0 0 -1
    outer loop
      vertex -26.6855 19.2781 142
      vertex -29.4615 18.9126 142
      vertex -26.7 19.5 142
    endloop
  endfacet
  facet normal 0 0 -1
    outer loop
      vertex -26.6421 19.94 142
      vertex -29.3467 20.6647 142
      vertex -29.1575 21.2221 142
    endloop
  endfacet
  facet normal 0 0 -1
    outer loop
      vertex -29.5 19.5 142
      vertex -26.7 19.5 142
      vertex -29.4615 18.9126 142
    endloop
  endfacet
  facet normal 0 0 -1
    outer loop
      vertex -26.6855 19.7219 142
      vertex -29.4615 20.0874 142
      vertex -29.3467 20.6647 142
    endloop
  endfacet
  facet normal 0 0 -1
    outer loop
      vertex -26.7 19.5 142
      vertex -29.5 19.5 142
      vertex -29.4615 20.0874 142
    endloop
  endfacet
  facet normal -0.980796 -0.195038 0
    outer loop
      vertex -29.3467 18.3353 142
      vertex -29.4615 18.9126 150
      vertex -29.4615 18.9126 142
    endloop
  endfacet
  facet normal -0.980796 -0.195038 0
    outer loop
      vertex -29.4615 18.9126 150
      vertex -29.3467 18.3353 142
      vertex -29.3467 18.3353 150
    endloop
  endfacet
  facet normal -0.555562 -0.831475 0
    outer loop
      vertex -27.7394 15.9299 142
      vertex -27.25 15.6029 150
      vertex -27.7394 15.9299 150
    endloop
  endfacet
  facet normal -0.555562 -0.831475 -0
    outer loop
      vertex -27.25 15.6029 150
      vertex -27.7394 15.9299 142
      vertex -27.25 15.6029 142
    endloop
  endfacet
  facet normal -0.195038 -0.980796 0
    outer loop
      vertex -26.1647 15.1533 142
      vertex -25.5874 15.0385 150
      vertex -26.1647 15.1533 150
    endloop
  endfacet
  facet normal -0.195038 -0.980796 -0
    outer loop
      vertex -25.5874 15.0385 150
      vertex -26.1647 15.1533 142
      vertex -25.5874 15.0385 142
    endloop
  endfacet
  facet normal -0.831566 -0.555426 0
    outer loop
      vertex -23.5278 20.35 142
      vertex -23.6513 20.5349 150
      vertex -23.6513 20.5349 142
    endloop
  endfacet
  facet normal -0.831566 -0.555426 0
    outer loop
      vertex -23.6513 20.5349 150
      vertex -23.5278 20.35 142
      vertex -23.5278 20.35 150
    endloop
  endfacet
  facet normal -0.321484 -0.946915 0
    outer loop
      vertex -24.56 21.1421 142
      vertex -24.3494 21.0706 150
      vertex -24.56 21.1421 150
    endloop
  endfacet
  facet normal -0.321484 -0.946915 -0
    outer loop
      vertex -24.3494 21.0706 150
      vertex -24.56 21.1421 142
      vertex -24.3494 21.0706 142
    endloop
  endfacet
  facet normal 0.44253 -0.896754 0
    outer loop
      vertex -25.85 20.9722 142
      vertex -25.6506 21.0706 150
      vertex -25.85 20.9722 150
    endloop
  endfacet
  facet normal 0.44253 -0.896754 0
    outer loop
      vertex -25.6506 21.0706 150
      vertex -25.85 20.9722 142
      vertex -25.6506 21.0706 142
    endloop
  endfacet
  facet normal 0.946915 -0.321484 0
    outer loop
      vertex -26.6421 19.94 150
      vertex -26.5706 20.1506 142
      vertex -26.5706 20.1506 150
    endloop
  endfacet
  facet normal 0.946915 -0.321484 0
    outer loop
      vertex -26.5706 20.1506 142
      vertex -26.6421 19.94 150
      vertex -26.6421 19.94 142
    endloop
  endfacet
  facet normal -0.98077 0.195165 0
    outer loop
      vertex -23.3579 19.06 142
      vertex -23.3145 19.2781 150
      vertex -23.3145 19.2781 142
    endloop
  endfacet
  facet normal -0.98077 0.195165 0
    outer loop
      vertex -23.3145 19.2781 150
      vertex -23.3579 19.06 142
      vertex -23.3579 19.06 150
    endloop
  endfacet
  facet normal -0.98077 -0.195165 0
    outer loop
      vertex -23.3145 19.7219 142
      vertex -23.3579 19.94 150
      vertex -23.3579 19.94 142
    endloop
  endfacet
  facet normal -0.98077 -0.195165 0
    outer loop
      vertex -23.3579 19.94 150
      vertex -23.3145 19.7219 142
      vertex -23.3145 19.7219 150
    endloop
  endfacet
  facet normal 0.0652057 -0.997872 0
    outer loop
      vertex -25.2219 21.1855 142
      vertex -25 21.2 150
      vertex -25.2219 21.1855 150
    endloop
  endfacet
  facet normal 0.0652057 -0.997872 0
    outer loop
      vertex -25 21.2 150
      vertex -25.2219 21.1855 142
      vertex -25 21.2 142
    endloop
  endfacet
  facet normal -0.44253 -0.896754 0
    outer loop
      vertex -24.3494 21.0706 142
      vertex -24.15 20.9722 150
      vertex -24.3494 21.0706 150
    endloop
  endfacet
  facet normal -0.44253 -0.896754 -0
    outer loop
      vertex -24.15 20.9722 150
      vertex -24.3494 21.0706 142
      vertex -24.15 20.9722 142
    endloop
  endfacet
  facet normal 0.997872 0.0652057 0
    outer loop
      vertex -26.6855 19.2781 150
      vertex -26.7 19.5 142
      vertex -26.7 19.5 150
    endloop
  endfacet
  facet normal 0.997872 0.0652057 0
    outer loop
      vertex -26.7 19.5 142
      vertex -26.6855 19.2781 150
      vertex -26.6855 19.2781 142
    endloop
  endfacet
  facet normal 0.831566 -0.555426 0
    outer loop
      vertex -26.4722 20.35 150
      vertex -26.3487 20.5349 142
      vertex -26.3487 20.5349 150
    endloop
  endfacet
  facet normal 0.831566 -0.555426 0
    outer loop
      vertex -26.3487 20.5349 142
      vertex -26.4722 20.35 150
      vertex -26.4722 20.35 142
    endloop
  endfacet
  facet normal 0.555586 -0.831459 0
    outer loop
      vertex -26.0349 20.8487 142
      vertex -25.8833 20.95 150
      vertex -26.0349 20.8487 150
    endloop
  endfacet
  facet normal 0.555426 -0.831566 4.36808e-06
    outer loop
      vertex -25.85 20.9722 142
      vertex -25.8833 20.95 150
      vertex -26.0349 20.8487 142
    endloop
  endfacet
  facet normal 0.5547 -0.83205 0
    outer loop
      vertex -25.8833 20.95 150
      vertex -25.85 20.9722 142
      vertex -25.85 20.9722 150
    endloop
  endfacet
  facet normal 0.195165 -0.98077 0
    outer loop
      vertex -25.44 21.1421 142
      vertex -25.2219 21.1855 150
      vertex -25.44 21.1421 150
    endloop
  endfacet
  facet normal 0.195165 -0.98077 0
    outer loop
      vertex -25.2219 21.1855 150
      vertex -25.44 21.1421 142
      vertex -25.2219 21.1855 142
    endloop
  endfacet
  facet normal -0.997872 -0.0652057 0
    outer loop
      vertex -23.3 19.5 142
      vertex -23.3145 19.7219 150
      vertex -23.3145 19.7219 142
    endloop
  endfacet
  facet normal -0.997872 -0.0652057 0
    outer loop
      vertex -23.3145 19.7219 150
      vertex -23.3 19.5 142
      vertex -23.3 19.5 150
    endloop
  endfacet
  facet normal -0.946915 0.321484 0
    outer loop
      vertex -23.4294 18.8494 142
      vertex -23.3579 19.06 150
      vertex -23.3579 19.06 142
    endloop
  endfacet
  facet normal -0.946915 0.321484 0
    outer loop
      vertex -23.3579 19.06 150
      vertex -23.4294 18.8494 142
      vertex -23.4294 18.8494 150
    endloop
  endfacet
  facet normal 0.555426 0.831566 -0
    outer loop
      vertex -25.85 18.0278 142
      vertex -26.0349 18.1513 150
      vertex -25.85 18.0278 150
    endloop
  endfacet
  facet normal 0.555426 0.831566 0
    outer loop
      vertex -26.0349 18.1513 150
      vertex -25.85 18.0278 142
      vertex -26.0349 18.1513 142
    endloop
  endfacet
  facet normal 0.831566 0.555426 0
    outer loop
      vertex -26.3487 18.4651 150
      vertex -26.4722 18.65 142
      vertex -26.4722 18.65 150
    endloop
  endfacet
  facet normal 0.831566 0.555426 0
    outer loop
      vertex -26.4722 18.65 142
      vertex -26.3487 18.4651 150
      vertex -26.3487 18.4651 142
    endloop
  endfacet
  facet normal -0.555426 0.831566 0
    outer loop
      vertex -23.9651 18.1513 142
      vertex -24.15 18.0278 150
      vertex -23.9651 18.1513 150
    endloop
  endfacet
  facet normal -0.555426 0.831566 0
    outer loop
      vertex -24.15 18.0278 150
      vertex -23.9651 18.1513 142
      vertex -24.15 18.0278 142
    endloop
  endfacet
  facet normal -0.659268 -0.751908 0
    outer loop
      vertex -23.9651 20.8487 142
      vertex -23.7979 20.7021 150
      vertex -23.9651 20.8487 150
    endloop
  endfacet
  facet normal -0.659268 -0.751908 -0
    outer loop
      vertex -23.7979 20.7021 150
      vertex -23.9651 20.8487 142
      vertex -23.7979 20.7021 142
    endloop
  endfacet
  facet normal -0.195165 -0.98077 0
    outer loop
      vertex -24.7781 21.1855 142
      vertex -24.56 21.1421 150
      vertex -24.7781 21.1855 150
    endloop
  endfacet
  facet normal -0.195165 -0.98077 -0
    outer loop
      vertex -24.56 21.1421 150
      vertex -24.7781 21.1855 142
      vertex -24.56 21.1421 142
    endloop
  endfacet
  facet normal -0.0652057 -0.997872 0
    outer loop
      vertex -25 21.2 142
      vertex -24.7781 21.1855 150
      vertex -25 21.2 150
    endloop
  endfacet
  facet normal -0.0652057 -0.997872 -0
    outer loop
      vertex -24.7781 21.1855 150
      vertex -25 21.2 142
      vertex -24.7781 21.1855 142
    endloop
  endfacet
  facet normal -0.5547 -0.83205 0
    outer loop
      vertex -24.15 20.9722 142
      vertex -24.1167 20.95 150
      vertex -24.15 20.9722 150
    endloop
  endfacet
  facet normal -0.555586 -0.831459 5.32688e-06
    outer loop
      vertex -24.1167 20.95 150
      vertex -24.15 20.9722 142
      vertex -23.9651 20.8487 150
    endloop
  endfacet
  facet normal -0.555426 -0.831566 -0
    outer loop
      vertex -23.9651 20.8487 150
      vertex -24.15 20.9722 142
      vertex -23.9651 20.8487 142
    endloop
  endfacet
  facet normal 0.98077 -0.195165 0
    outer loop
      vertex -26.6855 19.7219 150
      vertex -26.6421 19.94 142
      vertex -26.6421 19.94 150
    endloop
  endfacet
  facet normal 0.98077 -0.195165 0
    outer loop
      vertex -26.6421 19.94 142
      vertex -26.6855 19.7219 150
      vertex -26.6855 19.7219 142
    endloop
  endfacet
  facet normal 0.997872 -0.0652057 0
    outer loop
      vertex -26.7 19.5 150
      vertex -26.6855 19.7219 142
      vertex -26.6855 19.7219 150
    endloop
  endfacet
  facet normal 0.997872 -0.0652057 0
    outer loop
      vertex -26.6855 19.7219 142
      vertex -26.7 19.5 150
      vertex -26.7 19.5 142
    endloop
  endfacet
  facet normal 0.896754 -0.44253 0
    outer loop
      vertex -26.5706 20.1506 150
      vertex -26.4722 20.35 142
      vertex -26.4722 20.35 150
    endloop
  endfacet
  facet normal 0.896754 -0.44253 0
    outer loop
      vertex -26.4722 20.35 142
      vertex -26.5706 20.1506 150
      vertex -26.5706 20.1506 142
    endloop
  endfacet
  facet normal 0.321484 -0.946915 0
    outer loop
      vertex -25.6506 21.0706 142
      vertex -25.44 21.1421 150
      vertex -25.6506 21.0706 150
    endloop
  endfacet
  facet normal 0.321484 -0.946915 0
    outer loop
      vertex -25.44 21.1421 150
      vertex -25.6506 21.0706 142
      vertex -25.44 21.1421 142
    endloop
  endfacet
  facet normal 0.659268 -0.751908 0
    outer loop
      vertex -26.2021 20.7021 142
      vertex -26.0349 20.8487 150
      vertex -26.2021 20.7021 150
    endloop
  endfacet
  facet normal 0.659268 -0.751908 0
    outer loop
      vertex -26.0349 20.8487 150
      vertex -26.2021 20.7021 142
      vertex -26.0349 20.8487 142
    endloop
  endfacet
  facet normal 0.751908 -0.659268 0
    outer loop
      vertex -26.3487 20.5349 150
      vertex -26.2021 20.7021 142
      vertex -26.2021 20.7021 150
    endloop
  endfacet
  facet normal 0.751908 -0.659268 0
    outer loop
      vertex -26.2021 20.7021 142
      vertex -26.3487 20.5349 150
      vertex -26.3487 20.5349 142
    endloop
  endfacet
  facet normal -0.997872 0.0652057 0
    outer loop
      vertex -23.3145 19.2781 142
      vertex -23.3 19.5 150
      vertex -23.3 19.5 142
    endloop
  endfacet
  facet normal -0.997872 0.0652057 0
    outer loop
      vertex -23.3 19.5 150
      vertex -23.3145 19.2781 142
      vertex -23.3145 19.2781 150
    endloop
  endfacet
  facet normal -0.831566 0.555426 0
    outer loop
      vertex -23.6513 18.4651 142
      vertex -23.5278 18.65 150
      vertex -23.5278 18.65 142
    endloop
  endfacet
  facet normal -0.831566 0.555426 0
    outer loop
      vertex -23.5278 18.65 150
      vertex -23.6513 18.4651 142
      vertex -23.6513 18.4651 150
    endloop
  endfacet
  facet normal 0.98077 0.195165 0
    outer loop
      vertex -26.6421 19.06 150
      vertex -26.6855 19.2781 142
      vertex -26.6855 19.2781 150
    endloop
  endfacet
  facet normal 0.98077 0.195165 0
    outer loop
      vertex -26.6855 19.2781 142
      vertex -26.6421 19.06 150
      vertex -26.6421 19.06 142
    endloop
  endfacet
  facet normal 0.751908 0.659268 0
    outer loop
      vertex -26.2021 18.2979 150
      vertex -26.3487 18.4651 142
      vertex -26.3487 18.4651 150
    endloop
  endfacet
  facet normal 0.751908 0.659268 0
    outer loop
      vertex -26.3487 18.4651 142
      vertex -26.2021 18.2979 150
      vertex -26.2021 18.2979 142
    endloop
  endfacet
  facet normal -0.195165 0.98077 0
    outer loop
      vertex -24.56 17.8579 142
      vertex -24.7781 17.8145 150
      vertex -24.56 17.8579 150
    endloop
  endfacet
  facet normal -0.195165 0.98077 0
    outer loop
      vertex -24.7781 17.8145 150
      vertex -24.56 17.8579 142
      vertex -24.7781 17.8145 142
    endloop
  endfacet
  facet normal -0.659268 0.751908 0
    outer loop
      vertex -23.7979 18.2979 142
      vertex -23.9651 18.1513 150
      vertex -23.7979 18.2979 150
    endloop
  endfacet
  facet normal -0.659268 0.751908 0
    outer loop
      vertex -23.9651 18.1513 150
      vertex -23.7979 18.2979 142
      vertex -23.9651 18.1513 142
    endloop
  endfacet
  facet normal -0.896754 -0.44253 0
    outer loop
      vertex -23.4294 20.1506 142
      vertex -23.5278 20.35 150
      vertex -23.5278 20.35 142
    endloop
  endfacet
  facet normal -0.896754 -0.44253 0
    outer loop
      vertex -23.5278 20.35 150
      vertex -23.4294 20.1506 142
      vertex -23.4294 20.1506 150
    endloop
  endfacet
  facet normal -0.946915 -0.321484 0
    outer loop
      vertex -23.3579 19.94 142
      vertex -23.4294 20.1506 150
      vertex -23.4294 20.1506 142
    endloop
  endfacet
  facet normal -0.946915 -0.321484 0
    outer loop
      vertex -23.4294 20.1506 150
      vertex -23.3579 19.94 142
      vertex -23.3579 19.94 150
    endloop
  endfacet
  facet normal -0.751908 -0.659268 0
    outer loop
      vertex -23.6513 20.5349 142
      vertex -23.7979 20.7021 150
      vertex -23.7979 20.7021 142
    endloop
  endfacet
  facet normal -0.751908 -0.659268 0
    outer loop
      vertex -23.7979 20.7021 150
      vertex -23.6513 20.5349 142
      vertex -23.6513 20.5349 150
    endloop
  endfacet
  facet normal -0.896754 0.44253 0
    outer loop
      vertex -23.5278 18.65 142
      vertex -23.4294 18.8494 150
      vertex -23.4294 18.8494 142
    endloop
  endfacet
  facet normal -0.896754 0.44253 0
    outer loop
      vertex -23.4294 18.8494 150
      vertex -23.5278 18.65 142
      vertex -23.5278 18.65 150
    endloop
  endfacet
  facet normal -0.0652057 0.997872 0
    outer loop
      vertex -24.7781 17.8145 142
      vertex -25 17.8 150
      vertex -24.7781 17.8145 150
    endloop
  endfacet
  facet normal -0.0652057 0.997872 0
    outer loop
      vertex -25 17.8 150
      vertex -24.7781 17.8145 142
      vertex -25 17.8 142
    endloop
  endfacet
  facet normal 0.896754 0.44253 0
    outer loop
      vertex -26.4722 18.65 150
      vertex -26.5706 18.8494 142
      vertex -26.5706 18.8494 150
    endloop
  endfacet
  facet normal 0.896754 0.44253 0
    outer loop
      vertex -26.5706 18.8494 142
      vertex -26.4722 18.65 150
      vertex -26.4722 18.65 142
    endloop
  endfacet
  facet normal 0.946915 0.321484 0
    outer loop
      vertex -26.5706 18.8494 150
      vertex -26.6421 19.06 142
      vertex -26.6421 19.06 150
    endloop
  endfacet
  facet normal 0.946915 0.321484 0
    outer loop
      vertex -26.6421 19.06 142
      vertex -26.5706 18.8494 150
      vertex -26.5706 18.8494 142
    endloop
  endfacet
  facet normal 0.659268 0.751908 -0
    outer loop
      vertex -26.0349 18.1513 142
      vertex -26.2021 18.2979 150
      vertex -26.0349 18.1513 150
    endloop
  endfacet
  facet normal 0.659268 0.751908 0
    outer loop
      vertex -26.2021 18.2979 150
      vertex -26.0349 18.1513 142
      vertex -26.2021 18.2979 142
    endloop
  endfacet
  facet normal -0.44253 0.896754 0
    outer loop
      vertex -24.15 18.0278 142
      vertex -24.3494 17.9294 150
      vertex -24.15 18.0278 150
    endloop
  endfacet
  facet normal -0.44253 0.896754 0
    outer loop
      vertex -24.3494 17.9294 150
      vertex -24.15 18.0278 142
      vertex -24.3494 17.9294 142
    endloop
  endfacet
  facet normal -0.321484 0.946915 0
    outer loop
      vertex -24.3494 17.9294 142
      vertex -24.56 17.8579 150
      vertex -24.3494 17.9294 150
    endloop
  endfacet
  facet normal -0.321484 0.946915 0
    outer loop
      vertex -24.56 17.8579 150
      vertex -24.3494 17.9294 142
      vertex -24.56 17.8579 142
    endloop
  endfacet
  facet normal -0.751908 0.659268 0
    outer loop
      vertex -23.7979 18.2979 142
      vertex -23.6513 18.4651 150
      vertex -23.6513 18.4651 142
    endloop
  endfacet
  facet normal -0.751908 0.659268 0
    outer loop
      vertex -23.6513 18.4651 150
      vertex -23.7979 18.2979 142
      vertex -23.7979 18.2979 150
    endloop
  endfacet
  facet normal 0.195165 0.98077 -0
    outer loop
      vertex -25.2219 17.8145 142
      vertex -25.44 17.8579 150
      vertex -25.2219 17.8145 150
    endloop
  endfacet
  facet normal 0.195165 0.98077 0
    outer loop
      vertex -25.44 17.8579 150
      vertex -25.2219 17.8145 142
      vertex -25.44 17.8579 142
    endloop
  endfacet
  facet normal 0.321484 0.946915 -0
    outer loop
      vertex -25.44 17.8579 142
      vertex -25.6506 17.9294 150
      vertex -25.44 17.8579 150
    endloop
  endfacet
  facet normal 0.321484 0.946915 0
    outer loop
      vertex -25.6506 17.9294 150
      vertex -25.44 17.8579 142
      vertex -25.6506 17.9294 142
    endloop
  endfacet
  facet normal 0.0652057 0.997872 -0
    outer loop
      vertex -25 17.8 142
      vertex -25.2219 17.8145 150
      vertex -25 17.8 150
    endloop
  endfacet
  facet normal 0.0652057 0.997872 0
    outer loop
      vertex -25.2219 17.8145 150
      vertex -25 17.8 142
      vertex -25.2219 17.8145 142
    endloop
  endfacet
  facet normal 0.44253 0.896754 -0
    outer loop
      vertex -25.6506 17.9294 142
      vertex -25.85 18.0278 150
      vertex -25.6506 17.9294 150
    endloop
  endfacet
  facet normal 0.44253 0.896754 0
    outer loop
      vertex -25.85 18.0278 150
      vertex -25.6506 17.9294 142
      vertex -25.85 18.0278 142
    endloop
  endfacet
  facet normal 0.997859 0.0654027 0
    outer loop
      vertex 29.5 19.5 150
      vertex 29.4615 20.0874 142
      vertex 29.4615 20.0874 150
    endloop
  endfacet
  facet normal 0.997859 0.0654027 0
    outer loop
      vertex 29.4615 20.0874 142
      vertex 29.5 19.5 150
      vertex 29.5 19.5 142
    endloop
  endfacet
  facet normal -0.0654027 0.997859 0
    outer loop
      vertex 25 24 142
      vertex 24.4126 23.9615 150
      vertex 25 24 150
    endloop
  endfacet
  facet normal -0.0654027 0.997859 0
    outer loop
      vertex 24.4126 23.9615 150
      vertex 25 24 142
      vertex 24.4126 23.9615 142
    endloop
  endfacet
  facet normal 0.659298 0.751882 -0
    outer loop
      vertex 28.182 22.682 142
      vertex 27.7394 23.0701 150
      vertex 28.182 22.682 150
    endloop
  endfacet
  facet normal 0.659298 0.751882 0
    outer loop
      vertex 27.7394 23.0701 150
      vertex 28.182 22.682 142
      vertex 27.7394 23.0701 142
    endloop
  endfacet
  facet normal -0.751882 0.659298 0
    outer loop
      vertex 21.4299 22.2394 142
      vertex 21.818 22.682 150
      vertex 21.818 22.682 142
    endloop
  endfacet
  facet normal -0.751882 0.659298 0
    outer loop
      vertex 21.818 22.682 150
      vertex 21.4299 22.2394 142
      vertex 21.4299 22.2394 150
    endloop
  endfacet
  facet normal -0.442382 0.896827 0
    outer loop
      vertex 23.2779 23.6575 142
      vertex 22.75 23.3971 150
      vertex 23.2779 23.6575 150
    endloop
  endfacet
  facet normal -0.442382 0.896827 0
    outer loop
      vertex 22.75 23.3971 150
      vertex 23.2779 23.6575 142
      vertex 22.75 23.3971 142
    endloop
  endfacet
  facet normal 0.751882 -0.659298 0
    outer loop
      vertex 28.182 16.318 150
      vertex 28.5701 16.7606 142
      vertex 28.5701 16.7606 150
    endloop
  endfacet
  facet normal 0.751882 -0.659298 0
    outer loop
      vertex 28.5701 16.7606 142
      vertex 28.182 16.318 150
      vertex 28.182 16.318 142
    endloop
  endfacet
  facet normal 0.896827 0.442382 0
    outer loop
      vertex 29.1575 21.2221 150
      vertex 28.8971 21.75 142
      vertex 28.8971 21.75 150
    endloop
  endfacet
  facet normal 0.896827 0.442382 0
    outer loop
      vertex 28.8971 21.75 142
      vertex 29.1575 21.2221 150
      vertex 29.1575 21.2221 142
    endloop
  endfacet
  facet normal 0.980796 0.195038 0
    outer loop
      vertex 29.4615 20.0874 150
      vertex 29.3467 20.6647 142
      vertex 29.3467 20.6647 150
    endloop
  endfacet
  facet normal 0.980796 0.195038 0
    outer loop
      vertex 29.3467 20.6647 142
      vertex 29.4615 20.0874 150
      vertex 29.4615 20.0874 142
    endloop
  endfacet
  facet normal 0.321421 0.946936 -0
    outer loop
      vertex 26.7221 23.6575 142
      vertex 26.1647 23.8467 150
      vertex 26.7221 23.6575 150
    endloop
  endfacet
  facet normal 0.321421 0.946936 0
    outer loop
      vertex 26.1647 23.8467 150
      vertex 26.7221 23.6575 142
      vertex 26.1647 23.8467 142
    endloop
  endfacet
  facet normal 0.555562 0.831475 -0
    outer loop
      vertex 27.7394 23.0701 142
      vertex 27.25 23.3971 150
      vertex 27.7394 23.0701 150
    endloop
  endfacet
  facet normal 0.555562 0.831475 0
    outer loop
      vertex 27.25 23.3971 150
      vertex 27.7394 23.0701 142
      vertex 27.25 23.3971 142
    endloop
  endfacet
  facet normal -0.946999 0.321235 0
    outer loop
      vertex 20.8425 21.2221 142
      vertex 20.7502 20.95 150
      vertex 20.8425 21.2221 150
    endloop
  endfacet
  facet normal -0.946936 0.321421 7.07144e-06
    outer loop
      vertex 20.6533 20.6647 142
      vertex 20.7502 20.95 150
      vertex 20.8425 21.2221 142
    endloop
  endfacet
  facet normal -0.946876 0.321599 0
    outer loop
      vertex 20.7502 20.95 150
      vertex 20.6533 20.6647 142
      vertex 20.6533 20.6647 150
    endloop
  endfacet
  facet normal -0.831475 0.555562 0
    outer loop
      vertex 21.1029 21.75 142
      vertex 21.4299 22.2394 150
      vertex 21.4299 22.2394 142
    endloop
  endfacet
  facet normal -0.831475 0.555562 0
    outer loop
      vertex 21.4299 22.2394 150
      vertex 21.1029 21.75 142
      vertex 21.1029 21.75 150
    endloop
  endfacet
  facet normal -0.980796 0.195038 0
    outer loop
      vertex 20.5385 20.0874 142
      vertex 20.6533 20.6647 150
      vertex 20.6533 20.6647 142
    endloop
  endfacet
  facet normal -0.980796 0.195038 0
    outer loop
      vertex 20.6533 20.6647 150
      vertex 20.5385 20.0874 142
      vertex 20.5385 20.0874 150
    endloop
  endfacet
  facet normal -0.321421 0.946936 0
    outer loop
      vertex 23.8353 23.8467 142
      vertex 23.2779 23.6575 150
      vertex 23.8353 23.8467 150
    endloop
  endfacet
  facet normal -0.321421 0.946936 0
    outer loop
      vertex 23.2779 23.6575 150
      vertex 23.8353 23.8467 142
      vertex 23.2779 23.6575 142
    endloop
  endfacet
  facet normal 0.195038 -0.980796 0
    outer loop
      vertex 25.5874 15.0385 142
      vertex 26.1647 15.1533 150
      vertex 25.5874 15.0385 150
    endloop
  endfacet
  facet normal 0.195038 -0.980796 0
    outer loop
      vertex 26.1647 15.1533 150
      vertex 25.5874 15.0385 142
      vertex 26.1647 15.1533 142
    endloop
  endfacet
  facet normal -0.555562 -0.831475 0
    outer loop
      vertex 22.2606 15.9299 142
      vertex 22.75 15.6029 150
      vertex 22.2606 15.9299 150
    endloop
  endfacet
  facet normal -0.555562 -0.831475 -0
    outer loop
      vertex 22.75 15.6029 150
      vertex 22.2606 15.9299 142
      vertex 22.75 15.6029 142
    endloop
  endfacet
  facet normal -0.195038 -0.980796 0
    outer loop
      vertex 23.8353 15.1533 142
      vertex 24.4126 15.0385 150
      vertex 23.8353 15.1533 150
    endloop
  endfacet
  facet normal -0.195038 -0.980796 -0
    outer loop
      vertex 24.4126 15.0385 150
      vertex 23.8353 15.1533 142
      vertex 24.4126 15.0385 142
    endloop
  endfacet
  facet normal 0.946999 0.321235 0
    outer loop
      vertex 29.2498 20.95 150
      vertex 29.1575 21.2221 142
      vertex 29.1575 21.2221 150
    endloop
  endfacet
  facet normal 0.946876 0.321599 -0
    outer loop
      vertex 29.3467 20.6647 142
      vertex 29.2498 20.95 150
      vertex 29.3467 20.6647 150
    endloop
  endfacet
  facet normal 0.946936 0.321421 7.07144e-06
    outer loop
      vertex 29.2498 20.95 150
      vertex 29.3467 20.6647 142
      vertex 29.1575 21.2221 142
    endloop
  endfacet
  facet normal 0.751882 0.659298 0
    outer loop
      vertex 28.5701 22.2394 150
      vertex 28.182 22.682 142
      vertex 28.182 22.682 150
    endloop
  endfacet
  facet normal 0.751882 0.659298 0
    outer loop
      vertex 28.182 22.682 142
      vertex 28.5701 22.2394 150
      vertex 28.5701 22.2394 142
    endloop
  endfacet
  facet normal 0.831475 0.555562 0
    outer loop
      vertex 28.8971 21.75 150
      vertex 28.5701 22.2394 142
      vertex 28.5701 22.2394 150
    endloop
  endfacet
  facet normal 0.831475 0.555562 0
    outer loop
      vertex 28.5701 22.2394 142
      vertex 28.8971 21.75 150
      vertex 28.8971 21.75 142
    endloop
  endfacet
  facet normal 0.195038 0.980796 -0
    outer loop
      vertex 26.1647 23.8467 142
      vertex 25.5874 23.9615 150
      vertex 26.1647 23.8467 150
    endloop
  endfacet
  facet normal 0.195038 0.980796 0
    outer loop
      vertex 25.5874 23.9615 150
      vertex 26.1647 23.8467 142
      vertex 25.5874 23.9615 142
    endloop
  endfacet
  facet normal 0.0654027 0.997859 -0
    outer loop
      vertex 25.5874 23.9615 142
      vertex 25 24 150
      vertex 25.5874 23.9615 150
    endloop
  endfacet
  facet normal 0.0654027 0.997859 0
    outer loop
      vertex 25 24 150
      vertex 25.5874 23.9615 142
      vertex 25 24 142
    endloop
  endfacet
  facet normal 0.442382 0.896827 -0
    outer loop
      vertex 27.25 23.3971 142
      vertex 26.7221 23.6575 150
      vertex 27.25 23.3971 150
    endloop
  endfacet
  facet normal 0.442382 0.896827 0
    outer loop
      vertex 26.7221 23.6575 150
      vertex 27.25 23.3971 142
      vertex 26.7221 23.6575 142
    endloop
  endfacet
  facet normal 0 0 -1
    outer loop
      vertex 26.7 19.5 142
      vertex 29.5 19.5 142
      vertex 29.4615 18.9126 142
    endloop
  endfacet
  facet normal 0 0 -1
    outer loop
      vertex 26.6855 19.2781 142
      vertex 29.4615 18.9126 142
      vertex 29.3467 18.3353 142
    endloop
  endfacet
  facet normal 0 0 -1
    outer loop
      vertex 29.5 19.5 142
      vertex 26.7 19.5 142
      vertex 29.4615 20.0874 142
    endloop
  endfacet
  facet normal 0 0 -1
    outer loop
      vertex 26.6421 19.06 142
      vertex 29.3467 18.3353 142
      vertex 29.1575 17.7779 142
    endloop
  endfacet
  facet normal 0 0 -1
    outer loop
      vertex 26.6855 19.7219 142
      vertex 29.4615 20.0874 142
      vertex 26.7 19.5 142
    endloop
  endfacet
  facet normal 0 0 -1
    outer loop
      vertex 26.5706 18.8494 142
      vertex 29.1575 17.7779 142
      vertex 28.8971 17.25 142
    endloop
  endfacet
  facet normal -0 0 -1
    outer loop
      vertex 29.4615 20.0874 142
      vertex 26.6855 19.7219 142
      vertex 29.3467 20.6647 142
    endloop
  endfacet
  facet normal 0 0 -1
    outer loop
      vertex 26.4722 18.65 142
      vertex 28.8971 17.25 142
      vertex 28.5701 16.7606 142
    endloop
  endfacet
  facet normal 0 0 -1
    outer loop
      vertex 26.6421 19.94 142
      vertex 29.3467 20.6647 142
      vertex 26.6855 19.7219 142
    endloop
  endfacet
  facet normal 0 0 -1
    outer loop
      vertex 26.3487 18.4651 142
      vertex 28.5701 16.7606 142
      vertex 28.182 16.318 142
    endloop
  endfacet
  facet normal -0 0 -1
    outer loop
      vertex 29.3467 20.6647 142
      vertex 26.6421 19.94 142
      vertex 29.1575 21.2221 142
    endloop
  endfacet
  facet normal 0 0 -1
    outer loop
      vertex 26.2021 18.2979 142
      vertex 28.182 16.318 142
      vertex 27.7394 15.9299 142
    endloop
  endfacet
  facet normal 0 0 -1
    outer loop
      vertex 26.5706 20.1506 142
      vertex 29.1575 21.2221 142
      vertex 26.6421 19.94 142
    endloop
  endfacet
  facet normal 0 0 -1
    outer loop
      vertex 26.0349 18.1513 142
      vertex 27.7394 15.9299 142
      vertex 27.25 15.6029 142
    endloop
  endfacet
  facet normal -0 0 -1
    outer loop
      vertex 29.1575 21.2221 142
      vertex 26.5706 20.1506 142
      vertex 28.8971 21.75 142
    endloop
  endfacet
  facet normal 0 0 -1
    outer loop
      vertex 25.85 18.0278 142
      vertex 27.25 15.6029 142
      vertex 26.7221 15.3425 142
    endloop
  endfacet
  facet normal 0 0 -1
    outer loop
      vertex 26.4722 20.35 142
      vertex 28.8971 21.75 142
      vertex 26.5706 20.1506 142
    endloop
  endfacet
  facet normal -0 0 -1
    outer loop
      vertex 28.8971 21.75 142
      vertex 26.4722 20.35 142
      vertex 28.5701 22.2394 142
    endloop
  endfacet
  facet normal 0 0 -1
    outer loop
      vertex 29.4615 18.9126 142
      vertex 26.6855 19.2781 142
      vertex 26.7 19.5 142
    endloop
  endfacet
  facet normal 0 0 -1
    outer loop
      vertex 29.3467 18.3353 142
      vertex 26.6421 19.06 142
      vertex 26.6855 19.2781 142
    endloop
  endfacet
  facet normal 0 0 -1
    outer loop
      vertex 29.1575 17.7779 142
      vertex 26.5706 18.8494 142
      vertex 26.6421 19.06 142
    endloop
  endfacet
  facet normal 0 0 -1
    outer loop
      vertex 28.8971 17.25 142
      vertex 26.4722 18.65 142
      vertex 26.5706 18.8494 142
    endloop
  endfacet
  facet normal 0 0 -1
    outer loop
      vertex 28.5701 16.7606 142
      vertex 26.3487 18.4651 142
      vertex 26.4722 18.65 142
    endloop
  endfacet
  facet normal 0 0 -1
    outer loop
      vertex 28.182 16.318 142
      vertex 26.2021 18.2979 142
      vertex 26.3487 18.4651 142
    endloop
  endfacet
  facet normal 0 0 -1
    outer loop
      vertex 25.6506 17.9294 142
      vertex 26.7221 15.3425 142
      vertex 26.1647 15.1533 142
    endloop
  endfacet
  facet normal 0 0 -1
    outer loop
      vertex 27.7394 15.9299 142
      vertex 26.0349 18.1513 142
      vertex 26.2021 18.2979 142
    endloop
  endfacet
  facet normal 0 0 -1
    outer loop
      vertex 27.25 15.6029 142
      vertex 25.85 18.0278 142
      vertex 26.0349 18.1513 142
    endloop
  endfacet
  facet normal 0 0 -1
    outer loop
      vertex 26.7221 15.3425 142
      vertex 25.6506 17.9294 142
      vertex 25.85 18.0278 142
    endloop
  endfacet
  facet normal 0 0 -1
    outer loop
      vertex 25.44 17.8579 142
      vertex 26.1647 15.1533 142
      vertex 25.5874 15.0385 142
    endloop
  endfacet
  facet normal 0 0 -1
    outer loop
      vertex 26.1647 15.1533 142
      vertex 25.44 17.8579 142
      vertex 25.6506 17.9294 142
    endloop
  endfacet
  facet normal 0 0 -1
    outer loop
      vertex 25.5874 15.0385 142
      vertex 25.2219 17.8145 142
      vertex 25.44 17.8579 142
    endloop
  endfacet
  facet normal 0 0 -1
    outer loop
      vertex 25 15 142
      vertex 25.2219 17.8145 142
      vertex 25.5874 15.0385 142
    endloop
  endfacet
  facet normal 0 0 -1
    outer loop
      vertex 25 15 142
      vertex 25 17.8 142
      vertex 25.2219 17.8145 142
    endloop
  endfacet
  facet normal 0 0 -1
    outer loop
      vertex 25 15 142
      vertex 24.7781 17.8145 142
      vertex 25 17.8 142
    endloop
  endfacet
  facet normal 0 0 -1
    outer loop
      vertex 24.4126 15.0385 142
      vertex 24.7781 17.8145 142
      vertex 25 15 142
    endloop
  endfacet
  facet normal -0 0 -1
    outer loop
      vertex 24.7781 17.8145 142
      vertex 24.4126 15.0385 142
      vertex 24.56 17.8579 142
    endloop
  endfacet
  facet normal 0 0 -1
    outer loop
      vertex 23.8353 15.1533 142
      vertex 24.56 17.8579 142
      vertex 24.4126 15.0385 142
    endloop
  endfacet
  facet normal -0 0 -1
    outer loop
      vertex 24.56 17.8579 142
      vertex 23.8353 15.1533 142
      vertex 24.3494 17.9294 142
    endloop
  endfacet
  facet normal 0 0 -1
    outer loop
      vertex 23.2779 15.3425 142
      vertex 24.3494 17.9294 142
      vertex 23.8353 15.1533 142
    endloop
  endfacet
  facet normal -0 0 -1
    outer loop
      vertex 24.3494 17.9294 142
      vertex 23.2779 15.3425 142
      vertex 24.15 18.0278 142
    endloop
  endfacet
  facet normal 0 0 -1
    outer loop
      vertex 22.75 15.6029 142
      vertex 24.15 18.0278 142
      vertex 23.2779 15.3425 142
    endloop
  endfacet
  facet normal -0 0 -1
    outer loop
      vertex 24.15 18.0278 142
      vertex 22.75 15.6029 142
      vertex 23.9651 18.1513 142
    endloop
  endfacet
  facet normal 0 0 -1
    outer loop
      vertex 22.2606 15.9299 142
      vertex 23.9651 18.1513 142
      vertex 22.75 15.6029 142
    endloop
  endfacet
  facet normal -0 0 -1
    outer loop
      vertex 23.9651 18.1513 142
      vertex 22.2606 15.9299 142
      vertex 23.7979 18.2979 142
    endloop
  endfacet
  facet normal 0 0 -1
    outer loop
      vertex 21.818 16.318 142
      vertex 23.7979 18.2979 142
      vertex 22.2606 15.9299 142
    endloop
  endfacet
  facet normal -0 0 -1
    outer loop
      vertex 23.7979 18.2979 142
      vertex 21.818 16.318 142
      vertex 23.6513 18.4651 142
    endloop
  endfacet
  facet normal -0 0 -1
    outer loop
      vertex 23.6513 18.4651 142
      vertex 21.4299 16.7606 142
      vertex 23.5278 18.65 142
    endloop
  endfacet
  facet normal 0 0 -1
    outer loop
      vertex 21.4299 16.7606 142
      vertex 23.6513 18.4651 142
      vertex 21.818 16.318 142
    endloop
  endfacet
  facet normal 0 0 -1
    outer loop
      vertex 26.3487 20.5349 142
      vertex 28.5701 22.2394 142
      vertex 26.4722 20.35 142
    endloop
  endfacet
  facet normal -0 0 -1
    outer loop
      vertex 28.5701 22.2394 142
      vertex 26.3487 20.5349 142
      vertex 28.182 22.682 142
    endloop
  endfacet
  facet normal 0 0 -1
    outer loop
      vertex 26.2021 20.7021 142
      vertex 28.182 22.682 142
      vertex 26.3487 20.5349 142
    endloop
  endfacet
  facet normal -0 0 -1
    outer loop
      vertex 28.182 22.682 142
      vertex 26.2021 20.7021 142
      vertex 27.7394 23.0701 142
    endloop
  endfacet
  facet normal 0 0 -1
    outer loop
      vertex 26.0349 20.8487 142
      vertex 27.7394 23.0701 142
      vertex 26.2021 20.7021 142
    endloop
  endfacet
  facet normal -0 0 -1
    outer loop
      vertex 27.7394 23.0701 142
      vertex 26.0349 20.8487 142
      vertex 27.25 23.3971 142
    endloop
  endfacet
  facet normal 0 0 -1
    outer loop
      vertex 25.85 20.9722 142
      vertex 27.25 23.3971 142
      vertex 26.0349 20.8487 142
    endloop
  endfacet
  facet normal -0 0 -1
    outer loop
      vertex 27.25 23.3971 142
      vertex 25.85 20.9722 142
      vertex 26.7221 23.6575 142
    endloop
  endfacet
  facet normal 0 0 -1
    outer loop
      vertex 25.6506 21.0706 142
      vertex 26.7221 23.6575 142
      vertex 25.85 20.9722 142
    endloop
  endfacet
  facet normal -0 0 -1
    outer loop
      vertex 26.7221 23.6575 142
      vertex 25.6506 21.0706 142
      vertex 26.1647 23.8467 142
    endloop
  endfacet
  facet normal 0 0 -1
    outer loop
      vertex 25.44 21.1421 142
      vertex 26.1647 23.8467 142
      vertex 25.6506 21.0706 142
    endloop
  endfacet
  facet normal -0 0 -1
    outer loop
      vertex 26.1647 23.8467 142
      vertex 25.44 21.1421 142
      vertex 25.5874 23.9615 142
    endloop
  endfacet
  facet normal 0 0 -1
    outer loop
      vertex 25.2219 21.1855 142
      vertex 25.5874 23.9615 142
      vertex 25.44 21.1421 142
    endloop
  endfacet
  facet normal 0 0 -1
    outer loop
      vertex 25 21.2 142
      vertex 25.5874 23.9615 142
      vertex 25.2219 21.1855 142
    endloop
  endfacet
  facet normal 0 0 -1
    outer loop
      vertex 25 21.2 142
      vertex 25 24 142
      vertex 25.5874 23.9615 142
    endloop
  endfacet
  facet normal 0 0 -1
    outer loop
      vertex 24.7781 21.1855 142
      vertex 25 24 142
      vertex 25 21.2 142
    endloop
  endfacet
  facet normal 0 0 -1
    outer loop
      vertex 24.4126 23.9615 142
      vertex 24.7781 21.1855 142
      vertex 24.56 21.1421 142
    endloop
  endfacet
  facet normal 0 0 -1
    outer loop
      vertex 24.7781 21.1855 142
      vertex 24.4126 23.9615 142
      vertex 25 24 142
    endloop
  endfacet
  facet normal 0 0 -1
    outer loop
      vertex 23.8353 23.8467 142
      vertex 24.56 21.1421 142
      vertex 24.3494 21.0706 142
    endloop
  endfacet
  facet normal 0 0 -1
    outer loop
      vertex 23.2779 23.6575 142
      vertex 24.3494 21.0706 142
      vertex 24.15 20.9722 142
    endloop
  endfacet
  facet normal 0 0 -1
    outer loop
      vertex 22.75 23.3971 142
      vertex 24.15 20.9722 142
      vertex 23.9651 20.8487 142
    endloop
  endfacet
  facet normal 0 0 -1
    outer loop
      vertex 24.56 21.1421 142
      vertex 23.8353 23.8467 142
      vertex 24.4126 23.9615 142
    endloop
  endfacet
  facet normal 0 0 -1
    outer loop
      vertex 22.2606 23.0701 142
      vertex 23.9651 20.8487 142
      vertex 23.7979 20.7021 142
    endloop
  endfacet
  facet normal 0 0 -1
    outer loop
      vertex 21.818 22.682 142
      vertex 23.7979 20.7021 142
      vertex 23.6513 20.5349 142
    endloop
  endfacet
  facet normal 0 0 -1
    outer loop
      vertex 21.4299 22.2394 142
      vertex 23.6513 20.5349 142
      vertex 23.5278 20.35 142
    endloop
  endfacet
  facet normal 0 0 -1
    outer loop
      vertex 21.1029 21.75 142
      vertex 23.5278 20.35 142
      vertex 23.4294 20.1506 142
    endloop
  endfacet
  facet normal 0 0 -1
    outer loop
      vertex 20.8425 21.2221 142
      vertex 23.4294 20.1506 142
      vertex 23.3579 19.94 142
    endloop
  endfacet
  facet normal 0 0 -1
    outer loop
      vertex 20.6533 20.6647 142
      vertex 23.3579 19.94 142
      vertex 23.3145 19.7219 142
    endloop
  endfacet
  facet normal 0 0 -1
    outer loop
      vertex 24.3494 21.0706 142
      vertex 23.2779 23.6575 142
      vertex 23.8353 23.8467 142
    endloop
  endfacet
  facet normal 0 0 -1
    outer loop
      vertex 20.5385 20.0874 142
      vertex 23.3145 19.7219 142
      vertex 23.3 19.5 142
    endloop
  endfacet
  facet normal 0 0 -1
    outer loop
      vertex 21.1029 17.25 142
      vertex 23.5278 18.65 142
      vertex 21.4299 16.7606 142
    endloop
  endfacet
  facet normal -0 0 -1
    outer loop
      vertex 23.5278 18.65 142
      vertex 21.1029 17.25 142
      vertex 23.4294 18.8494 142
    endloop
  endfacet
  facet normal 0 0 -1
    outer loop
      vertex 24.15 20.9722 142
      vertex 22.75 23.3971 142
      vertex 23.2779 23.6575 142
    endloop
  endfacet
  facet normal 0 0 -1
    outer loop
      vertex 20.8425 17.7779 142
      vertex 23.4294 18.8494 142
      vertex 21.1029 17.25 142
    endloop
  endfacet
  facet normal 0 0 -1
    outer loop
      vertex 23.9651 20.8487 142
      vertex 22.2606 23.0701 142
      vertex 22.75 23.3971 142
    endloop
  endfacet
  facet normal -0 0 -1
    outer loop
      vertex 23.4294 18.8494 142
      vertex 20.8425 17.7779 142
      vertex 23.3579 19.06 142
    endloop
  endfacet
  facet normal 0 0 -1
    outer loop
      vertex 23.7979 20.7021 142
      vertex 21.818 22.682 142
      vertex 22.2606 23.0701 142
    endloop
  endfacet
  facet normal 0 0 -1
    outer loop
      vertex 20.6533 18.3353 142
      vertex 23.3579 19.06 142
      vertex 20.8425 17.7779 142
    endloop
  endfacet
  facet normal 0 0 -1
    outer loop
      vertex 23.6513 20.5349 142
      vertex 21.4299 22.2394 142
      vertex 21.818 22.682 142
    endloop
  endfacet
  facet normal -0 0 -1
    outer loop
      vertex 23.3579 19.06 142
      vertex 20.6533 18.3353 142
      vertex 23.3145 19.2781 142
    endloop
  endfacet
  facet normal 0 0 -1
    outer loop
      vertex 23.5278 20.35 142
      vertex 21.1029 21.75 142
      vertex 21.4299 22.2394 142
    endloop
  endfacet
  facet normal 0 0 -1
    outer loop
      vertex 20.5385 18.9126 142
      vertex 23.3145 19.2781 142
      vertex 20.6533 18.3353 142
    endloop
  endfacet
  facet normal 0 0 -1
    outer loop
      vertex 23.4294 20.1506 142
      vertex 20.8425 21.2221 142
      vertex 21.1029 21.75 142
    endloop
  endfacet
  facet normal -0 0 -1
    outer loop
      vertex 23.3145 19.2781 142
      vertex 20.5385 18.9126 142
      vertex 23.3 19.5 142
    endloop
  endfacet
  facet normal 0 0 -1
    outer loop
      vertex 23.3579 19.94 142
      vertex 20.6533 20.6647 142
      vertex 20.8425 21.2221 142
    endloop
  endfacet
  facet normal 0 0 -1
    outer loop
      vertex 20.5 19.5 142
      vertex 23.3 19.5 142
      vertex 20.5385 18.9126 142
    endloop
  endfacet
  facet normal 0 0 -1
    outer loop
      vertex 23.3145 19.7219 142
      vertex 20.5385 20.0874 142
      vertex 20.6533 20.6647 142
    endloop
  endfacet
  facet normal 0 0 -1
    outer loop
      vertex 23.3 19.5 142
      vertex 20.5 19.5 142
      vertex 20.5385 20.0874 142
    endloop
  endfacet
  facet normal -0.896827 0.442382 0
    outer loop
      vertex 20.8425 21.2221 142
      vertex 21.1029 21.75 150
      vertex 21.1029 21.75 142
    endloop
  endfacet
  facet normal -0.896827 0.442382 0
    outer loop
      vertex 21.1029 21.75 150
      vertex 20.8425 21.2221 142
      vertex 20.8425 21.2221 150
    endloop
  endfacet
  facet normal -0.997859 0.0654027 0
    outer loop
      vertex 20.5 19.5 142
      vertex 20.5385 20.0874 150
      vertex 20.5385 20.0874 142
    endloop
  endfacet
  facet normal -0.997859 0.0654027 0
    outer loop
      vertex 20.5385 20.0874 150
      vertex 20.5 19.5 142
      vertex 20.5 19.5 150
    endloop
  endfacet
  facet normal -0.555562 0.831475 0
    outer loop
      vertex 22.75 23.3971 142
      vertex 22.2606 23.0701 150
      vertex 22.75 23.3971 150
    endloop
  endfacet
  facet normal -0.555562 0.831475 0
    outer loop
      vertex 22.2606 23.0701 150
      vertex 22.75 23.3971 142
      vertex 22.2606 23.0701 142
    endloop
  endfacet
  facet normal -0.659298 0.751882 0
    outer loop
      vertex 22.2606 23.0701 142
      vertex 21.818 22.682 150
      vertex 22.2606 23.0701 150
    endloop
  endfacet
  facet normal -0.659298 0.751882 0
    outer loop
      vertex 21.818 22.682 150
      vertex 22.2606 23.0701 142
      vertex 21.818 22.682 142
    endloop
  endfacet
  facet normal -0.195038 0.980796 0
    outer loop
      vertex 24.4126 23.9615 142
      vertex 23.8353 23.8467 150
      vertex 24.4126 23.9615 150
    endloop
  endfacet
  facet normal -0.195038 0.980796 0
    outer loop
      vertex 23.8353 23.8467 150
      vertex 24.4126 23.9615 142
      vertex 23.8353 23.8467 142
    endloop
  endfacet
  facet normal 0.997859 -0.0654027 0
    outer loop
      vertex 29.4615 18.9126 150
      vertex 29.5 19.5 142
      vertex 29.5 19.5 150
    endloop
  endfacet
  facet normal 0.997859 -0.0654027 0
    outer loop
      vertex 29.5 19.5 142
      vertex 29.4615 18.9126 150
      vertex 29.4615 18.9126 142
    endloop
  endfacet
  facet normal 0.321421 -0.946936 0
    outer loop
      vertex 26.1647 15.1533 142
      vertex 26.7221 15.3425 150
      vertex 26.1647 15.1533 150
    endloop
  endfacet
  facet normal 0.321421 -0.946936 0
    outer loop
      vertex 26.7221 15.3425 150
      vertex 26.1647 15.1533 142
      vertex 26.7221 15.3425 142
    endloop
  endfacet
  facet normal 0.555562 -0.831475 0
    outer loop
      vertex 27.25 15.6029 142
      vertex 27.7394 15.9299 150
      vertex 27.25 15.6029 150
    endloop
  endfacet
  facet normal 0.555562 -0.831475 0
    outer loop
      vertex 27.7394 15.9299 150
      vertex 27.25 15.6029 142
      vertex 27.7394 15.9299 142
    endloop
  endfacet
  facet normal 0.831475 -0.555562 0
    outer loop
      vertex 28.5701 16.7606 150
      vertex 28.8971 17.25 142
      vertex 28.8971 17.25 150
    endloop
  endfacet
  facet normal 0.831475 -0.555562 0
    outer loop
      vertex 28.8971 17.25 142
      vertex 28.5701 16.7606 150
      vertex 28.5701 16.7606 142
    endloop
  endfacet
  facet normal 0.980796 -0.195038 0
    outer loop
      vertex 29.3467 18.3353 150
      vertex 29.4615 18.9126 142
      vertex 29.4615 18.9126 150
    endloop
  endfacet
  facet normal 0.980796 -0.195038 0
    outer loop
      vertex 29.4615 18.9126 142
      vertex 29.3467 18.3353 150
      vertex 29.3467 18.3353 142
    endloop
  endfacet
  facet normal -0.442382 -0.896827 0
    outer loop
      vertex 22.75 15.6029 142
      vertex 23.2779 15.3425 150
      vertex 22.75 15.6029 150
    endloop
  endfacet
  facet normal -0.442382 -0.896827 -0
    outer loop
      vertex 23.2779 15.3425 150
      vertex 22.75 15.6029 142
      vertex 23.2779 15.3425 142
    endloop
  endfacet
  facet normal -0.0654027 -0.997859 0
    outer loop
      vertex 24.4126 15.0385 142
      vertex 25 15 150
      vertex 24.4126 15.0385 150
    endloop
  endfacet
  facet normal -0.0654027 -0.997859 -0
    outer loop
      vertex 25 15 150
      vertex 24.4126 15.0385 142
      vertex 25 15 142
    endloop
  endfacet
  facet normal -0.831475 -0.555562 0
    outer loop
      vertex 21.4299 16.7606 142
      vertex 21.1029 17.25 150
      vertex 21.1029 17.25 142
    endloop
  endfacet
  facet normal -0.831475 -0.555562 0
    outer loop
      vertex 21.1029 17.25 150
      vertex 21.4299 16.7606 142
      vertex 21.4299 16.7606 150
    endloop
  endfacet
  facet normal -0.659298 -0.751882 0
    outer loop
      vertex 21.818 16.318 142
      vertex 22.2606 15.9299 150
      vertex 21.818 16.318 150
    endloop
  endfacet
  facet normal -0.659298 -0.751882 -0
    outer loop
      vertex 22.2606 15.9299 150
      vertex 21.818 16.318 142
      vertex 22.2606 15.9299 142
    endloop
  endfacet
  facet normal -0.896827 -0.442382 0
    outer loop
      vertex 21.1029 17.25 142
      vertex 20.8425 17.7779 150
      vertex 20.8425 17.7779 142
    endloop
  endfacet
  facet normal -0.896827 -0.442382 0
    outer loop
      vertex 20.8425 17.7779 150
      vertex 21.1029 17.25 142
      vertex 21.1029 17.25 150
    endloop
  endfacet
  facet normal -0.980796 -0.195038 0
    outer loop
      vertex 20.6533 18.3353 142
      vertex 20.5385 18.9126 150
      vertex 20.5385 18.9126 142
    endloop
  endfacet
  facet normal -0.980796 -0.195038 0
    outer loop
      vertex 20.5385 18.9126 150
      vertex 20.6533 18.3353 142
      vertex 20.6533 18.3353 150
    endloop
  endfacet
  facet normal -0.997859 -0.0654027 0
    outer loop
      vertex 20.5385 18.9126 142
      vertex 20.5 19.5 150
      vertex 20.5 19.5 142
    endloop
  endfacet
  facet normal -0.997859 -0.0654027 0
    outer loop
      vertex 20.5 19.5 150
      vertex 20.5385 18.9126 142
      vertex 20.5385 18.9126 150
    endloop
  endfacet
  facet normal 0.442382 -0.896827 0
    outer loop
      vertex 26.7221 15.3425 142
      vertex 27.25 15.6029 150
      vertex 26.7221 15.3425 150
    endloop
  endfacet
  facet normal 0.442382 -0.896827 0
    outer loop
      vertex 27.25 15.6029 150
      vertex 26.7221 15.3425 142
      vertex 27.25 15.6029 142
    endloop
  endfacet
  facet normal 0.659298 -0.751882 0
    outer loop
      vertex 27.7394 15.9299 142
      vertex 28.182 16.318 150
      vertex 27.7394 15.9299 150
    endloop
  endfacet
  facet normal 0.659298 -0.751882 0
    outer loop
      vertex 28.182 16.318 150
      vertex 27.7394 15.9299 142
      vertex 28.182 16.318 142
    endloop
  endfacet
  facet normal 0.896827 -0.442382 0
    outer loop
      vertex 28.8971 17.25 150
      vertex 29.1575 17.7779 142
      vertex 29.1575 17.7779 150
    endloop
  endfacet
  facet normal 0.896827 -0.442382 0
    outer loop
      vertex 29.1575 17.7779 142
      vertex 28.8971 17.25 150
      vertex 28.8971 17.25 142
    endloop
  endfacet
  facet normal -0.321421 -0.946936 0
    outer loop
      vertex 23.2779 15.3425 142
      vertex 23.8353 15.1533 150
      vertex 23.2779 15.3425 150
    endloop
  endfacet
  facet normal -0.321421 -0.946936 -0
    outer loop
      vertex 23.8353 15.1533 150
      vertex 23.2779 15.3425 142
      vertex 23.8353 15.1533 142
    endloop
  endfacet
  facet normal 0.0654027 -0.997859 0
    outer loop
      vertex 25 15 142
      vertex 25.5874 15.0385 150
      vertex 25 15 150
    endloop
  endfacet
  facet normal 0.0654027 -0.997859 0
    outer loop
      vertex 25.5874 15.0385 150
      vertex 25 15 142
      vertex 25.5874 15.0385 142
    endloop
  endfacet
  facet normal -0.751882 -0.659298 0
    outer loop
      vertex 21.818 16.318 142
      vertex 21.4299 16.7606 150
      vertex 21.4299 16.7606 142
    endloop
  endfacet
  facet normal -0.751882 -0.659298 0
    outer loop
      vertex 21.4299 16.7606 150
      vertex 21.818 16.318 142
      vertex 21.818 16.318 150
    endloop
  endfacet
  facet normal -0.946936 -0.321421 0
    outer loop
      vertex 20.8425 17.7779 142
      vertex 20.6533 18.3353 150
      vertex 20.6533 18.3353 142
    endloop
  endfacet
  facet normal -0.946936 -0.321421 0
    outer loop
      vertex 20.6533 18.3353 150
      vertex 20.8425 17.7779 142
      vertex 20.8425 17.7779 150
    endloop
  endfacet
  facet normal 0.946936 -0.321421 0
    outer loop
      vertex 29.1575 17.7779 150
      vertex 29.3467 18.3353 142
      vertex 29.3467 18.3353 150
    endloop
  endfacet
  facet normal 0.946936 -0.321421 0
    outer loop
      vertex 29.3467 18.3353 142
      vertex 29.1575 17.7779 150
      vertex 29.1575 17.7779 142
    endloop
  endfacet
  facet normal -0.997872 -0.0652057 0
    outer loop
      vertex 26.7 19.5 142
      vertex 26.6855 19.7219 150
      vertex 26.6855 19.7219 142
    endloop
  endfacet
  facet normal -0.997872 -0.0652057 0
    outer loop
      vertex 26.6855 19.7219 150
      vertex 26.7 19.5 142
      vertex 26.7 19.5 150
    endloop
  endfacet
  facet normal 0.0652057 -0.997872 0
    outer loop
      vertex 24.7781 21.1855 142
      vertex 25 21.2 150
      vertex 24.7781 21.1855 150
    endloop
  endfacet
  facet normal 0.0652057 -0.997872 0
    outer loop
      vertex 25 21.2 150
      vertex 24.7781 21.1855 142
      vertex 25 21.2 142
    endloop
  endfacet
  facet normal -0.0652057 0.997872 0
    outer loop
      vertex 25.2219 17.8145 142
      vertex 25 17.8 150
      vertex 25.2219 17.8145 150
    endloop
  endfacet
  facet normal -0.0652057 0.997872 0
    outer loop
      vertex 25 17.8 150
      vertex 25.2219 17.8145 142
      vertex 25 17.8 142
    endloop
  endfacet
  facet normal -0.751908 0.659268 0
    outer loop
      vertex 26.2021 18.2979 142
      vertex 26.3487 18.4651 150
      vertex 26.3487 18.4651 142
    endloop
  endfacet
  facet normal -0.751908 0.659268 0
    outer loop
      vertex 26.3487 18.4651 150
      vertex 26.2021 18.2979 142
      vertex 26.2021 18.2979 150
    endloop
  endfacet
  facet normal -0.659268 -0.751908 0
    outer loop
      vertex 26.0349 20.8487 142
      vertex 26.2021 20.7021 150
      vertex 26.0349 20.8487 150
    endloop
  endfacet
  facet normal -0.659268 -0.751908 -0
    outer loop
      vertex 26.2021 20.7021 150
      vertex 26.0349 20.8487 142
      vertex 26.2021 20.7021 142
    endloop
  endfacet
  facet normal 0.751908 -0.659268 0
    outer loop
      vertex 23.6513 20.5349 150
      vertex 23.7979 20.7021 142
      vertex 23.7979 20.7021 150
    endloop
  endfacet
  facet normal 0.751908 -0.659268 0
    outer loop
      vertex 23.7979 20.7021 142
      vertex 23.6513 20.5349 150
      vertex 23.6513 20.5349 142
    endloop
  endfacet
  facet normal 0.44253 -0.896754 0
    outer loop
      vertex 24.15 20.9722 142
      vertex 24.3494 21.0706 150
      vertex 24.15 20.9722 150
    endloop
  endfacet
  facet normal 0.44253 -0.896754 0
    outer loop
      vertex 24.3494 21.0706 150
      vertex 24.15 20.9722 142
      vertex 24.3494 21.0706 142
    endloop
  endfacet
  facet normal -0.896754 -0.44253 0
    outer loop
      vertex 26.5706 20.1506 142
      vertex 26.4722 20.35 150
      vertex 26.4722 20.35 142
    endloop
  endfacet
  facet normal -0.896754 -0.44253 0
    outer loop
      vertex 26.4722 20.35 150
      vertex 26.5706 20.1506 142
      vertex 26.5706 20.1506 150
    endloop
  endfacet
  facet normal -0.98077 -0.195165 0
    outer loop
      vertex 26.6855 19.7219 142
      vertex 26.6421 19.94 150
      vertex 26.6421 19.94 142
    endloop
  endfacet
  facet normal -0.98077 -0.195165 0
    outer loop
      vertex 26.6421 19.94 150
      vertex 26.6855 19.7219 142
      vertex 26.6855 19.7219 150
    endloop
  endfacet
  facet normal -0.831566 -0.555426 0
    outer loop
      vertex 26.4722 20.35 142
      vertex 26.3487 20.5349 150
      vertex 26.3487 20.5349 142
    endloop
  endfacet
  facet normal -0.831566 -0.555426 0
    outer loop
      vertex 26.3487 20.5349 150
      vertex 26.4722 20.35 142
      vertex 26.4722 20.35 150
    endloop
  endfacet
  facet normal -0.321484 -0.946915 0
    outer loop
      vertex 25.44 21.1421 142
      vertex 25.6506 21.0706 150
      vertex 25.44 21.1421 150
    endloop
  endfacet
  facet normal -0.321484 -0.946915 -0
    outer loop
      vertex 25.6506 21.0706 150
      vertex 25.44 21.1421 142
      vertex 25.6506 21.0706 142
    endloop
  endfacet
  facet normal -0.44253 -0.896754 0
    outer loop
      vertex 25.6506 21.0706 142
      vertex 25.85 20.9722 150
      vertex 25.6506 21.0706 150
    endloop
  endfacet
  facet normal -0.44253 -0.896754 -0
    outer loop
      vertex 25.85 20.9722 150
      vertex 25.6506 21.0706 142
      vertex 25.85 20.9722 142
    endloop
  endfacet
  facet normal 0.946915 -0.321484 0
    outer loop
      vertex 23.3579 19.94 150
      vertex 23.4294 20.1506 142
      vertex 23.4294 20.1506 150
    endloop
  endfacet
  facet normal 0.946915 -0.321484 0
    outer loop
      vertex 23.4294 20.1506 142
      vertex 23.3579 19.94 150
      vertex 23.3579 19.94 142
    endloop
  endfacet
  facet normal 0.555586 -0.831459 0
    outer loop
      vertex 23.9651 20.8487 142
      vertex 24.1167 20.95 150
      vertex 23.9651 20.8487 150
    endloop
  endfacet
  facet normal 0.555426 -0.831566 4.36808e-06
    outer loop
      vertex 24.15 20.9722 142
      vertex 24.1167 20.95 150
      vertex 23.9651 20.8487 142
    endloop
  endfacet
  facet normal 0.5547 -0.83205 0
    outer loop
      vertex 24.1167 20.95 150
      vertex 24.15 20.9722 142
      vertex 24.15 20.9722 150
    endloop
  endfacet
  facet normal 0.195165 -0.98077 0
    outer loop
      vertex 24.56 21.1421 142
      vertex 24.7781 21.1855 150
      vertex 24.56 21.1421 150
    endloop
  endfacet
  facet normal 0.195165 -0.98077 0
    outer loop
      vertex 24.7781 21.1855 150
      vertex 24.56 21.1421 142
      vertex 24.7781 21.1855 142
    endloop
  endfacet
  facet normal -0.195165 0.98077 0
    outer loop
      vertex 25.44 17.8579 142
      vertex 25.2219 17.8145 150
      vertex 25.44 17.8579 150
    endloop
  endfacet
  facet normal -0.195165 0.98077 0
    outer loop
      vertex 25.2219 17.8145 150
      vertex 25.44 17.8579 142
      vertex 25.2219 17.8145 142
    endloop
  endfacet
  facet normal -0.946915 -0.321484 0
    outer loop
      vertex 26.6421 19.94 142
      vertex 26.5706 20.1506 150
      vertex 26.5706 20.1506 142
    endloop
  endfacet
  facet normal -0.946915 -0.321484 0
    outer loop
      vertex 26.5706 20.1506 150
      vertex 26.6421 19.94 142
      vertex 26.6421 19.94 150
    endloop
  endfacet
  facet normal -0.751908 -0.659268 0
    outer loop
      vertex 26.3487 20.5349 142
      vertex 26.2021 20.7021 150
      vertex 26.2021 20.7021 142
    endloop
  endfacet
  facet normal -0.751908 -0.659268 0
    outer loop
      vertex 26.2021 20.7021 150
      vertex 26.3487 20.5349 142
      vertex 26.3487 20.5349 150
    endloop
  endfacet
  facet normal -0.195165 -0.98077 0
    outer loop
      vertex 25.2219 21.1855 142
      vertex 25.44 21.1421 150
      vertex 25.2219 21.1855 150
    endloop
  endfacet
  facet normal -0.195165 -0.98077 -0
    outer loop
      vertex 25.44 21.1421 150
      vertex 25.2219 21.1855 142
      vertex 25.44 21.1421 142
    endloop
  endfacet
  facet normal -0.0652057 -0.997872 0
    outer loop
      vertex 25 21.2 142
      vertex 25.2219 21.1855 150
      vertex 25 21.2 150
    endloop
  endfacet
  facet normal -0.0652057 -0.997872 -0
    outer loop
      vertex 25.2219 21.1855 150
      vertex 25 21.2 142
      vertex 25.2219 21.1855 142
    endloop
  endfacet
  facet normal -0.5547 -0.83205 0
    outer loop
      vertex 25.85 20.9722 142
      vertex 25.8833 20.95 150
      vertex 25.85 20.9722 150
    endloop
  endfacet
  facet normal -0.555586 -0.831459 5.32688e-06
    outer loop
      vertex 25.8833 20.95 150
      vertex 25.85 20.9722 142
      vertex 26.0349 20.8487 150
    endloop
  endfacet
  facet normal -0.555426 -0.831566 -0
    outer loop
      vertex 26.0349 20.8487 150
      vertex 25.85 20.9722 142
      vertex 26.0349 20.8487 142
    endloop
  endfacet
  facet normal 0.896754 -0.44253 0
    outer loop
      vertex 23.4294 20.1506 150
      vertex 23.5278 20.35 142
      vertex 23.5278 20.35 150
    endloop
  endfacet
  facet normal 0.896754 -0.44253 0
    outer loop
      vertex 23.5278 20.35 142
      vertex 23.4294 20.1506 150
      vertex 23.4294 20.1506 142
    endloop
  endfacet
  facet normal 0.831566 -0.555426 0
    outer loop
      vertex 23.5278 20.35 150
      vertex 23.6513 20.5349 142
      vertex 23.6513 20.5349 150
    endloop
  endfacet
  facet normal 0.831566 -0.555426 0
    outer loop
      vertex 23.6513 20.5349 142
      vertex 23.5278 20.35 150
      vertex 23.5278 20.35 142
    endloop
  endfacet
  facet normal 0.98077 -0.195165 0
    outer loop
      vertex 23.3145 19.7219 150
      vertex 23.3579 19.94 142
      vertex 23.3579 19.94 150
    endloop
  endfacet
  facet normal 0.98077 -0.195165 0
    outer loop
      vertex 23.3579 19.94 142
      vertex 23.3145 19.7219 150
      vertex 23.3145 19.7219 142
    endloop
  endfacet
  facet normal 0.997872 -0.0652057 0
    outer loop
      vertex 23.3 19.5 150
      vertex 23.3145 19.7219 142
      vertex 23.3145 19.7219 150
    endloop
  endfacet
  facet normal 0.997872 -0.0652057 0
    outer loop
      vertex 23.3145 19.7219 142
      vertex 23.3 19.5 150
      vertex 23.3 19.5 142
    endloop
  endfacet
  facet normal 0.997872 0.0652057 0
    outer loop
      vertex 23.3145 19.2781 150
      vertex 23.3 19.5 142
      vertex 23.3 19.5 150
    endloop
  endfacet
  facet normal 0.997872 0.0652057 0
    outer loop
      vertex 23.3 19.5 142
      vertex 23.3145 19.2781 150
      vertex 23.3145 19.2781 142
    endloop
  endfacet
  facet normal 0.659268 -0.751908 0
    outer loop
      vertex 23.7979 20.7021 142
      vertex 23.9651 20.8487 150
      vertex 23.7979 20.7021 150
    endloop
  endfacet
  facet normal 0.659268 -0.751908 0
    outer loop
      vertex 23.9651 20.8487 150
      vertex 23.7979 20.7021 142
      vertex 23.9651 20.8487 142
    endloop
  endfacet
  facet normal 0.321484 -0.946915 0
    outer loop
      vertex 24.3494 21.0706 142
      vertex 24.56 21.1421 150
      vertex 24.3494 21.0706 150
    endloop
  endfacet
  facet normal 0.321484 -0.946915 0
    outer loop
      vertex 24.56 21.1421 150
      vertex 24.3494 21.0706 142
      vertex 24.56 21.1421 142
    endloop
  endfacet
  facet normal -0.946915 0.321484 0
    outer loop
      vertex 26.5706 18.8494 142
      vertex 26.6421 19.06 150
      vertex 26.6421 19.06 142
    endloop
  endfacet
  facet normal -0.946915 0.321484 0
    outer loop
      vertex 26.6421 19.06 150
      vertex 26.5706 18.8494 142
      vertex 26.5706 18.8494 150
    endloop
  endfacet
  facet normal -0.98077 0.195165 0
    outer loop
      vertex 26.6421 19.06 142
      vertex 26.6855 19.2781 150
      vertex 26.6855 19.2781 142
    endloop
  endfacet
  facet normal -0.98077 0.195165 0
    outer loop
      vertex 26.6855 19.2781 150
      vertex 26.6421 19.06 142
      vertex 26.6421 19.06 150
    endloop
  endfacet
  facet normal 0.555426 0.831566 -0
    outer loop
      vertex 24.15 18.0278 142
      vertex 23.9651 18.1513 150
      vertex 24.15 18.0278 150
    endloop
  endfacet
  facet normal 0.555426 0.831566 0
    outer loop
      vertex 23.9651 18.1513 150
      vertex 24.15 18.0278 142
      vertex 23.9651 18.1513 142
    endloop
  endfacet
  facet normal 0.831566 0.555426 0
    outer loop
      vertex 23.6513 18.4651 150
      vertex 23.5278 18.65 142
      vertex 23.5278 18.65 150
    endloop
  endfacet
  facet normal 0.831566 0.555426 0
    outer loop
      vertex 23.5278 18.65 142
      vertex 23.6513 18.4651 150
      vertex 23.6513 18.4651 142
    endloop
  endfacet
  facet normal 0.751908 0.659268 0
    outer loop
      vertex 23.7979 18.2979 150
      vertex 23.6513 18.4651 142
      vertex 23.6513 18.4651 150
    endloop
  endfacet
  facet normal 0.751908 0.659268 0
    outer loop
      vertex 23.6513 18.4651 142
      vertex 23.7979 18.2979 150
      vertex 23.7979 18.2979 142
    endloop
  endfacet
  facet normal 0.98077 0.195165 0
    outer loop
      vertex 23.3579 19.06 150
      vertex 23.3145 19.2781 142
      vertex 23.3145 19.2781 150
    endloop
  endfacet
  facet normal 0.98077 0.195165 0
    outer loop
      vertex 23.3145 19.2781 142
      vertex 23.3579 19.06 150
      vertex 23.3579 19.06 142
    endloop
  endfacet
  facet normal -0.555426 0.831566 0
    outer loop
      vertex 26.0349 18.1513 142
      vertex 25.85 18.0278 150
      vertex 26.0349 18.1513 150
    endloop
  endfacet
  facet normal -0.555426 0.831566 0
    outer loop
      vertex 25.85 18.0278 150
      vertex 26.0349 18.1513 142
      vertex 25.85 18.0278 142
    endloop
  endfacet
  facet normal -0.831566 0.555426 0
    outer loop
      vertex 26.3487 18.4651 142
      vertex 26.4722 18.65 150
      vertex 26.4722 18.65 142
    endloop
  endfacet
  facet normal -0.831566 0.555426 0
    outer loop
      vertex 26.4722 18.65 150
      vertex 26.3487 18.4651 142
      vertex 26.3487 18.4651 150
    endloop
  endfacet
  facet normal -0.997872 0.0652057 0
    outer loop
      vertex 26.6855 19.2781 142
      vertex 26.7 19.5 150
      vertex 26.7 19.5 142
    endloop
  endfacet
  facet normal -0.997872 0.0652057 0
    outer loop
      vertex 26.7 19.5 150
      vertex 26.6855 19.2781 142
      vertex 26.6855 19.2781 150
    endloop
  endfacet
  facet normal 0.195165 0.98077 -0
    outer loop
      vertex 24.7781 17.8145 142
      vertex 24.56 17.8579 150
      vertex 24.7781 17.8145 150
    endloop
  endfacet
  facet normal 0.195165 0.98077 0
    outer loop
      vertex 24.56 17.8579 150
      vertex 24.7781 17.8145 142
      vertex 24.56 17.8579 142
    endloop
  endfacet
  facet normal 0.659268 0.751908 -0
    outer loop
      vertex 23.9651 18.1513 142
      vertex 23.7979 18.2979 150
      vertex 23.9651 18.1513 150
    endloop
  endfacet
  facet normal 0.659268 0.751908 0
    outer loop
      vertex 23.7979 18.2979 150
      vertex 23.9651 18.1513 142
      vertex 23.7979 18.2979 142
    endloop
  endfacet
  facet normal 0.946915 0.321484 0
    outer loop
      vertex 23.4294 18.8494 150
      vertex 23.3579 19.06 142
      vertex 23.3579 19.06 150
    endloop
  endfacet
  facet normal 0.946915 0.321484 0
    outer loop
      vertex 23.3579 19.06 142
      vertex 23.4294 18.8494 150
      vertex 23.4294 18.8494 142
    endloop
  endfacet
  facet normal 0.896754 0.44253 0
    outer loop
      vertex 23.5278 18.65 150
      vertex 23.4294 18.8494 142
      vertex 23.4294 18.8494 150
    endloop
  endfacet
  facet normal 0.896754 0.44253 0
    outer loop
      vertex 23.4294 18.8494 142
      vertex 23.5278 18.65 150
      vertex 23.5278 18.65 142
    endloop
  endfacet
  facet normal -0.659268 0.751908 0
    outer loop
      vertex 26.2021 18.2979 142
      vertex 26.0349 18.1513 150
      vertex 26.2021 18.2979 150
    endloop
  endfacet
  facet normal -0.659268 0.751908 0
    outer loop
      vertex 26.0349 18.1513 150
      vertex 26.2021 18.2979 142
      vertex 26.0349 18.1513 142
    endloop
  endfacet
  facet normal -0.44253 0.896754 0
    outer loop
      vertex 25.85 18.0278 142
      vertex 25.6506 17.9294 150
      vertex 25.85 18.0278 150
    endloop
  endfacet
  facet normal -0.44253 0.896754 0
    outer loop
      vertex 25.6506 17.9294 150
      vertex 25.85 18.0278 142
      vertex 25.6506 17.9294 142
    endloop
  endfacet
  facet normal -0.321484 0.946915 0
    outer loop
      vertex 25.6506 17.9294 142
      vertex 25.44 17.8579 150
      vertex 25.6506 17.9294 150
    endloop
  endfacet
  facet normal -0.321484 0.946915 0
    outer loop
      vertex 25.44 17.8579 150
      vertex 25.6506 17.9294 142
      vertex 25.44 17.8579 142
    endloop
  endfacet
  facet normal -0.896754 0.44253 0
    outer loop
      vertex 26.4722 18.65 142
      vertex 26.5706 18.8494 150
      vertex 26.5706 18.8494 142
    endloop
  endfacet
  facet normal -0.896754 0.44253 0
    outer loop
      vertex 26.5706 18.8494 150
      vertex 26.4722 18.65 142
      vertex 26.4722 18.65 150
    endloop
  endfacet
  facet normal 0.321484 0.946915 -0
    outer loop
      vertex 24.56 17.8579 142
      vertex 24.3494 17.9294 150
      vertex 24.56 17.8579 150
    endloop
  endfacet
  facet normal 0.321484 0.946915 0
    outer loop
      vertex 24.3494 17.9294 150
      vertex 24.56 17.8579 142
      vertex 24.3494 17.9294 142
    endloop
  endfacet
  facet normal 0.0652057 0.997872 -0
    outer loop
      vertex 25 17.8 142
      vertex 24.7781 17.8145 150
      vertex 25 17.8 150
    endloop
  endfacet
  facet normal 0.0652057 0.997872 0
    outer loop
      vertex 24.7781 17.8145 150
      vertex 25 17.8 142
      vertex 24.7781 17.8145 142
    endloop
  endfacet
  facet normal 0.44253 0.896754 -0
    outer loop
      vertex 24.3494 17.9294 142
      vertex 24.15 18.0278 150
      vertex 24.3494 17.9294 150
    endloop
  endfacet
  facet normal 0.44253 0.896754 0
    outer loop
      vertex 24.15 18.0278 150
      vertex 24.3494 17.9294 142
      vertex 24.15 18.0278 142
    endloop
  endfacet
  facet normal 0.997859 0.0654027 0
    outer loop
      vertex 79.5 19.5 150
      vertex 79.4615 20.0874 142
      vertex 79.4615 20.0874 150
    endloop
  endfacet
  facet normal 0.997859 0.0654027 0
    outer loop
      vertex 79.4615 20.0874 142
      vertex 79.5 19.5 150
      vertex 79.5 19.5 142
    endloop
  endfacet
  facet normal -0.0654027 0.997859 0
    outer loop
      vertex 75 24 142
      vertex 74.4126 23.9615 150
      vertex 75 24 150
    endloop
  endfacet
  facet normal -0.0654027 0.997859 0
    outer loop
      vertex 74.4126 23.9615 150
      vertex 75 24 142
      vertex 74.4126 23.9615 142
    endloop
  endfacet
  facet normal 0.659298 0.751882 -0
    outer loop
      vertex 78.182 22.682 142
      vertex 77.7394 23.0701 150
      vertex 78.182 22.682 150
    endloop
  endfacet
  facet normal 0.659298 0.751882 0
    outer loop
      vertex 77.7394 23.0701 150
      vertex 78.182 22.682 142
      vertex 77.7394 23.0701 142
    endloop
  endfacet
  facet normal -0.751882 0.659298 0
    outer loop
      vertex 71.4299 22.2394 142
      vertex 71.818 22.682 150
      vertex 71.818 22.682 142
    endloop
  endfacet
  facet normal -0.751882 0.659298 0
    outer loop
      vertex 71.818 22.682 150
      vertex 71.4299 22.2394 142
      vertex 71.4299 22.2394 150
    endloop
  endfacet
  facet normal -0.442382 0.896827 0
    outer loop
      vertex 73.2779 23.6575 142
      vertex 72.75 23.3971 150
      vertex 73.2779 23.6575 150
    endloop
  endfacet
  facet normal -0.442382 0.896827 0
    outer loop
      vertex 72.75 23.3971 150
      vertex 73.2779 23.6575 142
      vertex 72.75 23.3971 142
    endloop
  endfacet
  facet normal 0.751882 -0.659298 0
    outer loop
      vertex 78.182 16.318 150
      vertex 78.5701 16.7606 142
      vertex 78.5701 16.7606 150
    endloop
  endfacet
  facet normal 0.751882 -0.659298 0
    outer loop
      vertex 78.5701 16.7606 142
      vertex 78.182 16.318 150
      vertex 78.182 16.318 142
    endloop
  endfacet
  facet normal 0.831475 -0.555562 0
    outer loop
      vertex 78.5701 16.7606 150
      vertex 78.8971 17.25 142
      vertex 78.8971 17.25 150
    endloop
  endfacet
  facet normal 0.831475 -0.555562 0
    outer loop
      vertex 78.8971 17.25 142
      vertex 78.5701 16.7606 150
      vertex 78.5701 16.7606 142
    endloop
  endfacet
  facet normal -0.659298 -0.751882 0
    outer loop
      vertex 71.818 16.318 142
      vertex 72.2606 15.9299 150
      vertex 71.818 16.318 150
    endloop
  endfacet
  facet normal -0.659298 -0.751882 -0
    outer loop
      vertex 72.2606 15.9299 150
      vertex 71.818 16.318 142
      vertex 72.2606 15.9299 142
    endloop
  endfacet
  facet normal 0.946999 0.321235 0
    outer loop
      vertex 79.2498 20.95 150
      vertex 79.1575 21.2221 142
      vertex 79.1575 21.2221 150
    endloop
  endfacet
  facet normal 0.946876 0.321599 -0
    outer loop
      vertex 79.3467 20.6647 142
      vertex 79.2498 20.95 150
      vertex 79.3467 20.6647 150
    endloop
  endfacet
  facet normal 0.946936 0.321421 7.07144e-06
    outer loop
      vertex 79.2498 20.95 150
      vertex 79.3467 20.6647 142
      vertex 79.1575 21.2221 142
    endloop
  endfacet
  facet normal 0.980796 0.195038 0
    outer loop
      vertex 79.4615 20.0874 150
      vertex 79.3467 20.6647 142
      vertex 79.3467 20.6647 150
    endloop
  endfacet
  facet normal 0.980796 0.195038 0
    outer loop
      vertex 79.3467 20.6647 142
      vertex 79.4615 20.0874 150
      vertex 79.4615 20.0874 142
    endloop
  endfacet
  facet normal 0.321421 0.946936 -0
    outer loop
      vertex 76.7221 23.6575 142
      vertex 76.1647 23.8467 150
      vertex 76.7221 23.6575 150
    endloop
  endfacet
  facet normal 0.321421 0.946936 0
    outer loop
      vertex 76.1647 23.8467 150
      vertex 76.7221 23.6575 142
      vertex 76.1647 23.8467 142
    endloop
  endfacet
  facet normal 0.0654027 0.997859 -0
    outer loop
      vertex 75.5874 23.9615 142
      vertex 75 24 150
      vertex 75.5874 23.9615 150
    endloop
  endfacet
  facet normal 0.0654027 0.997859 0
    outer loop
      vertex 75 24 150
      vertex 75.5874 23.9615 142
      vertex 75 24 142
    endloop
  endfacet
  facet normal 0.555562 0.831475 -0
    outer loop
      vertex 77.7394 23.0701 142
      vertex 77.25 23.3971 150
      vertex 77.7394 23.0701 150
    endloop
  endfacet
  facet normal 0.555562 0.831475 0
    outer loop
      vertex 77.25 23.3971 150
      vertex 77.7394 23.0701 142
      vertex 77.25 23.3971 142
    endloop
  endfacet
  facet normal -0.896827 0.442382 0
    outer loop
      vertex 70.8425 21.2221 142
      vertex 71.1029 21.75 150
      vertex 71.1029 21.75 142
    endloop
  endfacet
  facet normal -0.896827 0.442382 0
    outer loop
      vertex 71.1029 21.75 150
      vertex 70.8425 21.2221 142
      vertex 70.8425 21.2221 150
    endloop
  endfacet
  facet normal -0.831475 0.555562 0
    outer loop
      vertex 71.1029 21.75 142
      vertex 71.4299 22.2394 150
      vertex 71.4299 22.2394 142
    endloop
  endfacet
  facet normal -0.831475 0.555562 0
    outer loop
      vertex 71.4299 22.2394 150
      vertex 71.1029 21.75 142
      vertex 71.1029 21.75 150
    endloop
  endfacet
  facet normal -0.980796 0.195038 0
    outer loop
      vertex 70.5385 20.0874 142
      vertex 70.6533 20.6647 150
      vertex 70.6533 20.6647 142
    endloop
  endfacet
  facet normal -0.980796 0.195038 0
    outer loop
      vertex 70.6533 20.6647 150
      vertex 70.5385 20.0874 142
      vertex 70.5385 20.0874 150
    endloop
  endfacet
  facet normal -0.997859 -0.0654027 0
    outer loop
      vertex 70.5385 18.9126 142
      vertex 70.5 19.5 150
      vertex 70.5 19.5 142
    endloop
  endfacet
  facet normal -0.997859 -0.0654027 0
    outer loop
      vertex 70.5 19.5 150
      vertex 70.5385 18.9126 142
      vertex 70.5385 18.9126 150
    endloop
  endfacet
  facet normal -0.659298 0.751882 0
    outer loop
      vertex 72.2606 23.0701 142
      vertex 71.818 22.682 150
      vertex 72.2606 23.0701 150
    endloop
  endfacet
  facet normal -0.659298 0.751882 0
    outer loop
      vertex 71.818 22.682 150
      vertex 72.2606 23.0701 142
      vertex 71.818 22.682 142
    endloop
  endfacet
  facet normal -0.195038 0.980796 0
    outer loop
      vertex 74.4126 23.9615 142
      vertex 73.8353 23.8467 150
      vertex 74.4126 23.9615 150
    endloop
  endfacet
  facet normal -0.195038 0.980796 0
    outer loop
      vertex 73.8353 23.8467 150
      vertex 74.4126 23.9615 142
      vertex 73.8353 23.8467 142
    endloop
  endfacet
  facet normal 0.321421 -0.946936 0
    outer loop
      vertex 76.1647 15.1533 142
      vertex 76.7221 15.3425 150
      vertex 76.1647 15.1533 150
    endloop
  endfacet
  facet normal 0.321421 -0.946936 0
    outer loop
      vertex 76.7221 15.3425 150
      vertex 76.1647 15.1533 142
      vertex 76.7221 15.3425 142
    endloop
  endfacet
  facet normal 0.195038 -0.980796 0
    outer loop
      vertex 75.5874 15.0385 142
      vertex 76.1647 15.1533 150
      vertex 75.5874 15.0385 150
    endloop
  endfacet
  facet normal 0.195038 -0.980796 0
    outer loop
      vertex 76.1647 15.1533 150
      vertex 75.5874 15.0385 142
      vertex 76.1647 15.1533 142
    endloop
  endfacet
  facet normal 0.997859 -0.0654027 0
    outer loop
      vertex 79.4615 18.9126 150
      vertex 79.5 19.5 142
      vertex 79.5 19.5 150
    endloop
  endfacet
  facet normal 0.997859 -0.0654027 0
    outer loop
      vertex 79.5 19.5 142
      vertex 79.4615 18.9126 150
      vertex 79.4615 18.9126 142
    endloop
  endfacet
  facet normal -0.555562 -0.831475 0
    outer loop
      vertex 72.2606 15.9299 142
      vertex 72.75 15.6029 150
      vertex 72.2606 15.9299 150
    endloop
  endfacet
  facet normal -0.555562 -0.831475 -0
    outer loop
      vertex 72.75 15.6029 150
      vertex 72.2606 15.9299 142
      vertex 72.75 15.6029 142
    endloop
  endfacet
  facet normal -0.195038 -0.980796 0
    outer loop
      vertex 73.8353 15.1533 142
      vertex 74.4126 15.0385 150
      vertex 73.8353 15.1533 150
    endloop
  endfacet
  facet normal -0.195038 -0.980796 -0
    outer loop
      vertex 74.4126 15.0385 150
      vertex 73.8353 15.1533 142
      vertex 74.4126 15.0385 142
    endloop
  endfacet
  facet normal 0.896827 0.442382 0
    outer loop
      vertex 79.1575 21.2221 150
      vertex 78.8971 21.75 142
      vertex 78.8971 21.75 150
    endloop
  endfacet
  facet normal 0.896827 0.442382 0
    outer loop
      vertex 78.8971 21.75 142
      vertex 79.1575 21.2221 150
      vertex 79.1575 21.2221 142
    endloop
  endfacet
  facet normal 0.831475 0.555562 0
    outer loop
      vertex 78.8971 21.75 150
      vertex 78.5701 22.2394 142
      vertex 78.5701 22.2394 150
    endloop
  endfacet
  facet normal 0.831475 0.555562 0
    outer loop
      vertex 78.5701 22.2394 142
      vertex 78.8971 21.75 150
      vertex 78.8971 21.75 142
    endloop
  endfacet
  facet normal 0.751882 0.659298 0
    outer loop
      vertex 78.5701 22.2394 150
      vertex 78.182 22.682 142
      vertex 78.182 22.682 150
    endloop
  endfacet
  facet normal 0.751882 0.659298 0
    outer loop
      vertex 78.182 22.682 142
      vertex 78.5701 22.2394 150
      vertex 78.5701 22.2394 142
    endloop
  endfacet
  facet normal 0 0 -1
    outer loop
      vertex 76.7 19.5 142
      vertex 79.5 19.5 142
      vertex 79.4615 18.9126 142
    endloop
  endfacet
  facet normal 0 0 -1
    outer loop
      vertex 76.6855 19.2781 142
      vertex 79.4615 18.9126 142
      vertex 79.3467 18.3353 142
    endloop
  endfacet
  facet normal 0 0 -1
    outer loop
      vertex 79.5 19.5 142
      vertex 76.7 19.5 142
      vertex 79.4615 20.0874 142
    endloop
  endfacet
  facet normal 0 0 -1
    outer loop
      vertex 76.6421 19.06 142
      vertex 79.3467 18.3353 142
      vertex 79.1575 17.7779 142
    endloop
  endfacet
  facet normal 0 0 -1
    outer loop
      vertex 76.6855 19.7219 142
      vertex 79.4615 20.0874 142
      vertex 76.7 19.5 142
    endloop
  endfacet
  facet normal 0 0 -1
    outer loop
      vertex 76.5706 18.8494 142
      vertex 79.1575 17.7779 142
      vertex 78.8971 17.25 142
    endloop
  endfacet
  facet normal -0 0 -1
    outer loop
      vertex 79.4615 20.0874 142
      vertex 76.6855 19.7219 142
      vertex 79.3467 20.6647 142
    endloop
  endfacet
  facet normal 0 0 -1
    outer loop
      vertex 76.4722 18.65 142
      vertex 78.8971 17.25 142
      vertex 78.5701 16.7606 142
    endloop
  endfacet
  facet normal 0 0 -1
    outer loop
      vertex 76.6421 19.94 142
      vertex 79.3467 20.6647 142
      vertex 76.6855 19.7219 142
    endloop
  endfacet
  facet normal 0 0 -1
    outer loop
      vertex 76.3487 18.4651 142
      vertex 78.5701 16.7606 142
      vertex 78.182 16.318 142
    endloop
  endfacet
  facet normal -0 0 -1
    outer loop
      vertex 79.3467 20.6647 142
      vertex 76.6421 19.94 142
      vertex 79.1575 21.2221 142
    endloop
  endfacet
  facet normal 0 0 -1
    outer loop
      vertex 76.2021 18.2979 142
      vertex 78.182 16.318 142
      vertex 77.7394 15.9299 142
    endloop
  endfacet
  facet normal 0 0 -1
    outer loop
      vertex 76.5706 20.1506 142
      vertex 79.1575 21.2221 142
      vertex 76.6421 19.94 142
    endloop
  endfacet
  facet normal 0 0 -1
    outer loop
      vertex 76.0349 18.1513 142
      vertex 77.7394 15.9299 142
      vertex 77.25 15.6029 142
    endloop
  endfacet
  facet normal -0 0 -1
    outer loop
      vertex 79.1575 21.2221 142
      vertex 76.5706 20.1506 142
      vertex 78.8971 21.75 142
    endloop
  endfacet
  facet normal 0 0 -1
    outer loop
      vertex 75.85 18.0278 142
      vertex 77.25 15.6029 142
      vertex 76.7221 15.3425 142
    endloop
  endfacet
  facet normal 0 0 -1
    outer loop
      vertex 76.4722 20.35 142
      vertex 78.8971 21.75 142
      vertex 76.5706 20.1506 142
    endloop
  endfacet
  facet normal -0 0 -1
    outer loop
      vertex 78.8971 21.75 142
      vertex 76.4722 20.35 142
      vertex 78.5701 22.2394 142
    endloop
  endfacet
  facet normal 0 0 -1
    outer loop
      vertex 79.4615 18.9126 142
      vertex 76.6855 19.2781 142
      vertex 76.7 19.5 142
    endloop
  endfacet
  facet normal 0 0 -1
    outer loop
      vertex 79.3467 18.3353 142
      vertex 76.6421 19.06 142
      vertex 76.6855 19.2781 142
    endloop
  endfacet
  facet normal 0 0 -1
    outer loop
      vertex 79.1575 17.7779 142
      vertex 76.5706 18.8494 142
      vertex 76.6421 19.06 142
    endloop
  endfacet
  facet normal 0 0 -1
    outer loop
      vertex 78.8971 17.25 142
      vertex 76.4722 18.65 142
      vertex 76.5706 18.8494 142
    endloop
  endfacet
  facet normal 0 0 -1
    outer loop
      vertex 78.5701 16.7606 142
      vertex 76.3487 18.4651 142
      vertex 76.4722 18.65 142
    endloop
  endfacet
  facet normal 0 0 -1
    outer loop
      vertex 78.182 16.318 142
      vertex 76.2021 18.2979 142
      vertex 76.3487 18.4651 142
    endloop
  endfacet
  facet normal 0 0 -1
    outer loop
      vertex 75.6506 17.9294 142
      vertex 76.7221 15.3425 142
      vertex 76.1647 15.1533 142
    endloop
  endfacet
  facet normal 0 0 -1
    outer loop
      vertex 77.7394 15.9299 142
      vertex 76.0349 18.1513 142
      vertex 76.2021 18.2979 142
    endloop
  endfacet
  facet normal 0 0 -1
    outer loop
      vertex 77.25 15.6029 142
      vertex 75.85 18.0278 142
      vertex 76.0349 18.1513 142
    endloop
  endfacet
  facet normal 0 0 -1
    outer loop
      vertex 76.7221 15.3425 142
      vertex 75.6506 17.9294 142
      vertex 75.85 18.0278 142
    endloop
  endfacet
  facet normal 0 0 -1
    outer loop
      vertex 75.44 17.8579 142
      vertex 76.1647 15.1533 142
      vertex 75.5874 15.0385 142
    endloop
  endfacet
  facet normal 0 0 -1
    outer loop
      vertex 76.1647 15.1533 142
      vertex 75.44 17.8579 142
      vertex 75.6506 17.9294 142
    endloop
  endfacet
  facet normal 0 0 -1
    outer loop
      vertex 75.5874 15.0385 142
      vertex 75.2219 17.8145 142
      vertex 75.44 17.8579 142
    endloop
  endfacet
  facet normal 0 0 -1
    outer loop
      vertex 75 15 142
      vertex 75.2219 17.8145 142
      vertex 75.5874 15.0385 142
    endloop
  endfacet
  facet normal 0 0 -1
    outer loop
      vertex 75 15 142
      vertex 75 17.8 142
      vertex 75.2219 17.8145 142
    endloop
  endfacet
  facet normal 0 0 -1
    outer loop
      vertex 75 15 142
      vertex 74.7781 17.8145 142
      vertex 75 17.8 142
    endloop
  endfacet
  facet normal 0 0 -1
    outer loop
      vertex 74.4126 15.0385 142
      vertex 74.7781 17.8145 142
      vertex 75 15 142
    endloop
  endfacet
  facet normal -0 0 -1
    outer loop
      vertex 74.7781 17.8145 142
      vertex 74.4126 15.0385 142
      vertex 74.56 17.8579 142
    endloop
  endfacet
  facet normal 0 0 -1
    outer loop
      vertex 73.8353 15.1533 142
      vertex 74.56 17.8579 142
      vertex 74.4126 15.0385 142
    endloop
  endfacet
  facet normal -0 0 -1
    outer loop
      vertex 74.56 17.8579 142
      vertex 73.8353 15.1533 142
      vertex 74.3494 17.9294 142
    endloop
  endfacet
  facet normal 0 0 -1
    outer loop
      vertex 73.2779 15.3425 142
      vertex 74.3494 17.9294 142
      vertex 73.8353 15.1533 142
    endloop
  endfacet
  facet normal -0 0 -1
    outer loop
      vertex 74.3494 17.9294 142
      vertex 73.2779 15.3425 142
      vertex 74.15 18.0278 142
    endloop
  endfacet
  facet normal 0 0 -1
    outer loop
      vertex 72.75 15.6029 142
      vertex 74.15 18.0278 142
      vertex 73.2779 15.3425 142
    endloop
  endfacet
  facet normal -0 0 -1
    outer loop
      vertex 74.15 18.0278 142
      vertex 72.75 15.6029 142
      vertex 73.9651 18.1513 142
    endloop
  endfacet
  facet normal 0 0 -1
    outer loop
      vertex 72.2606 15.9299 142
      vertex 73.9651 18.1513 142
      vertex 72.75 15.6029 142
    endloop
  endfacet
  facet normal -0 0 -1
    outer loop
      vertex 73.9651 18.1513 142
      vertex 72.2606 15.9299 142
      vertex 73.7979 18.2979 142
    endloop
  endfacet
  facet normal 0 0 -1
    outer loop
      vertex 71.818 16.318 142
      vertex 73.7979 18.2979 142
      vertex 72.2606 15.9299 142
    endloop
  endfacet
  facet normal -0 0 -1
    outer loop
      vertex 73.7979 18.2979 142
      vertex 71.818 16.318 142
      vertex 73.6513 18.4651 142
    endloop
  endfacet
  facet normal -0 0 -1
    outer loop
      vertex 73.6513 18.4651 142
      vertex 71.4299 16.7606 142
      vertex 73.5278 18.65 142
    endloop
  endfacet
  facet normal 0 0 -1
    outer loop
      vertex 71.4299 16.7606 142
      vertex 73.6513 18.4651 142
      vertex 71.818 16.318 142
    endloop
  endfacet
  facet normal 0 0 -1
    outer loop
      vertex 76.3487 20.5349 142
      vertex 78.5701 22.2394 142
      vertex 76.4722 20.35 142
    endloop
  endfacet
  facet normal -0 0 -1
    outer loop
      vertex 78.5701 22.2394 142
      vertex 76.3487 20.5349 142
      vertex 78.182 22.682 142
    endloop
  endfacet
  facet normal 0 0 -1
    outer loop
      vertex 76.2021 20.7021 142
      vertex 78.182 22.682 142
      vertex 76.3487 20.5349 142
    endloop
  endfacet
  facet normal -0 0 -1
    outer loop
      vertex 78.182 22.682 142
      vertex 76.2021 20.7021 142
      vertex 77.7394 23.0701 142
    endloop
  endfacet
  facet normal 0 0 -1
    outer loop
      vertex 76.0349 20.8487 142
      vertex 77.7394 23.0701 142
      vertex 76.2021 20.7021 142
    endloop
  endfacet
  facet normal -0 0 -1
    outer loop
      vertex 77.7394 23.0701 142
      vertex 76.0349 20.8487 142
      vertex 77.25 23.3971 142
    endloop
  endfacet
  facet normal 0 0 -1
    outer loop
      vertex 75.85 20.9722 142
      vertex 77.25 23.3971 142
      vertex 76.0349 20.8487 142
    endloop
  endfacet
  facet normal -0 0 -1
    outer loop
      vertex 77.25 23.3971 142
      vertex 75.85 20.9722 142
      vertex 76.7221 23.6575 142
    endloop
  endfacet
  facet normal 0 0 -1
    outer loop
      vertex 75.6506 21.0706 142
      vertex 76.7221 23.6575 142
      vertex 75.85 20.9722 142
    endloop
  endfacet
  facet normal -0 0 -1
    outer loop
      vertex 76.7221 23.6575 142
      vertex 75.6506 21.0706 142
      vertex 76.1647 23.8467 142
    endloop
  endfacet
  facet normal 0 0 -1
    outer loop
      vertex 75.44 21.1421 142
      vertex 76.1647 23.8467 142
      vertex 75.6506 21.0706 142
    endloop
  endfacet
  facet normal -0 0 -1
    outer loop
      vertex 76.1647 23.8467 142
      vertex 75.44 21.1421 142
      vertex 75.5874 23.9615 142
    endloop
  endfacet
  facet normal 0 0 -1
    outer loop
      vertex 75.2219 21.1855 142
      vertex 75.5874 23.9615 142
      vertex 75.44 21.1421 142
    endloop
  endfacet
  facet normal 0 0 -1
    outer loop
      vertex 75 21.2 142
      vertex 75.5874 23.9615 142
      vertex 75.2219 21.1855 142
    endloop
  endfacet
  facet normal 0 0 -1
    outer loop
      vertex 75 21.2 142
      vertex 75 24 142
      vertex 75.5874 23.9615 142
    endloop
  endfacet
  facet normal 0 0 -1
    outer loop
      vertex 74.7781 21.1855 142
      vertex 75 24 142
      vertex 75 21.2 142
    endloop
  endfacet
  facet normal 0 0 -1
    outer loop
      vertex 74.4126 23.9615 142
      vertex 74.7781 21.1855 142
      vertex 74.56 21.1421 142
    endloop
  endfacet
  facet normal 0 0 -1
    outer loop
      vertex 74.7781 21.1855 142
      vertex 74.4126 23.9615 142
      vertex 75 24 142
    endloop
  endfacet
  facet normal 0 0 -1
    outer loop
      vertex 73.8353 23.8467 142
      vertex 74.56 21.1421 142
      vertex 74.3494 21.0706 142
    endloop
  endfacet
  facet normal 0 0 -1
    outer loop
      vertex 73.2779 23.6575 142
      vertex 74.3494 21.0706 142
      vertex 74.15 20.9722 142
    endloop
  endfacet
  facet normal 0 0 -1
    outer loop
      vertex 72.75 23.3971 142
      vertex 74.15 20.9722 142
      vertex 73.9651 20.8487 142
    endloop
  endfacet
  facet normal 0 0 -1
    outer loop
      vertex 74.56 21.1421 142
      vertex 73.8353 23.8467 142
      vertex 74.4126 23.9615 142
    endloop
  endfacet
  facet normal 0 0 -1
    outer loop
      vertex 72.2606 23.0701 142
      vertex 73.9651 20.8487 142
      vertex 73.7979 20.7021 142
    endloop
  endfacet
  facet normal 0 0 -1
    outer loop
      vertex 71.818 22.682 142
      vertex 73.7979 20.7021 142
      vertex 73.6513 20.5349 142
    endloop
  endfacet
  facet normal 0 0 -1
    outer loop
      vertex 71.4299 22.2394 142
      vertex 73.6513 20.5349 142
      vertex 73.5278 20.35 142
    endloop
  endfacet
  facet normal 0 0 -1
    outer loop
      vertex 71.1029 21.75 142
      vertex 73.5278 20.35 142
      vertex 73.4294 20.1506 142
    endloop
  endfacet
  facet normal 0 0 -1
    outer loop
      vertex 70.8425 21.2221 142
      vertex 73.4294 20.1506 142
      vertex 73.3579 19.94 142
    endloop
  endfacet
  facet normal 0 0 -1
    outer loop
      vertex 70.6533 20.6647 142
      vertex 73.3579 19.94 142
      vertex 73.3145 19.7219 142
    endloop
  endfacet
  facet normal 0 0 -1
    outer loop
      vertex 74.3494 21.0706 142
      vertex 73.2779 23.6575 142
      vertex 73.8353 23.8467 142
    endloop
  endfacet
  facet normal 0 0 -1
    outer loop
      vertex 70.5385 20.0874 142
      vertex 73.3145 19.7219 142
      vertex 73.3 19.5 142
    endloop
  endfacet
  facet normal 0 0 -1
    outer loop
      vertex 71.1029 17.25 142
      vertex 73.5278 18.65 142
      vertex 71.4299 16.7606 142
    endloop
  endfacet
  facet normal -0 0 -1
    outer loop
      vertex 73.5278 18.65 142
      vertex 71.1029 17.25 142
      vertex 73.4294 18.8494 142
    endloop
  endfacet
  facet normal 0 0 -1
    outer loop
      vertex 74.15 20.9722 142
      vertex 72.75 23.3971 142
      vertex 73.2779 23.6575 142
    endloop
  endfacet
  facet normal 0 0 -1
    outer loop
      vertex 70.8425 17.7779 142
      vertex 73.4294 18.8494 142
      vertex 71.1029 17.25 142
    endloop
  endfacet
  facet normal 0 0 -1
    outer loop
      vertex 73.9651 20.8487 142
      vertex 72.2606 23.0701 142
      vertex 72.75 23.3971 142
    endloop
  endfacet
  facet normal -0 0 -1
    outer loop
      vertex 73.4294 18.8494 142
      vertex 70.8425 17.7779 142
      vertex 73.3579 19.06 142
    endloop
  endfacet
  facet normal 0 0 -1
    outer loop
      vertex 73.7979 20.7021 142
      vertex 71.818 22.682 142
      vertex 72.2606 23.0701 142
    endloop
  endfacet
  facet normal 0 0 -1
    outer loop
      vertex 70.6533 18.3353 142
      vertex 73.3579 19.06 142
      vertex 70.8425 17.7779 142
    endloop
  endfacet
  facet normal 0 0 -1
    outer loop
      vertex 73.6513 20.5349 142
      vertex 71.4299 22.2394 142
      vertex 71.818 22.682 142
    endloop
  endfacet
  facet normal -0 0 -1
    outer loop
      vertex 73.3579 19.06 142
      vertex 70.6533 18.3353 142
      vertex 73.3145 19.2781 142
    endloop
  endfacet
  facet normal 0 0 -1
    outer loop
      vertex 73.5278 20.35 142
      vertex 71.1029 21.75 142
      vertex 71.4299 22.2394 142
    endloop
  endfacet
  facet normal 0 0 -1
    outer loop
      vertex 70.5385 18.9126 142
      vertex 73.3145 19.2781 142
      vertex 70.6533 18.3353 142
    endloop
  endfacet
  facet normal 0 0 -1
    outer loop
      vertex 73.4294 20.1506 142
      vertex 70.8425 21.2221 142
      vertex 71.1029 21.75 142
    endloop
  endfacet
  facet normal -0 0 -1
    outer loop
      vertex 73.3145 19.2781 142
      vertex 70.5385 18.9126 142
      vertex 73.3 19.5 142
    endloop
  endfacet
  facet normal 0 0 -1
    outer loop
      vertex 73.3579 19.94 142
      vertex 70.6533 20.6647 142
      vertex 70.8425 21.2221 142
    endloop
  endfacet
  facet normal 0 0 -1
    outer loop
      vertex 70.5 19.5 142
      vertex 73.3 19.5 142
      vertex 70.5385 18.9126 142
    endloop
  endfacet
  facet normal 0 0 -1
    outer loop
      vertex 73.3145 19.7219 142
      vertex 70.5385 20.0874 142
      vertex 70.6533 20.6647 142
    endloop
  endfacet
  facet normal 0 0 -1
    outer loop
      vertex 73.3 19.5 142
      vertex 70.5 19.5 142
      vertex 70.5385 20.0874 142
    endloop
  endfacet
  facet normal -0.946999 0.321235 0
    outer loop
      vertex 70.8425 21.2221 142
      vertex 70.7502 20.95 150
      vertex 70.8425 21.2221 150
    endloop
  endfacet
  facet normal -0.946936 0.321421 7.07144e-06
    outer loop
      vertex 70.6533 20.6647 142
      vertex 70.7502 20.95 150
      vertex 70.8425 21.2221 142
    endloop
  endfacet
  facet normal -0.946876 0.321599 0
    outer loop
      vertex 70.7502 20.95 150
      vertex 70.6533 20.6647 142
      vertex 70.6533 20.6647 150
    endloop
  endfacet
  facet normal -0.555562 0.831475 0
    outer loop
      vertex 72.75 23.3971 142
      vertex 72.2606 23.0701 150
      vertex 72.75 23.3971 150
    endloop
  endfacet
  facet normal -0.555562 0.831475 0
    outer loop
      vertex 72.2606 23.0701 150
      vertex 72.75 23.3971 142
      vertex 72.2606 23.0701 142
    endloop
  endfacet
  facet normal -0.321421 0.946936 0
    outer loop
      vertex 73.8353 23.8467 142
      vertex 73.2779 23.6575 150
      vertex 73.8353 23.8467 150
    endloop
  endfacet
  facet normal -0.321421 0.946936 0
    outer loop
      vertex 73.2779 23.6575 150
      vertex 73.8353 23.8467 142
      vertex 73.2779 23.6575 142
    endloop
  endfacet
  facet normal 0.555562 -0.831475 0
    outer loop
      vertex 77.25 15.6029 142
      vertex 77.7394 15.9299 150
      vertex 77.25 15.6029 150
    endloop
  endfacet
  facet normal 0.555562 -0.831475 0
    outer loop
      vertex 77.7394 15.9299 150
      vertex 77.25 15.6029 142
      vertex 77.7394 15.9299 142
    endloop
  endfacet
  facet normal 0.659298 -0.751882 0
    outer loop
      vertex 77.7394 15.9299 142
      vertex 78.182 16.318 150
      vertex 77.7394 15.9299 150
    endloop
  endfacet
  facet normal 0.659298 -0.751882 0
    outer loop
      vertex 78.182 16.318 150
      vertex 77.7394 15.9299 142
      vertex 78.182 16.318 142
    endloop
  endfacet
  facet normal 0.946936 -0.321421 0
    outer loop
      vertex 79.1575 17.7779 150
      vertex 79.3467 18.3353 142
      vertex 79.3467 18.3353 150
    endloop
  endfacet
  facet normal 0.946936 -0.321421 0
    outer loop
      vertex 79.3467 18.3353 142
      vertex 79.1575 17.7779 150
      vertex 79.1575 17.7779 142
    endloop
  endfacet
  facet normal 0.980796 -0.195038 0
    outer loop
      vertex 79.3467 18.3353 150
      vertex 79.4615 18.9126 142
      vertex 79.4615 18.9126 150
    endloop
  endfacet
  facet normal 0.980796 -0.195038 0
    outer loop
      vertex 79.4615 18.9126 142
      vertex 79.3467 18.3353 150
      vertex 79.3467 18.3353 142
    endloop
  endfacet
  facet normal -0.0654027 -0.997859 0
    outer loop
      vertex 74.4126 15.0385 142
      vertex 75 15 150
      vertex 74.4126 15.0385 150
    endloop
  endfacet
  facet normal -0.0654027 -0.997859 -0
    outer loop
      vertex 75 15 150
      vertex 74.4126 15.0385 142
      vertex 75 15 142
    endloop
  endfacet
  facet normal -0.442382 -0.896827 0
    outer loop
      vertex 72.75 15.6029 142
      vertex 73.2779 15.3425 150
      vertex 72.75 15.6029 150
    endloop
  endfacet
  facet normal -0.442382 -0.896827 -0
    outer loop
      vertex 73.2779 15.3425 150
      vertex 72.75 15.6029 142
      vertex 73.2779 15.3425 142
    endloop
  endfacet
  facet normal -0.321421 -0.946936 0
    outer loop
      vertex 73.2779 15.3425 142
      vertex 73.8353 15.1533 150
      vertex 73.2779 15.3425 150
    endloop
  endfacet
  facet normal -0.321421 -0.946936 -0
    outer loop
      vertex 73.8353 15.1533 150
      vertex 73.2779 15.3425 142
      vertex 73.8353 15.1533 142
    endloop
  endfacet
  facet normal 0.0654027 -0.997859 0
    outer loop
      vertex 75 15 142
      vertex 75.5874 15.0385 150
      vertex 75 15 150
    endloop
  endfacet
  facet normal 0.0654027 -0.997859 0
    outer loop
      vertex 75.5874 15.0385 150
      vertex 75 15 142
      vertex 75.5874 15.0385 142
    endloop
  endfacet
  facet normal -0.831475 -0.555562 0
    outer loop
      vertex 71.4299 16.7606 142
      vertex 71.1029 17.25 150
      vertex 71.1029 17.25 142
    endloop
  endfacet
  facet normal -0.831475 -0.555562 0
    outer loop
      vertex 71.1029 17.25 150
      vertex 71.4299 16.7606 142
      vertex 71.4299 16.7606 150
    endloop
  endfacet
  facet normal -0.896827 -0.442382 0
    outer loop
      vertex 71.1029 17.25 142
      vertex 70.8425 17.7779 150
      vertex 70.8425 17.7779 142
    endloop
  endfacet
  facet normal -0.896827 -0.442382 0
    outer loop
      vertex 70.8425 17.7779 150
      vertex 71.1029 17.25 142
      vertex 71.1029 17.25 150
    endloop
  endfacet
  facet normal -0.980796 -0.195038 0
    outer loop
      vertex 70.6533 18.3353 142
      vertex 70.5385 18.9126 150
      vertex 70.5385 18.9126 142
    endloop
  endfacet
  facet normal -0.980796 -0.195038 0
    outer loop
      vertex 70.5385 18.9126 150
      vertex 70.6533 18.3353 142
      vertex 70.6533 18.3353 150
    endloop
  endfacet
  facet normal 0.195038 0.980796 -0
    outer loop
      vertex 76.1647 23.8467 142
      vertex 75.5874 23.9615 150
      vertex 76.1647 23.8467 150
    endloop
  endfacet
  facet normal 0.195038 0.980796 0
    outer loop
      vertex 75.5874 23.9615 150
      vertex 76.1647 23.8467 142
      vertex 75.5874 23.9615 142
    endloop
  endfacet
  facet normal 0.442382 0.896827 -0
    outer loop
      vertex 77.25 23.3971 142
      vertex 76.7221 23.6575 150
      vertex 77.25 23.3971 150
    endloop
  endfacet
  facet normal 0.442382 0.896827 0
    outer loop
      vertex 76.7221 23.6575 150
      vertex 77.25 23.3971 142
      vertex 76.7221 23.6575 142
    endloop
  endfacet
  facet normal -0.997859 0.0654027 0
    outer loop
      vertex 70.5 19.5 142
      vertex 70.5385 20.0874 150
      vertex 70.5385 20.0874 142
    endloop
  endfacet
  facet normal -0.997859 0.0654027 0
    outer loop
      vertex 70.5385 20.0874 150
      vertex 70.5 19.5 142
      vertex 70.5 19.5 150
    endloop
  endfacet
  facet normal 0.442382 -0.896827 0
    outer loop
      vertex 76.7221 15.3425 142
      vertex 77.25 15.6029 150
      vertex 76.7221 15.3425 150
    endloop
  endfacet
  facet normal 0.442382 -0.896827 0
    outer loop
      vertex 77.25 15.6029 150
      vertex 76.7221 15.3425 142
      vertex 77.25 15.6029 142
    endloop
  endfacet
  facet normal 0.896827 -0.442382 0
    outer loop
      vertex 78.8971 17.25 150
      vertex 79.1575 17.7779 142
      vertex 79.1575 17.7779 150
    endloop
  endfacet
  facet normal 0.896827 -0.442382 0
    outer loop
      vertex 79.1575 17.7779 142
      vertex 78.8971 17.25 150
      vertex 78.8971 17.25 142
    endloop
  endfacet
  facet normal -0.751882 -0.659298 0
    outer loop
      vertex 71.818 16.318 142
      vertex 71.4299 16.7606 150
      vertex 71.4299 16.7606 142
    endloop
  endfacet
  facet normal -0.751882 -0.659298 0
    outer loop
      vertex 71.4299 16.7606 150
      vertex 71.818 16.318 142
      vertex 71.818 16.318 150
    endloop
  endfacet
  facet normal -0.946936 -0.321421 0
    outer loop
      vertex 70.8425 17.7779 142
      vertex 70.6533 18.3353 150
      vertex 70.6533 18.3353 142
    endloop
  endfacet
  facet normal -0.946936 -0.321421 0
    outer loop
      vertex 70.6533 18.3353 150
      vertex 70.8425 17.7779 142
      vertex 70.8425 17.7779 150
    endloop
  endfacet
  facet normal -0.831566 -0.555426 0
    outer loop
      vertex 76.4722 20.35 142
      vertex 76.3487 20.5349 150
      vertex 76.3487 20.5349 142
    endloop
  endfacet
  facet normal -0.831566 -0.555426 0
    outer loop
      vertex 76.3487 20.5349 150
      vertex 76.4722 20.35 142
      vertex 76.4722 20.35 150
    endloop
  endfacet
  facet normal -0.321484 -0.946915 0
    outer loop
      vertex 75.44 21.1421 142
      vertex 75.6506 21.0706 150
      vertex 75.44 21.1421 150
    endloop
  endfacet
  facet normal -0.321484 -0.946915 -0
    outer loop
      vertex 75.6506 21.0706 150
      vertex 75.44 21.1421 142
      vertex 75.6506 21.0706 142
    endloop
  endfacet
  facet normal 0.44253 -0.896754 0
    outer loop
      vertex 74.15 20.9722 142
      vertex 74.3494 21.0706 150
      vertex 74.15 20.9722 150
    endloop
  endfacet
  facet normal 0.44253 -0.896754 0
    outer loop
      vertex 74.3494 21.0706 150
      vertex 74.15 20.9722 142
      vertex 74.3494 21.0706 142
    endloop
  endfacet
  facet normal 0.946915 -0.321484 0
    outer loop
      vertex 73.3579 19.94 150
      vertex 73.4294 20.1506 142
      vertex 73.4294 20.1506 150
    endloop
  endfacet
  facet normal 0.946915 -0.321484 0
    outer loop
      vertex 73.4294 20.1506 142
      vertex 73.3579 19.94 150
      vertex 73.3579 19.94 142
    endloop
  endfacet
  facet normal -0.98077 0.195165 0
    outer loop
      vertex 76.6421 19.06 142
      vertex 76.6855 19.2781 150
      vertex 76.6855 19.2781 142
    endloop
  endfacet
  facet normal -0.98077 0.195165 0
    outer loop
      vertex 76.6855 19.2781 150
      vertex 76.6421 19.06 142
      vertex 76.6421 19.06 150
    endloop
  endfacet
  facet normal 0.0652057 -0.997872 0
    outer loop
      vertex 74.7781 21.1855 142
      vertex 75 21.2 150
      vertex 74.7781 21.1855 150
    endloop
  endfacet
  facet normal 0.0652057 -0.997872 0
    outer loop
      vertex 75 21.2 150
      vertex 74.7781 21.1855 142
      vertex 75 21.2 142
    endloop
  endfacet
  facet normal -0.44253 -0.896754 0
    outer loop
      vertex 75.6506 21.0706 142
      vertex 75.85 20.9722 150
      vertex 75.6506 21.0706 150
    endloop
  endfacet
  facet normal -0.44253 -0.896754 -0
    outer loop
      vertex 75.85 20.9722 150
      vertex 75.6506 21.0706 142
      vertex 75.85 20.9722 142
    endloop
  endfacet
  facet normal 0.997872 0.0652057 0
    outer loop
      vertex 73.3145 19.2781 150
      vertex 73.3 19.5 142
      vertex 73.3 19.5 150
    endloop
  endfacet
  facet normal 0.997872 0.0652057 0
    outer loop
      vertex 73.3 19.5 142
      vertex 73.3145 19.2781 150
      vertex 73.3145 19.2781 142
    endloop
  endfacet
  facet normal 0.831566 -0.555426 0
    outer loop
      vertex 73.5278 20.35 150
      vertex 73.6513 20.5349 142
      vertex 73.6513 20.5349 150
    endloop
  endfacet
  facet normal 0.831566 -0.555426 0
    outer loop
      vertex 73.6513 20.5349 142
      vertex 73.5278 20.35 150
      vertex 73.5278 20.35 142
    endloop
  endfacet
  facet normal 0.555586 -0.831459 0
    outer loop
      vertex 73.9651 20.8487 142
      vertex 74.1167 20.95 150
      vertex 73.9651 20.8487 150
    endloop
  endfacet
  facet normal 0.555426 -0.831566 4.36808e-06
    outer loop
      vertex 74.15 20.9722 142
      vertex 74.1167 20.95 150
      vertex 73.9651 20.8487 142
    endloop
  endfacet
  facet normal 0.5547 -0.83205 0
    outer loop
      vertex 74.1167 20.95 150
      vertex 74.15 20.9722 142
      vertex 74.15 20.9722 150
    endloop
  endfacet
  facet normal 0.195165 -0.98077 0
    outer loop
      vertex 74.56 21.1421 142
      vertex 74.7781 21.1855 150
      vertex 74.56 21.1421 150
    endloop
  endfacet
  facet normal 0.195165 -0.98077 0
    outer loop
      vertex 74.7781 21.1855 150
      vertex 74.56 21.1421 142
      vertex 74.7781 21.1855 142
    endloop
  endfacet
  facet normal -0.997872 -0.0652057 0
    outer loop
      vertex 76.7 19.5 142
      vertex 76.6855 19.7219 150
      vertex 76.6855 19.7219 142
    endloop
  endfacet
  facet normal -0.997872 -0.0652057 0
    outer loop
      vertex 76.6855 19.7219 150
      vertex 76.7 19.5 142
      vertex 76.7 19.5 150
    endloop
  endfacet
  facet normal -0.946915 0.321484 0
    outer loop
      vertex 76.5706 18.8494 142
      vertex 76.6421 19.06 150
      vertex 76.6421 19.06 142
    endloop
  endfacet
  facet normal -0.946915 0.321484 0
    outer loop
      vertex 76.6421 19.06 150
      vertex 76.5706 18.8494 142
      vertex 76.5706 18.8494 150
    endloop
  endfacet
  facet normal 0.555426 0.831566 -0
    outer loop
      vertex 74.15 18.0278 142
      vertex 73.9651 18.1513 150
      vertex 74.15 18.0278 150
    endloop
  endfacet
  facet normal 0.555426 0.831566 0
    outer loop
      vertex 73.9651 18.1513 150
      vertex 74.15 18.0278 142
      vertex 73.9651 18.1513 142
    endloop
  endfacet
  facet normal 0.831566 0.555426 0
    outer loop
      vertex 73.6513 18.4651 150
      vertex 73.5278 18.65 142
      vertex 73.5278 18.65 150
    endloop
  endfacet
  facet normal 0.831566 0.555426 0
    outer loop
      vertex 73.5278 18.65 142
      vertex 73.6513 18.4651 150
      vertex 73.6513 18.4651 142
    endloop
  endfacet
  facet normal -0.555426 0.831566 0
    outer loop
      vertex 76.0349 18.1513 142
      vertex 75.85 18.0278 150
      vertex 76.0349 18.1513 150
    endloop
  endfacet
  facet normal -0.555426 0.831566 0
    outer loop
      vertex 75.85 18.0278 150
      vertex 76.0349 18.1513 142
      vertex 75.85 18.0278 142
    endloop
  endfacet
  facet normal -0.659268 -0.751908 0
    outer loop
      vertex 76.0349 20.8487 142
      vertex 76.2021 20.7021 150
      vertex 76.0349 20.8487 150
    endloop
  endfacet
  facet normal -0.659268 -0.751908 -0
    outer loop
      vertex 76.2021 20.7021 150
      vertex 76.0349 20.8487 142
      vertex 76.2021 20.7021 142
    endloop
  endfacet
  facet normal -0.751908 -0.659268 0
    outer loop
      vertex 76.3487 20.5349 142
      vertex 76.2021 20.7021 150
      vertex 76.2021 20.7021 142
    endloop
  endfacet
  facet normal -0.751908 -0.659268 0
    outer loop
      vertex 76.2021 20.7021 150
      vertex 76.3487 20.5349 142
      vertex 76.3487 20.5349 150
    endloop
  endfacet
  facet normal -0.195165 -0.98077 0
    outer loop
      vertex 75.2219 21.1855 142
      vertex 75.44 21.1421 150
      vertex 75.2219 21.1855 150
    endloop
  endfacet
  facet normal -0.195165 -0.98077 -0
    outer loop
      vertex 75.44 21.1421 150
      vertex 75.2219 21.1855 142
      vertex 75.44 21.1421 142
    endloop
  endfacet
  facet normal -0.0652057 -0.997872 0
    outer loop
      vertex 75 21.2 142
      vertex 75.2219 21.1855 150
      vertex 75 21.2 150
    endloop
  endfacet
  facet normal -0.0652057 -0.997872 -0
    outer loop
      vertex 75.2219 21.1855 150
      vertex 75 21.2 142
      vertex 75.2219 21.1855 142
    endloop
  endfacet
  facet normal -0.5547 -0.83205 0
    outer loop
      vertex 75.85 20.9722 142
      vertex 75.8833 20.95 150
      vertex 75.85 20.9722 150
    endloop
  endfacet
  facet normal -0.555586 -0.831459 5.32688e-06
    outer loop
      vertex 75.8833 20.95 150
      vertex 75.85 20.9722 142
      vertex 76.0349 20.8487 150
    endloop
  endfacet
  facet normal -0.555426 -0.831566 -0
    outer loop
      vertex 76.0349 20.8487 150
      vertex 75.85 20.9722 142
      vertex 76.0349 20.8487 142
    endloop
  endfacet
  facet normal 0.98077 -0.195165 0
    outer loop
      vertex 73.3145 19.7219 150
      vertex 73.3579 19.94 142
      vertex 73.3579 19.94 150
    endloop
  endfacet
  facet normal 0.98077 -0.195165 0
    outer loop
      vertex 73.3579 19.94 142
      vertex 73.3145 19.7219 150
      vertex 73.3145 19.7219 142
    endloop
  endfacet
  facet normal 0.997872 -0.0652057 0
    outer loop
      vertex 73.3 19.5 150
      vertex 73.3145 19.7219 142
      vertex 73.3145 19.7219 150
    endloop
  endfacet
  facet normal 0.997872 -0.0652057 0
    outer loop
      vertex 73.3145 19.7219 142
      vertex 73.3 19.5 150
      vertex 73.3 19.5 142
    endloop
  endfacet
  facet normal 0.896754 -0.44253 0
    outer loop
      vertex 73.4294 20.1506 150
      vertex 73.5278 20.35 142
      vertex 73.5278 20.35 150
    endloop
  endfacet
  facet normal 0.896754 -0.44253 0
    outer loop
      vertex 73.5278 20.35 142
      vertex 73.4294 20.1506 150
      vertex 73.4294 20.1506 142
    endloop
  endfacet
  facet normal 0.321484 -0.946915 0
    outer loop
      vertex 74.3494 21.0706 142
      vertex 74.56 21.1421 150
      vertex 74.3494 21.0706 150
    endloop
  endfacet
  facet normal 0.321484 -0.946915 0
    outer loop
      vertex 74.56 21.1421 150
      vertex 74.3494 21.0706 142
      vertex 74.56 21.1421 142
    endloop
  endfacet
  facet normal 0.659268 -0.751908 0
    outer loop
      vertex 73.7979 20.7021 142
      vertex 73.9651 20.8487 150
      vertex 73.7979 20.7021 150
    endloop
  endfacet
  facet normal 0.659268 -0.751908 0
    outer loop
      vertex 73.9651 20.8487 150
      vertex 73.7979 20.7021 142
      vertex 73.9651 20.8487 142
    endloop
  endfacet
  facet normal 0.751908 -0.659268 0
    outer loop
      vertex 73.6513 20.5349 150
      vertex 73.7979 20.7021 142
      vertex 73.7979 20.7021 150
    endloop
  endfacet
  facet normal 0.751908 -0.659268 0
    outer loop
      vertex 73.7979 20.7021 142
      vertex 73.6513 20.5349 150
      vertex 73.6513 20.5349 142
    endloop
  endfacet
  facet normal -0.997872 0.0652057 0
    outer loop
      vertex 76.6855 19.2781 142
      vertex 76.7 19.5 150
      vertex 76.7 19.5 142
    endloop
  endfacet
  facet normal -0.997872 0.0652057 0
    outer loop
      vertex 76.7 19.5 150
      vertex 76.6855 19.2781 142
      vertex 76.6855 19.2781 150
    endloop
  endfacet
  facet normal -0.831566 0.555426 0
    outer loop
      vertex 76.3487 18.4651 142
      vertex 76.4722 18.65 150
      vertex 76.4722 18.65 142
    endloop
  endfacet
  facet normal -0.831566 0.555426 0
    outer loop
      vertex 76.4722 18.65 150
      vertex 76.3487 18.4651 142
      vertex 76.3487 18.4651 150
    endloop
  endfacet
  facet normal 0.98077 0.195165 0
    outer loop
      vertex 73.3579 19.06 150
      vertex 73.3145 19.2781 142
      vertex 73.3145 19.2781 150
    endloop
  endfacet
  facet normal 0.98077 0.195165 0
    outer loop
      vertex 73.3145 19.2781 142
      vertex 73.3579 19.06 150
      vertex 73.3579 19.06 142
    endloop
  endfacet
  facet normal 0.751908 0.659268 0
    outer loop
      vertex 73.7979 18.2979 150
      vertex 73.6513 18.4651 142
      vertex 73.6513 18.4651 150
    endloop
  endfacet
  facet normal 0.751908 0.659268 0
    outer loop
      vertex 73.6513 18.4651 142
      vertex 73.7979 18.2979 150
      vertex 73.7979 18.2979 142
    endloop
  endfacet
  facet normal -0.195165 0.98077 0
    outer loop
      vertex 75.44 17.8579 142
      vertex 75.2219 17.8145 150
      vertex 75.44 17.8579 150
    endloop
  endfacet
  facet normal -0.195165 0.98077 0
    outer loop
      vertex 75.2219 17.8145 150
      vertex 75.44 17.8579 142
      vertex 75.2219 17.8145 142
    endloop
  endfacet
  facet normal -0.659268 0.751908 0
    outer loop
      vertex 76.2021 18.2979 142
      vertex 76.0349 18.1513 150
      vertex 76.2021 18.2979 150
    endloop
  endfacet
  facet normal -0.659268 0.751908 0
    outer loop
      vertex 76.0349 18.1513 150
      vertex 76.2021 18.2979 142
      vertex 76.0349 18.1513 142
    endloop
  endfacet
  facet normal -0.896754 -0.44253 0
    outer loop
      vertex 76.5706 20.1506 142
      vertex 76.4722 20.35 150
      vertex 76.4722 20.35 142
    endloop
  endfacet
  facet normal -0.896754 -0.44253 0
    outer loop
      vertex 76.4722 20.35 150
      vertex 76.5706 20.1506 142
      vertex 76.5706 20.1506 150
    endloop
  endfacet
  facet normal -0.946915 -0.321484 0
    outer loop
      vertex 76.6421 19.94 142
      vertex 76.5706 20.1506 150
      vertex 76.5706 20.1506 142
    endloop
  endfacet
  facet normal -0.946915 -0.321484 0
    outer loop
      vertex 76.5706 20.1506 150
      vertex 76.6421 19.94 142
      vertex 76.6421 19.94 150
    endloop
  endfacet
  facet normal -0.98077 -0.195165 0
    outer loop
      vertex 76.6855 19.7219 142
      vertex 76.6421 19.94 150
      vertex 76.6421 19.94 142
    endloop
  endfacet
  facet normal -0.98077 -0.195165 0
    outer loop
      vertex 76.6421 19.94 150
      vertex 76.6855 19.7219 142
      vertex 76.6855 19.7219 150
    endloop
  endfacet
  facet normal -0.896754 0.44253 0
    outer loop
      vertex 76.4722 18.65 142
      vertex 76.5706 18.8494 150
      vertex 76.5706 18.8494 142
    endloop
  endfacet
  facet normal -0.896754 0.44253 0
    outer loop
      vertex 76.5706 18.8494 150
      vertex 76.4722 18.65 142
      vertex 76.4722 18.65 150
    endloop
  endfacet
  facet normal -0.0652057 0.997872 0
    outer loop
      vertex 75.2219 17.8145 142
      vertex 75 17.8 150
      vertex 75.2219 17.8145 150
    endloop
  endfacet
  facet normal -0.0652057 0.997872 0
    outer loop
      vertex 75 17.8 150
      vertex 75.2219 17.8145 142
      vertex 75 17.8 142
    endloop
  endfacet
  facet normal 0.896754 0.44253 0
    outer loop
      vertex 73.5278 18.65 150
      vertex 73.4294 18.8494 142
      vertex 73.4294 18.8494 150
    endloop
  endfacet
  facet normal 0.896754 0.44253 0
    outer loop
      vertex 73.4294 18.8494 142
      vertex 73.5278 18.65 150
      vertex 73.5278 18.65 142
    endloop
  endfacet
  facet normal 0.946915 0.321484 0
    outer loop
      vertex 73.4294 18.8494 150
      vertex 73.3579 19.06 142
      vertex 73.3579 19.06 150
    endloop
  endfacet
  facet normal 0.946915 0.321484 0
    outer loop
      vertex 73.3579 19.06 142
      vertex 73.4294 18.8494 150
      vertex 73.4294 18.8494 142
    endloop
  endfacet
  facet normal 0.659268 0.751908 -0
    outer loop
      vertex 73.9651 18.1513 142
      vertex 73.7979 18.2979 150
      vertex 73.9651 18.1513 150
    endloop
  endfacet
  facet normal 0.659268 0.751908 0
    outer loop
      vertex 73.7979 18.2979 150
      vertex 73.9651 18.1513 142
      vertex 73.7979 18.2979 142
    endloop
  endfacet
  facet normal -0.44253 0.896754 0
    outer loop
      vertex 75.85 18.0278 142
      vertex 75.6506 17.9294 150
      vertex 75.85 18.0278 150
    endloop
  endfacet
  facet normal -0.44253 0.896754 0
    outer loop
      vertex 75.6506 17.9294 150
      vertex 75.85 18.0278 142
      vertex 75.6506 17.9294 142
    endloop
  endfacet
  facet normal -0.321484 0.946915 0
    outer loop
      vertex 75.6506 17.9294 142
      vertex 75.44 17.8579 150
      vertex 75.6506 17.9294 150
    endloop
  endfacet
  facet normal -0.321484 0.946915 0
    outer loop
      vertex 75.44 17.8579 150
      vertex 75.6506 17.9294 142
      vertex 75.44 17.8579 142
    endloop
  endfacet
  facet normal 0.195165 0.98077 -0
    outer loop
      vertex 74.7781 17.8145 142
      vertex 74.56 17.8579 150
      vertex 74.7781 17.8145 150
    endloop
  endfacet
  facet normal 0.195165 0.98077 0
    outer loop
      vertex 74.56 17.8579 150
      vertex 74.7781 17.8145 142
      vertex 74.56 17.8579 142
    endloop
  endfacet
  facet normal 0.321484 0.946915 -0
    outer loop
      vertex 74.56 17.8579 142
      vertex 74.3494 17.9294 150
      vertex 74.56 17.8579 150
    endloop
  endfacet
  facet normal 0.321484 0.946915 0
    outer loop
      vertex 74.3494 17.9294 150
      vertex 74.56 17.8579 142
      vertex 74.3494 17.9294 142
    endloop
  endfacet
  facet normal -0.751908 0.659268 0
    outer loop
      vertex 76.2021 18.2979 142
      vertex 76.3487 18.4651 150
      vertex 76.3487 18.4651 142
    endloop
  endfacet
  facet normal -0.751908 0.659268 0
    outer loop
      vertex 76.3487 18.4651 150
      vertex 76.2021 18.2979 142
      vertex 76.2021 18.2979 150
    endloop
  endfacet
  facet normal 0.0652057 0.997872 -0
    outer loop
      vertex 75 17.8 142
      vertex 74.7781 17.8145 150
      vertex 75 17.8 150
    endloop
  endfacet
  facet normal 0.0652057 0.997872 0
    outer loop
      vertex 74.7781 17.8145 150
      vertex 75 17.8 142
      vertex 74.7781 17.8145 142
    endloop
  endfacet
  facet normal 0.44253 0.896754 -0
    outer loop
      vertex 74.3494 17.9294 142
      vertex 74.15 18.0278 150
      vertex 74.3494 17.9294 150
    endloop
  endfacet
  facet normal 0.44253 0.896754 0
    outer loop
      vertex 74.15 18.0278 150
      vertex 74.3494 17.9294 142
      vertex 74.15 18.0278 142
    endloop
  endfacet
endsolid OpenSCAD_Model
