solid OpenSCAD_Model
  facet normal -0.997872 -0.0652057 0
    outer loop
      vertex -42.3 -68 0
      vertex -42.3145 -67.7781 2.4
      vertex -42.3145 -67.7781 0
    endloop
  endfacet
  facet normal -0.997872 -0.0652057 0
    outer loop
      vertex -42.3145 -67.7781 2.4
      vertex -42.3 -68 0
      vertex -42.3 -68 2.4
    endloop
  endfacet
  facet normal 0.997872 -0.0652057 0
    outer loop
      vertex -45.7 -68 2.4
      vertex -45.6855 -67.7781 0
      vertex -45.6855 -67.7781 2.4
    endloop
  endfacet
  facet normal 0.997872 -0.0652057 0
    outer loop
      vertex -45.6855 -67.7781 0
      vertex -45.7 -68 2.4
      vertex -45.7 -68 0
    endloop
  endfacet
  facet normal -0.0652057 -0.997872 0
    outer loop
      vertex -44 -66.3 0
      vertex -43.7781 -66.3145 2.4
      vertex -44 -66.3 2.4
    endloop
  endfacet
  facet normal -0.0652057 -0.997872 -0
    outer loop
      vertex -43.7781 -66.3145 2.4
      vertex -44 -66.3 0
      vertex -43.7781 -66.3145 0
    endloop
  endfacet
  facet normal -0.659268 -0.751908 0
    outer loop
      vertex -42.9651 -66.6513 0
      vertex -42.7979 -66.7979 2.4
      vertex -42.9651 -66.6513 2.4
    endloop
  endfacet
  facet normal -0.659268 -0.751908 -0
    outer loop
      vertex -42.7979 -66.7979 2.4
      vertex -42.9651 -66.6513 0
      vertex -42.7979 -66.7979 0
    endloop
  endfacet
  facet normal 0.659268 -0.751908 0
    outer loop
      vertex -45.2021 -66.7979 0
      vertex -45.0349 -66.6513 2.4
      vertex -45.2021 -66.7979 2.4
    endloop
  endfacet
  facet normal 0.659268 -0.751908 0
    outer loop
      vertex -45.0349 -66.6513 2.4
      vertex -45.2021 -66.7979 0
      vertex -45.0349 -66.6513 0
    endloop
  endfacet
  facet normal 0.321484 -0.946915 0
    outer loop
      vertex -44.6506 -66.4294 0
      vertex -44.44 -66.3579 2.4
      vertex -44.6506 -66.4294 2.4
    endloop
  endfacet
  facet normal 0.321484 -0.946915 0
    outer loop
      vertex -44.44 -66.3579 2.4
      vertex -44.6506 -66.4294 0
      vertex -44.44 -66.3579 0
    endloop
  endfacet
  facet normal 0.751908 0.659268 0
    outer loop
      vertex -45.2021 -69.2021 2.4
      vertex -45.3487 -69.0349 0
      vertex -45.3487 -69.0349 2.4
    endloop
  endfacet
  facet normal 0.751908 0.659268 0
    outer loop
      vertex -45.3487 -69.0349 0
      vertex -45.2021 -69.2021 2.4
      vertex -45.2021 -69.2021 0
    endloop
  endfacet
  facet normal -0.946915 -0.321484 0
    outer loop
      vertex -42.3579 -67.56 0
      vertex -42.4294 -67.3494 2.4
      vertex -42.4294 -67.3494 0
    endloop
  endfacet
  facet normal -0.946915 -0.321484 0
    outer loop
      vertex -42.4294 -67.3494 2.4
      vertex -42.3579 -67.56 0
      vertex -42.3579 -67.56 2.4
    endloop
  endfacet
  facet normal -0.98077 -0.195165 0
    outer loop
      vertex -42.3145 -67.7781 0
      vertex -42.3579 -67.56 2.4
      vertex -42.3579 -67.56 0
    endloop
  endfacet
  facet normal -0.98077 -0.195165 0
    outer loop
      vertex -42.3579 -67.56 2.4
      vertex -42.3145 -67.7781 0
      vertex -42.3145 -67.7781 2.4
    endloop
  endfacet
  facet normal -0.831566 -0.555426 0
    outer loop
      vertex -42.5278 -67.15 0
      vertex -42.6513 -66.9651 2.4
      vertex -42.6513 -66.9651 0
    endloop
  endfacet
  facet normal -0.831566 -0.555426 0
    outer loop
      vertex -42.6513 -66.9651 2.4
      vertex -42.5278 -67.15 0
      vertex -42.5278 -67.15 2.4
    endloop
  endfacet
  facet normal -0.321484 -0.946915 0
    outer loop
      vertex -43.56 -66.3579 0
      vertex -43.3494 -66.4294 2.4
      vertex -43.56 -66.3579 2.4
    endloop
  endfacet
  facet normal -0.321484 -0.946915 -0
    outer loop
      vertex -43.3494 -66.4294 2.4
      vertex -43.56 -66.3579 0
      vertex -43.3494 -66.4294 0
    endloop
  endfacet
  facet normal -0.195165 -0.98077 0
    outer loop
      vertex -43.7781 -66.3145 0
      vertex -43.56 -66.3579 2.4
      vertex -43.7781 -66.3145 2.4
    endloop
  endfacet
  facet normal -0.195165 -0.98077 -0
    outer loop
      vertex -43.56 -66.3579 2.4
      vertex -43.7781 -66.3145 0
      vertex -43.56 -66.3579 0
    endloop
  endfacet
  facet normal -0.555426 -0.831566 0
    outer loop
      vertex -43.15 -66.5278 0
      vertex -42.9651 -66.6513 2.4
      vertex -43.15 -66.5278 2.4
    endloop
  endfacet
  facet normal -0.555426 -0.831566 -0
    outer loop
      vertex -42.9651 -66.6513 2.4
      vertex -43.15 -66.5278 0
      vertex -42.9651 -66.6513 0
    endloop
  endfacet
  facet normal 0.831566 -0.555426 0
    outer loop
      vertex -45.4722 -67.15 2.4
      vertex -45.3487 -66.9651 0
      vertex -45.3487 -66.9651 2.4
    endloop
  endfacet
  facet normal 0.831566 -0.555426 0
    outer loop
      vertex -45.3487 -66.9651 0
      vertex -45.4722 -67.15 2.4
      vertex -45.4722 -67.15 0
    endloop
  endfacet
  facet normal 0.751908 -0.659268 0
    outer loop
      vertex -45.3487 -66.9651 2.4
      vertex -45.2021 -66.7979 0
      vertex -45.2021 -66.7979 2.4
    endloop
  endfacet
  facet normal 0.751908 -0.659268 0
    outer loop
      vertex -45.2021 -66.7979 0
      vertex -45.3487 -66.9651 2.4
      vertex -45.3487 -66.9651 0
    endloop
  endfacet
  facet normal 0.946915 -0.321484 0
    outer loop
      vertex -45.6421 -67.56 2.4
      vertex -45.5706 -67.3494 0
      vertex -45.5706 -67.3494 2.4
    endloop
  endfacet
  facet normal 0.946915 -0.321484 0
    outer loop
      vertex -45.5706 -67.3494 0
      vertex -45.6421 -67.56 2.4
      vertex -45.6421 -67.56 0
    endloop
  endfacet
  facet normal 0.555426 -0.831566 0
    outer loop
      vertex -45.0349 -66.6513 0
      vertex -44.85 -66.5278 2.4
      vertex -45.0349 -66.6513 2.4
    endloop
  endfacet
  facet normal 0.555426 -0.831566 0
    outer loop
      vertex -44.85 -66.5278 2.4
      vertex -45.0349 -66.6513 0
      vertex -44.85 -66.5278 0
    endloop
  endfacet
  facet normal 0.0652057 -0.997872 0
    outer loop
      vertex -44.2219 -66.3145 0
      vertex -44 -66.3 2.4
      vertex -44.2219 -66.3145 2.4
    endloop
  endfacet
  facet normal 0.0652057 -0.997872 0
    outer loop
      vertex -44 -66.3 2.4
      vertex -44.2219 -66.3145 0
      vertex -44 -66.3 0
    endloop
  endfacet
  facet normal -0.997872 0.0652057 0
    outer loop
      vertex -42.3145 -68.2219 0
      vertex -42.3 -68 2.4
      vertex -42.3 -68 0
    endloop
  endfacet
  facet normal -0.997872 0.0652057 0
    outer loop
      vertex -42.3 -68 2.4
      vertex -42.3145 -68.2219 0
      vertex -42.3145 -68.2219 2.4
    endloop
  endfacet
  facet normal -0.751908 0.659268 0
    outer loop
      vertex -42.7979 -69.2021 0
      vertex -42.6513 -69.0349 2.4
      vertex -42.6513 -69.0349 0
    endloop
  endfacet
  facet normal -0.751908 0.659268 0
    outer loop
      vertex -42.6513 -69.0349 2.4
      vertex -42.7979 -69.2021 0
      vertex -42.7979 -69.2021 2.4
    endloop
  endfacet
  facet normal -0.98077 0.195165 0
    outer loop
      vertex -42.3579 -68.44 0
      vertex -42.3145 -68.2219 2.4
      vertex -42.3145 -68.2219 0
    endloop
  endfacet
  facet normal -0.98077 0.195165 0
    outer loop
      vertex -42.3145 -68.2219 2.4
      vertex -42.3579 -68.44 0
      vertex -42.3579 -68.44 2.4
    endloop
  endfacet
  facet normal 0.321484 0.946915 -0
    outer loop
      vertex -44.44 -69.6421 0
      vertex -44.6506 -69.5706 2.4
      vertex -44.44 -69.6421 2.4
    endloop
  endfacet
  facet normal 0.321484 0.946915 0
    outer loop
      vertex -44.6506 -69.5706 2.4
      vertex -44.44 -69.6421 0
      vertex -44.6506 -69.5706 0
    endloop
  endfacet
  facet normal 0.659268 0.751908 -0
    outer loop
      vertex -45.0349 -69.3487 0
      vertex -45.2021 -69.2021 2.4
      vertex -45.0349 -69.3487 2.4
    endloop
  endfacet
  facet normal 0.659268 0.751908 0
    outer loop
      vertex -45.2021 -69.2021 2.4
      vertex -45.0349 -69.3487 0
      vertex -45.2021 -69.2021 0
    endloop
  endfacet
  facet normal 0.555426 0.831566 -0
    outer loop
      vertex -44.85 -69.4722 0
      vertex -45.0349 -69.3487 2.4
      vertex -44.85 -69.4722 2.4
    endloop
  endfacet
  facet normal 0.555426 0.831566 0
    outer loop
      vertex -45.0349 -69.3487 2.4
      vertex -44.85 -69.4722 0
      vertex -45.0349 -69.3487 0
    endloop
  endfacet
  facet normal -0.896754 -0.44253 0
    outer loop
      vertex -42.4294 -67.3494 0
      vertex -42.5278 -67.15 2.4
      vertex -42.5278 -67.15 0
    endloop
  endfacet
  facet normal -0.896754 -0.44253 0
    outer loop
      vertex -42.5278 -67.15 2.4
      vertex -42.4294 -67.3494 0
      vertex -42.4294 -67.3494 2.4
    endloop
  endfacet
  facet normal -0.44253 -0.896754 0
    outer loop
      vertex -43.3494 -66.4294 0
      vertex -43.15 -66.5278 2.4
      vertex -43.3494 -66.4294 2.4
    endloop
  endfacet
  facet normal -0.44253 -0.896754 -0
    outer loop
      vertex -43.15 -66.5278 2.4
      vertex -43.3494 -66.4294 0
      vertex -43.15 -66.5278 0
    endloop
  endfacet
  facet normal 0.896754 -0.44253 0
    outer loop
      vertex -45.5706 -67.3494 2.4
      vertex -45.4722 -67.15 0
      vertex -45.4722 -67.15 2.4
    endloop
  endfacet
  facet normal 0.896754 -0.44253 0
    outer loop
      vertex -45.4722 -67.15 0
      vertex -45.5706 -67.3494 2.4
      vertex -45.5706 -67.3494 0
    endloop
  endfacet
  facet normal 0.44253 -0.896754 0
    outer loop
      vertex -44.85 -66.5278 0
      vertex -44.6506 -66.4294 2.4
      vertex -44.85 -66.5278 2.4
    endloop
  endfacet
  facet normal 0.44253 -0.896754 0
    outer loop
      vertex -44.6506 -66.4294 2.4
      vertex -44.85 -66.5278 0
      vertex -44.6506 -66.4294 0
    endloop
  endfacet
  facet normal 0.195165 -0.98077 0
    outer loop
      vertex -44.44 -66.3579 0
      vertex -44.2219 -66.3145 2.4
      vertex -44.44 -66.3579 2.4
    endloop
  endfacet
  facet normal 0.195165 -0.98077 0
    outer loop
      vertex -44.2219 -66.3145 2.4
      vertex -44.44 -66.3579 0
      vertex -44.2219 -66.3145 0
    endloop
  endfacet
  facet normal -0.321484 0.946915 0
    outer loop
      vertex -43.3494 -69.5706 0
      vertex -43.56 -69.6421 2.4
      vertex -43.3494 -69.5706 2.4
    endloop
  endfacet
  facet normal -0.321484 0.946915 0
    outer loop
      vertex -43.56 -69.6421 2.4
      vertex -43.3494 -69.5706 0
      vertex -43.56 -69.6421 0
    endloop
  endfacet
  facet normal -0.0652057 0.997872 0
    outer loop
      vertex -43.7781 -69.6855 0
      vertex -44 -69.7 2.4
      vertex -43.7781 -69.6855 2.4
    endloop
  endfacet
  facet normal -0.0652057 0.997872 0
    outer loop
      vertex -44 -69.7 2.4
      vertex -43.7781 -69.6855 0
      vertex -44 -69.7 0
    endloop
  endfacet
  facet normal -0.195165 0.98077 0
    outer loop
      vertex -43.56 -69.6421 0
      vertex -43.7781 -69.6855 2.4
      vertex -43.56 -69.6421 2.4
    endloop
  endfacet
  facet normal -0.195165 0.98077 0
    outer loop
      vertex -43.7781 -69.6855 2.4
      vertex -43.56 -69.6421 0
      vertex -43.7781 -69.6855 0
    endloop
  endfacet
  facet normal -0.44253 0.896754 0
    outer loop
      vertex -43.15 -69.4722 0
      vertex -43.3494 -69.5706 2.4
      vertex -43.15 -69.4722 2.4
    endloop
  endfacet
  facet normal -0.44253 0.896754 0
    outer loop
      vertex -43.3494 -69.5706 2.4
      vertex -43.15 -69.4722 0
      vertex -43.3494 -69.5706 0
    endloop
  endfacet
  facet normal -0.659268 0.751908 0
    outer loop
      vertex -42.7979 -69.2021 0
      vertex -42.9651 -69.3487 2.4
      vertex -42.7979 -69.2021 2.4
    endloop
  endfacet
  facet normal -0.659268 0.751908 0
    outer loop
      vertex -42.9651 -69.3487 2.4
      vertex -42.7979 -69.2021 0
      vertex -42.9651 -69.3487 0
    endloop
  endfacet
  facet normal -0.555426 0.831566 0
    outer loop
      vertex -42.9651 -69.3487 0
      vertex -43.15 -69.4722 2.4
      vertex -42.9651 -69.3487 2.4
    endloop
  endfacet
  facet normal -0.555426 0.831566 0
    outer loop
      vertex -43.15 -69.4722 2.4
      vertex -42.9651 -69.3487 0
      vertex -43.15 -69.4722 0
    endloop
  endfacet
  facet normal -0.946915 0.321484 0
    outer loop
      vertex -42.4294 -68.6506 0
      vertex -42.3579 -68.44 2.4
      vertex -42.3579 -68.44 0
    endloop
  endfacet
  facet normal -0.946915 0.321484 0
    outer loop
      vertex -42.3579 -68.44 2.4
      vertex -42.4294 -68.6506 0
      vertex -42.4294 -68.6506 2.4
    endloop
  endfacet
  facet normal -0.831566 0.555426 0
    outer loop
      vertex -42.6513 -69.0349 0
      vertex -42.5278 -68.85 2.4
      vertex -42.5278 -68.85 0
    endloop
  endfacet
  facet normal -0.831566 0.555426 0
    outer loop
      vertex -42.5278 -68.85 2.4
      vertex -42.6513 -69.0349 0
      vertex -42.6513 -69.0349 2.4
    endloop
  endfacet
  facet normal -0.896754 0.44253 0
    outer loop
      vertex -42.5278 -68.85 0
      vertex -42.4294 -68.6506 2.4
      vertex -42.4294 -68.6506 0
    endloop
  endfacet
  facet normal -0.896754 0.44253 0
    outer loop
      vertex -42.4294 -68.6506 2.4
      vertex -42.5278 -68.85 0
      vertex -42.5278 -68.85 2.4
    endloop
  endfacet
  facet normal 0.195165 0.98077 -0
    outer loop
      vertex -44.2219 -69.6855 0
      vertex -44.44 -69.6421 2.4
      vertex -44.2219 -69.6855 2.4
    endloop
  endfacet
  facet normal 0.195165 0.98077 0
    outer loop
      vertex -44.44 -69.6421 2.4
      vertex -44.2219 -69.6855 0
      vertex -44.44 -69.6421 0
    endloop
  endfacet
  facet normal 0.0652057 0.997872 -0
    outer loop
      vertex -44 -69.7 0
      vertex -44.2219 -69.6855 2.4
      vertex -44 -69.7 2.4
    endloop
  endfacet
  facet normal 0.0652057 0.997872 0
    outer loop
      vertex -44.2219 -69.6855 2.4
      vertex -44 -69.7 0
      vertex -44.2219 -69.6855 0
    endloop
  endfacet
  facet normal 0.896754 0.44253 0
    outer loop
      vertex -45.4722 -68.85 2.4
      vertex -45.5706 -68.6506 0
      vertex -45.5706 -68.6506 2.4
    endloop
  endfacet
  facet normal 0.896754 0.44253 0
    outer loop
      vertex -45.5706 -68.6506 0
      vertex -45.4722 -68.85 2.4
      vertex -45.4722 -68.85 0
    endloop
  endfacet
  facet normal 0.946915 0.321484 0
    outer loop
      vertex -45.5706 -68.6506 2.4
      vertex -45.6421 -68.44 0
      vertex -45.6421 -68.44 2.4
    endloop
  endfacet
  facet normal 0.946915 0.321484 0
    outer loop
      vertex -45.6421 -68.44 0
      vertex -45.5706 -68.6506 2.4
      vertex -45.5706 -68.6506 0
    endloop
  endfacet
  facet normal 0.997872 0.0652057 0
    outer loop
      vertex -45.6855 -68.2219 2.4
      vertex -45.7 -68 0
      vertex -45.7 -68 2.4
    endloop
  endfacet
  facet normal 0.997872 0.0652057 0
    outer loop
      vertex -45.7 -68 0
      vertex -45.6855 -68.2219 2.4
      vertex -45.6855 -68.2219 0
    endloop
  endfacet
  facet normal -0.751908 -0.659268 0
    outer loop
      vertex -42.6513 -66.9651 0
      vertex -42.7979 -66.7979 2.4
      vertex -42.7979 -66.7979 0
    endloop
  endfacet
  facet normal -0.751908 -0.659268 0
    outer loop
      vertex -42.7979 -66.7979 2.4
      vertex -42.6513 -66.9651 0
      vertex -42.6513 -66.9651 2.4
    endloop
  endfacet
  facet normal 0.98077 -0.195165 0
    outer loop
      vertex -45.6855 -67.7781 2.4
      vertex -45.6421 -67.56 0
      vertex -45.6421 -67.56 2.4
    endloop
  endfacet
  facet normal 0.98077 -0.195165 0
    outer loop
      vertex -45.6421 -67.56 0
      vertex -45.6855 -67.7781 2.4
      vertex -45.6855 -67.7781 0
    endloop
  endfacet
  facet normal 0.44253 0.896754 -0
    outer loop
      vertex -44.6506 -69.5706 0
      vertex -44.85 -69.4722 2.4
      vertex -44.6506 -69.5706 2.4
    endloop
  endfacet
  facet normal 0.44253 0.896754 0
    outer loop
      vertex -44.85 -69.4722 2.4
      vertex -44.6506 -69.5706 0
      vertex -44.85 -69.4722 0
    endloop
  endfacet
  facet normal 0.831566 0.555426 0
    outer loop
      vertex -45.3487 -69.0349 2.4
      vertex -45.4722 -68.85 0
      vertex -45.4722 -68.85 2.4
    endloop
  endfacet
  facet normal 0.831566 0.555426 0
    outer loop
      vertex -45.4722 -68.85 0
      vertex -45.3487 -69.0349 2.4
      vertex -45.3487 -69.0349 0
    endloop
  endfacet
  facet normal 0.98077 0.195165 0
    outer loop
      vertex -45.6421 -68.44 2.4
      vertex -45.6855 -68.2219 0
      vertex -45.6855 -68.2219 2.4
    endloop
  endfacet
  facet normal 0.98077 0.195165 0
    outer loop
      vertex -45.6855 -68.2219 0
      vertex -45.6421 -68.44 2.4
      vertex -45.6421 -68.44 0
    endloop
  endfacet
  facet normal -0.997872 -0.0652057 0
    outer loop
      vertex -42.3 68 0
      vertex -42.3145 68.2219 2.4
      vertex -42.3145 68.2219 0
    endloop
  endfacet
  facet normal -0.997872 -0.0652057 0
    outer loop
      vertex -42.3145 68.2219 2.4
      vertex -42.3 68 0
      vertex -42.3 68 2.4
    endloop
  endfacet
  facet normal 0.0652057 -0.997872 0
    outer loop
      vertex -44.2219 69.6855 0
      vertex -44 69.7 2.4
      vertex -44.2219 69.6855 2.4
    endloop
  endfacet
  facet normal 0.0652057 -0.997872 0
    outer loop
      vertex -44 69.7 2.4
      vertex -44.2219 69.6855 0
      vertex -44 69.7 0
    endloop
  endfacet
  facet normal -0.0652057 0.997872 0
    outer loop
      vertex -43.7781 66.3145 0
      vertex -44 66.3 2.4
      vertex -43.7781 66.3145 2.4
    endloop
  endfacet
  facet normal -0.0652057 0.997872 0
    outer loop
      vertex -44 66.3 2.4
      vertex -43.7781 66.3145 0
      vertex -44 66.3 0
    endloop
  endfacet
  facet normal -0.659268 -0.751908 0
    outer loop
      vertex -42.9651 69.3487 0
      vertex -42.7979 69.2021 2.4
      vertex -42.9651 69.3487 2.4
    endloop
  endfacet
  facet normal -0.659268 -0.751908 -0
    outer loop
      vertex -42.7979 69.2021 2.4
      vertex -42.9651 69.3487 0
      vertex -42.7979 69.2021 0
    endloop
  endfacet
  facet normal 0.751908 -0.659268 0
    outer loop
      vertex -45.3487 69.0349 2.4
      vertex -45.2021 69.2021 0
      vertex -45.2021 69.2021 2.4
    endloop
  endfacet
  facet normal 0.751908 -0.659268 0
    outer loop
      vertex -45.2021 69.2021 0
      vertex -45.3487 69.0349 2.4
      vertex -45.3487 69.0349 0
    endloop
  endfacet
  facet normal 0.44253 -0.896754 0
    outer loop
      vertex -44.85 69.4722 0
      vertex -44.6506 69.5706 2.4
      vertex -44.85 69.4722 2.4
    endloop
  endfacet
  facet normal 0.44253 -0.896754 0
    outer loop
      vertex -44.6506 69.5706 2.4
      vertex -44.85 69.4722 0
      vertex -44.6506 69.5706 0
    endloop
  endfacet
  facet normal -0.896754 -0.44253 0
    outer loop
      vertex -42.4294 68.6506 0
      vertex -42.5278 68.85 2.4
      vertex -42.5278 68.85 0
    endloop
  endfacet
  facet normal -0.896754 -0.44253 0
    outer loop
      vertex -42.5278 68.85 2.4
      vertex -42.4294 68.6506 0
      vertex -42.4294 68.6506 2.4
    endloop
  endfacet
  facet normal -0.98077 -0.195165 0
    outer loop
      vertex -42.3145 68.2219 0
      vertex -42.3579 68.44 2.4
      vertex -42.3579 68.44 0
    endloop
  endfacet
  facet normal -0.98077 -0.195165 0
    outer loop
      vertex -42.3579 68.44 2.4
      vertex -42.3145 68.2219 0
      vertex -42.3145 68.2219 2.4
    endloop
  endfacet
  facet normal -0.831566 -0.555426 0
    outer loop
      vertex -42.5278 68.85 0
      vertex -42.6513 69.0349 2.4
      vertex -42.6513 69.0349 0
    endloop
  endfacet
  facet normal -0.831566 -0.555426 0
    outer loop
      vertex -42.6513 69.0349 2.4
      vertex -42.5278 68.85 0
      vertex -42.5278 68.85 2.4
    endloop
  endfacet
  facet normal -0.321484 -0.946915 0
    outer loop
      vertex -43.56 69.6421 0
      vertex -43.3494 69.5706 2.4
      vertex -43.56 69.6421 2.4
    endloop
  endfacet
  facet normal -0.321484 -0.946915 -0
    outer loop
      vertex -43.3494 69.5706 2.4
      vertex -43.56 69.6421 0
      vertex -43.3494 69.5706 0
    endloop
  endfacet
  facet normal -0.44253 -0.896754 0
    outer loop
      vertex -43.3494 69.5706 0
      vertex -43.15 69.4722 2.4
      vertex -43.3494 69.5706 2.4
    endloop
  endfacet
  facet normal -0.44253 -0.896754 -0
    outer loop
      vertex -43.15 69.4722 2.4
      vertex -43.3494 69.5706 0
      vertex -43.15 69.4722 0
    endloop
  endfacet
  facet normal 0.946915 -0.321484 0
    outer loop
      vertex -45.6421 68.44 2.4
      vertex -45.5706 68.6506 0
      vertex -45.5706 68.6506 2.4
    endloop
  endfacet
  facet normal 0.946915 -0.321484 0
    outer loop
      vertex -45.5706 68.6506 0
      vertex -45.6421 68.44 2.4
      vertex -45.6421 68.44 0
    endloop
  endfacet
  facet normal 0.555426 -0.831566 0
    outer loop
      vertex -45.0349 69.3487 0
      vertex -44.85 69.4722 2.4
      vertex -45.0349 69.3487 2.4
    endloop
  endfacet
  facet normal 0.555426 -0.831566 0
    outer loop
      vertex -44.85 69.4722 2.4
      vertex -45.0349 69.3487 0
      vertex -44.85 69.4722 0
    endloop
  endfacet
  facet normal 0.195165 -0.98077 0
    outer loop
      vertex -44.44 69.6421 0
      vertex -44.2219 69.6855 2.4
      vertex -44.44 69.6421 2.4
    endloop
  endfacet
  facet normal 0.195165 -0.98077 0
    outer loop
      vertex -44.2219 69.6855 2.4
      vertex -44.44 69.6421 0
      vertex -44.2219 69.6855 0
    endloop
  endfacet
  facet normal -0.44253 0.896754 0
    outer loop
      vertex -43.15 66.5278 0
      vertex -43.3494 66.4294 2.4
      vertex -43.15 66.5278 2.4
    endloop
  endfacet
  facet normal -0.44253 0.896754 0
    outer loop
      vertex -43.3494 66.4294 2.4
      vertex -43.15 66.5278 0
      vertex -43.3494 66.4294 0
    endloop
  endfacet
  facet normal -0.946915 -0.321484 0
    outer loop
      vertex -42.3579 68.44 0
      vertex -42.4294 68.6506 2.4
      vertex -42.4294 68.6506 0
    endloop
  endfacet
  facet normal -0.946915 -0.321484 0
    outer loop
      vertex -42.4294 68.6506 2.4
      vertex -42.3579 68.44 0
      vertex -42.3579 68.44 2.4
    endloop
  endfacet
  facet normal -0.751908 -0.659268 0
    outer loop
      vertex -42.6513 69.0349 0
      vertex -42.7979 69.2021 2.4
      vertex -42.7979 69.2021 0
    endloop
  endfacet
  facet normal -0.751908 -0.659268 0
    outer loop
      vertex -42.7979 69.2021 2.4
      vertex -42.6513 69.0349 0
      vertex -42.6513 69.0349 2.4
    endloop
  endfacet
  facet normal -0.195165 -0.98077 0
    outer loop
      vertex -43.7781 69.6855 0
      vertex -43.56 69.6421 2.4
      vertex -43.7781 69.6855 2.4
    endloop
  endfacet
  facet normal -0.195165 -0.98077 -0
    outer loop
      vertex -43.56 69.6421 2.4
      vertex -43.7781 69.6855 0
      vertex -43.56 69.6421 0
    endloop
  endfacet
  facet normal -0.0652057 -0.997872 0
    outer loop
      vertex -44 69.7 0
      vertex -43.7781 69.6855 2.4
      vertex -44 69.7 2.4
    endloop
  endfacet
  facet normal -0.0652057 -0.997872 -0
    outer loop
      vertex -43.7781 69.6855 2.4
      vertex -44 69.7 0
      vertex -43.7781 69.6855 0
    endloop
  endfacet
  facet normal -0.555426 -0.831566 0
    outer loop
      vertex -43.15 69.4722 0
      vertex -42.9651 69.3487 2.4
      vertex -43.15 69.4722 2.4
    endloop
  endfacet
  facet normal -0.555426 -0.831566 -0
    outer loop
      vertex -42.9651 69.3487 2.4
      vertex -43.15 69.4722 0
      vertex -42.9651 69.3487 0
    endloop
  endfacet
  facet normal 0.896754 -0.44253 0
    outer loop
      vertex -45.5706 68.6506 2.4
      vertex -45.4722 68.85 0
      vertex -45.4722 68.85 2.4
    endloop
  endfacet
  facet normal 0.896754 -0.44253 0
    outer loop
      vertex -45.4722 68.85 0
      vertex -45.5706 68.6506 2.4
      vertex -45.5706 68.6506 0
    endloop
  endfacet
  facet normal 0.831566 -0.555426 0
    outer loop
      vertex -45.4722 68.85 2.4
      vertex -45.3487 69.0349 0
      vertex -45.3487 69.0349 2.4
    endloop
  endfacet
  facet normal 0.831566 -0.555426 0
    outer loop
      vertex -45.3487 69.0349 0
      vertex -45.4722 68.85 2.4
      vertex -45.4722 68.85 0
    endloop
  endfacet
  facet normal 0.98077 -0.195165 0
    outer loop
      vertex -45.6855 68.2219 2.4
      vertex -45.6421 68.44 0
      vertex -45.6421 68.44 2.4
    endloop
  endfacet
  facet normal 0.98077 -0.195165 0
    outer loop
      vertex -45.6421 68.44 0
      vertex -45.6855 68.2219 2.4
      vertex -45.6855 68.2219 0
    endloop
  endfacet
  facet normal 0.997872 -0.0652057 0
    outer loop
      vertex -45.7 68 2.4
      vertex -45.6855 68.2219 0
      vertex -45.6855 68.2219 2.4
    endloop
  endfacet
  facet normal 0.997872 -0.0652057 0
    outer loop
      vertex -45.6855 68.2219 0
      vertex -45.7 68 2.4
      vertex -45.7 68 0
    endloop
  endfacet
  facet normal 0.997872 0.0652057 0
    outer loop
      vertex -45.6855 67.7781 2.4
      vertex -45.7 68 0
      vertex -45.7 68 2.4
    endloop
  endfacet
  facet normal 0.997872 0.0652057 0
    outer loop
      vertex -45.7 68 0
      vertex -45.6855 67.7781 2.4
      vertex -45.6855 67.7781 0
    endloop
  endfacet
  facet normal 0.659268 -0.751908 0
    outer loop
      vertex -45.2021 69.2021 0
      vertex -45.0349 69.3487 2.4
      vertex -45.2021 69.2021 2.4
    endloop
  endfacet
  facet normal 0.659268 -0.751908 0
    outer loop
      vertex -45.0349 69.3487 2.4
      vertex -45.2021 69.2021 0
      vertex -45.0349 69.3487 0
    endloop
  endfacet
  facet normal 0.321484 -0.946915 0
    outer loop
      vertex -44.6506 69.5706 0
      vertex -44.44 69.6421 2.4
      vertex -44.6506 69.5706 2.4
    endloop
  endfacet
  facet normal 0.321484 -0.946915 0
    outer loop
      vertex -44.44 69.6421 2.4
      vertex -44.6506 69.5706 0
      vertex -44.44 69.6421 0
    endloop
  endfacet
  facet normal -0.997872 0.0652057 0
    outer loop
      vertex -42.3145 67.7781 0
      vertex -42.3 68 2.4
      vertex -42.3 68 0
    endloop
  endfacet
  facet normal -0.997872 0.0652057 0
    outer loop
      vertex -42.3 68 2.4
      vertex -42.3145 67.7781 0
      vertex -42.3145 67.7781 2.4
    endloop
  endfacet
  facet normal -0.946915 0.321484 0
    outer loop
      vertex -42.4294 67.3494 0
      vertex -42.3579 67.56 2.4
      vertex -42.3579 67.56 0
    endloop
  endfacet
  facet normal -0.946915 0.321484 0
    outer loop
      vertex -42.3579 67.56 2.4
      vertex -42.4294 67.3494 0
      vertex -42.4294 67.3494 2.4
    endloop
  endfacet
  facet normal -0.98077 0.195165 0
    outer loop
      vertex -42.3579 67.56 0
      vertex -42.3145 67.7781 2.4
      vertex -42.3145 67.7781 0
    endloop
  endfacet
  facet normal -0.98077 0.195165 0
    outer loop
      vertex -42.3145 67.7781 2.4
      vertex -42.3579 67.56 0
      vertex -42.3579 67.56 2.4
    endloop
  endfacet
  facet normal 0.555426 0.831566 -0
    outer loop
      vertex -44.85 66.5278 0
      vertex -45.0349 66.6513 2.4
      vertex -44.85 66.5278 2.4
    endloop
  endfacet
  facet normal 0.555426 0.831566 0
    outer loop
      vertex -45.0349 66.6513 2.4
      vertex -44.85 66.5278 0
      vertex -45.0349 66.6513 0
    endloop
  endfacet
  facet normal 0.831566 0.555426 0
    outer loop
      vertex -45.3487 66.9651 2.4
      vertex -45.4722 67.15 0
      vertex -45.4722 67.15 2.4
    endloop
  endfacet
  facet normal 0.831566 0.555426 0
    outer loop
      vertex -45.4722 67.15 0
      vertex -45.3487 66.9651 2.4
      vertex -45.3487 66.9651 0
    endloop
  endfacet
  facet normal 0.751908 0.659268 0
    outer loop
      vertex -45.2021 66.7979 2.4
      vertex -45.3487 66.9651 0
      vertex -45.3487 66.9651 2.4
    endloop
  endfacet
  facet normal 0.751908 0.659268 0
    outer loop
      vertex -45.3487 66.9651 0
      vertex -45.2021 66.7979 2.4
      vertex -45.2021 66.7979 0
    endloop
  endfacet
  facet normal -0.555426 0.831566 0
    outer loop
      vertex -42.9651 66.6513 0
      vertex -43.15 66.5278 2.4
      vertex -42.9651 66.6513 2.4
    endloop
  endfacet
  facet normal -0.555426 0.831566 0
    outer loop
      vertex -43.15 66.5278 2.4
      vertex -42.9651 66.6513 0
      vertex -43.15 66.5278 0
    endloop
  endfacet
  facet normal 0.195165 0.98077 -0
    outer loop
      vertex -44.2219 66.3145 0
      vertex -44.44 66.3579 2.4
      vertex -44.2219 66.3145 2.4
    endloop
  endfacet
  facet normal 0.195165 0.98077 0
    outer loop
      vertex -44.44 66.3579 2.4
      vertex -44.2219 66.3145 0
      vertex -44.44 66.3579 0
    endloop
  endfacet
  facet normal 0.659268 0.751908 -0
    outer loop
      vertex -45.0349 66.6513 0
      vertex -45.2021 66.7979 2.4
      vertex -45.0349 66.6513 2.4
    endloop
  endfacet
  facet normal 0.659268 0.751908 0
    outer loop
      vertex -45.2021 66.7979 2.4
      vertex -45.0349 66.6513 0
      vertex -45.2021 66.7979 0
    endloop
  endfacet
  facet normal 0.946915 0.321484 0
    outer loop
      vertex -45.5706 67.3494 2.4
      vertex -45.6421 67.56 0
      vertex -45.6421 67.56 2.4
    endloop
  endfacet
  facet normal 0.946915 0.321484 0
    outer loop
      vertex -45.6421 67.56 0
      vertex -45.5706 67.3494 2.4
      vertex -45.5706 67.3494 0
    endloop
  endfacet
  facet normal 0.98077 0.195165 0
    outer loop
      vertex -45.6421 67.56 2.4
      vertex -45.6855 67.7781 0
      vertex -45.6855 67.7781 2.4
    endloop
  endfacet
  facet normal 0.98077 0.195165 0
    outer loop
      vertex -45.6855 67.7781 0
      vertex -45.6421 67.56 2.4
      vertex -45.6421 67.56 0
    endloop
  endfacet
  facet normal 0.896754 0.44253 0
    outer loop
      vertex -45.4722 67.15 2.4
      vertex -45.5706 67.3494 0
      vertex -45.5706 67.3494 2.4
    endloop
  endfacet
  facet normal 0.896754 0.44253 0
    outer loop
      vertex -45.5706 67.3494 0
      vertex -45.4722 67.15 2.4
      vertex -45.4722 67.15 0
    endloop
  endfacet
  facet normal -0.659268 0.751908 0
    outer loop
      vertex -42.7979 66.7979 0
      vertex -42.9651 66.6513 2.4
      vertex -42.7979 66.7979 2.4
    endloop
  endfacet
  facet normal -0.659268 0.751908 0
    outer loop
      vertex -42.9651 66.6513 2.4
      vertex -42.7979 66.7979 0
      vertex -42.9651 66.6513 0
    endloop
  endfacet
  facet normal -0.321484 0.946915 0
    outer loop
      vertex -43.3494 66.4294 0
      vertex -43.56 66.3579 2.4
      vertex -43.3494 66.4294 2.4
    endloop
  endfacet
  facet normal -0.321484 0.946915 0
    outer loop
      vertex -43.56 66.3579 2.4
      vertex -43.3494 66.4294 0
      vertex -43.56 66.3579 0
    endloop
  endfacet
  facet normal -0.195165 0.98077 0
    outer loop
      vertex -43.56 66.3579 0
      vertex -43.7781 66.3145 2.4
      vertex -43.56 66.3579 2.4
    endloop
  endfacet
  facet normal -0.195165 0.98077 0
    outer loop
      vertex -43.7781 66.3145 2.4
      vertex -43.56 66.3579 0
      vertex -43.7781 66.3145 0
    endloop
  endfacet
  facet normal -0.896754 0.44253 0
    outer loop
      vertex -42.5278 67.15 0
      vertex -42.4294 67.3494 2.4
      vertex -42.4294 67.3494 0
    endloop
  endfacet
  facet normal -0.896754 0.44253 0
    outer loop
      vertex -42.4294 67.3494 2.4
      vertex -42.5278 67.15 0
      vertex -42.5278 67.15 2.4
    endloop
  endfacet
  facet normal -0.831566 0.555426 0
    outer loop
      vertex -42.6513 66.9651 0
      vertex -42.5278 67.15 2.4
      vertex -42.5278 67.15 0
    endloop
  endfacet
  facet normal -0.831566 0.555426 0
    outer loop
      vertex -42.5278 67.15 2.4
      vertex -42.6513 66.9651 0
      vertex -42.6513 66.9651 2.4
    endloop
  endfacet
  facet normal 0.0652057 0.997872 -0
    outer loop
      vertex -44 66.3 0
      vertex -44.2219 66.3145 2.4
      vertex -44 66.3 2.4
    endloop
  endfacet
  facet normal 0.0652057 0.997872 0
    outer loop
      vertex -44.2219 66.3145 2.4
      vertex -44 66.3 0
      vertex -44.2219 66.3145 0
    endloop
  endfacet
  facet normal 0.44253 0.896754 -0
    outer loop
      vertex -44.6506 66.4294 0
      vertex -44.85 66.5278 2.4
      vertex -44.6506 66.4294 2.4
    endloop
  endfacet
  facet normal 0.44253 0.896754 0
    outer loop
      vertex -44.85 66.5278 2.4
      vertex -44.6506 66.4294 0
      vertex -44.85 66.5278 0
    endloop
  endfacet
  facet normal 0.321484 0.946915 -0
    outer loop
      vertex -44.44 66.3579 0
      vertex -44.6506 66.4294 2.4
      vertex -44.44 66.3579 2.4
    endloop
  endfacet
  facet normal 0.321484 0.946915 0
    outer loop
      vertex -44.6506 66.4294 2.4
      vertex -44.44 66.3579 0
      vertex -44.6506 66.4294 0
    endloop
  endfacet
  facet normal -0.751908 0.659268 0
    outer loop
      vertex -42.7979 66.7979 0
      vertex -42.6513 66.9651 2.4
      vertex -42.6513 66.9651 0
    endloop
  endfacet
  facet normal -0.751908 0.659268 0
    outer loop
      vertex -42.6513 66.9651 2.4
      vertex -42.7979 66.7979 0
      vertex -42.7979 66.7979 2.4
    endloop
  endfacet
  facet normal -0.997872 -0.0652057 0
    outer loop
      vertex 45.7 -68 0
      vertex 45.6855 -67.7781 2.4
      vertex 45.6855 -67.7781 0
    endloop
  endfacet
  facet normal -0.997872 -0.0652057 0
    outer loop
      vertex 45.6855 -67.7781 2.4
      vertex 45.7 -68 0
      vertex 45.7 -68 2.4
    endloop
  endfacet
  facet normal 0.997872 -0.0652057 0
    outer loop
      vertex 42.3 -68 2.4
      vertex 42.3145 -67.7781 0
      vertex 42.3145 -67.7781 2.4
    endloop
  endfacet
  facet normal 0.997872 -0.0652057 0
    outer loop
      vertex 42.3145 -67.7781 0
      vertex 42.3 -68 2.4
      vertex 42.3 -68 0
    endloop
  endfacet
  facet normal -0.0652057 -0.997872 0
    outer loop
      vertex 44 -66.3 0
      vertex 44.2219 -66.3145 2.4
      vertex 44 -66.3 2.4
    endloop
  endfacet
  facet normal -0.0652057 -0.997872 -0
    outer loop
      vertex 44.2219 -66.3145 2.4
      vertex 44 -66.3 0
      vertex 44.2219 -66.3145 0
    endloop
  endfacet
  facet normal 0.0652057 0.997872 -0
    outer loop
      vertex 44 -69.7 0
      vertex 43.7781 -69.6855 2.4
      vertex 44 -69.7 2.4
    endloop
  endfacet
  facet normal 0.0652057 0.997872 0
    outer loop
      vertex 43.7781 -69.6855 2.4
      vertex 44 -69.7 0
      vertex 43.7781 -69.6855 0
    endloop
  endfacet
  facet normal 0.751908 0.659268 0
    outer loop
      vertex 42.7979 -69.2021 2.4
      vertex 42.6513 -69.0349 0
      vertex 42.6513 -69.0349 2.4
    endloop
  endfacet
  facet normal 0.751908 0.659268 0
    outer loop
      vertex 42.6513 -69.0349 0
      vertex 42.7979 -69.2021 2.4
      vertex 42.7979 -69.2021 0
    endloop
  endfacet
  facet normal -0.659268 -0.751908 0
    outer loop
      vertex 45.0349 -66.6513 0
      vertex 45.2021 -66.7979 2.4
      vertex 45.0349 -66.6513 2.4
    endloop
  endfacet
  facet normal -0.659268 -0.751908 -0
    outer loop
      vertex 45.2021 -66.7979 2.4
      vertex 45.0349 -66.6513 0
      vertex 45.2021 -66.7979 0
    endloop
  endfacet
  facet normal 0.659268 -0.751908 0
    outer loop
      vertex 42.7979 -66.7979 0
      vertex 42.9651 -66.6513 2.4
      vertex 42.7979 -66.7979 2.4
    endloop
  endfacet
  facet normal 0.659268 -0.751908 0
    outer loop
      vertex 42.9651 -66.6513 2.4
      vertex 42.7979 -66.7979 0
      vertex 42.9651 -66.6513 0
    endloop
  endfacet
  facet normal 0.321484 -0.946915 0
    outer loop
      vertex 43.3494 -66.4294 0
      vertex 43.56 -66.3579 2.4
      vertex 43.3494 -66.4294 2.4
    endloop
  endfacet
  facet normal 0.321484 -0.946915 0
    outer loop
      vertex 43.56 -66.3579 2.4
      vertex 43.3494 -66.4294 0
      vertex 43.56 -66.3579 0
    endloop
  endfacet
  facet normal -0.896754 -0.44253 0
    outer loop
      vertex 45.5706 -67.3494 0
      vertex 45.4722 -67.15 2.4
      vertex 45.4722 -67.15 0
    endloop
  endfacet
  facet normal -0.896754 -0.44253 0
    outer loop
      vertex 45.4722 -67.15 2.4
      vertex 45.5706 -67.3494 0
      vertex 45.5706 -67.3494 2.4
    endloop
  endfacet
  facet normal -0.98077 -0.195165 0
    outer loop
      vertex 45.6855 -67.7781 0
      vertex 45.6421 -67.56 2.4
      vertex 45.6421 -67.56 0
    endloop
  endfacet
  facet normal -0.98077 -0.195165 0
    outer loop
      vertex 45.6421 -67.56 2.4
      vertex 45.6855 -67.7781 0
      vertex 45.6855 -67.7781 2.4
    endloop
  endfacet
  facet normal -0.831566 -0.555426 0
    outer loop
      vertex 45.4722 -67.15 0
      vertex 45.3487 -66.9651 2.4
      vertex 45.3487 -66.9651 0
    endloop
  endfacet
  facet normal -0.831566 -0.555426 0
    outer loop
      vertex 45.3487 -66.9651 2.4
      vertex 45.4722 -67.15 0
      vertex 45.4722 -67.15 2.4
    endloop
  endfacet
  facet normal -0.321484 -0.946915 0
    outer loop
      vertex 44.44 -66.3579 0
      vertex 44.6506 -66.4294 2.4
      vertex 44.44 -66.3579 2.4
    endloop
  endfacet
  facet normal -0.321484 -0.946915 -0
    outer loop
      vertex 44.6506 -66.4294 2.4
      vertex 44.44 -66.3579 0
      vertex 44.6506 -66.4294 0
    endloop
  endfacet
  facet normal -0.195165 -0.98077 0
    outer loop
      vertex 44.2219 -66.3145 0
      vertex 44.44 -66.3579 2.4
      vertex 44.2219 -66.3145 2.4
    endloop
  endfacet
  facet normal -0.195165 -0.98077 -0
    outer loop
      vertex 44.44 -66.3579 2.4
      vertex 44.2219 -66.3145 0
      vertex 44.44 -66.3579 0
    endloop
  endfacet
  facet normal -0.44253 -0.896754 0
    outer loop
      vertex 44.6506 -66.4294 0
      vertex 44.85 -66.5278 2.4
      vertex 44.6506 -66.4294 2.4
    endloop
  endfacet
  facet normal -0.44253 -0.896754 -0
    outer loop
      vertex 44.85 -66.5278 2.4
      vertex 44.6506 -66.4294 0
      vertex 44.85 -66.5278 0
    endloop
  endfacet
  facet normal 0.896754 -0.44253 0
    outer loop
      vertex 42.4294 -67.3494 2.4
      vertex 42.5278 -67.15 0
      vertex 42.5278 -67.15 2.4
    endloop
  endfacet
  facet normal 0.896754 -0.44253 0
    outer loop
      vertex 42.5278 -67.15 0
      vertex 42.4294 -67.3494 2.4
      vertex 42.4294 -67.3494 0
    endloop
  endfacet
  facet normal 0.751908 -0.659268 0
    outer loop
      vertex 42.6513 -66.9651 2.4
      vertex 42.7979 -66.7979 0
      vertex 42.7979 -66.7979 2.4
    endloop
  endfacet
  facet normal 0.751908 -0.659268 0
    outer loop
      vertex 42.7979 -66.7979 0
      vertex 42.6513 -66.9651 2.4
      vertex 42.6513 -66.9651 0
    endloop
  endfacet
  facet normal 0.946915 -0.321484 0
    outer loop
      vertex 42.3579 -67.56 2.4
      vertex 42.4294 -67.3494 0
      vertex 42.4294 -67.3494 2.4
    endloop
  endfacet
  facet normal 0.946915 -0.321484 0
    outer loop
      vertex 42.4294 -67.3494 0
      vertex 42.3579 -67.56 2.4
      vertex 42.3579 -67.56 0
    endloop
  endfacet
  facet normal 0.195165 -0.98077 0
    outer loop
      vertex 43.56 -66.3579 0
      vertex 43.7781 -66.3145 2.4
      vertex 43.56 -66.3579 2.4
    endloop
  endfacet
  facet normal 0.195165 -0.98077 0
    outer loop
      vertex 43.7781 -66.3145 2.4
      vertex 43.56 -66.3579 0
      vertex 43.7781 -66.3145 0
    endloop
  endfacet
  facet normal -0.98077 0.195165 0
    outer loop
      vertex 45.6421 -68.44 0
      vertex 45.6855 -68.2219 2.4
      vertex 45.6855 -68.2219 0
    endloop
  endfacet
  facet normal -0.98077 0.195165 0
    outer loop
      vertex 45.6855 -68.2219 2.4
      vertex 45.6421 -68.44 0
      vertex 45.6421 -68.44 2.4
    endloop
  endfacet
  facet normal 0.44253 0.896754 -0
    outer loop
      vertex 43.3494 -69.5706 0
      vertex 43.15 -69.4722 2.4
      vertex 43.3494 -69.5706 2.4
    endloop
  endfacet
  facet normal 0.44253 0.896754 0
    outer loop
      vertex 43.15 -69.4722 2.4
      vertex 43.3494 -69.5706 0
      vertex 43.15 -69.4722 0
    endloop
  endfacet
  facet normal 0.659268 0.751908 -0
    outer loop
      vertex 42.9651 -69.3487 0
      vertex 42.7979 -69.2021 2.4
      vertex 42.9651 -69.3487 2.4
    endloop
  endfacet
  facet normal 0.659268 0.751908 0
    outer loop
      vertex 42.7979 -69.2021 2.4
      vertex 42.9651 -69.3487 0
      vertex 42.7979 -69.2021 0
    endloop
  endfacet
  facet normal 0.321484 0.946915 -0
    outer loop
      vertex 43.56 -69.6421 0
      vertex 43.3494 -69.5706 2.4
      vertex 43.56 -69.6421 2.4
    endloop
  endfacet
  facet normal 0.321484 0.946915 0
    outer loop
      vertex 43.3494 -69.5706 2.4
      vertex 43.56 -69.6421 0
      vertex 43.3494 -69.5706 0
    endloop
  endfacet
  facet normal -0.946915 -0.321484 0
    outer loop
      vertex 45.6421 -67.56 0
      vertex 45.5706 -67.3494 2.4
      vertex 45.5706 -67.3494 0
    endloop
  endfacet
  facet normal -0.946915 -0.321484 0
    outer loop
      vertex 45.5706 -67.3494 2.4
      vertex 45.6421 -67.56 0
      vertex 45.6421 -67.56 2.4
    endloop
  endfacet
  facet normal -0.751908 -0.659268 0
    outer loop
      vertex 45.3487 -66.9651 0
      vertex 45.2021 -66.7979 2.4
      vertex 45.2021 -66.7979 0
    endloop
  endfacet
  facet normal -0.751908 -0.659268 0
    outer loop
      vertex 45.2021 -66.7979 2.4
      vertex 45.3487 -66.9651 0
      vertex 45.3487 -66.9651 2.4
    endloop
  endfacet
  facet normal -0.555426 -0.831566 0
    outer loop
      vertex 44.85 -66.5278 0
      vertex 45.0349 -66.6513 2.4
      vertex 44.85 -66.5278 2.4
    endloop
  endfacet
  facet normal -0.555426 -0.831566 -0
    outer loop
      vertex 45.0349 -66.6513 2.4
      vertex 44.85 -66.5278 0
      vertex 45.0349 -66.6513 0
    endloop
  endfacet
  facet normal 0.831566 -0.555426 0
    outer loop
      vertex 42.5278 -67.15 2.4
      vertex 42.6513 -66.9651 0
      vertex 42.6513 -66.9651 2.4
    endloop
  endfacet
  facet normal 0.831566 -0.555426 0
    outer loop
      vertex 42.6513 -66.9651 0
      vertex 42.5278 -67.15 2.4
      vertex 42.5278 -67.15 0
    endloop
  endfacet
  facet normal 0.98077 -0.195165 0
    outer loop
      vertex 42.3145 -67.7781 2.4
      vertex 42.3579 -67.56 0
      vertex 42.3579 -67.56 2.4
    endloop
  endfacet
  facet normal 0.98077 -0.195165 0
    outer loop
      vertex 42.3579 -67.56 0
      vertex 42.3145 -67.7781 2.4
      vertex 42.3145 -67.7781 0
    endloop
  endfacet
  facet normal 0.44253 -0.896754 0
    outer loop
      vertex 43.15 -66.5278 0
      vertex 43.3494 -66.4294 2.4
      vertex 43.15 -66.5278 2.4
    endloop
  endfacet
  facet normal 0.44253 -0.896754 0
    outer loop
      vertex 43.3494 -66.4294 2.4
      vertex 43.15 -66.5278 0
      vertex 43.3494 -66.4294 0
    endloop
  endfacet
  facet normal 0.555426 -0.831566 0
    outer loop
      vertex 42.9651 -66.6513 0
      vertex 43.15 -66.5278 2.4
      vertex 42.9651 -66.6513 2.4
    endloop
  endfacet
  facet normal 0.555426 -0.831566 0
    outer loop
      vertex 43.15 -66.5278 2.4
      vertex 42.9651 -66.6513 0
      vertex 43.15 -66.5278 0
    endloop
  endfacet
  facet normal 0.0652057 -0.997872 0
    outer loop
      vertex 43.7781 -66.3145 0
      vertex 44 -66.3 2.4
      vertex 43.7781 -66.3145 2.4
    endloop
  endfacet
  facet normal 0.0652057 -0.997872 0
    outer loop
      vertex 44 -66.3 2.4
      vertex 43.7781 -66.3145 0
      vertex 44 -66.3 0
    endloop
  endfacet
  facet normal -0.0652057 0.997872 0
    outer loop
      vertex 44.2219 -69.6855 0
      vertex 44 -69.7 2.4
      vertex 44.2219 -69.6855 2.4
    endloop
  endfacet
  facet normal -0.0652057 0.997872 0
    outer loop
      vertex 44 -69.7 2.4
      vertex 44.2219 -69.6855 0
      vertex 44 -69.7 0
    endloop
  endfacet
  facet normal -0.321484 0.946915 0
    outer loop
      vertex 44.6506 -69.5706 0
      vertex 44.44 -69.6421 2.4
      vertex 44.6506 -69.5706 2.4
    endloop
  endfacet
  facet normal -0.321484 0.946915 0
    outer loop
      vertex 44.44 -69.6421 2.4
      vertex 44.6506 -69.5706 0
      vertex 44.44 -69.6421 0
    endloop
  endfacet
  facet normal -0.659268 0.751908 0
    outer loop
      vertex 45.2021 -69.2021 0
      vertex 45.0349 -69.3487 2.4
      vertex 45.2021 -69.2021 2.4
    endloop
  endfacet
  facet normal -0.659268 0.751908 0
    outer loop
      vertex 45.0349 -69.3487 2.4
      vertex 45.2021 -69.2021 0
      vertex 45.0349 -69.3487 0
    endloop
  endfacet
  facet normal -0.44253 0.896754 0
    outer loop
      vertex 44.85 -69.4722 0
      vertex 44.6506 -69.5706 2.4
      vertex 44.85 -69.4722 2.4
    endloop
  endfacet
  facet normal -0.44253 0.896754 0
    outer loop
      vertex 44.6506 -69.5706 2.4
      vertex 44.85 -69.4722 0
      vertex 44.6506 -69.5706 0
    endloop
  endfacet
  facet normal -0.831566 0.555426 0
    outer loop
      vertex 45.3487 -69.0349 0
      vertex 45.4722 -68.85 2.4
      vertex 45.4722 -68.85 0
    endloop
  endfacet
  facet normal -0.831566 0.555426 0
    outer loop
      vertex 45.4722 -68.85 2.4
      vertex 45.3487 -69.0349 0
      vertex 45.3487 -69.0349 2.4
    endloop
  endfacet
  facet normal -0.946915 0.321484 0
    outer loop
      vertex 45.5706 -68.6506 0
      vertex 45.6421 -68.44 2.4
      vertex 45.6421 -68.44 0
    endloop
  endfacet
  facet normal -0.946915 0.321484 0
    outer loop
      vertex 45.6421 -68.44 2.4
      vertex 45.5706 -68.6506 0
      vertex 45.5706 -68.6506 2.4
    endloop
  endfacet
  facet normal 0.555426 0.831566 -0
    outer loop
      vertex 43.15 -69.4722 0
      vertex 42.9651 -69.3487 2.4
      vertex 43.15 -69.4722 2.4
    endloop
  endfacet
  facet normal 0.555426 0.831566 0
    outer loop
      vertex 42.9651 -69.3487 2.4
      vertex 43.15 -69.4722 0
      vertex 42.9651 -69.3487 0
    endloop
  endfacet
  facet normal 0.195165 0.98077 -0
    outer loop
      vertex 43.7781 -69.6855 0
      vertex 43.56 -69.6421 2.4
      vertex 43.7781 -69.6855 2.4
    endloop
  endfacet
  facet normal 0.195165 0.98077 0
    outer loop
      vertex 43.56 -69.6421 2.4
      vertex 43.7781 -69.6855 0
      vertex 43.56 -69.6421 0
    endloop
  endfacet
  facet normal 0.896754 0.44253 0
    outer loop
      vertex 42.5278 -68.85 2.4
      vertex 42.4294 -68.6506 0
      vertex 42.4294 -68.6506 2.4
    endloop
  endfacet
  facet normal 0.896754 0.44253 0
    outer loop
      vertex 42.4294 -68.6506 0
      vertex 42.5278 -68.85 2.4
      vertex 42.5278 -68.85 0
    endloop
  endfacet
  facet normal 0.946915 0.321484 0
    outer loop
      vertex 42.4294 -68.6506 2.4
      vertex 42.3579 -68.44 0
      vertex 42.3579 -68.44 2.4
    endloop
  endfacet
  facet normal 0.946915 0.321484 0
    outer loop
      vertex 42.3579 -68.44 0
      vertex 42.4294 -68.6506 2.4
      vertex 42.4294 -68.6506 0
    endloop
  endfacet
  facet normal 0.997872 0.0652057 0
    outer loop
      vertex 42.3145 -68.2219 2.4
      vertex 42.3 -68 0
      vertex 42.3 -68 2.4
    endloop
  endfacet
  facet normal 0.997872 0.0652057 0
    outer loop
      vertex 42.3 -68 0
      vertex 42.3145 -68.2219 2.4
      vertex 42.3145 -68.2219 0
    endloop
  endfacet
  facet normal -0.997872 0.0652057 0
    outer loop
      vertex 45.6855 -68.2219 0
      vertex 45.7 -68 2.4
      vertex 45.7 -68 0
    endloop
  endfacet
  facet normal -0.997872 0.0652057 0
    outer loop
      vertex 45.7 -68 2.4
      vertex 45.6855 -68.2219 0
      vertex 45.6855 -68.2219 2.4
    endloop
  endfacet
  facet normal -0.195165 0.98077 0
    outer loop
      vertex 44.44 -69.6421 0
      vertex 44.2219 -69.6855 2.4
      vertex 44.44 -69.6421 2.4
    endloop
  endfacet
  facet normal -0.195165 0.98077 0
    outer loop
      vertex 44.2219 -69.6855 2.4
      vertex 44.44 -69.6421 0
      vertex 44.2219 -69.6855 0
    endloop
  endfacet
  facet normal -0.751908 0.659268 0
    outer loop
      vertex 45.2021 -69.2021 0
      vertex 45.3487 -69.0349 2.4
      vertex 45.3487 -69.0349 0
    endloop
  endfacet
  facet normal -0.751908 0.659268 0
    outer loop
      vertex 45.3487 -69.0349 2.4
      vertex 45.2021 -69.2021 0
      vertex 45.2021 -69.2021 2.4
    endloop
  endfacet
  facet normal -0.555426 0.831566 0
    outer loop
      vertex 45.0349 -69.3487 0
      vertex 44.85 -69.4722 2.4
      vertex 45.0349 -69.3487 2.4
    endloop
  endfacet
  facet normal -0.555426 0.831566 0
    outer loop
      vertex 44.85 -69.4722 2.4
      vertex 45.0349 -69.3487 0
      vertex 44.85 -69.4722 0
    endloop
  endfacet
  facet normal -0.896754 0.44253 0
    outer loop
      vertex 45.4722 -68.85 0
      vertex 45.5706 -68.6506 2.4
      vertex 45.5706 -68.6506 0
    endloop
  endfacet
  facet normal -0.896754 0.44253 0
    outer loop
      vertex 45.5706 -68.6506 2.4
      vertex 45.4722 -68.85 0
      vertex 45.4722 -68.85 2.4
    endloop
  endfacet
  facet normal 0.831566 0.555426 0
    outer loop
      vertex 42.6513 -69.0349 2.4
      vertex 42.5278 -68.85 0
      vertex 42.5278 -68.85 2.4
    endloop
  endfacet
  facet normal 0.831566 0.555426 0
    outer loop
      vertex 42.5278 -68.85 0
      vertex 42.6513 -69.0349 2.4
      vertex 42.6513 -69.0349 0
    endloop
  endfacet
  facet normal 0.98077 0.195165 0
    outer loop
      vertex 42.3579 -68.44 2.4
      vertex 42.3145 -68.2219 0
      vertex 42.3145 -68.2219 2.4
    endloop
  endfacet
  facet normal 0.98077 0.195165 0
    outer loop
      vertex 42.3145 -68.2219 0
      vertex 42.3579 -68.44 2.4
      vertex 42.3579 -68.44 0
    endloop
  endfacet
  facet normal -0.831566 -0.555426 0
    outer loop
      vertex 45.4722 68.85 0
      vertex 45.3487 69.0349 2.4
      vertex 45.3487 69.0349 0
    endloop
  endfacet
  facet normal -0.831566 -0.555426 0
    outer loop
      vertex 45.3487 69.0349 2.4
      vertex 45.4722 68.85 0
      vertex 45.4722 68.85 2.4
    endloop
  endfacet
  facet normal -0.321484 -0.946915 0
    outer loop
      vertex 44.44 69.6421 0
      vertex 44.6506 69.5706 2.4
      vertex 44.44 69.6421 2.4
    endloop
  endfacet
  facet normal -0.321484 -0.946915 -0
    outer loop
      vertex 44.6506 69.5706 2.4
      vertex 44.44 69.6421 0
      vertex 44.6506 69.5706 0
    endloop
  endfacet
  facet normal 0.44253 -0.896754 0
    outer loop
      vertex 43.15 69.4722 0
      vertex 43.3494 69.5706 2.4
      vertex 43.15 69.4722 2.4
    endloop
  endfacet
  facet normal 0.44253 -0.896754 0
    outer loop
      vertex 43.3494 69.5706 2.4
      vertex 43.15 69.4722 0
      vertex 43.3494 69.5706 0
    endloop
  endfacet
  facet normal 0.946915 -0.321484 0
    outer loop
      vertex 42.3579 68.44 2.4
      vertex 42.4294 68.6506 0
      vertex 42.4294 68.6506 2.4
    endloop
  endfacet
  facet normal 0.946915 -0.321484 0
    outer loop
      vertex 42.4294 68.6506 0
      vertex 42.3579 68.44 2.4
      vertex 42.3579 68.44 0
    endloop
  endfacet
  facet normal -0.98077 0.195165 0
    outer loop
      vertex 45.6421 67.56 0
      vertex 45.6855 67.7781 2.4
      vertex 45.6855 67.7781 0
    endloop
  endfacet
  facet normal -0.98077 0.195165 0
    outer loop
      vertex 45.6855 67.7781 2.4
      vertex 45.6421 67.56 0
      vertex 45.6421 67.56 2.4
    endloop
  endfacet
  facet normal -0.98077 -0.195165 0
    outer loop
      vertex 45.6855 68.2219 0
      vertex 45.6421 68.44 2.4
      vertex 45.6421 68.44 0
    endloop
  endfacet
  facet normal -0.98077 -0.195165 0
    outer loop
      vertex 45.6421 68.44 2.4
      vertex 45.6855 68.2219 0
      vertex 45.6855 68.2219 2.4
    endloop
  endfacet
  facet normal 0.0652057 -0.997872 0
    outer loop
      vertex 43.7781 69.6855 0
      vertex 44 69.7 2.4
      vertex 43.7781 69.6855 2.4
    endloop
  endfacet
  facet normal 0.0652057 -0.997872 0
    outer loop
      vertex 44 69.7 2.4
      vertex 43.7781 69.6855 0
      vertex 44 69.7 0
    endloop
  endfacet
  facet normal -0.44253 -0.896754 0
    outer loop
      vertex 44.6506 69.5706 0
      vertex 44.85 69.4722 2.4
      vertex 44.6506 69.5706 2.4
    endloop
  endfacet
  facet normal -0.44253 -0.896754 -0
    outer loop
      vertex 44.85 69.4722 2.4
      vertex 44.6506 69.5706 0
      vertex 44.85 69.4722 0
    endloop
  endfacet
  facet normal 0.997872 0.0652057 0
    outer loop
      vertex 42.3145 67.7781 2.4
      vertex 42.3 68 0
      vertex 42.3 68 2.4
    endloop
  endfacet
  facet normal 0.997872 0.0652057 0
    outer loop
      vertex 42.3 68 0
      vertex 42.3145 67.7781 2.4
      vertex 42.3145 67.7781 0
    endloop
  endfacet
  facet normal 0.831566 -0.555426 0
    outer loop
      vertex 42.5278 68.85 2.4
      vertex 42.6513 69.0349 0
      vertex 42.6513 69.0349 2.4
    endloop
  endfacet
  facet normal 0.831566 -0.555426 0
    outer loop
      vertex 42.6513 69.0349 0
      vertex 42.5278 68.85 2.4
      vertex 42.5278 68.85 0
    endloop
  endfacet
  facet normal 0.555426 -0.831566 0
    outer loop
      vertex 42.9651 69.3487 0
      vertex 43.15 69.4722 2.4
      vertex 42.9651 69.3487 2.4
    endloop
  endfacet
  facet normal 0.555426 -0.831566 0
    outer loop
      vertex 43.15 69.4722 2.4
      vertex 42.9651 69.3487 0
      vertex 43.15 69.4722 0
    endloop
  endfacet
  facet normal 0.195165 -0.98077 0
    outer loop
      vertex 43.56 69.6421 0
      vertex 43.7781 69.6855 2.4
      vertex 43.56 69.6421 2.4
    endloop
  endfacet
  facet normal 0.195165 -0.98077 0
    outer loop
      vertex 43.7781 69.6855 2.4
      vertex 43.56 69.6421 0
      vertex 43.7781 69.6855 0
    endloop
  endfacet
  facet normal -0.997872 -0.0652057 0
    outer loop
      vertex 45.7 68 0
      vertex 45.6855 68.2219 2.4
      vertex 45.6855 68.2219 0
    endloop
  endfacet
  facet normal -0.997872 -0.0652057 0
    outer loop
      vertex 45.6855 68.2219 2.4
      vertex 45.7 68 0
      vertex 45.7 68 2.4
    endloop
  endfacet
  facet normal -0.946915 0.321484 0
    outer loop
      vertex 45.5706 67.3494 0
      vertex 45.6421 67.56 2.4
      vertex 45.6421 67.56 0
    endloop
  endfacet
  facet normal -0.946915 0.321484 0
    outer loop
      vertex 45.6421 67.56 2.4
      vertex 45.5706 67.3494 0
      vertex 45.5706 67.3494 2.4
    endloop
  endfacet
  facet normal 0.555426 0.831566 -0
    outer loop
      vertex 43.15 66.5278 0
      vertex 42.9651 66.6513 2.4
      vertex 43.15 66.5278 2.4
    endloop
  endfacet
  facet normal 0.555426 0.831566 0
    outer loop
      vertex 42.9651 66.6513 2.4
      vertex 43.15 66.5278 0
      vertex 42.9651 66.6513 0
    endloop
  endfacet
  facet normal 0.831566 0.555426 0
    outer loop
      vertex 42.6513 66.9651 2.4
      vertex 42.5278 67.15 0
      vertex 42.5278 67.15 2.4
    endloop
  endfacet
  facet normal 0.831566 0.555426 0
    outer loop
      vertex 42.5278 67.15 0
      vertex 42.6513 66.9651 2.4
      vertex 42.6513 66.9651 0
    endloop
  endfacet
  facet normal -0.555426 0.831566 0
    outer loop
      vertex 45.0349 66.6513 0
      vertex 44.85 66.5278 2.4
      vertex 45.0349 66.6513 2.4
    endloop
  endfacet
  facet normal -0.555426 0.831566 0
    outer loop
      vertex 44.85 66.5278 2.4
      vertex 45.0349 66.6513 0
      vertex 44.85 66.5278 0
    endloop
  endfacet
  facet normal -0.659268 -0.751908 0
    outer loop
      vertex 45.0349 69.3487 0
      vertex 45.2021 69.2021 2.4
      vertex 45.0349 69.3487 2.4
    endloop
  endfacet
  facet normal -0.659268 -0.751908 -0
    outer loop
      vertex 45.2021 69.2021 2.4
      vertex 45.0349 69.3487 0
      vertex 45.2021 69.2021 0
    endloop
  endfacet
  facet normal -0.195165 -0.98077 0
    outer loop
      vertex 44.2219 69.6855 0
      vertex 44.44 69.6421 2.4
      vertex 44.2219 69.6855 2.4
    endloop
  endfacet
  facet normal -0.195165 -0.98077 -0
    outer loop
      vertex 44.44 69.6421 2.4
      vertex 44.2219 69.6855 0
      vertex 44.44 69.6421 0
    endloop
  endfacet
  facet normal -0.0652057 -0.997872 0
    outer loop
      vertex 44 69.7 0
      vertex 44.2219 69.6855 2.4
      vertex 44 69.7 2.4
    endloop
  endfacet
  facet normal -0.0652057 -0.997872 -0
    outer loop
      vertex 44.2219 69.6855 2.4
      vertex 44 69.7 0
      vertex 44.2219 69.6855 0
    endloop
  endfacet
  facet normal -0.555426 -0.831566 0
    outer loop
      vertex 44.85 69.4722 0
      vertex 45.0349 69.3487 2.4
      vertex 44.85 69.4722 2.4
    endloop
  endfacet
  facet normal -0.555426 -0.831566 -0
    outer loop
      vertex 45.0349 69.3487 2.4
      vertex 44.85 69.4722 0
      vertex 45.0349 69.3487 0
    endloop
  endfacet
  facet normal 0.98077 -0.195165 0
    outer loop
      vertex 42.3145 68.2219 2.4
      vertex 42.3579 68.44 0
      vertex 42.3579 68.44 2.4
    endloop
  endfacet
  facet normal 0.98077 -0.195165 0
    outer loop
      vertex 42.3579 68.44 0
      vertex 42.3145 68.2219 2.4
      vertex 42.3145 68.2219 0
    endloop
  endfacet
  facet normal 0.997872 -0.0652057 0
    outer loop
      vertex 42.3 68 2.4
      vertex 42.3145 68.2219 0
      vertex 42.3145 68.2219 2.4
    endloop
  endfacet
  facet normal 0.997872 -0.0652057 0
    outer loop
      vertex 42.3145 68.2219 0
      vertex 42.3 68 2.4
      vertex 42.3 68 0
    endloop
  endfacet
  facet normal 0.896754 -0.44253 0
    outer loop
      vertex 42.4294 68.6506 2.4
      vertex 42.5278 68.85 0
      vertex 42.5278 68.85 2.4
    endloop
  endfacet
  facet normal 0.896754 -0.44253 0
    outer loop
      vertex 42.5278 68.85 0
      vertex 42.4294 68.6506 2.4
      vertex 42.4294 68.6506 0
    endloop
  endfacet
  facet normal 0.321484 -0.946915 0
    outer loop
      vertex 43.3494 69.5706 0
      vertex 43.56 69.6421 2.4
      vertex 43.3494 69.5706 2.4
    endloop
  endfacet
  facet normal 0.321484 -0.946915 0
    outer loop
      vertex 43.56 69.6421 2.4
      vertex 43.3494 69.5706 0
      vertex 43.56 69.6421 0
    endloop
  endfacet
  facet normal 0.659268 -0.751908 0
    outer loop
      vertex 42.7979 69.2021 0
      vertex 42.9651 69.3487 2.4
      vertex 42.7979 69.2021 2.4
    endloop
  endfacet
  facet normal 0.659268 -0.751908 0
    outer loop
      vertex 42.9651 69.3487 2.4
      vertex 42.7979 69.2021 0
      vertex 42.9651 69.3487 0
    endloop
  endfacet
  facet normal 0.751908 -0.659268 0
    outer loop
      vertex 42.6513 69.0349 2.4
      vertex 42.7979 69.2021 0
      vertex 42.7979 69.2021 2.4
    endloop
  endfacet
  facet normal 0.751908 -0.659268 0
    outer loop
      vertex 42.7979 69.2021 0
      vertex 42.6513 69.0349 2.4
      vertex 42.6513 69.0349 0
    endloop
  endfacet
  facet normal -0.997872 0.0652057 0
    outer loop
      vertex 45.6855 67.7781 0
      vertex 45.7 68 2.4
      vertex 45.7 68 0
    endloop
  endfacet
  facet normal -0.997872 0.0652057 0
    outer loop
      vertex 45.7 68 2.4
      vertex 45.6855 67.7781 0
      vertex 45.6855 67.7781 2.4
    endloop
  endfacet
  facet normal -0.0652057 0.997872 0
    outer loop
      vertex 44.2219 66.3145 0
      vertex 44 66.3 2.4
      vertex 44.2219 66.3145 2.4
    endloop
  endfacet
  facet normal -0.0652057 0.997872 0
    outer loop
      vertex 44 66.3 2.4
      vertex 44.2219 66.3145 0
      vertex 44 66.3 0
    endloop
  endfacet
  facet normal 0.751908 0.659268 0
    outer loop
      vertex 42.7979 66.7979 2.4
      vertex 42.6513 66.9651 0
      vertex 42.6513 66.9651 2.4
    endloop
  endfacet
  facet normal 0.751908 0.659268 0
    outer loop
      vertex 42.6513 66.9651 0
      vertex 42.7979 66.7979 2.4
      vertex 42.7979 66.7979 0
    endloop
  endfacet
  facet normal -0.195165 0.98077 0
    outer loop
      vertex 44.44 66.3579 0
      vertex 44.2219 66.3145 2.4
      vertex 44.44 66.3579 2.4
    endloop
  endfacet
  facet normal -0.195165 0.98077 0
    outer loop
      vertex 44.2219 66.3145 2.4
      vertex 44.44 66.3579 0
      vertex 44.2219 66.3145 0
    endloop
  endfacet
  facet normal -0.896754 -0.44253 0
    outer loop
      vertex 45.5706 68.6506 0
      vertex 45.4722 68.85 2.4
      vertex 45.4722 68.85 0
    endloop
  endfacet
  facet normal -0.896754 -0.44253 0
    outer loop
      vertex 45.4722 68.85 2.4
      vertex 45.5706 68.6506 0
      vertex 45.5706 68.6506 2.4
    endloop
  endfacet
  facet normal -0.946915 -0.321484 0
    outer loop
      vertex 45.6421 68.44 0
      vertex 45.5706 68.6506 2.4
      vertex 45.5706 68.6506 0
    endloop
  endfacet
  facet normal -0.946915 -0.321484 0
    outer loop
      vertex 45.5706 68.6506 2.4
      vertex 45.6421 68.44 0
      vertex 45.6421 68.44 2.4
    endloop
  endfacet
  facet normal -0.751908 -0.659268 0
    outer loop
      vertex 45.3487 69.0349 0
      vertex 45.2021 69.2021 2.4
      vertex 45.2021 69.2021 0
    endloop
  endfacet
  facet normal -0.751908 -0.659268 0
    outer loop
      vertex 45.2021 69.2021 2.4
      vertex 45.3487 69.0349 0
      vertex 45.3487 69.0349 2.4
    endloop
  endfacet
  facet normal 0.195165 0.98077 -0
    outer loop
      vertex 43.7781 66.3145 0
      vertex 43.56 66.3579 2.4
      vertex 43.7781 66.3145 2.4
    endloop
  endfacet
  facet normal 0.195165 0.98077 0
    outer loop
      vertex 43.56 66.3579 2.4
      vertex 43.7781 66.3145 0
      vertex 43.56 66.3579 0
    endloop
  endfacet
  facet normal 0.896754 0.44253 0
    outer loop
      vertex 42.5278 67.15 2.4
      vertex 42.4294 67.3494 0
      vertex 42.4294 67.3494 2.4
    endloop
  endfacet
  facet normal 0.896754 0.44253 0
    outer loop
      vertex 42.4294 67.3494 0
      vertex 42.5278 67.15 2.4
      vertex 42.5278 67.15 0
    endloop
  endfacet
  facet normal 0.946915 0.321484 0
    outer loop
      vertex 42.4294 67.3494 2.4
      vertex 42.3579 67.56 0
      vertex 42.3579 67.56 2.4
    endloop
  endfacet
  facet normal 0.946915 0.321484 0
    outer loop
      vertex 42.3579 67.56 0
      vertex 42.4294 67.3494 2.4
      vertex 42.4294 67.3494 0
    endloop
  endfacet
  facet normal 0.98077 0.195165 0
    outer loop
      vertex 42.3579 67.56 2.4
      vertex 42.3145 67.7781 0
      vertex 42.3145 67.7781 2.4
    endloop
  endfacet
  facet normal 0.98077 0.195165 0
    outer loop
      vertex 42.3145 67.7781 0
      vertex 42.3579 67.56 2.4
      vertex 42.3579 67.56 0
    endloop
  endfacet
  facet normal 0.659268 0.751908 -0
    outer loop
      vertex 42.9651 66.6513 0
      vertex 42.7979 66.7979 2.4
      vertex 42.9651 66.6513 2.4
    endloop
  endfacet
  facet normal 0.659268 0.751908 0
    outer loop
      vertex 42.7979 66.7979 2.4
      vertex 42.9651 66.6513 0
      vertex 42.7979 66.7979 0
    endloop
  endfacet
  facet normal -0.44253 0.896754 0
    outer loop
      vertex 44.85 66.5278 0
      vertex 44.6506 66.4294 2.4
      vertex 44.85 66.5278 2.4
    endloop
  endfacet
  facet normal -0.44253 0.896754 0
    outer loop
      vertex 44.6506 66.4294 2.4
      vertex 44.85 66.5278 0
      vertex 44.6506 66.4294 0
    endloop
  endfacet
  facet normal -0.321484 0.946915 0
    outer loop
      vertex 44.6506 66.4294 0
      vertex 44.44 66.3579 2.4
      vertex 44.6506 66.4294 2.4
    endloop
  endfacet
  facet normal -0.321484 0.946915 0
    outer loop
      vertex 44.44 66.3579 2.4
      vertex 44.6506 66.4294 0
      vertex 44.44 66.3579 0
    endloop
  endfacet
  facet normal -0.659268 0.751908 0
    outer loop
      vertex 45.2021 66.7979 0
      vertex 45.0349 66.6513 2.4
      vertex 45.2021 66.7979 2.4
    endloop
  endfacet
  facet normal -0.659268 0.751908 0
    outer loop
      vertex 45.0349 66.6513 2.4
      vertex 45.2021 66.7979 0
      vertex 45.0349 66.6513 0
    endloop
  endfacet
  facet normal -0.896754 0.44253 0
    outer loop
      vertex 45.4722 67.15 0
      vertex 45.5706 67.3494 2.4
      vertex 45.5706 67.3494 0
    endloop
  endfacet
  facet normal -0.896754 0.44253 0
    outer loop
      vertex 45.5706 67.3494 2.4
      vertex 45.4722 67.15 0
      vertex 45.4722 67.15 2.4
    endloop
  endfacet
  facet normal -0.831566 0.555426 0
    outer loop
      vertex 45.3487 66.9651 0
      vertex 45.4722 67.15 2.4
      vertex 45.4722 67.15 0
    endloop
  endfacet
  facet normal -0.831566 0.555426 0
    outer loop
      vertex 45.4722 67.15 2.4
      vertex 45.3487 66.9651 0
      vertex 45.3487 66.9651 2.4
    endloop
  endfacet
  facet normal 0.44253 0.896754 -0
    outer loop
      vertex 43.3494 66.4294 0
      vertex 43.15 66.5278 2.4
      vertex 43.3494 66.4294 2.4
    endloop
  endfacet
  facet normal 0.44253 0.896754 0
    outer loop
      vertex 43.15 66.5278 2.4
      vertex 43.3494 66.4294 0
      vertex 43.15 66.5278 0
    endloop
  endfacet
  facet normal 0.321484 0.946915 -0
    outer loop
      vertex 43.56 66.3579 0
      vertex 43.3494 66.4294 2.4
      vertex 43.56 66.3579 2.4
    endloop
  endfacet
  facet normal 0.321484 0.946915 0
    outer loop
      vertex 43.3494 66.4294 2.4
      vertex 43.56 66.3579 0
      vertex 43.3494 66.4294 0
    endloop
  endfacet
  facet normal -0.751908 0.659268 0
    outer loop
      vertex 45.2021 66.7979 0
      vertex 45.3487 66.9651 2.4
      vertex 45.3487 66.9651 0
    endloop
  endfacet
  facet normal -0.751908 0.659268 0
    outer loop
      vertex 45.3487 66.9651 2.4
      vertex 45.2021 66.7979 0
      vertex 45.2021 66.7979 2.4
    endloop
  endfacet
  facet normal 0.0652057 0.997872 -0
    outer loop
      vertex 44 66.3 0
      vertex 43.7781 66.3145 2.4
      vertex 44 66.3 2.4
    endloop
  endfacet
  facet normal 0.0652057 0.997872 0
    outer loop
      vertex 43.7781 66.3145 2.4
      vertex 44 66.3 0
      vertex 43.7781 66.3145 0
    endloop
  endfacet
  facet normal 1 -0 0
    outer loop
      vertex -30 -46.5 1.2
      vertex -30 -43.5 0
      vertex -30 -43.5 1.2
    endloop
  endfacet
  facet normal 1 0 0
    outer loop
      vertex -30 -43.5 0
      vertex -30 -46.5 1.2
      vertex -30 -46.5 0
    endloop
  endfacet
  facet normal 0 0 -1
    outer loop
      vertex -30 -46.5 1.2
      vertex 30 -43.5 1.2
      vertex 30 -46.5 1.2
    endloop
  endfacet
  facet normal -0 0 -1
    outer loop
      vertex 30 -43.5 1.2
      vertex -30 -46.5 1.2
      vertex -30 -43.5 1.2
    endloop
  endfacet
  facet normal -1 0 0
    outer loop
      vertex 30 -46.5 0
      vertex 30 -43.5 1.2
      vertex 30 -43.5 0
    endloop
  endfacet
  facet normal -1 -0 0
    outer loop
      vertex 30 -43.5 1.2
      vertex 30 -46.5 0
      vertex 30 -46.5 1.2
    endloop
  endfacet
  facet normal 0 1 -0
    outer loop
      vertex 30 -46.5 0
      vertex -30 -46.5 1.2
      vertex 30 -46.5 1.2
    endloop
  endfacet
  facet normal 0 1 0
    outer loop
      vertex -30 -46.5 1.2
      vertex 30 -46.5 0
      vertex -30 -46.5 0
    endloop
  endfacet
  facet normal 0 -1 0
    outer loop
      vertex -30 -43.5 0
      vertex 30 -43.5 1.2
      vertex -30 -43.5 1.2
    endloop
  endfacet
  facet normal 0 -1 -0
    outer loop
      vertex 30 -43.5 1.2
      vertex -30 -43.5 0
      vertex 30 -43.5 0
    endloop
  endfacet
  facet normal 1 -0 0
    outer loop
      vertex -30 -31.5 1.2
      vertex -30 -28.5 0
      vertex -30 -28.5 1.2
    endloop
  endfacet
  facet normal 1 0 0
    outer loop
      vertex -30 -28.5 0
      vertex -30 -31.5 1.2
      vertex -30 -31.5 0
    endloop
  endfacet
  facet normal 0 0 -1
    outer loop
      vertex -30 -31.5 1.2
      vertex 30 -28.5 1.2
      vertex 30 -31.5 1.2
    endloop
  endfacet
  facet normal -0 0 -1
    outer loop
      vertex 30 -28.5 1.2
      vertex -30 -31.5 1.2
      vertex -30 -28.5 1.2
    endloop
  endfacet
  facet normal -1 0 0
    outer loop
      vertex 30 -31.5 0
      vertex 30 -28.5 1.2
      vertex 30 -28.5 0
    endloop
  endfacet
  facet normal -1 -0 0
    outer loop
      vertex 30 -28.5 1.2
      vertex 30 -31.5 0
      vertex 30 -31.5 1.2
    endloop
  endfacet
  facet normal 0 -1 0
    outer loop
      vertex -30 -28.5 0
      vertex 30 -28.5 1.2
      vertex -30 -28.5 1.2
    endloop
  endfacet
  facet normal 0 -1 -0
    outer loop
      vertex 30 -28.5 1.2
      vertex -30 -28.5 0
      vertex 30 -28.5 0
    endloop
  endfacet
  facet normal 0 1 -0
    outer loop
      vertex 30 -31.5 0
      vertex -30 -31.5 1.2
      vertex 30 -31.5 1.2
    endloop
  endfacet
  facet normal 0 1 0
    outer loop
      vertex -30 -31.5 1.2
      vertex 30 -31.5 0
      vertex -30 -31.5 0
    endloop
  endfacet
  facet normal 1 -0 0
    outer loop
      vertex -30 -16.5 1.2
      vertex -30 -13.5 0
      vertex -30 -13.5 1.2
    endloop
  endfacet
  facet normal 1 0 0
    outer loop
      vertex -30 -13.5 0
      vertex -30 -16.5 1.2
      vertex -30 -16.5 0
    endloop
  endfacet
  facet normal 0 0 -1
    outer loop
      vertex -30 -16.5 1.2
      vertex 30 -13.5 1.2
      vertex 30 -16.5 1.2
    endloop
  endfacet
  facet normal -0 0 -1
    outer loop
      vertex 30 -13.5 1.2
      vertex -30 -16.5 1.2
      vertex -30 -13.5 1.2
    endloop
  endfacet
  facet normal -1 0 0
    outer loop
      vertex 30 -16.5 0
      vertex 30 -13.5 1.2
      vertex 30 -13.5 0
    endloop
  endfacet
  facet normal -1 -0 0
    outer loop
      vertex 30 -13.5 1.2
      vertex 30 -16.5 0
      vertex 30 -16.5 1.2
    endloop
  endfacet
  facet normal 0 -1 0
    outer loop
      vertex -30 -13.5 0
      vertex 30 -13.5 1.2
      vertex -30 -13.5 1.2
    endloop
  endfacet
  facet normal 0 -1 -0
    outer loop
      vertex 30 -13.5 1.2
      vertex -30 -13.5 0
      vertex 30 -13.5 0
    endloop
  endfacet
  facet normal 0 1 -0
    outer loop
      vertex 30 -16.5 0
      vertex -30 -16.5 1.2
      vertex 30 -16.5 1.2
    endloop
  endfacet
  facet normal 0 1 0
    outer loop
      vertex -30 -16.5 1.2
      vertex 30 -16.5 0
      vertex -30 -16.5 0
    endloop
  endfacet
  facet normal 1 -0 0
    outer loop
      vertex -30 -1.5 1.2
      vertex -30 1.5 0
      vertex -30 1.5 1.2
    endloop
  endfacet
  facet normal 1 0 0
    outer loop
      vertex -30 1.5 0
      vertex -30 -1.5 1.2
      vertex -30 -1.5 0
    endloop
  endfacet
  facet normal 0 0 -1
    outer loop
      vertex -30 -1.5 1.2
      vertex 30 1.5 1.2
      vertex 30 -1.5 1.2
    endloop
  endfacet
  facet normal -0 0 -1
    outer loop
      vertex 30 1.5 1.2
      vertex -30 -1.5 1.2
      vertex -30 1.5 1.2
    endloop
  endfacet
  facet normal -1 0 0
    outer loop
      vertex 30 -1.5 0
      vertex 30 1.5 1.2
      vertex 30 1.5 0
    endloop
  endfacet
  facet normal -1 -0 0
    outer loop
      vertex 30 1.5 1.2
      vertex 30 -1.5 0
      vertex 30 -1.5 1.2
    endloop
  endfacet
  facet normal 0 -1 0
    outer loop
      vertex -30 1.5 0
      vertex 30 1.5 1.2
      vertex -30 1.5 1.2
    endloop
  endfacet
  facet normal 0 -1 -0
    outer loop
      vertex 30 1.5 1.2
      vertex -30 1.5 0
      vertex 30 1.5 0
    endloop
  endfacet
  facet normal 0 1 -0
    outer loop
      vertex 30 -1.5 0
      vertex -30 -1.5 1.2
      vertex 30 -1.5 1.2
    endloop
  endfacet
  facet normal 0 1 0
    outer loop
      vertex -30 -1.5 1.2
      vertex 30 -1.5 0
      vertex -30 -1.5 0
    endloop
  endfacet
  facet normal 1 -0 0
    outer loop
      vertex -30 13.5 1.2
      vertex -30 16.5 0
      vertex -30 16.5 1.2
    endloop
  endfacet
  facet normal 1 0 0
    outer loop
      vertex -30 16.5 0
      vertex -30 13.5 1.2
      vertex -30 13.5 0
    endloop
  endfacet
  facet normal 0 0 -1
    outer loop
      vertex -30 13.5 1.2
      vertex 30 16.5 1.2
      vertex 30 13.5 1.2
    endloop
  endfacet
  facet normal -0 0 -1
    outer loop
      vertex 30 16.5 1.2
      vertex -30 13.5 1.2
      vertex -30 16.5 1.2
    endloop
  endfacet
  facet normal -1 0 0
    outer loop
      vertex 30 13.5 0
      vertex 30 16.5 1.2
      vertex 30 16.5 0
    endloop
  endfacet
  facet normal -1 -0 0
    outer loop
      vertex 30 16.5 1.2
      vertex 30 13.5 0
      vertex 30 13.5 1.2
    endloop
  endfacet
  facet normal 0 -1 0
    outer loop
      vertex -30 16.5 0
      vertex 30 16.5 1.2
      vertex -30 16.5 1.2
    endloop
  endfacet
  facet normal 0 -1 -0
    outer loop
      vertex 30 16.5 1.2
      vertex -30 16.5 0
      vertex 30 16.5 0
    endloop
  endfacet
  facet normal 0 1 -0
    outer loop
      vertex 30 13.5 0
      vertex -30 13.5 1.2
      vertex 30 13.5 1.2
    endloop
  endfacet
  facet normal 0 1 0
    outer loop
      vertex -30 13.5 1.2
      vertex 30 13.5 0
      vertex -30 13.5 0
    endloop
  endfacet
  facet normal 1 -0 0
    outer loop
      vertex -30 28.5 1.2
      vertex -30 31.5 0
      vertex -30 31.5 1.2
    endloop
  endfacet
  facet normal 1 0 0
    outer loop
      vertex -30 31.5 0
      vertex -30 28.5 1.2
      vertex -30 28.5 0
    endloop
  endfacet
  facet normal 0 0 -1
    outer loop
      vertex -30 28.5 1.2
      vertex 30 31.5 1.2
      vertex 30 28.5 1.2
    endloop
  endfacet
  facet normal -0 0 -1
    outer loop
      vertex 30 31.5 1.2
      vertex -30 28.5 1.2
      vertex -30 31.5 1.2
    endloop
  endfacet
  facet normal -1 0 0
    outer loop
      vertex 30 28.5 0
      vertex 30 31.5 1.2
      vertex 30 31.5 0
    endloop
  endfacet
  facet normal -1 -0 0
    outer loop
      vertex 30 31.5 1.2
      vertex 30 28.5 0
      vertex 30 28.5 1.2
    endloop
  endfacet
  facet normal 0 1 -0
    outer loop
      vertex 30 28.5 0
      vertex -30 28.5 1.2
      vertex 30 28.5 1.2
    endloop
  endfacet
  facet normal 0 1 0
    outer loop
      vertex -30 28.5 1.2
      vertex 30 28.5 0
      vertex -30 28.5 0
    endloop
  endfacet
  facet normal 0 -1 0
    outer loop
      vertex -30 31.5 0
      vertex 30 31.5 1.2
      vertex -30 31.5 1.2
    endloop
  endfacet
  facet normal 0 -1 -0
    outer loop
      vertex 30 31.5 1.2
      vertex -30 31.5 0
      vertex 30 31.5 0
    endloop
  endfacet
  facet normal 1 -0 0
    outer loop
      vertex -30 43.5 1.2
      vertex -30 46.5 0
      vertex -30 46.5 1.2
    endloop
  endfacet
  facet normal 1 0 0
    outer loop
      vertex -30 46.5 0
      vertex -30 43.5 1.2
      vertex -30 43.5 0
    endloop
  endfacet
  facet normal 0 0 -1
    outer loop
      vertex -30 43.5 1.2
      vertex 30 46.5 1.2
      vertex 30 43.5 1.2
    endloop
  endfacet
  facet normal -0 0 -1
    outer loop
      vertex 30 46.5 1.2
      vertex -30 43.5 1.2
      vertex -30 46.5 1.2
    endloop
  endfacet
  facet normal -1 0 0
    outer loop
      vertex 30 43.5 0
      vertex 30 46.5 1.2
      vertex 30 46.5 0
    endloop
  endfacet
  facet normal -1 -0 0
    outer loop
      vertex 30 46.5 1.2
      vertex 30 43.5 0
      vertex 30 43.5 1.2
    endloop
  endfacet
  facet normal 0 1 -0
    outer loop
      vertex 30 43.5 0
      vertex -30 43.5 1.2
      vertex 30 43.5 1.2
    endloop
  endfacet
  facet normal 0 1 0
    outer loop
      vertex -30 43.5 1.2
      vertex 30 43.5 0
      vertex -30 43.5 0
    endloop
  endfacet
  facet normal 0 -1 0
    outer loop
      vertex -30 46.5 0
      vertex 30 46.5 1.2
      vertex -30 46.5 1.2
    endloop
  endfacet
  facet normal 0 -1 -0
    outer loop
      vertex 30 46.5 1.2
      vertex -30 46.5 0
      vertex 30 46.5 0
    endloop
  endfacet
  facet normal 0.321574 -0.946885 0
    outer loop
      vertex 48.7765 -78.3978 0
      vertex 49.1481 -78.2716 2.4
      vertex 48.7765 -78.3978 2.4
    endloop
  endfacet
  facet normal 0.321574 -0.946885 0
    outer loop
      vertex 49.1481 -78.2716 2.4
      vertex 48.7765 -78.3978 0
      vertex 49.1481 -78.2716 0
    endloop
  endfacet
  facet normal -0.19494 0.980815 0
    outer loop
      vertex -48.3916 78.4743 0
      vertex -48.7765 78.3978 2.4
      vertex -48.3916 78.4743 2.4
    endloop
  endfacet
  facet normal -0.19494 0.980815 0
    outer loop
      vertex -48.7765 78.3978 2.4
      vertex -48.3916 78.4743 0
      vertex -48.7765 78.3978 0
    endloop
  endfacet
  facet normal 0.19494 -0.980815 0
    outer loop
      vertex 48.3916 -78.4743 0
      vertex 48.7765 -78.3978 2.4
      vertex 48.3916 -78.4743 2.4
    endloop
  endfacet
  facet normal 0.19494 -0.980815 0
    outer loop
      vertex 48.7765 -78.3978 2.4
      vertex 48.3916 -78.4743 0
      vertex 48.7765 -78.3978 0
    endloop
  endfacet
  facet normal 0.896911 0.442211 0
    outer loop
      vertex 50.7716 76.6481 2.4
      vertex 50.5981 77 0
      vertex 50.5981 77 2.4
    endloop
  endfacet
  facet normal 0.896911 0.442211 0
    outer loop
      vertex 50.5981 77 0
      vertex 50.7716 76.6481 2.4
      vertex 50.7716 76.6481 0
    endloop
  endfacet
  facet normal -0.997853 0.0654873 0
    outer loop
      vertex -51 75.5 0
      vertex -50.9743 75.8916 2.4
      vertex -50.9743 75.8916 0
    endloop
  endfacet
  facet normal -0.997853 0.0654873 0
    outer loop
      vertex -50.9743 75.8916 2.4
      vertex -51 75.5 0
      vertex -51 75.5 2.4
    endloop
  endfacet
  facet normal 0 0 1
    outer loop
      vertex -38 -64 2.4
      vertex -42.3145 -67.7781 2.4
      vertex -42.3 -68 2.4
    endloop
  endfacet
  facet normal 0 0 1
    outer loop
      vertex -38 -64 2.4
      vertex -42.3579 -67.56 2.4
      vertex -42.3145 -67.7781 2.4
    endloop
  endfacet
  facet normal 0 0 1
    outer loop
      vertex -38 -64 2.4
      vertex -42.4294 -67.3494 2.4
      vertex -42.3579 -67.56 2.4
    endloop
  endfacet
  facet normal 0 0 1
    outer loop
      vertex -38 -64 2.4
      vertex -42.5278 -67.15 2.4
      vertex -42.4294 -67.3494 2.4
    endloop
  endfacet
  facet normal 0 0 1
    outer loop
      vertex -38 -64 2.4
      vertex -42.6513 -66.9651 2.4
      vertex -42.5278 -67.15 2.4
    endloop
  endfacet
  facet normal 0 0 1
    outer loop
      vertex -38 -64 2.4
      vertex -42.7979 -66.7979 2.4
      vertex -42.6513 -66.9651 2.4
    endloop
  endfacet
  facet normal 0 0 1
    outer loop
      vertex -38 -64 2.4
      vertex -42.9651 -66.6513 2.4
      vertex -42.7979 -66.7979 2.4
    endloop
  endfacet
  facet normal 0 0 1
    outer loop
      vertex -38 -64 2.4
      vertex -43.15 -66.5278 2.4
      vertex -42.9651 -66.6513 2.4
    endloop
  endfacet
  facet normal 0 0 1
    outer loop
      vertex -38 -64 2.4
      vertex -43.3494 -66.4294 2.4
      vertex -43.15 -66.5278 2.4
    endloop
  endfacet
  facet normal -0 0 1
    outer loop
      vertex -46 -64 2.4
      vertex -43.3494 -66.4294 2.4
      vertex -38 -64 2.4
    endloop
  endfacet
  facet normal 0 0 1
    outer loop
      vertex -43.3494 -66.4294 2.4
      vertex -46 -64 2.4
      vertex -43.56 -66.3579 2.4
    endloop
  endfacet
  facet normal 0 0 1
    outer loop
      vertex -43.56 -66.3579 2.4
      vertex -46 -64 2.4
      vertex -43.7781 -66.3145 2.4
    endloop
  endfacet
  facet normal 0 0 1
    outer loop
      vertex -43.7781 -66.3145 2.4
      vertex -46 -64 2.4
      vertex -44 -66.3 2.4
    endloop
  endfacet
  facet normal 0 0 1
    outer loop
      vertex -44 -66.3 2.4
      vertex -46 -64 2.4
      vertex -44.2219 -66.3145 2.4
    endloop
  endfacet
  facet normal 0 0 1
    outer loop
      vertex -44.2219 -66.3145 2.4
      vertex -46 -64 2.4
      vertex -44.44 -66.3579 2.4
    endloop
  endfacet
  facet normal 0 0 1
    outer loop
      vertex -51 -75.5 2.4
      vertex -45.6855 -67.7781 2.4
      vertex -46 -64 2.4
    endloop
  endfacet
  facet normal 0 0 1
    outer loop
      vertex -45.6421 -67.56 2.4
      vertex -46 -64 2.4
      vertex -45.6855 -67.7781 2.4
    endloop
  endfacet
  facet normal 0 0 1
    outer loop
      vertex -45.5706 -67.3494 2.4
      vertex -46 -64 2.4
      vertex -45.6421 -67.56 2.4
    endloop
  endfacet
  facet normal 0 0 1
    outer loop
      vertex -45.4722 -67.15 2.4
      vertex -46 -64 2.4
      vertex -45.5706 -67.3494 2.4
    endloop
  endfacet
  facet normal 0 0 1
    outer loop
      vertex -45.3487 -66.9651 2.4
      vertex -46 -64 2.4
      vertex -45.4722 -67.15 2.4
    endloop
  endfacet
  facet normal 0 0 1
    outer loop
      vertex -45.2021 -66.7979 2.4
      vertex -46 -64 2.4
      vertex -45.3487 -66.9651 2.4
    endloop
  endfacet
  facet normal 0 0 1
    outer loop
      vertex -45.0349 -66.6513 2.4
      vertex -46 -64 2.4
      vertex -45.2021 -66.7979 2.4
    endloop
  endfacet
  facet normal 0 0 1
    outer loop
      vertex -44.85 -66.5278 2.4
      vertex -46 -64 2.4
      vertex -45.0349 -66.6513 2.4
    endloop
  endfacet
  facet normal 0 0 1
    outer loop
      vertex -44.6506 -66.4294 2.4
      vertex -46 -64 2.4
      vertex -44.85 -66.5278 2.4
    endloop
  endfacet
  facet normal 0 0 1
    outer loop
      vertex -44.44 -66.3579 2.4
      vertex -46 -64 2.4
      vertex -44.6506 -66.4294 2.4
    endloop
  endfacet
  facet normal -0 0 1
    outer loop
      vertex -46 56 2.4
      vertex -38 -56 2.4
      vertex -38 56 2.4
    endloop
  endfacet
  facet normal 0 0 1
    outer loop
      vertex -38 -56 2.4
      vertex -46 56 2.4
      vertex -46 -56 2.4
    endloop
  endfacet
  facet normal -0 0 1
    outer loop
      vertex -42.3145 67.7781 2.4
      vertex -38 64 2.4
      vertex -42.3 68 2.4
    endloop
  endfacet
  facet normal -0 0 1
    outer loop
      vertex -42.3579 67.56 2.4
      vertex -38 64 2.4
      vertex -42.3145 67.7781 2.4
    endloop
  endfacet
  facet normal -0 0 1
    outer loop
      vertex -42.4294 67.3494 2.4
      vertex -38 64 2.4
      vertex -42.3579 67.56 2.4
    endloop
  endfacet
  facet normal -0 0 1
    outer loop
      vertex -42.5278 67.15 2.4
      vertex -38 64 2.4
      vertex -42.4294 67.3494 2.4
    endloop
  endfacet
  facet normal -0 0 1
    outer loop
      vertex -42.6513 66.9651 2.4
      vertex -38 64 2.4
      vertex -42.5278 67.15 2.4
    endloop
  endfacet
  facet normal -0 0 1
    outer loop
      vertex -42.7979 66.7979 2.4
      vertex -38 64 2.4
      vertex -42.6513 66.9651 2.4
    endloop
  endfacet
  facet normal -0 0 1
    outer loop
      vertex -42.9651 66.6513 2.4
      vertex -38 64 2.4
      vertex -42.7979 66.7979 2.4
    endloop
  endfacet
  facet normal -0 0 1
    outer loop
      vertex -43.15 66.5278 2.4
      vertex -38 64 2.4
      vertex -42.9651 66.6513 2.4
    endloop
  endfacet
  facet normal -0 0 1
    outer loop
      vertex -43.3494 66.4294 2.4
      vertex -38 64 2.4
      vertex -43.15 66.5278 2.4
    endloop
  endfacet
  facet normal 0 0 1
    outer loop
      vertex -46 64 2.4
      vertex -43.3494 66.4294 2.4
      vertex -43.56 66.3579 2.4
    endloop
  endfacet
  facet normal 0 0 1
    outer loop
      vertex -46 64 2.4
      vertex -43.56 66.3579 2.4
      vertex -43.7781 66.3145 2.4
    endloop
  endfacet
  facet normal 0 0 1
    outer loop
      vertex -46 64 2.4
      vertex -43.7781 66.3145 2.4
      vertex -44 66.3 2.4
    endloop
  endfacet
  facet normal 0 0 1
    outer loop
      vertex -46 64 2.4
      vertex -44 66.3 2.4
      vertex -44.2219 66.3145 2.4
    endloop
  endfacet
  facet normal 0 0 1
    outer loop
      vertex -46 64 2.4
      vertex -44.2219 66.3145 2.4
      vertex -44.44 66.3579 2.4
    endloop
  endfacet
  facet normal 0 0 1
    outer loop
      vertex -46 64 2.4
      vertex -44.44 66.3579 2.4
      vertex -44.6506 66.4294 2.4
    endloop
  endfacet
  facet normal 0 0 1
    outer loop
      vertex -43.3494 66.4294 2.4
      vertex -46 64 2.4
      vertex -38 64 2.4
    endloop
  endfacet
  facet normal 0 0 1
    outer loop
      vertex -44.85 66.5278 2.4
      vertex -46 64 2.4
      vertex -44.6506 66.4294 2.4
    endloop
  endfacet
  facet normal 0 0 1
    outer loop
      vertex -45.0349 66.6513 2.4
      vertex -46 64 2.4
      vertex -44.85 66.5278 2.4
    endloop
  endfacet
  facet normal 0 0 1
    outer loop
      vertex -45.2021 66.7979 2.4
      vertex -46 64 2.4
      vertex -45.0349 66.6513 2.4
    endloop
  endfacet
  facet normal 0 0 1
    outer loop
      vertex -45.3487 66.9651 2.4
      vertex -46 64 2.4
      vertex -45.2021 66.7979 2.4
    endloop
  endfacet
  facet normal 0 0 1
    outer loop
      vertex -45.4722 67.15 2.4
      vertex -46 64 2.4
      vertex -45.3487 66.9651 2.4
    endloop
  endfacet
  facet normal 0 0 1
    outer loop
      vertex -45.5706 67.3494 2.4
      vertex -46 64 2.4
      vertex -45.4722 67.15 2.4
    endloop
  endfacet
  facet normal 0 0 1
    outer loop
      vertex -45.6421 67.56 2.4
      vertex -46 64 2.4
      vertex -45.5706 67.3494 2.4
    endloop
  endfacet
  facet normal 0 0 1
    outer loop
      vertex -45.6855 67.7781 2.4
      vertex -46 64 2.4
      vertex -45.6421 67.56 2.4
    endloop
  endfacet
  facet normal 0 0 1
    outer loop
      vertex -51 75.5 2.4
      vertex -45.6855 67.7781 2.4
      vertex -45.7 68 2.4
    endloop
  endfacet
  facet normal 0 0 1
    outer loop
      vertex 51 -75.5 2.4
      vertex 45.6855 -67.7781 2.4
      vertex 45.7 -68 2.4
    endloop
  endfacet
  facet normal 0 0 1
    outer loop
      vertex 46 -64 2.4
      vertex 45.6421 -67.56 2.4
      vertex 45.6855 -67.7781 2.4
    endloop
  endfacet
  facet normal 0 0 1
    outer loop
      vertex 46 -64 2.4
      vertex 45.5706 -67.3494 2.4
      vertex 45.6421 -67.56 2.4
    endloop
  endfacet
  facet normal 0 0 1
    outer loop
      vertex 46 -64 2.4
      vertex 45.4722 -67.15 2.4
      vertex 45.5706 -67.3494 2.4
    endloop
  endfacet
  facet normal 0 0 1
    outer loop
      vertex 46 -64 2.4
      vertex 45.3487 -66.9651 2.4
      vertex 45.4722 -67.15 2.4
    endloop
  endfacet
  facet normal 0 0 1
    outer loop
      vertex 46 -64 2.4
      vertex 45.2021 -66.7979 2.4
      vertex 45.3487 -66.9651 2.4
    endloop
  endfacet
  facet normal 0 0 1
    outer loop
      vertex 46 -64 2.4
      vertex 45.0349 -66.6513 2.4
      vertex 45.2021 -66.7979 2.4
    endloop
  endfacet
  facet normal 0 0 1
    outer loop
      vertex 46 -64 2.4
      vertex 44.85 -66.5278 2.4
      vertex 45.0349 -66.6513 2.4
    endloop
  endfacet
  facet normal 0 0 1
    outer loop
      vertex 46 -64 2.4
      vertex 44.6506 -66.4294 2.4
      vertex 44.85 -66.5278 2.4
    endloop
  endfacet
  facet normal 0 0 1
    outer loop
      vertex 46 -64 2.4
      vertex 44.44 -66.3579 2.4
      vertex 44.6506 -66.4294 2.4
    endloop
  endfacet
  facet normal 0 0 1
    outer loop
      vertex 46 -64 2.4
      vertex 44.2219 -66.3145 2.4
      vertex 44.44 -66.3579 2.4
    endloop
  endfacet
  facet normal 0 0 1
    outer loop
      vertex 46 -64 2.4
      vertex 44 -66.3 2.4
      vertex 44.2219 -66.3145 2.4
    endloop
  endfacet
  facet normal 0 0 1
    outer loop
      vertex 46 -64 2.4
      vertex 43.7781 -66.3145 2.4
      vertex 44 -66.3 2.4
    endloop
  endfacet
  facet normal 0 0 1
    outer loop
      vertex 46 -64 2.4
      vertex 43.56 -66.3579 2.4
      vertex 43.7781 -66.3145 2.4
    endloop
  endfacet
  facet normal 0 0 1
    outer loop
      vertex 46 -64 2.4
      vertex 43.3494 -66.4294 2.4
      vertex 43.56 -66.3579 2.4
    endloop
  endfacet
  facet normal -0 0 1
    outer loop
      vertex 38 -64 2.4
      vertex 43.3494 -66.4294 2.4
      vertex 46 -64 2.4
    endloop
  endfacet
  facet normal 0 0 1
    outer loop
      vertex 43.3494 -66.4294 2.4
      vertex 38 -64 2.4
      vertex 43.15 -66.5278 2.4
    endloop
  endfacet
  facet normal 0 0 1
    outer loop
      vertex 42.3145 -67.7781 2.4
      vertex 38 -64 2.4
      vertex 42.3 -68 2.4
    endloop
  endfacet
  facet normal 0 0 1
    outer loop
      vertex 42.3579 -67.56 2.4
      vertex 38 -64 2.4
      vertex 42.3145 -67.7781 2.4
    endloop
  endfacet
  facet normal 0 0 1
    outer loop
      vertex 42.4294 -67.3494 2.4
      vertex 38 -64 2.4
      vertex 42.3579 -67.56 2.4
    endloop
  endfacet
  facet normal 0 0 1
    outer loop
      vertex 42.5278 -67.15 2.4
      vertex 38 -64 2.4
      vertex 42.4294 -67.3494 2.4
    endloop
  endfacet
  facet normal 0 0 1
    outer loop
      vertex 42.6513 -66.9651 2.4
      vertex 38 -64 2.4
      vertex 42.5278 -67.15 2.4
    endloop
  endfacet
  facet normal 0 0 1
    outer loop
      vertex 42.7979 -66.7979 2.4
      vertex 38 -64 2.4
      vertex 42.6513 -66.9651 2.4
    endloop
  endfacet
  facet normal 0 0 1
    outer loop
      vertex 42.9651 -66.6513 2.4
      vertex 38 -64 2.4
      vertex 42.7979 -66.7979 2.4
    endloop
  endfacet
  facet normal 0 0 1
    outer loop
      vertex 43.15 -66.5278 2.4
      vertex 38 -64 2.4
      vertex 42.9651 -66.6513 2.4
    endloop
  endfacet
  facet normal -0 0 1
    outer loop
      vertex 38 56 2.4
      vertex 46 -56 2.4
      vertex 46 56 2.4
    endloop
  endfacet
  facet normal 0 0 1
    outer loop
      vertex 46 -56 2.4
      vertex 38 56 2.4
      vertex 38 -56 2.4
    endloop
  endfacet
  facet normal 0 0 1
    outer loop
      vertex 48 78.5 2.4
      vertex 51 75.5 2.4
      vertex 50.9743 75.8916 2.4
    endloop
  endfacet
  facet normal 0 0 1
    outer loop
      vertex 51 75.5 2.4
      vertex 46 56 2.4
      vertex 51 -75.5 2.4
    endloop
  endfacet
  facet normal 0 0 1
    outer loop
      vertex 48 78.5 2.4
      vertex 50.9743 75.8916 2.4
      vertex 50.8978 76.2765 2.4
    endloop
  endfacet
  facet normal -0 0 1
    outer loop
      vertex 46 -56 2.4
      vertex 51 -75.5 2.4
      vertex 46 56 2.4
    endloop
  endfacet
  facet normal 0 0 1
    outer loop
      vertex 48 78.5 2.4
      vertex 50.8978 76.2765 2.4
      vertex 50.7716 76.6481 2.4
    endloop
  endfacet
  facet normal -0 0 1
    outer loop
      vertex 46 -64 2.4
      vertex 51 -75.5 2.4
      vertex 46 -56 2.4
    endloop
  endfacet
  facet normal 0 0 1
    outer loop
      vertex 48 78.5 2.4
      vertex 50.7716 76.6481 2.4
      vertex 50.5981 77 2.4
    endloop
  endfacet
  facet normal -0 0 1
    outer loop
      vertex 45.6855 -67.7781 2.4
      vertex 51 -75.5 2.4
      vertex 46 -64 2.4
    endloop
  endfacet
  facet normal 0 0 1
    outer loop
      vertex 48 78.5 2.4
      vertex 50.5981 77 2.4
      vertex 50.3801 77.3263 2.4
    endloop
  endfacet
  facet normal -0 0 1
    outer loop
      vertex 45.6855 -68.2219 2.4
      vertex 51 -75.5 2.4
      vertex 45.7 -68 2.4
    endloop
  endfacet
  facet normal 0 0 1
    outer loop
      vertex 48 78.5 2.4
      vertex 50.3801 77.3263 2.4
      vertex 50.1213 77.6213 2.4
    endloop
  endfacet
  facet normal -0 0 1
    outer loop
      vertex 45.6421 -68.44 2.4
      vertex 51 -75.5 2.4
      vertex 45.6855 -68.2219 2.4
    endloop
  endfacet
  facet normal 0 0 1
    outer loop
      vertex 48 78.5 2.4
      vertex 50.1213 77.6213 2.4
      vertex 49.8263 77.8801 2.4
    endloop
  endfacet
  facet normal -0 0 1
    outer loop
      vertex 45.5706 -68.6506 2.4
      vertex 51 -75.5 2.4
      vertex 45.6421 -68.44 2.4
    endloop
  endfacet
  facet normal 0 0 1
    outer loop
      vertex 48 78.5 2.4
      vertex 49.8263 77.8801 2.4
      vertex 49.5 78.0981 2.4
    endloop
  endfacet
  facet normal -0 0 1
    outer loop
      vertex 45.4722 -68.85 2.4
      vertex 51 -75.5 2.4
      vertex 45.5706 -68.6506 2.4
    endloop
  endfacet
  facet normal 0 0 1
    outer loop
      vertex 48 78.5 2.4
      vertex 49.5 78.0981 2.4
      vertex 49.1481 78.2716 2.4
    endloop
  endfacet
  facet normal -0 0 1
    outer loop
      vertex 45.3487 -69.0349 2.4
      vertex 51 -75.5 2.4
      vertex 45.4722 -68.85 2.4
    endloop
  endfacet
  facet normal 0 0 1
    outer loop
      vertex 48 78.5 2.4
      vertex 49.1481 78.2716 2.4
      vertex 48.7765 78.3978 2.4
    endloop
  endfacet
  facet normal -0 0 1
    outer loop
      vertex 45.2021 -69.2021 2.4
      vertex 51 -75.5 2.4
      vertex 45.3487 -69.0349 2.4
    endloop
  endfacet
  facet normal 0 0 1
    outer loop
      vertex 48 78.5 2.4
      vertex 48.7765 78.3978 2.4
      vertex 48.3916 78.4743 2.4
    endloop
  endfacet
  facet normal -0 0 1
    outer loop
      vertex 45.0349 -69.3487 2.4
      vertex 51 -75.5 2.4
      vertex 45.2021 -69.2021 2.4
    endloop
  endfacet
  facet normal 0 0 1
    outer loop
      vertex 51 75.5 2.4
      vertex 48 78.5 2.4
      vertex 44.6506 69.5706 2.4
    endloop
  endfacet
  facet normal -0 0 1
    outer loop
      vertex 44.85 -69.4722 2.4
      vertex 51 -75.5 2.4
      vertex 45.0349 -69.3487 2.4
    endloop
  endfacet
  facet normal 0 0 1
    outer loop
      vertex 51 75.5 2.4
      vertex 46 64 2.4
      vertex 46 56 2.4
    endloop
  endfacet
  facet normal 0 0 1
    outer loop
      vertex 51 75.5 2.4
      vertex 45.7 68 2.4
      vertex 45.6855 67.7781 2.4
    endloop
  endfacet
  facet normal 0 0 1
    outer loop
      vertex 51 75.5 2.4
      vertex 45.6855 68.2219 2.4
      vertex 45.7 68 2.4
    endloop
  endfacet
  facet normal 0 0 1
    outer loop
      vertex 51 75.5 2.4
      vertex 45.6421 68.44 2.4
      vertex 45.6855 68.2219 2.4
    endloop
  endfacet
  facet normal 0 0 1
    outer loop
      vertex 51 75.5 2.4
      vertex 45.5706 68.6506 2.4
      vertex 45.6421 68.44 2.4
    endloop
  endfacet
  facet normal 0 0 1
    outer loop
      vertex 51 75.5 2.4
      vertex 45.4722 68.85 2.4
      vertex 45.5706 68.6506 2.4
    endloop
  endfacet
  facet normal 0 0 1
    outer loop
      vertex 51 75.5 2.4
      vertex 45.3487 69.0349 2.4
      vertex 45.4722 68.85 2.4
    endloop
  endfacet
  facet normal 0 0 1
    outer loop
      vertex 51 75.5 2.4
      vertex 45.2021 69.2021 2.4
      vertex 45.3487 69.0349 2.4
    endloop
  endfacet
  facet normal 0 0 1
    outer loop
      vertex 51 75.5 2.4
      vertex 45.0349 69.3487 2.4
      vertex 45.2021 69.2021 2.4
    endloop
  endfacet
  facet normal 0 0 1
    outer loop
      vertex 51 75.5 2.4
      vertex 44.85 69.4722 2.4
      vertex 45.0349 69.3487 2.4
    endloop
  endfacet
  facet normal 0 0 1
    outer loop
      vertex 51 75.5 2.4
      vertex 44.6506 69.5706 2.4
      vertex 44.85 69.4722 2.4
    endloop
  endfacet
  facet normal 0 0 1
    outer loop
      vertex 48 78.5 2.4
      vertex 44.44 69.6421 2.4
      vertex 44.6506 69.5706 2.4
    endloop
  endfacet
  facet normal 0 0 1
    outer loop
      vertex 48 78.5 2.4
      vertex 44.2219 69.6855 2.4
      vertex 44.44 69.6421 2.4
    endloop
  endfacet
  facet normal 0 0 1
    outer loop
      vertex 48 78.5 2.4
      vertex 44 69.7 2.4
      vertex 44.2219 69.6855 2.4
    endloop
  endfacet
  facet normal 0 0 1
    outer loop
      vertex 48 78.5 2.4
      vertex 43.7781 69.6855 2.4
      vertex 44 69.7 2.4
    endloop
  endfacet
  facet normal 0 0 1
    outer loop
      vertex 48 78.5 2.4
      vertex 43.56 69.6421 2.4
      vertex 43.7781 69.6855 2.4
    endloop
  endfacet
  facet normal 0 0 1
    outer loop
      vertex 48 78.5 2.4
      vertex 43.3494 69.5706 2.4
      vertex 43.56 69.6421 2.4
    endloop
  endfacet
  facet normal 0 0 1
    outer loop
      vertex 48 78.5 2.4
      vertex 43.15 69.4722 2.4
      vertex 43.3494 69.5706 2.4
    endloop
  endfacet
  facet normal 0 0 1
    outer loop
      vertex 48 78.5 2.4
      vertex 42.9651 69.3487 2.4
      vertex 43.15 69.4722 2.4
    endloop
  endfacet
  facet normal 0 0 1
    outer loop
      vertex 48 78.5 2.4
      vertex 42.7979 69.2021 2.4
      vertex 42.9651 69.3487 2.4
    endloop
  endfacet
  facet normal 0 0 1
    outer loop
      vertex 48 78.5 2.4
      vertex 42.6513 69.0349 2.4
      vertex 42.7979 69.2021 2.4
    endloop
  endfacet
  facet normal 0 0 1
    outer loop
      vertex 38 64 2.4
      vertex 42.6513 69.0349 2.4
      vertex 48 78.5 2.4
    endloop
  endfacet
  facet normal 0 0 1
    outer loop
      vertex 42.3145 68.2219 2.4
      vertex 38 64 2.4
      vertex 42.3 68 2.4
    endloop
  endfacet
  facet normal 0 0 1
    outer loop
      vertex 42.3579 68.44 2.4
      vertex 38 64 2.4
      vertex 42.3145 68.2219 2.4
    endloop
  endfacet
  facet normal 0 0 1
    outer loop
      vertex 42.4294 68.6506 2.4
      vertex 38 64 2.4
      vertex 42.3579 68.44 2.4
    endloop
  endfacet
  facet normal 0 0 1
    outer loop
      vertex 42.5278 68.85 2.4
      vertex 38 64 2.4
      vertex 42.4294 68.6506 2.4
    endloop
  endfacet
  facet normal 0 0 1
    outer loop
      vertex 42.6513 69.0349 2.4
      vertex 38 64 2.4
      vertex 42.5278 68.85 2.4
    endloop
  endfacet
  facet normal 0 0 1
    outer loop
      vertex -38 56 2.4
      vertex 38 56 2.4
      vertex 38 64 2.4
    endloop
  endfacet
  facet normal 0 0 1
    outer loop
      vertex 38 56 2.4
      vertex -38 56 2.4
      vertex 38 -56 2.4
    endloop
  endfacet
  facet normal 0 0 1
    outer loop
      vertex -38 56 2.4
      vertex 38 64 2.4
      vertex -38 64 2.4
    endloop
  endfacet
  facet normal 0 0 1
    outer loop
      vertex 48 78.5 2.4
      vertex -38 64 2.4
      vertex 38 64 2.4
    endloop
  endfacet
  facet normal -0 0 1
    outer loop
      vertex -48 78.5 2.4
      vertex -38 64 2.4
      vertex 48 78.5 2.4
    endloop
  endfacet
  facet normal 0 0 1
    outer loop
      vertex -38 64 2.4
      vertex -42.3145 68.2219 2.4
      vertex -42.3 68 2.4
    endloop
  endfacet
  facet normal 0 0 1
    outer loop
      vertex -38 64 2.4
      vertex -42.3579 68.44 2.4
      vertex -42.3145 68.2219 2.4
    endloop
  endfacet
  facet normal 0 0 1
    outer loop
      vertex -38 64 2.4
      vertex -42.4294 68.6506 2.4
      vertex -42.3579 68.44 2.4
    endloop
  endfacet
  facet normal 0 0 1
    outer loop
      vertex -38 64 2.4
      vertex -42.5278 68.85 2.4
      vertex -42.4294 68.6506 2.4
    endloop
  endfacet
  facet normal 0 0 1
    outer loop
      vertex -38 64 2.4
      vertex -42.6513 69.0349 2.4
      vertex -42.5278 68.85 2.4
    endloop
  endfacet
  facet normal 0 0 1
    outer loop
      vertex -38 64 2.4
      vertex -48 78.5 2.4
      vertex -42.6513 69.0349 2.4
    endloop
  endfacet
  facet normal 0 0 1
    outer loop
      vertex -42.6513 69.0349 2.4
      vertex -48 78.5 2.4
      vertex -42.7979 69.2021 2.4
    endloop
  endfacet
  facet normal 0 0 1
    outer loop
      vertex -42.7979 69.2021 2.4
      vertex -48 78.5 2.4
      vertex -42.9651 69.3487 2.4
    endloop
  endfacet
  facet normal 0 0 1
    outer loop
      vertex -42.9651 69.3487 2.4
      vertex -48 78.5 2.4
      vertex -43.15 69.4722 2.4
    endloop
  endfacet
  facet normal 0 0 1
    outer loop
      vertex -43.15 69.4722 2.4
      vertex -48 78.5 2.4
      vertex -43.3494 69.5706 2.4
    endloop
  endfacet
  facet normal 0 0 1
    outer loop
      vertex -43.3494 69.5706 2.4
      vertex -48 78.5 2.4
      vertex -43.56 69.6421 2.4
    endloop
  endfacet
  facet normal 0 0 1
    outer loop
      vertex -43.56 69.6421 2.4
      vertex -48 78.5 2.4
      vertex -43.7781 69.6855 2.4
    endloop
  endfacet
  facet normal 0 0 1
    outer loop
      vertex -43.7781 69.6855 2.4
      vertex -48 78.5 2.4
      vertex -44 69.7 2.4
    endloop
  endfacet
  facet normal 0 0 1
    outer loop
      vertex -51 75.5 2.4
      vertex -45.7 68 2.4
      vertex -45.6855 68.2219 2.4
    endloop
  endfacet
  facet normal 0 0 1
    outer loop
      vertex -51 75.5 2.4
      vertex -46 56 2.4
      vertex -46 64 2.4
    endloop
  endfacet
  facet normal 0 0 1
    outer loop
      vertex -46 56 2.4
      vertex -51 75.5 2.4
      vertex -46 -56 2.4
    endloop
  endfacet
  facet normal 0 0 1
    outer loop
      vertex -45.6855 67.7781 2.4
      vertex -51 75.5 2.4
      vertex -46 64 2.4
    endloop
  endfacet
  facet normal 0 0 1
    outer loop
      vertex -45.6421 68.44 2.4
      vertex -51 75.5 2.4
      vertex -45.6855 68.2219 2.4
    endloop
  endfacet
  facet normal 0 0 1
    outer loop
      vertex -45.5706 68.6506 2.4
      vertex -51 75.5 2.4
      vertex -45.6421 68.44 2.4
    endloop
  endfacet
  facet normal 0 0 1
    outer loop
      vertex -45.4722 68.85 2.4
      vertex -51 75.5 2.4
      vertex -45.5706 68.6506 2.4
    endloop
  endfacet
  facet normal 0 0 1
    outer loop
      vertex -45.3487 69.0349 2.4
      vertex -51 75.5 2.4
      vertex -45.4722 68.85 2.4
    endloop
  endfacet
  facet normal 0 0 1
    outer loop
      vertex -45.2021 69.2021 2.4
      vertex -51 75.5 2.4
      vertex -45.3487 69.0349 2.4
    endloop
  endfacet
  facet normal 0 0 1
    outer loop
      vertex -45.0349 69.3487 2.4
      vertex -51 75.5 2.4
      vertex -45.2021 69.2021 2.4
    endloop
  endfacet
  facet normal 0 0 1
    outer loop
      vertex -44.85 69.4722 2.4
      vertex -51 75.5 2.4
      vertex -45.0349 69.3487 2.4
    endloop
  endfacet
  facet normal 0 0 1
    outer loop
      vertex -44.6506 69.5706 2.4
      vertex -51 75.5 2.4
      vertex -44.85 69.4722 2.4
    endloop
  endfacet
  facet normal -0 0 1
    outer loop
      vertex -51 75.5 2.4
      vertex -44.6506 69.5706 2.4
      vertex -48 78.5 2.4
    endloop
  endfacet
  facet normal 0 0 1
    outer loop
      vertex -44.44 69.6421 2.4
      vertex -48 78.5 2.4
      vertex -44.6506 69.5706 2.4
    endloop
  endfacet
  facet normal 0 0 1
    outer loop
      vertex -44.2219 69.6855 2.4
      vertex -48 78.5 2.4
      vertex -44.44 69.6421 2.4
    endloop
  endfacet
  facet normal 0 0 1
    outer loop
      vertex -44 69.7 2.4
      vertex -48 78.5 2.4
      vertex -44.2219 69.6855 2.4
    endloop
  endfacet
  facet normal -0 0 1
    outer loop
      vertex 44.6506 -69.5706 2.4
      vertex 51 -75.5 2.4
      vertex 44.85 -69.4722 2.4
    endloop
  endfacet
  facet normal 0 -0 1
    outer loop
      vertex 48 -78.5 2.4
      vertex 51 -75.5 2.4
      vertex 44.6506 -69.5706 2.4
    endloop
  endfacet
  facet normal 0 0 1
    outer loop
      vertex 51 -75.5 2.4
      vertex 48 -78.5 2.4
      vertex 50.9743 -75.8916 2.4
    endloop
  endfacet
  facet normal 0 0 1
    outer loop
      vertex 50.8978 -76.2765 2.4
      vertex 48 -78.5 2.4
      vertex 50.7716 -76.6481 2.4
    endloop
  endfacet
  facet normal 0 0 1
    outer loop
      vertex 50.7716 -76.6481 2.4
      vertex 48 -78.5 2.4
      vertex 50.5981 -77 2.4
    endloop
  endfacet
  facet normal 0 0 1
    outer loop
      vertex 50.5981 -77 2.4
      vertex 48 -78.5 2.4
      vertex 50.3801 -77.3263 2.4
    endloop
  endfacet
  facet normal 0 0 1
    outer loop
      vertex 50.3801 -77.3263 2.4
      vertex 48 -78.5 2.4
      vertex 50.1213 -77.6213 2.4
    endloop
  endfacet
  facet normal 0 0 1
    outer loop
      vertex 50.1213 -77.6213 2.4
      vertex 48 -78.5 2.4
      vertex 49.8263 -77.8801 2.4
    endloop
  endfacet
  facet normal 0 0 1
    outer loop
      vertex 49.8263 -77.8801 2.4
      vertex 48 -78.5 2.4
      vertex 49.5 -78.0981 2.4
    endloop
  endfacet
  facet normal 0 0 1
    outer loop
      vertex 49.1481 -78.2716 2.4
      vertex 48 -78.5 2.4
      vertex 48.7765 -78.3978 2.4
    endloop
  endfacet
  facet normal 0 0 1
    outer loop
      vertex 48.7765 -78.3978 2.4
      vertex 48 -78.5 2.4
      vertex 48.3916 -78.4743 2.4
    endloop
  endfacet
  facet normal 0 0 1
    outer loop
      vertex 49.5 -78.0981 2.4
      vertex 48 -78.5 2.4
      vertex 49.1481 -78.2716 2.4
    endloop
  endfacet
  facet normal 0 0 1
    outer loop
      vertex 50.9743 -75.8916 2.4
      vertex 48 -78.5 2.4
      vertex 50.8978 -76.2765 2.4
    endloop
  endfacet
  facet normal -0 0 1
    outer loop
      vertex 44.44 -69.6421 2.4
      vertex 48 -78.5 2.4
      vertex 44.6506 -69.5706 2.4
    endloop
  endfacet
  facet normal -0 0 1
    outer loop
      vertex 44.2219 -69.6855 2.4
      vertex 48 -78.5 2.4
      vertex 44.44 -69.6421 2.4
    endloop
  endfacet
  facet normal -0 0 1
    outer loop
      vertex 44 -69.7 2.4
      vertex 48 -78.5 2.4
      vertex 44.2219 -69.6855 2.4
    endloop
  endfacet
  facet normal 0 0 1
    outer loop
      vertex 43.7781 -69.6855 2.4
      vertex 48 -78.5 2.4
      vertex 44 -69.7 2.4
    endloop
  endfacet
  facet normal 0 0 1
    outer loop
      vertex 43.56 -69.6421 2.4
      vertex 48 -78.5 2.4
      vertex 43.7781 -69.6855 2.4
    endloop
  endfacet
  facet normal 0 0 1
    outer loop
      vertex 43.3494 -69.5706 2.4
      vertex 48 -78.5 2.4
      vertex 43.56 -69.6421 2.4
    endloop
  endfacet
  facet normal 0 0 1
    outer loop
      vertex 43.15 -69.4722 2.4
      vertex 48 -78.5 2.4
      vertex 43.3494 -69.5706 2.4
    endloop
  endfacet
  facet normal 0 0 1
    outer loop
      vertex 42.9651 -69.3487 2.4
      vertex 48 -78.5 2.4
      vertex 43.15 -69.4722 2.4
    endloop
  endfacet
  facet normal 0 0 1
    outer loop
      vertex 42.7979 -69.2021 2.4
      vertex 48 -78.5 2.4
      vertex 42.9651 -69.3487 2.4
    endloop
  endfacet
  facet normal 0 0 1
    outer loop
      vertex 42.6513 -69.0349 2.4
      vertex 48 -78.5 2.4
      vertex 42.7979 -69.2021 2.4
    endloop
  endfacet
  facet normal 0 0 1
    outer loop
      vertex 38 -64 2.4
      vertex 42.6513 -69.0349 2.4
      vertex 42.5278 -68.85 2.4
    endloop
  endfacet
  facet normal 0 0 1
    outer loop
      vertex 38 -64 2.4
      vertex 42.3145 -68.2219 2.4
      vertex 42.3 -68 2.4
    endloop
  endfacet
  facet normal 0 0 1
    outer loop
      vertex 38 -64 2.4
      vertex 42.3579 -68.44 2.4
      vertex 42.3145 -68.2219 2.4
    endloop
  endfacet
  facet normal 0 0 1
    outer loop
      vertex 38 -64 2.4
      vertex 42.4294 -68.6506 2.4
      vertex 42.3579 -68.44 2.4
    endloop
  endfacet
  facet normal 0 0 1
    outer loop
      vertex 38 -64 2.4
      vertex 42.5278 -68.85 2.4
      vertex 42.4294 -68.6506 2.4
    endloop
  endfacet
  facet normal 0 0 1
    outer loop
      vertex 42.6513 -69.0349 2.4
      vertex 38 -64 2.4
      vertex 48 -78.5 2.4
    endloop
  endfacet
  facet normal 0 0 1
    outer loop
      vertex -38 -56 2.4
      vertex 38 -56 2.4
      vertex -38 56 2.4
    endloop
  endfacet
  facet normal 0 0 1
    outer loop
      vertex 38 -56 2.4
      vertex -38 -56 2.4
      vertex 38 -64 2.4
    endloop
  endfacet
  facet normal 0 0 1
    outer loop
      vertex -38 -64 2.4
      vertex 38 -64 2.4
      vertex -38 -56 2.4
    endloop
  endfacet
  facet normal 0 0 1
    outer loop
      vertex 38 -64 2.4
      vertex -38 -64 2.4
      vertex 48 -78.5 2.4
    endloop
  endfacet
  facet normal 0 0 1
    outer loop
      vertex -42.3145 -68.2219 2.4
      vertex -38 -64 2.4
      vertex -42.3 -68 2.4
    endloop
  endfacet
  facet normal 0 0 1
    outer loop
      vertex -42.3579 -68.44 2.4
      vertex -38 -64 2.4
      vertex -42.3145 -68.2219 2.4
    endloop
  endfacet
  facet normal 0 0 1
    outer loop
      vertex -42.4294 -68.6506 2.4
      vertex -38 -64 2.4
      vertex -42.3579 -68.44 2.4
    endloop
  endfacet
  facet normal 0 0 1
    outer loop
      vertex -42.5278 -68.85 2.4
      vertex -38 -64 2.4
      vertex -42.4294 -68.6506 2.4
    endloop
  endfacet
  facet normal 0 0 1
    outer loop
      vertex -42.6513 -69.0349 2.4
      vertex -38 -64 2.4
      vertex -42.5278 -68.85 2.4
    endloop
  endfacet
  facet normal 0 0 1
    outer loop
      vertex -48 -78.5 2.4
      vertex -38 -64 2.4
      vertex -42.6513 -69.0349 2.4
    endloop
  endfacet
  facet normal 0 0 1
    outer loop
      vertex -48 -78.5 2.4
      vertex -42.6513 -69.0349 2.4
      vertex -42.7979 -69.2021 2.4
    endloop
  endfacet
  facet normal 0 0 1
    outer loop
      vertex -48 -78.5 2.4
      vertex -42.7979 -69.2021 2.4
      vertex -42.9651 -69.3487 2.4
    endloop
  endfacet
  facet normal 0 0 1
    outer loop
      vertex -48 -78.5 2.4
      vertex -42.9651 -69.3487 2.4
      vertex -43.15 -69.4722 2.4
    endloop
  endfacet
  facet normal 0 0 1
    outer loop
      vertex -48 -78.5 2.4
      vertex -43.15 -69.4722 2.4
      vertex -43.3494 -69.5706 2.4
    endloop
  endfacet
  facet normal 0 0 1
    outer loop
      vertex -48 -78.5 2.4
      vertex -43.3494 -69.5706 2.4
      vertex -43.56 -69.6421 2.4
    endloop
  endfacet
  facet normal 0 0 1
    outer loop
      vertex -48 -78.5 2.4
      vertex -43.56 -69.6421 2.4
      vertex -43.7781 -69.6855 2.4
    endloop
  endfacet
  facet normal 0 0 1
    outer loop
      vertex -48 -78.5 2.4
      vertex -43.7781 -69.6855 2.4
      vertex -44 -69.7 2.4
    endloop
  endfacet
  facet normal 0 0 1
    outer loop
      vertex -48 -78.5 2.4
      vertex -44 -69.7 2.4
      vertex -44.2219 -69.6855 2.4
    endloop
  endfacet
  facet normal 0 0 1
    outer loop
      vertex -45.6855 -67.7781 2.4
      vertex -51 -75.5 2.4
      vertex -45.7 -68 2.4
    endloop
  endfacet
  facet normal 0 0 1
    outer loop
      vertex -38 -64 2.4
      vertex -48 -78.5 2.4
      vertex 48 -78.5 2.4
    endloop
  endfacet
  facet normal 0 0 1
    outer loop
      vertex -44.44 -69.6421 2.4
      vertex -48 -78.5 2.4
      vertex -44.2219 -69.6855 2.4
    endloop
  endfacet
  facet normal 0 0 1
    outer loop
      vertex -44.6506 -69.5706 2.4
      vertex -48 -78.5 2.4
      vertex -44.44 -69.6421 2.4
    endloop
  endfacet
  facet normal 0 0 1
    outer loop
      vertex -51 -75.5 2.4
      vertex -44.6506 -69.5706 2.4
      vertex -44.85 -69.4722 2.4
    endloop
  endfacet
  facet normal 0 0 1
    outer loop
      vertex -51 -75.5 2.4
      vertex -44.85 -69.4722 2.4
      vertex -45.0349 -69.3487 2.4
    endloop
  endfacet
  facet normal 0 0 1
    outer loop
      vertex -51 -75.5 2.4
      vertex -45.0349 -69.3487 2.4
      vertex -45.2021 -69.2021 2.4
    endloop
  endfacet
  facet normal 0 0 1
    outer loop
      vertex -51 -75.5 2.4
      vertex -45.2021 -69.2021 2.4
      vertex -45.3487 -69.0349 2.4
    endloop
  endfacet
  facet normal 0 0 1
    outer loop
      vertex -51 -75.5 2.4
      vertex -45.3487 -69.0349 2.4
      vertex -45.4722 -68.85 2.4
    endloop
  endfacet
  facet normal 0 0 1
    outer loop
      vertex -51 -75.5 2.4
      vertex -45.4722 -68.85 2.4
      vertex -45.5706 -68.6506 2.4
    endloop
  endfacet
  facet normal 0 0 1
    outer loop
      vertex -51 -75.5 2.4
      vertex -45.5706 -68.6506 2.4
      vertex -45.6421 -68.44 2.4
    endloop
  endfacet
  facet normal 0 0 1
    outer loop
      vertex -51 -75.5 2.4
      vertex -45.6421 -68.44 2.4
      vertex -45.6855 -68.2219 2.4
    endloop
  endfacet
  facet normal 0 0 1
    outer loop
      vertex -45.7 -68 2.4
      vertex -51 -75.5 2.4
      vertex -45.6855 -68.2219 2.4
    endloop
  endfacet
  facet normal 0 0 1
    outer loop
      vertex -51 -75.5 2.4
      vertex -46 -56 2.4
      vertex -51 75.5 2.4
    endloop
  endfacet
  facet normal 0 0 1
    outer loop
      vertex -51 75.5 2.4
      vertex -48 78.5 2.4
      vertex -48.3916 78.4743 2.4
    endloop
  endfacet
  facet normal 0 0 1
    outer loop
      vertex -46 -56 2.4
      vertex -51 -75.5 2.4
      vertex -46 -64 2.4
    endloop
  endfacet
  facet normal 0 0 1
    outer loop
      vertex -51 75.5 2.4
      vertex -48.3916 78.4743 2.4
      vertex -48.7765 78.3978 2.4
    endloop
  endfacet
  facet normal 0 0 1
    outer loop
      vertex -44.6506 -69.5706 2.4
      vertex -51 -75.5 2.4
      vertex -48 -78.5 2.4
    endloop
  endfacet
  facet normal 0 0 1
    outer loop
      vertex -51 75.5 2.4
      vertex -48.7765 78.3978 2.4
      vertex -49.1481 78.2716 2.4
    endloop
  endfacet
  facet normal 0 0 1
    outer loop
      vertex -48 -78.5 2.4
      vertex -51 -75.5 2.4
      vertex -48.3916 -78.4743 2.4
    endloop
  endfacet
  facet normal 0 0 1
    outer loop
      vertex -51 75.5 2.4
      vertex -49.1481 78.2716 2.4
      vertex -49.5 78.0981 2.4
    endloop
  endfacet
  facet normal 0 0 1
    outer loop
      vertex -48.3916 -78.4743 2.4
      vertex -51 -75.5 2.4
      vertex -48.7765 -78.3978 2.4
    endloop
  endfacet
  facet normal 0 0 1
    outer loop
      vertex -51 75.5 2.4
      vertex -49.5 78.0981 2.4
      vertex -49.8263 77.8801 2.4
    endloop
  endfacet
  facet normal 0 0 1
    outer loop
      vertex -48.7765 -78.3978 2.4
      vertex -51 -75.5 2.4
      vertex -49.1481 -78.2716 2.4
    endloop
  endfacet
  facet normal 0 0 1
    outer loop
      vertex -51 75.5 2.4
      vertex -49.8263 77.8801 2.4
      vertex -50.1213 77.6213 2.4
    endloop
  endfacet
  facet normal 0 0 1
    outer loop
      vertex -49.1481 -78.2716 2.4
      vertex -51 -75.5 2.4
      vertex -49.5 -78.0981 2.4
    endloop
  endfacet
  facet normal 0 0 1
    outer loop
      vertex -51 75.5 2.4
      vertex -50.1213 77.6213 2.4
      vertex -50.3801 77.3263 2.4
    endloop
  endfacet
  facet normal 0 0 1
    outer loop
      vertex -49.5 -78.0981 2.4
      vertex -51 -75.5 2.4
      vertex -49.8263 -77.8801 2.4
    endloop
  endfacet
  facet normal 0 0 1
    outer loop
      vertex -51 75.5 2.4
      vertex -50.3801 77.3263 2.4
      vertex -50.5981 77 2.4
    endloop
  endfacet
  facet normal 0 0 1
    outer loop
      vertex -49.8263 -77.8801 2.4
      vertex -51 -75.5 2.4
      vertex -50.1213 -77.6213 2.4
    endloop
  endfacet
  facet normal 0 0 1
    outer loop
      vertex -51 75.5 2.4
      vertex -50.5981 77 2.4
      vertex -50.7716 76.6481 2.4
    endloop
  endfacet
  facet normal 0 0 1
    outer loop
      vertex -50.1213 -77.6213 2.4
      vertex -51 -75.5 2.4
      vertex -50.3801 -77.3263 2.4
    endloop
  endfacet
  facet normal 0 0 1
    outer loop
      vertex -51 75.5 2.4
      vertex -50.7716 76.6481 2.4
      vertex -50.8978 76.2765 2.4
    endloop
  endfacet
  facet normal 0 0 1
    outer loop
      vertex -50.3801 -77.3263 2.4
      vertex -51 -75.5 2.4
      vertex -50.5981 -77 2.4
    endloop
  endfacet
  facet normal 0 0 1
    outer loop
      vertex -51 75.5 2.4
      vertex -50.8978 76.2765 2.4
      vertex -50.9743 75.8916 2.4
    endloop
  endfacet
  facet normal 0 0 1
    outer loop
      vertex -50.5981 -77 2.4
      vertex -51 -75.5 2.4
      vertex -50.7716 -76.6481 2.4
    endloop
  endfacet
  facet normal 0 0 1
    outer loop
      vertex -50.7716 -76.6481 2.4
      vertex -51 -75.5 2.4
      vertex -50.8978 -76.2765 2.4
    endloop
  endfacet
  facet normal 0 0 1
    outer loop
      vertex -50.8978 -76.2765 2.4
      vertex -51 -75.5 2.4
      vertex -50.9743 -75.8916 2.4
    endloop
  endfacet
  facet normal 0 0 1
    outer loop
      vertex 51 75.5 2.4
      vertex 45.6855 67.7781 2.4
      vertex 46 64 2.4
    endloop
  endfacet
  facet normal -0 0 1
    outer loop
      vertex 45.6421 67.56 2.4
      vertex 46 64 2.4
      vertex 45.6855 67.7781 2.4
    endloop
  endfacet
  facet normal -0 0 1
    outer loop
      vertex 45.5706 67.3494 2.4
      vertex 46 64 2.4
      vertex 45.6421 67.56 2.4
    endloop
  endfacet
  facet normal -0 0 1
    outer loop
      vertex 45.4722 67.15 2.4
      vertex 46 64 2.4
      vertex 45.5706 67.3494 2.4
    endloop
  endfacet
  facet normal -0 0 1
    outer loop
      vertex 45.3487 66.9651 2.4
      vertex 46 64 2.4
      vertex 45.4722 67.15 2.4
    endloop
  endfacet
  facet normal -0 0 1
    outer loop
      vertex 45.2021 66.7979 2.4
      vertex 46 64 2.4
      vertex 45.3487 66.9651 2.4
    endloop
  endfacet
  facet normal -0 0 1
    outer loop
      vertex 45.0349 66.6513 2.4
      vertex 46 64 2.4
      vertex 45.2021 66.7979 2.4
    endloop
  endfacet
  facet normal -0 0 1
    outer loop
      vertex 44.85 66.5278 2.4
      vertex 46 64 2.4
      vertex 45.0349 66.6513 2.4
    endloop
  endfacet
  facet normal -0 0 1
    outer loop
      vertex 44.6506 66.4294 2.4
      vertex 46 64 2.4
      vertex 44.85 66.5278 2.4
    endloop
  endfacet
  facet normal -0 0 1
    outer loop
      vertex 44.44 66.3579 2.4
      vertex 46 64 2.4
      vertex 44.6506 66.4294 2.4
    endloop
  endfacet
  facet normal -0 0 1
    outer loop
      vertex 44.2219 66.3145 2.4
      vertex 46 64 2.4
      vertex 44.44 66.3579 2.4
    endloop
  endfacet
  facet normal -0 0 1
    outer loop
      vertex 44 66.3 2.4
      vertex 46 64 2.4
      vertex 44.2219 66.3145 2.4
    endloop
  endfacet
  facet normal 0 0 1
    outer loop
      vertex 43.7781 66.3145 2.4
      vertex 46 64 2.4
      vertex 44 66.3 2.4
    endloop
  endfacet
  facet normal 0 0 1
    outer loop
      vertex 43.56 66.3579 2.4
      vertex 46 64 2.4
      vertex 43.7781 66.3145 2.4
    endloop
  endfacet
  facet normal 0 0 1
    outer loop
      vertex 43.3494 66.4294 2.4
      vertex 46 64 2.4
      vertex 43.56 66.3579 2.4
    endloop
  endfacet
  facet normal 0 0 1
    outer loop
      vertex 38 64 2.4
      vertex 43.3494 66.4294 2.4
      vertex 43.15 66.5278 2.4
    endloop
  endfacet
  facet normal 0 0 1
    outer loop
      vertex 38 64 2.4
      vertex 43.15 66.5278 2.4
      vertex 42.9651 66.6513 2.4
    endloop
  endfacet
  facet normal 0 0 1
    outer loop
      vertex 43.3494 66.4294 2.4
      vertex 38 64 2.4
      vertex 46 64 2.4
    endloop
  endfacet
  facet normal 0 0 1
    outer loop
      vertex 42.7979 66.7979 2.4
      vertex 38 64 2.4
      vertex 42.9651 66.6513 2.4
    endloop
  endfacet
  facet normal 0 0 1
    outer loop
      vertex 42.6513 66.9651 2.4
      vertex 38 64 2.4
      vertex 42.7979 66.7979 2.4
    endloop
  endfacet
  facet normal 0 0 1
    outer loop
      vertex 42.5278 67.15 2.4
      vertex 38 64 2.4
      vertex 42.6513 66.9651 2.4
    endloop
  endfacet
  facet normal 0 0 1
    outer loop
      vertex 42.4294 67.3494 2.4
      vertex 38 64 2.4
      vertex 42.5278 67.15 2.4
    endloop
  endfacet
  facet normal 0 0 1
    outer loop
      vertex 42.3579 67.56 2.4
      vertex 38 64 2.4
      vertex 42.4294 67.3494 2.4
    endloop
  endfacet
  facet normal 0 0 1
    outer loop
      vertex 42.3145 67.7781 2.4
      vertex 38 64 2.4
      vertex 42.3579 67.56 2.4
    endloop
  endfacet
  facet normal 0 0 1
    outer loop
      vertex 38 64 2.4
      vertex 42.3145 67.7781 2.4
      vertex 42.3 68 2.4
    endloop
  endfacet
  facet normal -1 0 0
    outer loop
      vertex -51 -75.5 0
      vertex -51 75.5 2.4
      vertex -51 75.5 0
    endloop
  endfacet
  facet normal -1 -0 0
    outer loop
      vertex -51 75.5 2.4
      vertex -51 -75.5 0
      vertex -51 -75.5 2.4
    endloop
  endfacet
  facet normal 0 -1 0
    outer loop
      vertex -48 -78.5 2.4
      vertex -9 -78.5 1.2
      vertex 48 -78.5 2.4
    endloop
  endfacet
  facet normal 0 -1 0
    outer loop
      vertex -48 -78.5 0
      vertex -9 -78.5 1.2
      vertex -48 -78.5 2.4
    endloop
  endfacet
  facet normal 0 -1 -0
    outer loop
      vertex -9 -78.5 1.2
      vertex -48 -78.5 0
      vertex -9 -78.5 0
    endloop
  endfacet
  facet normal 0 -1 0
    outer loop
      vertex 9 -78.5 1.2
      vertex 48 -78.5 2.4
      vertex -9 -78.5 1.2
    endloop
  endfacet
  facet normal 0 -1 0
    outer loop
      vertex 48 -78.5 0
      vertex 9 -78.5 1.2
      vertex 9 -78.5 0
    endloop
  endfacet
  facet normal 0 -1 0
    outer loop
      vertex 9 -78.5 1.2
      vertex 48 -78.5 0
      vertex 48 -78.5 2.4
    endloop
  endfacet
  facet normal 0.0654873 0.997853 -0
    outer loop
      vertex 48.3916 78.4743 0
      vertex 48 78.5 2.4
      vertex 48.3916 78.4743 2.4
    endloop
  endfacet
  facet normal 0.0654873 0.997853 0
    outer loop
      vertex 48 78.5 2.4
      vertex 48.3916 78.4743 0
      vertex 48 78.5 0
    endloop
  endfacet
  facet normal 0 1 -0
    outer loop
      vertex 48 78.5 0
      vertex -48 78.5 2.4
      vertex 48 78.5 2.4
    endloop
  endfacet
  facet normal 0 1 0
    outer loop
      vertex -48 78.5 2.4
      vertex 48 78.5 0
      vertex -48 78.5 0
    endloop
  endfacet
  facet normal 1 -0 0
    outer loop
      vertex 51 -75.5 2.4
      vertex 51 75.5 0
      vertex 51 75.5 2.4
    endloop
  endfacet
  facet normal 1 0 0
    outer loop
      vertex 51 75.5 0
      vertex 51 -75.5 2.4
      vertex 51 -75.5 0
    endloop
  endfacet
  facet normal -0.751724 0.659478 0
    outer loop
      vertex -50.3801 77.3263 0
      vertex -50.1213 77.6213 2.4
      vertex -50.1213 77.6213 0
    endloop
  endfacet
  facet normal -0.751724 0.659478 0
    outer loop
      vertex -50.1213 77.6213 2.4
      vertex -50.3801 77.3263 0
      vertex -50.3801 77.3263 2.4
    endloop
  endfacet
  facet normal 0 0 -1
    outer loop
      vertex -43.3494 -66.4294 0
      vertex -30 -46.5 0
      vertex -43.15 -66.5278 0
    endloop
  endfacet
  facet normal 0 0 -1
    outer loop
      vertex -30 1.5 0
      vertex -42.3145 67.7781 0
      vertex -42.3 68 0
    endloop
  endfacet
  facet normal 0 0 -1
    outer loop
      vertex -43.56 -66.3579 0
      vertex -30 -46.5 0
      vertex -43.3494 -66.4294 0
    endloop
  endfacet
  facet normal 0 0 -1
    outer loop
      vertex -30 1.5 0
      vertex -42.3579 67.56 0
      vertex -42.3145 67.7781 0
    endloop
  endfacet
  facet normal 0 0 -1
    outer loop
      vertex -43.7781 -66.3145 0
      vertex -30 -46.5 0
      vertex -43.56 -66.3579 0
    endloop
  endfacet
  facet normal 0 0 -1
    outer loop
      vertex -30 1.5 0
      vertex -42.4294 67.3494 0
      vertex -42.3579 67.56 0
    endloop
  endfacet
  facet normal 0 0 -1
    outer loop
      vertex -44 -66.3 0
      vertex -30 -46.5 0
      vertex -43.7781 -66.3145 0
    endloop
  endfacet
  facet normal 0 0 -1
    outer loop
      vertex -30 1.5 0
      vertex -42.5278 67.15 0
      vertex -42.4294 67.3494 0
    endloop
  endfacet
  facet normal 0 0 -1
    outer loop
      vertex -44.2219 -66.3145 0
      vertex -30 -46.5 0
      vertex -44 -66.3 0
    endloop
  endfacet
  facet normal 0 0 -1
    outer loop
      vertex -30 1.5 0
      vertex -42.6513 66.9651 0
      vertex -42.5278 67.15 0
    endloop
  endfacet
  facet normal 0 0 -1
    outer loop
      vertex -44.44 -66.3579 0
      vertex -30 -46.5 0
      vertex -44.2219 -66.3145 0
    endloop
  endfacet
  facet normal 0 0 -1
    outer loop
      vertex -30 1.5 0
      vertex -42.7979 66.7979 0
      vertex -42.6513 66.9651 0
    endloop
  endfacet
  facet normal 0 0 -1
    outer loop
      vertex -44.6506 -66.4294 0
      vertex -30 -46.5 0
      vertex -44.44 -66.3579 0
    endloop
  endfacet
  facet normal 0 0 -1
    outer loop
      vertex -30 1.5 0
      vertex -42.9651 66.6513 0
      vertex -42.7979 66.7979 0
    endloop
  endfacet
  facet normal -0 0 -1
    outer loop
      vertex -30 -46.5 0
      vertex -44.6506 -66.4294 0
      vertex -30 -43.5 0
    endloop
  endfacet
  facet normal 0 0 -1
    outer loop
      vertex -30 1.5 0
      vertex -43.15 66.5278 0
      vertex -42.9651 66.6513 0
    endloop
  endfacet
  facet normal 0 0 -1
    outer loop
      vertex -44.85 -66.5278 0
      vertex -30 -43.5 0
      vertex -44.6506 -66.4294 0
    endloop
  endfacet
  facet normal 0 0 -1
    outer loop
      vertex -30 1.5 0
      vertex -43.3494 66.4294 0
      vertex -43.15 66.5278 0
    endloop
  endfacet
  facet normal -0 0 -1
    outer loop
      vertex -30 -43.5 0
      vertex -44.85 -66.5278 0
      vertex -30 -31.5 0
    endloop
  endfacet
  facet normal 0 0 -1
    outer loop
      vertex -30 1.5 0
      vertex -43.56 66.3579 0
      vertex -43.3494 66.4294 0
    endloop
  endfacet
  facet normal 0 0 -1
    outer loop
      vertex -45.0349 -66.6513 0
      vertex -30 -31.5 0
      vertex -44.85 -66.5278 0
    endloop
  endfacet
  facet normal 0 0 -1
    outer loop
      vertex -30 1.5 0
      vertex -43.7781 66.3145 0
      vertex -43.56 66.3579 0
    endloop
  endfacet
  facet normal 0 0 -1
    outer loop
      vertex -45.2021 -66.7979 0
      vertex -30 -31.5 0
      vertex -45.0349 -66.6513 0
    endloop
  endfacet
  facet normal 0 0 -1
    outer loop
      vertex -30 1.5 0
      vertex -44 66.3 0
      vertex -43.7781 66.3145 0
    endloop
  endfacet
  facet normal -0 0 -1
    outer loop
      vertex -30 -31.5 0
      vertex -45.2021 -66.7979 0
      vertex -30 -28.5 0
    endloop
  endfacet
  facet normal 0 0 -1
    outer loop
      vertex -30 1.5 0
      vertex -44.2219 66.3145 0
      vertex -44 66.3 0
    endloop
  endfacet
  facet normal 0 0 -1
    outer loop
      vertex -45.3487 -66.9651 0
      vertex -30 -28.5 0
      vertex -45.2021 -66.7979 0
    endloop
  endfacet
  facet normal 0 0 -1
    outer loop
      vertex -30 1.5 0
      vertex -44.44 66.3579 0
      vertex -44.2219 66.3145 0
    endloop
  endfacet
  facet normal -0 0 -1
    outer loop
      vertex -30 -28.5 0
      vertex -45.3487 -66.9651 0
      vertex -30 -16.5 0
    endloop
  endfacet
  facet normal 0 0 -1
    outer loop
      vertex -30 1.5 0
      vertex -44.6506 66.4294 0
      vertex -44.44 66.3579 0
    endloop
  endfacet
  facet normal 0 0 -1
    outer loop
      vertex -45.4722 -67.15 0
      vertex -30 -16.5 0
      vertex -45.3487 -66.9651 0
    endloop
  endfacet
  facet normal 0 0 -1
    outer loop
      vertex -30 1.5 0
      vertex -44.85 66.5278 0
      vertex -44.6506 66.4294 0
    endloop
  endfacet
  facet normal -0 0 -1
    outer loop
      vertex -30 -16.5 0
      vertex -45.4722 -67.15 0
      vertex -30 -13.5 0
    endloop
  endfacet
  facet normal 0 0 -1
    outer loop
      vertex -30 1.5 0
      vertex -45.0349 66.6513 0
      vertex -44.85 66.5278 0
    endloop
  endfacet
  facet normal 0 0 -1
    outer loop
      vertex -51 -75.5 0
      vertex -30 -13.5 0
      vertex -45.4722 -67.15 0
    endloop
  endfacet
  facet normal 0 0 -1
    outer loop
      vertex -30 1.5 0
      vertex -45.2021 66.7979 0
      vertex -45.0349 66.6513 0
    endloop
  endfacet
  facet normal -0 0 -1
    outer loop
      vertex -30 -13.5 0
      vertex -51 -75.5 0
      vertex -30 -1.5 0
    endloop
  endfacet
  facet normal 0 0 -1
    outer loop
      vertex -30 1.5 0
      vertex -45.3487 66.9651 0
      vertex -45.2021 66.7979 0
    endloop
  endfacet
  facet normal -0 0 -1
    outer loop
      vertex -30 -1.5 0
      vertex -51 -75.5 0
      vertex -30 1.5 0
    endloop
  endfacet
  facet normal 0 0 -1
    outer loop
      vertex -30 1.5 0
      vertex -45.4722 67.15 0
      vertex -45.3487 66.9651 0
    endloop
  endfacet
  facet normal 0 0 -1
    outer loop
      vertex -51 -75.5 0
      vertex -45.4722 -67.15 0
      vertex -45.5706 -67.3494 0
    endloop
  endfacet
  facet normal 0 0 -1
    outer loop
      vertex -51 75.5 0
      vertex -30 1.5 0
      vertex -51 -75.5 0
    endloop
  endfacet
  facet normal 0 0 -1
    outer loop
      vertex -51 -75.5 0
      vertex -45.5706 -67.3494 0
      vertex -45.6421 -67.56 0
    endloop
  endfacet
  facet normal 0 0 -1
    outer loop
      vertex -30 1.5 0
      vertex -51 75.5 0
      vertex -45.4722 67.15 0
    endloop
  endfacet
  facet normal 0 0 -1
    outer loop
      vertex -51 -75.5 0
      vertex -45.6421 -67.56 0
      vertex -45.6855 -67.7781 0
    endloop
  endfacet
  facet normal 0 0 -1
    outer loop
      vertex -45.4722 67.15 0
      vertex -51 75.5 0
      vertex -45.5706 67.3494 0
    endloop
  endfacet
  facet normal 0 0 -1
    outer loop
      vertex -51 -75.5 0
      vertex -45.6855 -67.7781 0
      vertex -45.7 -68 0
    endloop
  endfacet
  facet normal 0 0 -1
    outer loop
      vertex -45.5706 67.3494 0
      vertex -51 75.5 0
      vertex -45.6421 67.56 0
    endloop
  endfacet
  facet normal 0 0 -1
    outer loop
      vertex -42.4294 -68.6506 0
      vertex -9 -74.5 0
      vertex -9 -78.5 0
    endloop
  endfacet
  facet normal 0 0 -1
    outer loop
      vertex -9 -74.5 0
      vertex -42.3145 -67.7781 0
      vertex -30 -46.5 0
    endloop
  endfacet
  facet normal 0 0 -1
    outer loop
      vertex -42.3579 -67.56 0
      vertex -30 -46.5 0
      vertex -42.3145 -67.7781 0
    endloop
  endfacet
  facet normal 0 0 -1
    outer loop
      vertex -42.4294 -67.3494 0
      vertex -30 -46.5 0
      vertex -42.3579 -67.56 0
    endloop
  endfacet
  facet normal 0 0 -1
    outer loop
      vertex -42.5278 -67.15 0
      vertex -30 -46.5 0
      vertex -42.4294 -67.3494 0
    endloop
  endfacet
  facet normal 0 0 -1
    outer loop
      vertex -42.6513 -66.9651 0
      vertex -30 -46.5 0
      vertex -42.5278 -67.15 0
    endloop
  endfacet
  facet normal 0 0 -1
    outer loop
      vertex -42.7979 -66.7979 0
      vertex -30 -46.5 0
      vertex -42.6513 -66.9651 0
    endloop
  endfacet
  facet normal 0 0 -1
    outer loop
      vertex -42.9651 -66.6513 0
      vertex -30 -46.5 0
      vertex -42.7979 -66.7979 0
    endloop
  endfacet
  facet normal 0 0 -1
    outer loop
      vertex -43.15 -66.5278 0
      vertex -30 -46.5 0
      vertex -42.9651 -66.6513 0
    endloop
  endfacet
  facet normal 0 0 -1
    outer loop
      vertex -30 1.5 0
      vertex -42.3 68 0
      vertex -30 13.5 0
    endloop
  endfacet
  facet normal 0 0 -1
    outer loop
      vertex -30 13.5 0
      vertex -42.3 68 0
      vertex -30 16.5 0
    endloop
  endfacet
  facet normal 0 0 -1
    outer loop
      vertex -30 16.5 0
      vertex -42.3 68 0
      vertex -30 28.5 0
    endloop
  endfacet
  facet normal 0 0 -1
    outer loop
      vertex -30 28.5 0
      vertex -42.3 68 0
      vertex -30 31.5 0
    endloop
  endfacet
  facet normal 0 0 -1
    outer loop
      vertex -30 31.5 0
      vertex -42.3 68 0
      vertex -30 43.5 0
    endloop
  endfacet
  facet normal 0 0 -1
    outer loop
      vertex -42.3145 -67.7781 0
      vertex -9 -74.5 0
      vertex -42.3 -68 0
    endloop
  endfacet
  facet normal 0 0 -1
    outer loop
      vertex -9 -74.5 0
      vertex -42.3145 -68.2219 0
      vertex -42.3 -68 0
    endloop
  endfacet
  facet normal 0 0 -1
    outer loop
      vertex -9 -74.5 0
      vertex -42.3579 -68.44 0
      vertex -42.3145 -68.2219 0
    endloop
  endfacet
  facet normal 0 0 -1
    outer loop
      vertex -9 -74.5 0
      vertex -42.4294 -68.6506 0
      vertex -42.3579 -68.44 0
    endloop
  endfacet
  facet normal 0 0 -1
    outer loop
      vertex -9 -78.5 0
      vertex -42.5278 -68.85 0
      vertex -42.4294 -68.6506 0
    endloop
  endfacet
  facet normal 0 0 -1
    outer loop
      vertex -9 -78.5 0
      vertex -42.6513 -69.0349 0
      vertex -42.5278 -68.85 0
    endloop
  endfacet
  facet normal 0 0 -1
    outer loop
      vertex -9 -78.5 0
      vertex -42.7979 -69.2021 0
      vertex -42.6513 -69.0349 0
    endloop
  endfacet
  facet normal 0 0 -1
    outer loop
      vertex -48 -78.5 0
      vertex -42.7979 -69.2021 0
      vertex -9 -78.5 0
    endloop
  endfacet
  facet normal 0 0 -1
    outer loop
      vertex -42.7979 -69.2021 0
      vertex -48 -78.5 0
      vertex -42.9651 -69.3487 0
    endloop
  endfacet
  facet normal 0 0 -1
    outer loop
      vertex -42.9651 -69.3487 0
      vertex -48 -78.5 0
      vertex -43.15 -69.4722 0
    endloop
  endfacet
  facet normal 0 0 -1
    outer loop
      vertex -43.15 -69.4722 0
      vertex -48 -78.5 0
      vertex -43.3494 -69.5706 0
    endloop
  endfacet
  facet normal 0 0 -1
    outer loop
      vertex -43.3494 -69.5706 0
      vertex -48 -78.5 0
      vertex -43.56 -69.6421 0
    endloop
  endfacet
  facet normal 0 0 -1
    outer loop
      vertex -43.56 -69.6421 0
      vertex -48 -78.5 0
      vertex -43.7781 -69.6855 0
    endloop
  endfacet
  facet normal 0 0 -1
    outer loop
      vertex -43.7781 -69.6855 0
      vertex -48 -78.5 0
      vertex -44 -69.7 0
    endloop
  endfacet
  facet normal -0 0 -1
    outer loop
      vertex -44 -69.7 0
      vertex -48 -78.5 0
      vertex -44.2219 -69.6855 0
    endloop
  endfacet
  facet normal -0 0 -1
    outer loop
      vertex -45.6855 -68.2219 0
      vertex -51 -75.5 0
      vertex -45.7 -68 0
    endloop
  endfacet
  facet normal -0 0 -1
    outer loop
      vertex -45.6421 -68.44 0
      vertex -51 -75.5 0
      vertex -45.6855 -68.2219 0
    endloop
  endfacet
  facet normal -0 0 -1
    outer loop
      vertex -45.5706 -68.6506 0
      vertex -51 -75.5 0
      vertex -45.6421 -68.44 0
    endloop
  endfacet
  facet normal -0 0 -1
    outer loop
      vertex -45.4722 -68.85 0
      vertex -51 -75.5 0
      vertex -45.5706 -68.6506 0
    endloop
  endfacet
  facet normal -0 0 -1
    outer loop
      vertex -45.3487 -69.0349 0
      vertex -51 -75.5 0
      vertex -45.4722 -68.85 0
    endloop
  endfacet
  facet normal -0 0 -1
    outer loop
      vertex -45.2021 -69.2021 0
      vertex -51 -75.5 0
      vertex -45.3487 -69.0349 0
    endloop
  endfacet
  facet normal -0 0 -1
    outer loop
      vertex -45.0349 -69.3487 0
      vertex -51 -75.5 0
      vertex -45.2021 -69.2021 0
    endloop
  endfacet
  facet normal -0 0 -1
    outer loop
      vertex -44.85 -69.4722 0
      vertex -51 -75.5 0
      vertex -45.0349 -69.3487 0
    endloop
  endfacet
  facet normal -0 0 -1
    outer loop
      vertex -44.6506 -69.5706 0
      vertex -51 -75.5 0
      vertex -44.85 -69.4722 0
    endloop
  endfacet
  facet normal 0 0 -1
    outer loop
      vertex -51 -75.5 0
      vertex -44.6506 -69.5706 0
      vertex -48 -78.5 0
    endloop
  endfacet
  facet normal -0 0 -1
    outer loop
      vertex -44.44 -69.6421 0
      vertex -48 -78.5 0
      vertex -44.6506 -69.5706 0
    endloop
  endfacet
  facet normal -0 0 -1
    outer loop
      vertex -44.2219 -69.6855 0
      vertex -48 -78.5 0
      vertex -44.44 -69.6421 0
    endloop
  endfacet
  facet normal 0 0 -1
    outer loop
      vertex -30 31.5 0
      vertex 30 43.5 0
      vertex 30 31.5 0
    endloop
  endfacet
  facet normal -0 0 -1
    outer loop
      vertex 30 43.5 0
      vertex -30 31.5 0
      vertex -30 43.5 0
    endloop
  endfacet
  facet normal 0 0 -1
    outer loop
      vertex -30 16.5 0
      vertex 30 28.5 0
      vertex 30 16.5 0
    endloop
  endfacet
  facet normal -0 0 -1
    outer loop
      vertex 30 28.5 0
      vertex -30 16.5 0
      vertex -30 28.5 0
    endloop
  endfacet
  facet normal 0 0 -1
    outer loop
      vertex -30 1.5 0
      vertex 30 13.5 0
      vertex 30 1.5 0
    endloop
  endfacet
  facet normal -0 0 -1
    outer loop
      vertex 30 13.5 0
      vertex -30 1.5 0
      vertex -30 13.5 0
    endloop
  endfacet
  facet normal 0 0 -1
    outer loop
      vertex -30 -13.5 0
      vertex 30 -1.5 0
      vertex 30 -13.5 0
    endloop
  endfacet
  facet normal -0 0 -1
    outer loop
      vertex 30 -1.5 0
      vertex -30 -13.5 0
      vertex -30 -1.5 0
    endloop
  endfacet
  facet normal 0 0 -1
    outer loop
      vertex -30 -28.5 0
      vertex 30 -16.5 0
      vertex 30 -28.5 0
    endloop
  endfacet
  facet normal -0 0 -1
    outer loop
      vertex 30 -16.5 0
      vertex -30 -28.5 0
      vertex -30 -16.5 0
    endloop
  endfacet
  facet normal 0 0 -1
    outer loop
      vertex -30 -43.5 0
      vertex 30 -31.5 0
      vertex 30 -43.5 0
    endloop
  endfacet
  facet normal -0 0 -1
    outer loop
      vertex 30 -31.5 0
      vertex -30 -43.5 0
      vertex -30 -31.5 0
    endloop
  endfacet
  facet normal 0 0 -1
    outer loop
      vertex 45.5706 -67.3494 0
      vertex 51 -75.5 0
      vertex 45.6421 -67.56 0
    endloop
  endfacet
  facet normal 0 0 -1
    outer loop
      vertex 51 75.5 0
      vertex 45.6855 67.7781 0
      vertex 45.7 68 0
    endloop
  endfacet
  facet normal 0 0 -1
    outer loop
      vertex 45.4722 -67.15 0
      vertex 51 -75.5 0
      vertex 45.5706 -67.3494 0
    endloop
  endfacet
  facet normal 0 0 -1
    outer loop
      vertex 51 75.5 0
      vertex 45.6421 67.56 0
      vertex 45.6855 67.7781 0
    endloop
  endfacet
  facet normal 0 0 -1
    outer loop
      vertex 30 -13.5 0
      vertex 51 -75.5 0
      vertex 45.4722 -67.15 0
    endloop
  endfacet
  facet normal 0 0 -1
    outer loop
      vertex 51 75.5 0
      vertex 45.5706 67.3494 0
      vertex 45.6421 67.56 0
    endloop
  endfacet
  facet normal 0 0 -1
    outer loop
      vertex 51 -75.5 0
      vertex 30 -1.5 0
      vertex 51 75.5 0
    endloop
  endfacet
  facet normal 0 0 -1
    outer loop
      vertex 51 75.5 0
      vertex 45.4722 67.15 0
      vertex 45.5706 67.3494 0
    endloop
  endfacet
  facet normal 0 0 -1
    outer loop
      vertex 30 -16.5 0
      vertex 45.4722 -67.15 0
      vertex 45.3487 -66.9651 0
    endloop
  endfacet
  facet normal 0 0 -1
    outer loop
      vertex 30 1.5 0
      vertex 51 75.5 0
      vertex 30 -1.5 0
    endloop
  endfacet
  facet normal 0 0 -1
    outer loop
      vertex 30 -28.5 0
      vertex 45.3487 -66.9651 0
      vertex 45.2021 -66.7979 0
    endloop
  endfacet
  facet normal 0 0 -1
    outer loop
      vertex 30 13.5 0
      vertex 51 75.5 0
      vertex 30 1.5 0
    endloop
  endfacet
  facet normal 0 0 -1
    outer loop
      vertex 30 -31.5 0
      vertex 45.2021 -66.7979 0
      vertex 45.0349 -66.6513 0
    endloop
  endfacet
  facet normal 0 0 -1
    outer loop
      vertex 51 75.5 0
      vertex 30 13.5 0
      vertex 45.4722 67.15 0
    endloop
  endfacet
  facet normal 0 0 -1
    outer loop
      vertex 30 -31.5 0
      vertex 45.0349 -66.6513 0
      vertex 44.85 -66.5278 0
    endloop
  endfacet
  facet normal 0 0 -1
    outer loop
      vertex 30 16.5 0
      vertex 45.4722 67.15 0
      vertex 30 13.5 0
    endloop
  endfacet
  facet normal 0 0 -1
    outer loop
      vertex 30 -43.5 0
      vertex 44.85 -66.5278 0
      vertex 44.6506 -66.4294 0
    endloop
  endfacet
  facet normal 0 0 -1
    outer loop
      vertex 45.4722 67.15 0
      vertex 30 16.5 0
      vertex 45.3487 66.9651 0
    endloop
  endfacet
  facet normal 0 0 -1
    outer loop
      vertex 30 -46.5 0
      vertex 44.6506 -66.4294 0
      vertex 44.44 -66.3579 0
    endloop
  endfacet
  facet normal 0 0 -1
    outer loop
      vertex 30 28.5 0
      vertex 45.3487 66.9651 0
      vertex 30 16.5 0
    endloop
  endfacet
  facet normal 0 0 -1
    outer loop
      vertex 30 -46.5 0
      vertex 44.44 -66.3579 0
      vertex 44.2219 -66.3145 0
    endloop
  endfacet
  facet normal 0 0 -1
    outer loop
      vertex 45.3487 66.9651 0
      vertex 30 28.5 0
      vertex 45.2021 66.7979 0
    endloop
  endfacet
  facet normal 0 0 -1
    outer loop
      vertex 30 -46.5 0
      vertex 44.2219 -66.3145 0
      vertex 44 -66.3 0
    endloop
  endfacet
  facet normal 0 0 -1
    outer loop
      vertex 30 31.5 0
      vertex 45.2021 66.7979 0
      vertex 30 28.5 0
    endloop
  endfacet
  facet normal 0 0 -1
    outer loop
      vertex 30 -46.5 0
      vertex 44 -66.3 0
      vertex 43.7781 -66.3145 0
    endloop
  endfacet
  facet normal 0 0 -1
    outer loop
      vertex 45.2021 66.7979 0
      vertex 30 31.5 0
      vertex 45.0349 66.6513 0
    endloop
  endfacet
  facet normal 0 0 -1
    outer loop
      vertex 30 -46.5 0
      vertex 43.7781 -66.3145 0
      vertex 43.56 -66.3579 0
    endloop
  endfacet
  facet normal 0 0 -1
    outer loop
      vertex 45.0349 66.6513 0
      vertex 30 31.5 0
      vertex 44.85 66.5278 0
    endloop
  endfacet
  facet normal 0 0 -1
    outer loop
      vertex 30 -46.5 0
      vertex 43.56 -66.3579 0
      vertex 43.3494 -66.4294 0
    endloop
  endfacet
  facet normal 0 0 -1
    outer loop
      vertex 30 43.5 0
      vertex 44.85 66.5278 0
      vertex 30 31.5 0
    endloop
  endfacet
  facet normal 0 0 -1
    outer loop
      vertex 30 -46.5 0
      vertex 43.3494 -66.4294 0
      vertex 43.15 -66.5278 0
    endloop
  endfacet
  facet normal 0 0 -1
    outer loop
      vertex 44.85 66.5278 0
      vertex 30 43.5 0
      vertex 44.6506 66.4294 0
    endloop
  endfacet
  facet normal 0 0 -1
    outer loop
      vertex 30 -46.5 0
      vertex 43.15 -66.5278 0
      vertex 42.9651 -66.6513 0
    endloop
  endfacet
  facet normal 0 0 -1
    outer loop
      vertex 30 46.5 0
      vertex 44.6506 66.4294 0
      vertex 30 43.5 0
    endloop
  endfacet
  facet normal 0 0 -1
    outer loop
      vertex 30 -46.5 0
      vertex 42.9651 -66.6513 0
      vertex 42.7979 -66.7979 0
    endloop
  endfacet
  facet normal 0 0 -1
    outer loop
      vertex 44.6506 66.4294 0
      vertex 30 46.5 0
      vertex 44.44 66.3579 0
    endloop
  endfacet
  facet normal 0 0 -1
    outer loop
      vertex 30 -46.5 0
      vertex 42.7979 -66.7979 0
      vertex 42.6513 -66.9651 0
    endloop
  endfacet
  facet normal 0 0 -1
    outer loop
      vertex 44.44 66.3579 0
      vertex 30 46.5 0
      vertex 44.2219 66.3145 0
    endloop
  endfacet
  facet normal 0 0 -1
    outer loop
      vertex 30 -46.5 0
      vertex 42.6513 -66.9651 0
      vertex 42.5278 -67.15 0
    endloop
  endfacet
  facet normal 0 0 -1
    outer loop
      vertex 44.2219 66.3145 0
      vertex 30 46.5 0
      vertex 44 66.3 0
    endloop
  endfacet
  facet normal 0 0 -1
    outer loop
      vertex 30 -46.5 0
      vertex 42.5278 -67.15 0
      vertex 42.4294 -67.3494 0
    endloop
  endfacet
  facet normal -0 0 -1
    outer loop
      vertex 44 66.3 0
      vertex 30 46.5 0
      vertex 43.7781 66.3145 0
    endloop
  endfacet
  facet normal 0 0 -1
    outer loop
      vertex 30 -46.5 0
      vertex 42.4294 -67.3494 0
      vertex 42.3579 -67.56 0
    endloop
  endfacet
  facet normal -0 0 -1
    outer loop
      vertex 43.7781 66.3145 0
      vertex 30 46.5 0
      vertex 43.56 66.3579 0
    endloop
  endfacet
  facet normal 0 0 -1
    outer loop
      vertex 30 -46.5 0
      vertex 42.3579 -67.56 0
      vertex 42.3145 -67.7781 0
    endloop
  endfacet
  facet normal -0 0 -1
    outer loop
      vertex 43.56 66.3579 0
      vertex 30 46.5 0
      vertex 43.3494 66.4294 0
    endloop
  endfacet
  facet normal 0 0 -1
    outer loop
      vertex 9 -74.5 0
      vertex 42.3145 -67.7781 0
      vertex 42.3 -68 0
    endloop
  endfacet
  facet normal -0 0 -1
    outer loop
      vertex 43.3494 66.4294 0
      vertex 30 46.5 0
      vertex 43.15 66.5278 0
    endloop
  endfacet
  facet normal 0 0 -1
    outer loop
      vertex 48 -78.5 0
      vertex 51 -75.5 0
      vertex 50.9743 -75.8916 0
    endloop
  endfacet
  facet normal 0 0 -1
    outer loop
      vertex 45.6855 -67.7781 0
      vertex 51 -75.5 0
      vertex 45.7 -68 0
    endloop
  endfacet
  facet normal 0 0 -1
    outer loop
      vertex 48 -78.5 0
      vertex 50.9743 -75.8916 0
      vertex 50.8978 -76.2765 0
    endloop
  endfacet
  facet normal 0 0 -1
    outer loop
      vertex 45.6421 -67.56 0
      vertex 51 -75.5 0
      vertex 45.6855 -67.7781 0
    endloop
  endfacet
  facet normal 0 0 -1
    outer loop
      vertex 48 -78.5 0
      vertex 50.8978 -76.2765 0
      vertex 50.7716 -76.6481 0
    endloop
  endfacet
  facet normal 0 0 -1
    outer loop
      vertex 45.6855 68.2219 0
      vertex 51 75.5 0
      vertex 45.7 68 0
    endloop
  endfacet
  facet normal 0 0 -1
    outer loop
      vertex 48 -78.5 0
      vertex 50.7716 -76.6481 0
      vertex 50.5981 -77 0
    endloop
  endfacet
  facet normal 0 0 -1
    outer loop
      vertex 45.6421 68.44 0
      vertex 51 75.5 0
      vertex 45.6855 68.2219 0
    endloop
  endfacet
  facet normal 0 0 -1
    outer loop
      vertex 48 -78.5 0
      vertex 50.5981 -77 0
      vertex 50.3801 -77.3263 0
    endloop
  endfacet
  facet normal 0 0 -1
    outer loop
      vertex 45.5706 68.6506 0
      vertex 51 75.5 0
      vertex 45.6421 68.44 0
    endloop
  endfacet
  facet normal 0 0 -1
    outer loop
      vertex 48 -78.5 0
      vertex 50.3801 -77.3263 0
      vertex 50.1213 -77.6213 0
    endloop
  endfacet
  facet normal 0 0 -1
    outer loop
      vertex 45.4722 68.85 0
      vertex 51 75.5 0
      vertex 45.5706 68.6506 0
    endloop
  endfacet
  facet normal 0 0 -1
    outer loop
      vertex 48 -78.5 0
      vertex 50.1213 -77.6213 0
      vertex 49.8263 -77.8801 0
    endloop
  endfacet
  facet normal 0 0 -1
    outer loop
      vertex 45.3487 69.0349 0
      vertex 51 75.5 0
      vertex 45.4722 68.85 0
    endloop
  endfacet
  facet normal 0 0 -1
    outer loop
      vertex 48 -78.5 0
      vertex 49.8263 -77.8801 0
      vertex 49.5 -78.0981 0
    endloop
  endfacet
  facet normal 0 0 -1
    outer loop
      vertex 45.2021 69.2021 0
      vertex 51 75.5 0
      vertex 45.3487 69.0349 0
    endloop
  endfacet
  facet normal 0 0 -1
    outer loop
      vertex 48 -78.5 0
      vertex 49.5 -78.0981 0
      vertex 49.1481 -78.2716 0
    endloop
  endfacet
  facet normal 0 0 -1
    outer loop
      vertex 45.0349 69.3487 0
      vertex 51 75.5 0
      vertex 45.2021 69.2021 0
    endloop
  endfacet
  facet normal 0 0 -1
    outer loop
      vertex 48 -78.5 0
      vertex 49.1481 -78.2716 0
      vertex 48.7765 -78.3978 0
    endloop
  endfacet
  facet normal 0 0 -1
    outer loop
      vertex 44.85 69.4722 0
      vertex 51 75.5 0
      vertex 45.0349 69.3487 0
    endloop
  endfacet
  facet normal 0 0 -1
    outer loop
      vertex 48 -78.5 0
      vertex 48.7765 -78.3978 0
      vertex 48.3916 -78.4743 0
    endloop
  endfacet
  facet normal 0 0 -1
    outer loop
      vertex 44.6506 69.5706 0
      vertex 51 75.5 0
      vertex 44.85 69.4722 0
    endloop
  endfacet
  facet normal -0 0 -1
    outer loop
      vertex 51 -75.5 0
      vertex 48 -78.5 0
      vertex 44.6506 -69.5706 0
    endloop
  endfacet
  facet normal 0 -0 -1
    outer loop
      vertex 48 78.5 0
      vertex 51 75.5 0
      vertex 44.6506 69.5706 0
    endloop
  endfacet
  facet normal 0 0 -1
    outer loop
      vertex 51 75.5 0
      vertex 48 78.5 0
      vertex 50.9743 75.8916 0
    endloop
  endfacet
  facet normal 0 0 -1
    outer loop
      vertex 51 -75.5 0
      vertex 45.6855 -68.2219 0
      vertex 45.7 -68 0
    endloop
  endfacet
  facet normal 0 0 -1
    outer loop
      vertex 51 -75.5 0
      vertex 45.6421 -68.44 0
      vertex 45.6855 -68.2219 0
    endloop
  endfacet
  facet normal 0 0 -1
    outer loop
      vertex 51 -75.5 0
      vertex 45.5706 -68.6506 0
      vertex 45.6421 -68.44 0
    endloop
  endfacet
  facet normal 0 0 -1
    outer loop
      vertex 51 -75.5 0
      vertex 45.4722 -68.85 0
      vertex 45.5706 -68.6506 0
    endloop
  endfacet
  facet normal 0 0 -1
    outer loop
      vertex 51 -75.5 0
      vertex 45.3487 -69.0349 0
      vertex 45.4722 -68.85 0
    endloop
  endfacet
  facet normal 0 0 -1
    outer loop
      vertex 51 -75.5 0
      vertex 45.2021 -69.2021 0
      vertex 45.3487 -69.0349 0
    endloop
  endfacet
  facet normal 0 0 -1
    outer loop
      vertex 51 -75.5 0
      vertex 45.0349 -69.3487 0
      vertex 45.2021 -69.2021 0
    endloop
  endfacet
  facet normal 0 0 -1
    outer loop
      vertex 51 -75.5 0
      vertex 44.85 -69.4722 0
      vertex 45.0349 -69.3487 0
    endloop
  endfacet
  facet normal 0 0 -1
    outer loop
      vertex 51 -75.5 0
      vertex 44.6506 -69.5706 0
      vertex 44.85 -69.4722 0
    endloop
  endfacet
  facet normal 0 0 -1
    outer loop
      vertex 48 -78.5 0
      vertex 44.44 -69.6421 0
      vertex 44.6506 -69.5706 0
    endloop
  endfacet
  facet normal 0 0 -1
    outer loop
      vertex 48 -78.5 0
      vertex 44.2219 -69.6855 0
      vertex 44.44 -69.6421 0
    endloop
  endfacet
  facet normal 0 0 -1
    outer loop
      vertex 48 -78.5 0
      vertex 44 -69.7 0
      vertex 44.2219 -69.6855 0
    endloop
  endfacet
  facet normal 0 0 -1
    outer loop
      vertex 48 -78.5 0
      vertex 43.7781 -69.6855 0
      vertex 44 -69.7 0
    endloop
  endfacet
  facet normal 0 0 -1
    outer loop
      vertex 48 -78.5 0
      vertex 43.56 -69.6421 0
      vertex 43.7781 -69.6855 0
    endloop
  endfacet
  facet normal 0 0 -1
    outer loop
      vertex 48 -78.5 0
      vertex 43.3494 -69.5706 0
      vertex 43.56 -69.6421 0
    endloop
  endfacet
  facet normal 0 0 -1
    outer loop
      vertex 48 -78.5 0
      vertex 43.15 -69.4722 0
      vertex 43.3494 -69.5706 0
    endloop
  endfacet
  facet normal 0 0 -1
    outer loop
      vertex 48 -78.5 0
      vertex 42.9651 -69.3487 0
      vertex 43.15 -69.4722 0
    endloop
  endfacet
  facet normal 0 0 -1
    outer loop
      vertex 48 -78.5 0
      vertex 42.7979 -69.2021 0
      vertex 42.9651 -69.3487 0
    endloop
  endfacet
  facet normal 0 0 -1
    outer loop
      vertex 9 -78.5 0
      vertex 42.7979 -69.2021 0
      vertex 48 -78.5 0
    endloop
  endfacet
  facet normal -0 0 -1
    outer loop
      vertex 42.7979 -69.2021 0
      vertex 9 -78.5 0
      vertex 42.6513 -69.0349 0
    endloop
  endfacet
  facet normal 0 0 -1
    outer loop
      vertex 44.6506 -66.4294 0
      vertex 30 -46.5 0
      vertex 30 -43.5 0
    endloop
  endfacet
  facet normal 0 0 -1
    outer loop
      vertex 9 -74.5 0
      vertex 42.3 -68 0
      vertex 42.3145 -68.2219 0
    endloop
  endfacet
  facet normal 0 0 -1
    outer loop
      vertex 9 -74.5 0
      vertex 42.3145 -68.2219 0
      vertex 42.3579 -68.44 0
    endloop
  endfacet
  facet normal 0 0 -1
    outer loop
      vertex 9 -74.5 0
      vertex 42.3579 -68.44 0
      vertex 42.4294 -68.6506 0
    endloop
  endfacet
  facet normal 0 0 -1
    outer loop
      vertex 9 -74.5 0
      vertex 42.4294 -68.6506 0
      vertex 42.5278 -68.85 0
    endloop
  endfacet
  facet normal -0 0 -1
    outer loop
      vertex 42.6513 -69.0349 0
      vertex 9 -78.5 0
      vertex 42.5278 -68.85 0
    endloop
  endfacet
  facet normal 0 0 -1
    outer loop
      vertex 9 -74.5 0
      vertex 42.5278 -68.85 0
      vertex 9 -78.5 0
    endloop
  endfacet
  facet normal -0 0 -1
    outer loop
      vertex 42.3145 -67.7781 0
      vertex 9 -74.5 0
      vertex 30 -46.5 0
    endloop
  endfacet
  facet normal 0 0 -1
    outer loop
      vertex -9 -74.5 0
      vertex 30 -46.5 0
      vertex 9 -74.5 0
    endloop
  endfacet
  facet normal -0 0 -1
    outer loop
      vertex 30 -46.5 0
      vertex -9 -74.5 0
      vertex -30 -46.5 0
    endloop
  endfacet
  facet normal 0 0 -1
    outer loop
      vertex 50.8978 76.2765 0
      vertex 48 78.5 0
      vertex 50.7716 76.6481 0
    endloop
  endfacet
  facet normal 0 0 -1
    outer loop
      vertex 50.7716 76.6481 0
      vertex 48 78.5 0
      vertex 50.5981 77 0
    endloop
  endfacet
  facet normal 0 0 -1
    outer loop
      vertex 50.5981 77 0
      vertex 48 78.5 0
      vertex 50.3801 77.3263 0
    endloop
  endfacet
  facet normal 0 0 -1
    outer loop
      vertex 50.3801 77.3263 0
      vertex 48 78.5 0
      vertex 50.1213 77.6213 0
    endloop
  endfacet
  facet normal 0 0 -1
    outer loop
      vertex 50.1213 77.6213 0
      vertex 48 78.5 0
      vertex 49.8263 77.8801 0
    endloop
  endfacet
  facet normal 0 0 -1
    outer loop
      vertex 49.8263 77.8801 0
      vertex 48 78.5 0
      vertex 49.5 78.0981 0
    endloop
  endfacet
  facet normal 0 0 -1
    outer loop
      vertex 49.1481 78.2716 0
      vertex 48 78.5 0
      vertex 48.7765 78.3978 0
    endloop
  endfacet
  facet normal 0 0 -1
    outer loop
      vertex 48.7765 78.3978 0
      vertex 48 78.5 0
      vertex 48.3916 78.4743 0
    endloop
  endfacet
  facet normal 0 0 -1
    outer loop
      vertex 49.5 78.0981 0
      vertex 48 78.5 0
      vertex 49.1481 78.2716 0
    endloop
  endfacet
  facet normal 0 0 -1
    outer loop
      vertex 50.9743 75.8916 0
      vertex 48 78.5 0
      vertex 50.8978 76.2765 0
    endloop
  endfacet
  facet normal 0 0 -1
    outer loop
      vertex 44.44 69.6421 0
      vertex 48 78.5 0
      vertex 44.6506 69.5706 0
    endloop
  endfacet
  facet normal 0 0 -1
    outer loop
      vertex 44.2219 69.6855 0
      vertex 48 78.5 0
      vertex 44.44 69.6421 0
    endloop
  endfacet
  facet normal 0 0 -1
    outer loop
      vertex 44 69.7 0
      vertex 48 78.5 0
      vertex 44.2219 69.6855 0
    endloop
  endfacet
  facet normal 0 0 -1
    outer loop
      vertex 43.7781 69.6855 0
      vertex 48 78.5 0
      vertex 44 69.7 0
    endloop
  endfacet
  facet normal 0 0 -1
    outer loop
      vertex 43.56 69.6421 0
      vertex 48 78.5 0
      vertex 43.7781 69.6855 0
    endloop
  endfacet
  facet normal 0 0 -1
    outer loop
      vertex 43.3494 69.5706 0
      vertex 48 78.5 0
      vertex 43.56 69.6421 0
    endloop
  endfacet
  facet normal 0 0 -1
    outer loop
      vertex 43.15 69.4722 0
      vertex 48 78.5 0
      vertex 43.3494 69.5706 0
    endloop
  endfacet
  facet normal 0 0 -1
    outer loop
      vertex 42.9651 69.3487 0
      vertex 48 78.5 0
      vertex 43.15 69.4722 0
    endloop
  endfacet
  facet normal 0 0 -1
    outer loop
      vertex 42.7979 69.2021 0
      vertex 48 78.5 0
      vertex 42.9651 69.3487 0
    endloop
  endfacet
  facet normal 0 0 -1
    outer loop
      vertex 42.6513 69.0349 0
      vertex 48 78.5 0
      vertex 42.7979 69.2021 0
    endloop
  endfacet
  facet normal 0 0 -1
    outer loop
      vertex -42.6513 69.0349 0
      vertex 42.6513 69.0349 0
      vertex 42.5278 68.85 0
    endloop
  endfacet
  facet normal 0 0 -1
    outer loop
      vertex 44.85 -66.5278 0
      vertex 30 -43.5 0
      vertex 30 -31.5 0
    endloop
  endfacet
  facet normal 0 0 -1
    outer loop
      vertex 45.2021 -66.7979 0
      vertex 30 -31.5 0
      vertex 30 -28.5 0
    endloop
  endfacet
  facet normal 0 0 -1
    outer loop
      vertex 45.3487 -66.9651 0
      vertex 30 -28.5 0
      vertex 30 -16.5 0
    endloop
  endfacet
  facet normal 0 0 -1
    outer loop
      vertex 45.4722 -67.15 0
      vertex 30 -16.5 0
      vertex 30 -13.5 0
    endloop
  endfacet
  facet normal 0 0 -1
    outer loop
      vertex 51 -75.5 0
      vertex 30 -13.5 0
      vertex 30 -1.5 0
    endloop
  endfacet
  facet normal -0 0 -1
    outer loop
      vertex 43.15 66.5278 0
      vertex 30 46.5 0
      vertex 42.9651 66.6513 0
    endloop
  endfacet
  facet normal -0 0 -1
    outer loop
      vertex 42.9651 66.6513 0
      vertex 30 46.5 0
      vertex 42.7979 66.7979 0
    endloop
  endfacet
  facet normal -0 0 -1
    outer loop
      vertex 42.7979 66.7979 0
      vertex 30 46.5 0
      vertex 42.6513 66.9651 0
    endloop
  endfacet
  facet normal -0 0 -1
    outer loop
      vertex 42.6513 66.9651 0
      vertex 30 46.5 0
      vertex 42.5278 67.15 0
    endloop
  endfacet
  facet normal -0 0 -1
    outer loop
      vertex 42.5278 67.15 0
      vertex 30 46.5 0
      vertex 42.4294 67.3494 0
    endloop
  endfacet
  facet normal -0 0 -1
    outer loop
      vertex 42.4294 67.3494 0
      vertex 30 46.5 0
      vertex 42.3579 67.56 0
    endloop
  endfacet
  facet normal -0 0 -1
    outer loop
      vertex 42.3579 67.56 0
      vertex 30 46.5 0
      vertex 42.3145 67.7781 0
    endloop
  endfacet
  facet normal -0 0 -1
    outer loop
      vertex 42.3145 67.7781 0
      vertex 30 46.5 0
      vertex 42.3 68 0
    endloop
  endfacet
  facet normal -0 0 -1
    outer loop
      vertex 42.3 68 0
      vertex 30 46.5 0
      vertex 42.3145 68.2219 0
    endloop
  endfacet
  facet normal -0 0 -1
    outer loop
      vertex 42.3145 68.2219 0
      vertex 30 46.5 0
      vertex 42.3579 68.44 0
    endloop
  endfacet
  facet normal 0 0 -1
    outer loop
      vertex -30 46.5 0
      vertex 42.3579 68.44 0
      vertex 30 46.5 0
    endloop
  endfacet
  facet normal 0 0 -1
    outer loop
      vertex -42.3579 68.44 0
      vertex 42.3579 68.44 0
      vertex -30 46.5 0
    endloop
  endfacet
  facet normal 0 0 -1
    outer loop
      vertex 42.3579 68.44 0
      vertex -42.3579 68.44 0
      vertex 42.4294 68.6506 0
    endloop
  endfacet
  facet normal 0 0 -1
    outer loop
      vertex -42.4294 68.6506 0
      vertex 42.4294 68.6506 0
      vertex -42.3579 68.44 0
    endloop
  endfacet
  facet normal 0 0 -1
    outer loop
      vertex -30 43.5 0
      vertex -42.3 68 0
      vertex -30 46.5 0
    endloop
  endfacet
  facet normal 0 0 -1
    outer loop
      vertex -42.3145 68.2219 0
      vertex -30 46.5 0
      vertex -42.3 68 0
    endloop
  endfacet
  facet normal 0 0 -1
    outer loop
      vertex -42.3579 68.44 0
      vertex -30 46.5 0
      vertex -42.3145 68.2219 0
    endloop
  endfacet
  facet normal 0 0 -1
    outer loop
      vertex 42.4294 68.6506 0
      vertex -42.4294 68.6506 0
      vertex 42.5278 68.85 0
    endloop
  endfacet
  facet normal 0 0 -1
    outer loop
      vertex -42.5278 68.85 0
      vertex 42.5278 68.85 0
      vertex -42.4294 68.6506 0
    endloop
  endfacet
  facet normal 0 0 -1
    outer loop
      vertex -42.6513 69.0349 0
      vertex 42.5278 68.85 0
      vertex -42.5278 68.85 0
    endloop
  endfacet
  facet normal 0 0 -1
    outer loop
      vertex 42.6513 69.0349 0
      vertex -42.6513 69.0349 0
      vertex 48 78.5 0
    endloop
  endfacet
  facet normal 0 0 -1
    outer loop
      vertex -48 78.5 0
      vertex -42.6513 69.0349 0
      vertex -42.7979 69.2021 0
    endloop
  endfacet
  facet normal 0 0 -1
    outer loop
      vertex -48 78.5 0
      vertex -42.7979 69.2021 0
      vertex -42.9651 69.3487 0
    endloop
  endfacet
  facet normal 0 0 -1
    outer loop
      vertex -48 78.5 0
      vertex -42.9651 69.3487 0
      vertex -43.15 69.4722 0
    endloop
  endfacet
  facet normal 0 0 -1
    outer loop
      vertex -48 78.5 0
      vertex -43.15 69.4722 0
      vertex -43.3494 69.5706 0
    endloop
  endfacet
  facet normal 0 0 -1
    outer loop
      vertex -48 78.5 0
      vertex -43.3494 69.5706 0
      vertex -43.56 69.6421 0
    endloop
  endfacet
  facet normal 0 0 -1
    outer loop
      vertex -48 78.5 0
      vertex -43.56 69.6421 0
      vertex -43.7781 69.6855 0
    endloop
  endfacet
  facet normal 0 0 -1
    outer loop
      vertex -48 78.5 0
      vertex -43.7781 69.6855 0
      vertex -44 69.7 0
    endloop
  endfacet
  facet normal 0 0 -1
    outer loop
      vertex -48 78.5 0
      vertex -44 69.7 0
      vertex -44.2219 69.6855 0
    endloop
  endfacet
  facet normal 0 0 -1
    outer loop
      vertex -42.6513 69.0349 0
      vertex -48 78.5 0
      vertex 48 78.5 0
    endloop
  endfacet
  facet normal 0 0 -1
    outer loop
      vertex -44.44 69.6421 0
      vertex -48 78.5 0
      vertex -44.2219 69.6855 0
    endloop
  endfacet
  facet normal 0 0 -1
    outer loop
      vertex -44.6506 69.5706 0
      vertex -48 78.5 0
      vertex -44.44 69.6421 0
    endloop
  endfacet
  facet normal 0 0 -1
    outer loop
      vertex -51 75.5 0
      vertex -44.6506 69.5706 0
      vertex -44.85 69.4722 0
    endloop
  endfacet
  facet normal 0 0 -1
    outer loop
      vertex -51 75.5 0
      vertex -44.85 69.4722 0
      vertex -45.0349 69.3487 0
    endloop
  endfacet
  facet normal 0 0 -1
    outer loop
      vertex -51 75.5 0
      vertex -45.0349 69.3487 0
      vertex -45.2021 69.2021 0
    endloop
  endfacet
  facet normal 0 0 -1
    outer loop
      vertex -51 75.5 0
      vertex -45.2021 69.2021 0
      vertex -45.3487 69.0349 0
    endloop
  endfacet
  facet normal 0 0 -1
    outer loop
      vertex -51 75.5 0
      vertex -45.3487 69.0349 0
      vertex -45.4722 68.85 0
    endloop
  endfacet
  facet normal 0 0 -1
    outer loop
      vertex -51 75.5 0
      vertex -45.4722 68.85 0
      vertex -45.5706 68.6506 0
    endloop
  endfacet
  facet normal 0 0 -1
    outer loop
      vertex -51 75.5 0
      vertex -45.5706 68.6506 0
      vertex -45.6421 68.44 0
    endloop
  endfacet
  facet normal 0 0 -1
    outer loop
      vertex -51 75.5 0
      vertex -45.6421 68.44 0
      vertex -45.6855 68.2219 0
    endloop
  endfacet
  facet normal 0 0 -1
    outer loop
      vertex -51 75.5 0
      vertex -45.6855 68.2219 0
      vertex -45.7 68 0
    endloop
  endfacet
  facet normal 0 0 -1
    outer loop
      vertex -45.6421 67.56 0
      vertex -51 75.5 0
      vertex -45.6855 67.7781 0
    endloop
  endfacet
  facet normal 0 0 -1
    outer loop
      vertex -51 -75.5 0
      vertex -48 -78.5 0
      vertex -48.3916 -78.4743 0
    endloop
  endfacet
  facet normal 0 0 -1
    outer loop
      vertex -45.6855 67.7781 0
      vertex -51 75.5 0
      vertex -45.7 68 0
    endloop
  endfacet
  facet normal 0 0 -1
    outer loop
      vertex -51 -75.5 0
      vertex -48.3916 -78.4743 0
      vertex -48.7765 -78.3978 0
    endloop
  endfacet
  facet normal 0 0 -1
    outer loop
      vertex -44.6506 69.5706 0
      vertex -51 75.5 0
      vertex -48 78.5 0
    endloop
  endfacet
  facet normal 0 0 -1
    outer loop
      vertex -51 -75.5 0
      vertex -48.7765 -78.3978 0
      vertex -49.1481 -78.2716 0
    endloop
  endfacet
  facet normal 0 0 -1
    outer loop
      vertex -48 78.5 0
      vertex -51 75.5 0
      vertex -48.3916 78.4743 0
    endloop
  endfacet
  facet normal 0 0 -1
    outer loop
      vertex -51 -75.5 0
      vertex -49.1481 -78.2716 0
      vertex -49.5 -78.0981 0
    endloop
  endfacet
  facet normal 0 0 -1
    outer loop
      vertex -48.3916 78.4743 0
      vertex -51 75.5 0
      vertex -48.7765 78.3978 0
    endloop
  endfacet
  facet normal 0 0 -1
    outer loop
      vertex -51 -75.5 0
      vertex -49.5 -78.0981 0
      vertex -49.8263 -77.8801 0
    endloop
  endfacet
  facet normal 0 0 -1
    outer loop
      vertex -48.7765 78.3978 0
      vertex -51 75.5 0
      vertex -49.1481 78.2716 0
    endloop
  endfacet
  facet normal 0 0 -1
    outer loop
      vertex -51 -75.5 0
      vertex -49.8263 -77.8801 0
      vertex -50.1213 -77.6213 0
    endloop
  endfacet
  facet normal 0 0 -1
    outer loop
      vertex -49.1481 78.2716 0
      vertex -51 75.5 0
      vertex -49.5 78.0981 0
    endloop
  endfacet
  facet normal 0 0 -1
    outer loop
      vertex -51 -75.5 0
      vertex -50.1213 -77.6213 0
      vertex -50.3801 -77.3263 0
    endloop
  endfacet
  facet normal 0 0 -1
    outer loop
      vertex -49.5 78.0981 0
      vertex -51 75.5 0
      vertex -49.8263 77.8801 0
    endloop
  endfacet
  facet normal 0 0 -1
    outer loop
      vertex -51 -75.5 0
      vertex -50.3801 -77.3263 0
      vertex -50.5981 -77 0
    endloop
  endfacet
  facet normal 0 0 -1
    outer loop
      vertex -49.8263 77.8801 0
      vertex -51 75.5 0
      vertex -50.1213 77.6213 0
    endloop
  endfacet
  facet normal 0 0 -1
    outer loop
      vertex -51 -75.5 0
      vertex -50.5981 -77 0
      vertex -50.7716 -76.6481 0
    endloop
  endfacet
  facet normal 0 0 -1
    outer loop
      vertex -50.1213 77.6213 0
      vertex -51 75.5 0
      vertex -50.3801 77.3263 0
    endloop
  endfacet
  facet normal 0 0 -1
    outer loop
      vertex -51 -75.5 0
      vertex -50.7716 -76.6481 0
      vertex -50.8978 -76.2765 0
    endloop
  endfacet
  facet normal 0 0 -1
    outer loop
      vertex -50.3801 77.3263 0
      vertex -51 75.5 0
      vertex -50.5981 77 0
    endloop
  endfacet
  facet normal 0 0 -1
    outer loop
      vertex -51 -75.5 0
      vertex -50.8978 -76.2765 0
      vertex -50.9743 -75.8916 0
    endloop
  endfacet
  facet normal 0 0 -1
    outer loop
      vertex -50.5981 77 0
      vertex -51 75.5 0
      vertex -50.7716 76.6481 0
    endloop
  endfacet
  facet normal 0 0 -1
    outer loop
      vertex -50.7716 76.6481 0
      vertex -51 75.5 0
      vertex -50.8978 76.2765 0
    endloop
  endfacet
  facet normal 0 0 -1
    outer loop
      vertex -50.8978 76.2765 0
      vertex -51 75.5 0
      vertex -50.9743 75.8916 0
    endloop
  endfacet
  facet normal 0.0654873 -0.997853 0
    outer loop
      vertex 48 -78.5 0
      vertex 48.3916 -78.4743 2.4
      vertex 48 -78.5 2.4
    endloop
  endfacet
  facet normal 0.0654873 -0.997853 0
    outer loop
      vertex 48.3916 -78.4743 2.4
      vertex 48 -78.5 0
      vertex 48.3916 -78.4743 0
    endloop
  endfacet
  facet normal 0.555523 0.831501 -0
    outer loop
      vertex 49.8263 77.8801 0
      vertex 49.5 78.0981 2.4
      vertex 49.8263 77.8801 2.4
    endloop
  endfacet
  facet normal 0.555523 0.831501 0
    outer loop
      vertex 49.5 78.0981 2.4
      vertex 49.8263 77.8801 0
      vertex 49.5 78.0981 0
    endloop
  endfacet
  facet normal -0.0654873 0.997853 0
    outer loop
      vertex -48 78.5 0
      vertex -48.3916 78.4743 2.4
      vertex -48 78.5 2.4
    endloop
  endfacet
  facet normal -0.0654873 0.997853 0
    outer loop
      vertex -48.3916 78.4743 2.4
      vertex -48 78.5 0
      vertex -48.3916 78.4743 0
    endloop
  endfacet
  facet normal -0.442211 0.896911 0
    outer loop
      vertex -49.1481 78.2716 0
      vertex -49.5 78.0981 2.4
      vertex -49.1481 78.2716 2.4
    endloop
  endfacet
  facet normal -0.442211 0.896911 0
    outer loop
      vertex -49.5 78.0981 2.4
      vertex -49.1481 78.2716 0
      vertex -49.5 78.0981 0
    endloop
  endfacet
  facet normal -0.321574 0.946885 0
    outer loop
      vertex -48.7765 78.3978 0
      vertex -49.1481 78.2716 2.4
      vertex -48.7765 78.3978 2.4
    endloop
  endfacet
  facet normal -0.321574 0.946885 0
    outer loop
      vertex -49.1481 78.2716 2.4
      vertex -48.7765 78.3978 0
      vertex -49.1481 78.2716 0
    endloop
  endfacet
  facet normal -0.946885 0.321574 0
    outer loop
      vertex -50.8978 76.2765 0
      vertex -50.7716 76.6481 2.4
      vertex -50.7716 76.6481 0
    endloop
  endfacet
  facet normal -0.946885 0.321574 0
    outer loop
      vertex -50.7716 76.6481 2.4
      vertex -50.8978 76.2765 0
      vertex -50.8978 76.2765 2.4
    endloop
  endfacet
  facet normal -0.980815 0.19494 0
    outer loop
      vertex -50.9743 75.8916 0
      vertex -50.8978 76.2765 2.4
      vertex -50.8978 76.2765 0
    endloop
  endfacet
  facet normal -0.980815 0.19494 0
    outer loop
      vertex -50.8978 76.2765 2.4
      vertex -50.9743 75.8916 0
      vertex -50.9743 75.8916 2.4
    endloop
  endfacet
  facet normal -0.831501 0.555523 0
    outer loop
      vertex -50.5981 77 0
      vertex -50.3801 77.3263 2.4
      vertex -50.3801 77.3263 0
    endloop
  endfacet
  facet normal -0.831501 0.555523 0
    outer loop
      vertex -50.3801 77.3263 2.4
      vertex -50.5981 77 0
      vertex -50.5981 77 2.4
    endloop
  endfacet
  facet normal -0.997853 -0.0654873 0
    outer loop
      vertex -50.9743 -75.8916 0
      vertex -51 -75.5 2.4
      vertex -51 -75.5 0
    endloop
  endfacet
  facet normal -0.997853 -0.0654873 0
    outer loop
      vertex -51 -75.5 2.4
      vertex -50.9743 -75.8916 0
      vertex -50.9743 -75.8916 2.4
    endloop
  endfacet
  facet normal -0.946885 -0.321574 0
    outer loop
      vertex -50.7716 -76.6481 0
      vertex -50.8978 -76.2765 2.4
      vertex -50.8978 -76.2765 0
    endloop
  endfacet
  facet normal -0.946885 -0.321574 0
    outer loop
      vertex -50.8978 -76.2765 2.4
      vertex -50.7716 -76.6481 0
      vertex -50.7716 -76.6481 2.4
    endloop
  endfacet
  facet normal -0.831501 -0.555523 0
    outer loop
      vertex -50.3801 -77.3263 0
      vertex -50.5981 -77 2.4
      vertex -50.5981 -77 0
    endloop
  endfacet
  facet normal -0.831501 -0.555523 0
    outer loop
      vertex -50.5981 -77 2.4
      vertex -50.3801 -77.3263 0
      vertex -50.3801 -77.3263 2.4
    endloop
  endfacet
  facet normal -0.659478 -0.751724 0
    outer loop
      vertex -50.1213 -77.6213 0
      vertex -49.8263 -77.8801 2.4
      vertex -50.1213 -77.6213 2.4
    endloop
  endfacet
  facet normal -0.659478 -0.751724 -0
    outer loop
      vertex -49.8263 -77.8801 2.4
      vertex -50.1213 -77.6213 0
      vertex -49.8263 -77.8801 0
    endloop
  endfacet
  facet normal -0.19494 -0.980815 0
    outer loop
      vertex -48.7765 -78.3978 0
      vertex -48.3916 -78.4743 2.4
      vertex -48.7765 -78.3978 2.4
    endloop
  endfacet
  facet normal -0.19494 -0.980815 -0
    outer loop
      vertex -48.3916 -78.4743 2.4
      vertex -48.7765 -78.3978 0
      vertex -48.3916 -78.4743 0
    endloop
  endfacet
  facet normal -0.442211 -0.896911 0
    outer loop
      vertex -49.5 -78.0981 0
      vertex -49.1481 -78.2716 2.4
      vertex -49.5 -78.0981 2.4
    endloop
  endfacet
  facet normal -0.442211 -0.896911 -0
    outer loop
      vertex -49.1481 -78.2716 2.4
      vertex -49.5 -78.0981 0
      vertex -49.1481 -78.2716 0
    endloop
  endfacet
  facet normal 0.751724 0.659478 0
    outer loop
      vertex 50.3801 77.3263 2.4
      vertex 50.1213 77.6213 0
      vertex 50.1213 77.6213 2.4
    endloop
  endfacet
  facet normal 0.751724 0.659478 0
    outer loop
      vertex 50.1213 77.6213 0
      vertex 50.3801 77.3263 2.4
      vertex 50.3801 77.3263 0
    endloop
  endfacet
  facet normal 0.831501 0.555523 0
    outer loop
      vertex 50.5981 77 2.4
      vertex 50.3801 77.3263 0
      vertex 50.3801 77.3263 2.4
    endloop
  endfacet
  facet normal 0.831501 0.555523 0
    outer loop
      vertex 50.3801 77.3263 0
      vertex 50.5981 77 2.4
      vertex 50.5981 77 0
    endloop
  endfacet
  facet normal 0.659478 0.751724 -0
    outer loop
      vertex 50.1213 77.6213 0
      vertex 49.8263 77.8801 2.4
      vertex 50.1213 77.6213 2.4
    endloop
  endfacet
  facet normal 0.659478 0.751724 0
    outer loop
      vertex 49.8263 77.8801 2.4
      vertex 50.1213 77.6213 0
      vertex 49.8263 77.8801 0
    endloop
  endfacet
  facet normal 0.321574 0.946885 -0
    outer loop
      vertex 49.1481 78.2716 0
      vertex 48.7765 78.3978 2.4
      vertex 49.1481 78.2716 2.4
    endloop
  endfacet
  facet normal 0.321574 0.946885 0
    outer loop
      vertex 48.7765 78.3978 2.4
      vertex 49.1481 78.2716 0
      vertex 48.7765 78.3978 0
    endloop
  endfacet
  facet normal 0.19494 0.980815 -0
    outer loop
      vertex 48.7765 78.3978 0
      vertex 48.3916 78.4743 2.4
      vertex 48.7765 78.3978 2.4
    endloop
  endfacet
  facet normal 0.19494 0.980815 0
    outer loop
      vertex 48.3916 78.4743 2.4
      vertex 48.7765 78.3978 0
      vertex 48.3916 78.4743 0
    endloop
  endfacet
  facet normal 0.442211 0.896911 -0
    outer loop
      vertex 49.5 78.0981 0
      vertex 49.1481 78.2716 2.4
      vertex 49.5 78.0981 2.4
    endloop
  endfacet
  facet normal 0.442211 0.896911 0
    outer loop
      vertex 49.1481 78.2716 2.4
      vertex 49.5 78.0981 0
      vertex 49.1481 78.2716 0
    endloop
  endfacet
  facet normal 0.980815 0.19494 0
    outer loop
      vertex 50.9743 75.8916 2.4
      vertex 50.8978 76.2765 0
      vertex 50.8978 76.2765 2.4
    endloop
  endfacet
  facet normal 0.980815 0.19494 0
    outer loop
      vertex 50.8978 76.2765 0
      vertex 50.9743 75.8916 2.4
      vertex 50.9743 75.8916 0
    endloop
  endfacet
  facet normal 0.997853 0.0654873 0
    outer loop
      vertex 51 75.5 2.4
      vertex 50.9743 75.8916 0
      vertex 50.9743 75.8916 2.4
    endloop
  endfacet
  facet normal 0.997853 0.0654873 0
    outer loop
      vertex 50.9743 75.8916 0
      vertex 51 75.5 2.4
      vertex 51 75.5 0
    endloop
  endfacet
  facet normal 0.946885 0.321574 0
    outer loop
      vertex 50.8978 76.2765 2.4
      vertex 50.7716 76.6481 0
      vertex 50.7716 76.6481 2.4
    endloop
  endfacet
  facet normal 0.946885 0.321574 0
    outer loop
      vertex 50.7716 76.6481 0
      vertex 50.8978 76.2765 2.4
      vertex 50.8978 76.2765 0
    endloop
  endfacet
  facet normal 0.896911 -0.442211 0
    outer loop
      vertex 50.5981 -77 2.4
      vertex 50.7716 -76.6481 0
      vertex 50.7716 -76.6481 2.4
    endloop
  endfacet
  facet normal 0.896911 -0.442211 0
    outer loop
      vertex 50.7716 -76.6481 0
      vertex 50.5981 -77 2.4
      vertex 50.5981 -77 0
    endloop
  endfacet
  facet normal 0.980815 -0.19494 0
    outer loop
      vertex 50.8978 -76.2765 2.4
      vertex 50.9743 -75.8916 0
      vertex 50.9743 -75.8916 2.4
    endloop
  endfacet
  facet normal 0.980815 -0.19494 0
    outer loop
      vertex 50.9743 -75.8916 0
      vertex 50.8978 -76.2765 2.4
      vertex 50.8978 -76.2765 0
    endloop
  endfacet
  facet normal 0.751724 -0.659478 0
    outer loop
      vertex 50.1213 -77.6213 2.4
      vertex 50.3801 -77.3263 0
      vertex 50.3801 -77.3263 2.4
    endloop
  endfacet
  facet normal 0.751724 -0.659478 0
    outer loop
      vertex 50.3801 -77.3263 0
      vertex 50.1213 -77.6213 2.4
      vertex 50.1213 -77.6213 0
    endloop
  endfacet
  facet normal 0.442211 -0.896911 0
    outer loop
      vertex 49.1481 -78.2716 0
      vertex 49.5 -78.0981 2.4
      vertex 49.1481 -78.2716 2.4
    endloop
  endfacet
  facet normal 0.442211 -0.896911 0
    outer loop
      vertex 49.5 -78.0981 2.4
      vertex 49.1481 -78.2716 0
      vertex 49.5 -78.0981 0
    endloop
  endfacet
  facet normal -0.659478 0.751724 0
    outer loop
      vertex -49.8263 77.8801 0
      vertex -50.1213 77.6213 2.4
      vertex -49.8263 77.8801 2.4
    endloop
  endfacet
  facet normal -0.659478 0.751724 0
    outer loop
      vertex -50.1213 77.6213 2.4
      vertex -49.8263 77.8801 0
      vertex -50.1213 77.6213 0
    endloop
  endfacet
  facet normal -0.555523 0.831501 0
    outer loop
      vertex -49.5 78.0981 0
      vertex -49.8263 77.8801 2.4
      vertex -49.5 78.0981 2.4
    endloop
  endfacet
  facet normal -0.555523 0.831501 0
    outer loop
      vertex -49.8263 77.8801 2.4
      vertex -49.5 78.0981 0
      vertex -49.8263 77.8801 0
    endloop
  endfacet
  facet normal -0.896911 0.442211 0
    outer loop
      vertex -50.7716 76.6481 0
      vertex -50.5981 77 2.4
      vertex -50.5981 77 0
    endloop
  endfacet
  facet normal -0.896911 0.442211 0
    outer loop
      vertex -50.5981 77 2.4
      vertex -50.7716 76.6481 0
      vertex -50.7716 76.6481 2.4
    endloop
  endfacet
  facet normal -0.980815 -0.19494 0
    outer loop
      vertex -50.8978 -76.2765 0
      vertex -50.9743 -75.8916 2.4
      vertex -50.9743 -75.8916 0
    endloop
  endfacet
  facet normal -0.980815 -0.19494 0
    outer loop
      vertex -50.9743 -75.8916 2.4
      vertex -50.8978 -76.2765 0
      vertex -50.8978 -76.2765 2.4
    endloop
  endfacet
  facet normal -0.896911 -0.442211 0
    outer loop
      vertex -50.5981 -77 0
      vertex -50.7716 -76.6481 2.4
      vertex -50.7716 -76.6481 0
    endloop
  endfacet
  facet normal -0.896911 -0.442211 0
    outer loop
      vertex -50.7716 -76.6481 2.4
      vertex -50.5981 -77 0
      vertex -50.5981 -77 2.4
    endloop
  endfacet
  facet normal -0.751724 -0.659478 0
    outer loop
      vertex -50.1213 -77.6213 0
      vertex -50.3801 -77.3263 2.4
      vertex -50.3801 -77.3263 0
    endloop
  endfacet
  facet normal -0.751724 -0.659478 0
    outer loop
      vertex -50.3801 -77.3263 2.4
      vertex -50.1213 -77.6213 0
      vertex -50.1213 -77.6213 2.4
    endloop
  endfacet
  facet normal -0.555523 -0.831501 0
    outer loop
      vertex -49.8263 -77.8801 0
      vertex -49.5 -78.0981 2.4
      vertex -49.8263 -77.8801 2.4
    endloop
  endfacet
  facet normal -0.555523 -0.831501 -0
    outer loop
      vertex -49.5 -78.0981 2.4
      vertex -49.8263 -77.8801 0
      vertex -49.5 -78.0981 0
    endloop
  endfacet
  facet normal -0.0654873 -0.997853 0
    outer loop
      vertex -48.3916 -78.4743 0
      vertex -48 -78.5 2.4
      vertex -48.3916 -78.4743 2.4
    endloop
  endfacet
  facet normal -0.0654873 -0.997853 -0
    outer loop
      vertex -48 -78.5 2.4
      vertex -48.3916 -78.4743 0
      vertex -48 -78.5 0
    endloop
  endfacet
  facet normal -0.321574 -0.946885 0
    outer loop
      vertex -49.1481 -78.2716 0
      vertex -48.7765 -78.3978 2.4
      vertex -49.1481 -78.2716 2.4
    endloop
  endfacet
  facet normal -0.321574 -0.946885 -0
    outer loop
      vertex -48.7765 -78.3978 2.4
      vertex -49.1481 -78.2716 0
      vertex -48.7765 -78.3978 0
    endloop
  endfacet
  facet normal 0.946885 -0.321574 0
    outer loop
      vertex 50.7716 -76.6481 2.4
      vertex 50.8978 -76.2765 0
      vertex 50.8978 -76.2765 2.4
    endloop
  endfacet
  facet normal 0.946885 -0.321574 0
    outer loop
      vertex 50.8978 -76.2765 0
      vertex 50.7716 -76.6481 2.4
      vertex 50.7716 -76.6481 0
    endloop
  endfacet
  facet normal 0.997853 -0.0654873 0
    outer loop
      vertex 50.9743 -75.8916 2.4
      vertex 51 -75.5 0
      vertex 51 -75.5 2.4
    endloop
  endfacet
  facet normal 0.997853 -0.0654873 0
    outer loop
      vertex 51 -75.5 0
      vertex 50.9743 -75.8916 2.4
      vertex 50.9743 -75.8916 0
    endloop
  endfacet
  facet normal 0.831501 -0.555523 0
    outer loop
      vertex 50.3801 -77.3263 2.4
      vertex 50.5981 -77 0
      vertex 50.5981 -77 2.4
    endloop
  endfacet
  facet normal 0.831501 -0.555523 0
    outer loop
      vertex 50.5981 -77 0
      vertex 50.3801 -77.3263 2.4
      vertex 50.3801 -77.3263 0
    endloop
  endfacet
  facet normal 0.555523 -0.831501 0
    outer loop
      vertex 49.5 -78.0981 0
      vertex 49.8263 -77.8801 2.4
      vertex 49.5 -78.0981 2.4
    endloop
  endfacet
  facet normal 0.555523 -0.831501 0
    outer loop
      vertex 49.8263 -77.8801 2.4
      vertex 49.5 -78.0981 0
      vertex 49.8263 -77.8801 0
    endloop
  endfacet
  facet normal 0.659478 -0.751724 0
    outer loop
      vertex 49.8263 -77.8801 0
      vertex 50.1213 -77.6213 2.4
      vertex 49.8263 -77.8801 2.4
    endloop
  endfacet
  facet normal 0.659478 -0.751724 0
    outer loop
      vertex 50.1213 -77.6213 2.4
      vertex 49.8263 -77.8801 0
      vertex 50.1213 -77.6213 0
    endloop
  endfacet
  facet normal 1 -0 0
    outer loop
      vertex -9 -78.5 1.2
      vertex -9 -74.5 0
      vertex -9 -74.5 1.2
    endloop
  endfacet
  facet normal 1 0 0
    outer loop
      vertex -9 -74.5 0
      vertex -9 -78.5 1.2
      vertex -9 -78.5 0
    endloop
  endfacet
  facet normal 0 0 -1
    outer loop
      vertex -9 -78.5 1.2
      vertex 9 -74.5 1.2
      vertex 9 -78.5 1.2
    endloop
  endfacet
  facet normal -0 0 -1
    outer loop
      vertex 9 -74.5 1.2
      vertex -9 -78.5 1.2
      vertex -9 -74.5 1.2
    endloop
  endfacet
  facet normal -1 0 0
    outer loop
      vertex 9 -78.5 0
      vertex 9 -74.5 1.2
      vertex 9 -74.5 0
    endloop
  endfacet
  facet normal -1 -0 0
    outer loop
      vertex 9 -74.5 1.2
      vertex 9 -78.5 0
      vertex 9 -78.5 1.2
    endloop
  endfacet
  facet normal 0 -1 0
    outer loop
      vertex -9 -74.5 0
      vertex 9 -74.5 1.2
      vertex -9 -74.5 1.2
    endloop
  endfacet
  facet normal 0 -1 -0
    outer loop
      vertex 9 -74.5 1.2
      vertex -9 -74.5 0
      vertex 9 -74.5 0
    endloop
  endfacet
  facet normal -1 0 0
    outer loop
      vertex -46 -64 2.4
      vertex -46 -56 22.1
      vertex -46 -56 2.4
    endloop
  endfacet
  facet normal -1 -0 0
    outer loop
      vertex -46 -56 22.1
      vertex -46 -64 2.4
      vertex -46 -64 22.1
    endloop
  endfacet
  facet normal -0 0 1
    outer loop
      vertex -46 -56 22.1
      vertex -38 -64 22.1
      vertex -38 -56 22.1
    endloop
  endfacet
  facet normal 0 0 1
    outer loop
      vertex -38 -64 22.1
      vertex -46 -56 22.1
      vertex -46 -64 22.1
    endloop
  endfacet
  facet normal 1 -0 0
    outer loop
      vertex -38 -64 22.1
      vertex -38 -56 2.4
      vertex -38 -56 22.1
    endloop
  endfacet
  facet normal 1 0 0
    outer loop
      vertex -38 -56 2.4
      vertex -38 -64 22.1
      vertex -38 -64 2.4
    endloop
  endfacet
  facet normal 0 -1 0
    outer loop
      vertex -46 -64 2.4
      vertex -38 -64 22.1
      vertex -46 -64 22.1
    endloop
  endfacet
  facet normal 0 -1 -0
    outer loop
      vertex -38 -64 22.1
      vertex -46 -64 2.4
      vertex -38 -64 2.4
    endloop
  endfacet
  facet normal 0 1 -0
    outer loop
      vertex -38 -56 2.4
      vertex -46 -56 22.1
      vertex -38 -56 22.1
    endloop
  endfacet
  facet normal 0 1 0
    outer loop
      vertex -46 -56 22.1
      vertex -38 -56 2.4
      vertex -46 -56 2.4
    endloop
  endfacet
  facet normal -1 0 0
    outer loop
      vertex -46 56 2.4
      vertex -46 64 22.1
      vertex -46 64 2.4
    endloop
  endfacet
  facet normal -1 -0 0
    outer loop
      vertex -46 64 22.1
      vertex -46 56 2.4
      vertex -46 56 22.1
    endloop
  endfacet
  facet normal -0 0 1
    outer loop
      vertex -46 64 22.1
      vertex -38 56 22.1
      vertex -38 64 22.1
    endloop
  endfacet
  facet normal 0 0 1
    outer loop
      vertex -38 56 22.1
      vertex -46 64 22.1
      vertex -46 56 22.1
    endloop
  endfacet
  facet normal 1 -0 0
    outer loop
      vertex -38 56 22.1
      vertex -38 64 2.4
      vertex -38 64 22.1
    endloop
  endfacet
  facet normal 1 0 0
    outer loop
      vertex -38 64 2.4
      vertex -38 56 22.1
      vertex -38 56 2.4
    endloop
  endfacet
  facet normal 0 1 -0
    outer loop
      vertex -38 64 2.4
      vertex -46 64 22.1
      vertex -38 64 22.1
    endloop
  endfacet
  facet normal 0 1 0
    outer loop
      vertex -46 64 22.1
      vertex -38 64 2.4
      vertex -46 64 2.4
    endloop
  endfacet
  facet normal 0 -1 0
    outer loop
      vertex -46 56 2.4
      vertex -38 56 22.1
      vertex -46 56 22.1
    endloop
  endfacet
  facet normal 0 -1 -0
    outer loop
      vertex -38 56 22.1
      vertex -46 56 2.4
      vertex -38 56 2.4
    endloop
  endfacet
  facet normal -1 0 0
    outer loop
      vertex 38 -64 2.4
      vertex 38 -56 22.1
      vertex 38 -56 2.4
    endloop
  endfacet
  facet normal -1 -0 0
    outer loop
      vertex 38 -56 22.1
      vertex 38 -64 2.4
      vertex 38 -64 22.1
    endloop
  endfacet
  facet normal -0 0 1
    outer loop
      vertex 38 -56 22.1
      vertex 46 -64 22.1
      vertex 46 -56 22.1
    endloop
  endfacet
  facet normal 0 0 1
    outer loop
      vertex 46 -64 22.1
      vertex 38 -56 22.1
      vertex 38 -64 22.1
    endloop
  endfacet
  facet normal 1 -0 0
    outer loop
      vertex 46 -64 22.1
      vertex 46 -56 2.4
      vertex 46 -56 22.1
    endloop
  endfacet
  facet normal 1 0 0
    outer loop
      vertex 46 -56 2.4
      vertex 46 -64 22.1
      vertex 46 -64 2.4
    endloop
  endfacet
  facet normal 0 1 -0
    outer loop
      vertex 46 -56 2.4
      vertex 38 -56 22.1
      vertex 46 -56 22.1
    endloop
  endfacet
  facet normal 0 1 0
    outer loop
      vertex 38 -56 22.1
      vertex 46 -56 2.4
      vertex 38 -56 2.4
    endloop
  endfacet
  facet normal 0 -1 0
    outer loop
      vertex 38 -64 2.4
      vertex 46 -64 22.1
      vertex 38 -64 22.1
    endloop
  endfacet
  facet normal 0 -1 -0
    outer loop
      vertex 46 -64 22.1
      vertex 38 -64 2.4
      vertex 46 -64 2.4
    endloop
  endfacet
  facet normal -1 0 0
    outer loop
      vertex 38 56 2.4
      vertex 38 64 22.1
      vertex 38 64 2.4
    endloop
  endfacet
  facet normal -1 -0 0
    outer loop
      vertex 38 64 22.1
      vertex 38 56 2.4
      vertex 38 56 22.1
    endloop
  endfacet
  facet normal -0 0 1
    outer loop
      vertex 38 64 22.1
      vertex 46 56 22.1
      vertex 46 64 22.1
    endloop
  endfacet
  facet normal 0 0 1
    outer loop
      vertex 46 56 22.1
      vertex 38 64 22.1
      vertex 38 56 22.1
    endloop
  endfacet
  facet normal 1 -0 0
    outer loop
      vertex 46 56 22.1
      vertex 46 64 2.4
      vertex 46 64 22.1
    endloop
  endfacet
  facet normal 1 0 0
    outer loop
      vertex 46 64 2.4
      vertex 46 56 22.1
      vertex 46 56 2.4
    endloop
  endfacet
  facet normal 0 -1 0
    outer loop
      vertex 38 56 2.4
      vertex 46 56 22.1
      vertex 38 56 22.1
    endloop
  endfacet
  facet normal 0 -1 -0
    outer loop
      vertex 46 56 22.1
      vertex 38 56 2.4
      vertex 46 56 2.4
    endloop
  endfacet
  facet normal 0 1 -0
    outer loop
      vertex 46 64 2.4
      vertex 38 64 22.1
      vertex 46 64 22.1
    endloop
  endfacet
  facet normal 0 1 0
    outer loop
      vertex 38 64 22.1
      vertex 46 64 2.4
      vertex 38 64 2.4
    endloop
  endfacet
endsolid OpenSCAD_Model
