solid OpenSCAD_Model
  facet normal 0 0 -1
    outer loop
      vertex -107 -17 80
      vertex -105.3 13 80
      vertex -105.3 -17 80
    endloop
  endfacet
  facet normal -0 0 -1
    outer loop
      vertex -105.3 13 80
      vertex -107 -17 80
      vertex -107 13 80
    endloop
  endfacet
  facet normal -1 0 0
    outer loop
      vertex -105.3 -17 64
      vertex -105.3 13 80
      vertex -105.3 13 64
    endloop
  endfacet
  facet normal -1 -0 0
    outer loop
      vertex -105.3 13 80
      vertex -105.3 -17 64
      vertex -105.3 -17 80
    endloop
  endfacet
  facet normal 0 -1 0
    outer loop
      vertex -107 13 64
      vertex -105.3 13 80
      vertex -107 13 80
    endloop
  endfacet
  facet normal 0 -1 -0
    outer loop
      vertex -105.3 13 80
      vertex -107 13 64
      vertex -105.3 13 64
    endloop
  endfacet
  facet normal -0 0 1
    outer loop
      vertex -107 13 64
      vertex -105.3 -17 64
      vertex -105.3 13 64
    endloop
  endfacet
  facet normal 0 0 1
    outer loop
      vertex -105.3 -17 64
      vertex -107 13 64
      vertex -107 -17 64
    endloop
  endfacet
  facet normal 0 1 -0
    outer loop
      vertex -105.3 -17 64
      vertex -107 -17 80
      vertex -105.3 -17 80
    endloop
  endfacet
  facet normal 0 1 0
    outer loop
      vertex -107 -17 80
      vertex -105.3 -17 64
      vertex -107 -17 64
    endloop
  endfacet
  facet normal 1 -0 0
    outer loop
      vertex 105.3 -17 80
      vertex 105.3 13 64
      vertex 105.3 13 80
    endloop
  endfacet
  facet normal 1 0 0
    outer loop
      vertex 105.3 13 64
      vertex 105.3 -17 80
      vertex 105.3 -17 64
    endloop
  endfacet
  facet normal 0 0 -1
    outer loop
      vertex 105.3 -17 80
      vertex 107 13 80
      vertex 107 -17 80
    endloop
  endfacet
  facet normal -0 0 -1
    outer loop
      vertex 107 13 80
      vertex 105.3 -17 80
      vertex 105.3 13 80
    endloop
  endfacet
  facet normal 0 -1 0
    outer loop
      vertex 105.3 13 64
      vertex 107 13 80
      vertex 105.3 13 80
    endloop
  endfacet
  facet normal 0 -1 -0
    outer loop
      vertex 107 13 80
      vertex 105.3 13 64
      vertex 107 13 64
    endloop
  endfacet
  facet normal -0 0 1
    outer loop
      vertex 105.3 13 64
      vertex 107 -17 64
      vertex 107 13 64
    endloop
  endfacet
  facet normal 0 0 1
    outer loop
      vertex 107 -17 64
      vertex 105.3 13 64
      vertex 105.3 -17 64
    endloop
  endfacet
  facet normal 0 1 -0
    outer loop
      vertex 107 -17 64
      vertex 105.3 -17 80
      vertex 107 -17 80
    endloop
  endfacet
  facet normal 0 1 0
    outer loop
      vertex 105.3 -17 80
      vertex 107 -17 64
      vertex 105.3 -17 64
    endloop
  endfacet
  facet normal 0.321264 -0.94699 0
    outer loop
      vertex 104.776 -27.3978 0
      vertex 105.148 -27.2716 150
      vertex 104.776 -27.3978 150
    endloop
  endfacet
  facet normal 0.321264 -0.94699 0
    outer loop
      vertex 105.148 -27.2716 150
      vertex 104.776 -27.3978 0
      vertex 105.148 -27.2716 0
    endloop
  endfacet
  facet normal -0.195379 0.980728 0
    outer loop
      vertex -104.392 27.4743 0
      vertex -104.776 27.3978 150
      vertex -104.392 27.4743 150
    endloop
  endfacet
  facet normal -0.195379 0.980728 0
    outer loop
      vertex -104.776 27.3978 150
      vertex -104.392 27.4743 0
      vertex -104.776 27.3978 0
    endloop
  endfacet
  facet normal 0.195379 -0.980728 0
    outer loop
      vertex 104.392 -27.4743 0
      vertex 104.776 -27.3978 150
      vertex 104.392 -27.4743 150
    endloop
  endfacet
  facet normal 0.195379 -0.980728 0
    outer loop
      vertex 104.776 -27.3978 150
      vertex 104.392 -27.4743 0
      vertex 104.776 -27.3978 0
    endloop
  endfacet
  facet normal 0.321264 0.94699 -0
    outer loop
      vertex 105.148 27.2716 0
      vertex 104.776 27.3978 150
      vertex 105.148 27.2716 150
    endloop
  endfacet
  facet normal 0.321264 0.94699 0
    outer loop
      vertex 104.776 27.3978 150
      vertex 105.148 27.2716 0
      vertex 104.776 27.3978 0
    endloop
  endfacet
  facet normal -0.997803 0.0662484 0
    outer loop
      vertex -107 24.5 0
      vertex -106.974 24.8916 150
      vertex -106.974 24.8916 0
    endloop
  endfacet
  facet normal -0.997803 0.0662484 0
    outer loop
      vertex -106.974 24.8916 150
      vertex -107 24.5 0
      vertex -107 24.5 150
    endloop
  endfacet
  facet normal 0 0 1
    outer loop
      vertex 104 27.5 150
      vertex 107 24.5 150
      vertex 106.974 24.8916 150
    endloop
  endfacet
  facet normal 0 0 1
    outer loop
      vertex 107 24.5 150
      vertex 104 27.5 150
      vertex 107 -24.5 150
    endloop
  endfacet
  facet normal 0 0 1
    outer loop
      vertex 104 27.5 150
      vertex 106.974 24.8916 150
      vertex 106.898 25.2765 150
    endloop
  endfacet
  facet normal 0 0 1
    outer loop
      vertex 104 -27.5 150
      vertex 107 -24.5 150
      vertex 104 27.5 150
    endloop
  endfacet
  facet normal 0 0 1
    outer loop
      vertex 104 27.5 150
      vertex 106.898 25.2765 150
      vertex 106.772 25.6481 150
    endloop
  endfacet
  facet normal 0 0 1
    outer loop
      vertex 107 -24.5 150
      vertex 104 -27.5 150
      vertex 106.974 -24.8916 150
    endloop
  endfacet
  facet normal 0 0 1
    outer loop
      vertex 104 27.5 150
      vertex 106.772 25.6481 150
      vertex 106.598 26 150
    endloop
  endfacet
  facet normal 0 0 1
    outer loop
      vertex 106.974 -24.8916 150
      vertex 104 -27.5 150
      vertex 106.898 -25.2765 150
    endloop
  endfacet
  facet normal 0 0 1
    outer loop
      vertex 104 27.5 150
      vertex 106.598 26 150
      vertex 106.38 26.3263 150
    endloop
  endfacet
  facet normal 0 0 1
    outer loop
      vertex 106.898 -25.2765 150
      vertex 104 -27.5 150
      vertex 106.772 -25.6481 150
    endloop
  endfacet
  facet normal 0 0 1
    outer loop
      vertex 104 27.5 150
      vertex 106.38 26.3263 150
      vertex 106.121 26.6213 150
    endloop
  endfacet
  facet normal 0 0 1
    outer loop
      vertex 106.772 -25.6481 150
      vertex 104 -27.5 150
      vertex 106.598 -26 150
    endloop
  endfacet
  facet normal 0 0 1
    outer loop
      vertex 104 27.5 150
      vertex 106.121 26.6213 150
      vertex 105.826 26.8801 150
    endloop
  endfacet
  facet normal 0 0 1
    outer loop
      vertex 106.598 -26 150
      vertex 104 -27.5 150
      vertex 106.38 -26.3263 150
    endloop
  endfacet
  facet normal 0 0 1
    outer loop
      vertex 104 27.5 150
      vertex 105.826 26.8801 150
      vertex 105.5 27.0981 150
    endloop
  endfacet
  facet normal 0 0 1
    outer loop
      vertex 106.38 -26.3263 150
      vertex 104 -27.5 150
      vertex 106.121 -26.6213 150
    endloop
  endfacet
  facet normal 0 0 1
    outer loop
      vertex 104 27.5 150
      vertex 105.5 27.0981 150
      vertex 105.148 27.2716 150
    endloop
  endfacet
  facet normal 0 0 1
    outer loop
      vertex 106.121 -26.6213 150
      vertex 104 -27.5 150
      vertex 105.826 -26.8801 150
    endloop
  endfacet
  facet normal 0 0 1
    outer loop
      vertex 104 27.5 150
      vertex 105.148 27.2716 150
      vertex 104.776 27.3978 150
    endloop
  endfacet
  facet normal 0 0 1
    outer loop
      vertex 105.826 -26.8801 150
      vertex 104 -27.5 150
      vertex 105.5 -27.0981 150
    endloop
  endfacet
  facet normal 0 0 1
    outer loop
      vertex 104 27.5 150
      vertex 104.776 27.3978 150
      vertex 104.392 27.4743 150
    endloop
  endfacet
  facet normal 0 0 1
    outer loop
      vertex 105.5 -27.0981 150
      vertex 104 -27.5 150
      vertex 105.148 -27.2716 150
    endloop
  endfacet
  facet normal 0 0 1
    outer loop
      vertex 105.148 -27.2716 150
      vertex 104 -27.5 150
      vertex 104.776 -27.3978 150
    endloop
  endfacet
  facet normal 0 0 1
    outer loop
      vertex 104.776 -27.3978 150
      vertex 104 -27.5 150
      vertex 104.392 -27.4743 150
    endloop
  endfacet
  facet normal -0 0 1
    outer loop
      vertex -104 27.5 150
      vertex 104 -27.5 150
      vertex 104 27.5 150
    endloop
  endfacet
  facet normal 0 0 1
    outer loop
      vertex -104 27.5 150
      vertex -104 -27.5 150
      vertex 104 -27.5 150
    endloop
  endfacet
  facet normal 0 0 1
    outer loop
      vertex -107 24.5 150
      vertex -104 27.5 150
      vertex -104.392 27.4743 150
    endloop
  endfacet
  facet normal 0 0 1
    outer loop
      vertex -104 27.5 150
      vertex -107 24.5 150
      vertex -104 -27.5 150
    endloop
  endfacet
  facet normal 0 0 1
    outer loop
      vertex -107 24.5 150
      vertex -104.392 27.4743 150
      vertex -104.776 27.3978 150
    endloop
  endfacet
  facet normal -0 0 1
    outer loop
      vertex -107 -24.5 150
      vertex -104 -27.5 150
      vertex -107 24.5 150
    endloop
  endfacet
  facet normal 0 0 1
    outer loop
      vertex -107 24.5 150
      vertex -104.776 27.3978 150
      vertex -105.148 27.2716 150
    endloop
  endfacet
  facet normal 0 0 1
    outer loop
      vertex -104 -27.5 150
      vertex -107 -24.5 150
      vertex -104.392 -27.4743 150
    endloop
  endfacet
  facet normal 0 0 1
    outer loop
      vertex -107 24.5 150
      vertex -105.148 27.2716 150
      vertex -105.5 27.0981 150
    endloop
  endfacet
  facet normal 0 0 1
    outer loop
      vertex -104.392 -27.4743 150
      vertex -107 -24.5 150
      vertex -104.776 -27.3978 150
    endloop
  endfacet
  facet normal 0 0 1
    outer loop
      vertex -107 24.5 150
      vertex -105.5 27.0981 150
      vertex -105.826 26.8801 150
    endloop
  endfacet
  facet normal 0 0 1
    outer loop
      vertex -104.776 -27.3978 150
      vertex -107 -24.5 150
      vertex -105.148 -27.2716 150
    endloop
  endfacet
  facet normal 0 0 1
    outer loop
      vertex -107 24.5 150
      vertex -105.826 26.8801 150
      vertex -106.121 26.6213 150
    endloop
  endfacet
  facet normal 0 0 1
    outer loop
      vertex -105.148 -27.2716 150
      vertex -107 -24.5 150
      vertex -105.5 -27.0981 150
    endloop
  endfacet
  facet normal 0 0 1
    outer loop
      vertex -107 24.5 150
      vertex -106.121 26.6213 150
      vertex -106.38 26.3263 150
    endloop
  endfacet
  facet normal 0 0 1
    outer loop
      vertex -105.5 -27.0981 150
      vertex -107 -24.5 150
      vertex -105.826 -26.8801 150
    endloop
  endfacet
  facet normal 0 0 1
    outer loop
      vertex -107 24.5 150
      vertex -106.38 26.3263 150
      vertex -106.598 26 150
    endloop
  endfacet
  facet normal 0 0 1
    outer loop
      vertex -105.826 -26.8801 150
      vertex -107 -24.5 150
      vertex -106.121 -26.6213 150
    endloop
  endfacet
  facet normal 0 0 1
    outer loop
      vertex -107 24.5 150
      vertex -106.598 26 150
      vertex -106.772 25.6481 150
    endloop
  endfacet
  facet normal 0 0 1
    outer loop
      vertex -106.121 -26.6213 150
      vertex -107 -24.5 150
      vertex -106.38 -26.3263 150
    endloop
  endfacet
  facet normal 0 0 1
    outer loop
      vertex -107 24.5 150
      vertex -106.772 25.6481 150
      vertex -106.898 25.2765 150
    endloop
  endfacet
  facet normal 0 0 1
    outer loop
      vertex -106.38 -26.3263 150
      vertex -107 -24.5 150
      vertex -106.598 -26 150
    endloop
  endfacet
  facet normal 0 0 1
    outer loop
      vertex -107 24.5 150
      vertex -106.898 25.2765 150
      vertex -106.974 24.8916 150
    endloop
  endfacet
  facet normal 0 0 1
    outer loop
      vertex -106.598 -26 150
      vertex -107 -24.5 150
      vertex -106.772 -25.6481 150
    endloop
  endfacet
  facet normal 0 0 1
    outer loop
      vertex -106.772 -25.6481 150
      vertex -107 -24.5 150
      vertex -106.898 -25.2765 150
    endloop
  endfacet
  facet normal 0 0 1
    outer loop
      vertex -106.898 -25.2765 150
      vertex -107 -24.5 150
      vertex -106.974 -24.8916 150
    endloop
  endfacet
  facet normal -1 0 0
    outer loop
      vertex -107 13 80
      vertex -107 24.5 0
      vertex -107 13 64
    endloop
  endfacet
  facet normal -1 0 0
    outer loop
      vertex -107 -24.5 0
      vertex -107 13 64
      vertex -107 24.5 0
    endloop
  endfacet
  facet normal -1 -0 0
    outer loop
      vertex -107 -17 64
      vertex -107 -24.5 0
      vertex -107 -17 80
    endloop
  endfacet
  facet normal -1 -0 0
    outer loop
      vertex -107 13 64
      vertex -107 -24.5 0
      vertex -107 -17 64
    endloop
  endfacet
  facet normal -1 0 0
    outer loop
      vertex -107 24.5 0
      vertex -107 13 80
      vertex -107 24.5 150
    endloop
  endfacet
  facet normal -1 0 0
    outer loop
      vertex -107 -24.5 150
      vertex -107 13 80
      vertex -107 -17 80
    endloop
  endfacet
  facet normal -1 0 0
    outer loop
      vertex -107 13 80
      vertex -107 -24.5 150
      vertex -107 24.5 150
    endloop
  endfacet
  facet normal -1 0 0
    outer loop
      vertex -107 -24.5 150
      vertex -107 -17 80
      vertex -107 -24.5 0
    endloop
  endfacet
  facet normal -0.195379 -0.980728 0
    outer loop
      vertex -104.776 -27.3978 0
      vertex -104.392 -27.4743 150
      vertex -104.776 -27.3978 150
    endloop
  endfacet
  facet normal -0.195379 -0.980728 -0
    outer loop
      vertex -104.392 -27.4743 150
      vertex -104.776 -27.3978 0
      vertex -104.392 -27.4743 0
    endloop
  endfacet
  facet normal 0 -1 0
    outer loop
      vertex -104 -27.5 147
      vertex 104 -27.5 150
      vertex -104 -27.5 150
    endloop
  endfacet
  facet normal 0 -1 -0
    outer loop
      vertex 104 -27.5 150
      vertex -104 -27.5 147
      vertex 104 -27.5 147
    endloop
  endfacet
  facet normal 0.0654208 0.997858 -0
    outer loop
      vertex 104.392 27.4743 0
      vertex 104 27.5 150
      vertex 104.392 27.4743 150
    endloop
  endfacet
  facet normal 0.0654208 0.997858 0
    outer loop
      vertex 104 27.5 150
      vertex 104.392 27.4743 0
      vertex 104 27.5 0
    endloop
  endfacet
  facet normal 0.195379 0.980728 -0
    outer loop
      vertex 104.776 27.3978 0
      vertex 104.392 27.4743 150
      vertex 104.776 27.3978 150
    endloop
  endfacet
  facet normal 0.195379 0.980728 0
    outer loop
      vertex 104.392 27.4743 150
      vertex 104.776 27.3978 0
      vertex 104.392 27.4743 0
    endloop
  endfacet
  facet normal 0 1 0
    outer loop
      vertex 104 27.5 150
      vertex 93 27.5 136
      vertex -104 27.5 150
    endloop
  endfacet
  facet normal 0 1 0
    outer loop
      vertex 104 27.5 150
      vertex 93 27.5 14
      vertex 93 27.5 136
    endloop
  endfacet
  facet normal 0 1 0
    outer loop
      vertex 93 27.5 14
      vertex 104 27.5 0
      vertex -93 27.5 14
    endloop
  endfacet
  facet normal 0 1 -0
    outer loop
      vertex 104 27.5 0
      vertex 93 27.5 14
      vertex 104 27.5 150
    endloop
  endfacet
  facet normal 0 1 -0
    outer loop
      vertex -93 27.5 136
      vertex -104 27.5 150
      vertex 93 27.5 136
    endloop
  endfacet
  facet normal 0 1 -0
    outer loop
      vertex -93 27.5 14
      vertex -104 27.5 150
      vertex -93 27.5 136
    endloop
  endfacet
  facet normal 0 1 0
    outer loop
      vertex -93 27.5 14
      vertex -104 27.5 0
      vertex -104 27.5 150
    endloop
  endfacet
  facet normal 0 1 0
    outer loop
      vertex -104 27.5 0
      vertex -93 27.5 14
      vertex 104 27.5 0
    endloop
  endfacet
  facet normal -0.751471 0.659766 0
    outer loop
      vertex -106.38 26.3263 0
      vertex -106.121 26.6213 150
      vertex -106.121 26.6213 0
    endloop
  endfacet
  facet normal -0.751471 0.659766 0
    outer loop
      vertex -106.121 26.6213 150
      vertex -106.38 26.3263 0
      vertex -106.38 26.3263 150
    endloop
  endfacet
  facet normal -0.0654208 -0.997858 0
    outer loop
      vertex -104.392 -27.4743 150
      vertex -104 -27.5 147
      vertex -104 -27.5 150
    endloop
  endfacet
  facet normal -0.0654208 -0.997858 0
    outer loop
      vertex -104.392 -27.4743 0
      vertex -104 -27.5 147
      vertex -104.392 -27.4743 150
    endloop
  endfacet
  facet normal -0.0654208 -0.997858 -0
    outer loop
      vertex -104 -27.5 147
      vertex -104.392 -27.4743 0
      vertex -104 -27.5 0
    endloop
  endfacet
  facet normal 0.0654208 -0.997858 0
    outer loop
      vertex 104 -27.5 147
      vertex 104.392 -27.4743 150
      vertex 104 -27.5 150
    endloop
  endfacet
  facet normal 0.0654208 -0.997858 0
    outer loop
      vertex 104.392 -27.4743 0
      vertex 104 -27.5 147
      vertex 104 -27.5 0
    endloop
  endfacet
  facet normal 0.0654208 -0.997858 0
    outer loop
      vertex 104 -27.5 147
      vertex 104.392 -27.4743 0
      vertex 104.392 -27.4743 150
    endloop
  endfacet
  facet normal -0.0654208 0.997858 0
    outer loop
      vertex -104 27.5 0
      vertex -104.392 27.4743 150
      vertex -104 27.5 150
    endloop
  endfacet
  facet normal -0.0654208 0.997858 0
    outer loop
      vertex -104.392 27.4743 150
      vertex -104 27.5 0
      vertex -104.392 27.4743 0
    endloop
  endfacet
  facet normal 0.831501 0.555523 0
    outer loop
      vertex 106.598 26 150
      vertex 106.38 26.3263 0
      vertex 106.38 26.3263 150
    endloop
  endfacet
  facet normal 0.831501 0.555523 0
    outer loop
      vertex 106.38 26.3263 0
      vertex 106.598 26 150
      vertex 106.598 26 0
    endloop
  endfacet
  facet normal 1 0 0
    outer loop
      vertex 107 24.5 150
      vertex 107 13 80
      vertex 107 24.5 0
    endloop
  endfacet
  facet normal 1 -0 0
    outer loop
      vertex 107 -24.5 150
      vertex 107 13 80
      vertex 107 24.5 150
    endloop
  endfacet
  facet normal 1 0 0
    outer loop
      vertex 107 -17 80
      vertex 107 -24.5 150
      vertex 107 -17 64
    endloop
  endfacet
  facet normal 1 0 0
    outer loop
      vertex 107 13 80
      vertex 107 -24.5 150
      vertex 107 -17 80
    endloop
  endfacet
  facet normal 1 -0 0
    outer loop
      vertex 107 13 64
      vertex 107 24.5 0
      vertex 107 13 80
    endloop
  endfacet
  facet normal 1 0 0
    outer loop
      vertex 107 -24.5 0
      vertex 107 13 64
      vertex 107 -17 64
    endloop
  endfacet
  facet normal 1 0 0
    outer loop
      vertex 107 13 64
      vertex 107 -24.5 0
      vertex 107 24.5 0
    endloop
  endfacet
  facet normal 1 0 0
    outer loop
      vertex 107 -24.5 0
      vertex 107 -17 64
      vertex 107 -24.5 150
    endloop
  endfacet
  facet normal 0.831501 -0.555523 0
    outer loop
      vertex 106.38 -26.3263 150
      vertex 106.598 -26 0
      vertex 106.598 -26 150
    endloop
  endfacet
  facet normal 0.831501 -0.555523 0
    outer loop
      vertex 106.598 -26 0
      vertex 106.38 -26.3263 150
      vertex 106.38 -26.3263 0
    endloop
  endfacet
  facet normal -0.44211 0.896961 0
    outer loop
      vertex -105.148 27.2716 0
      vertex -105.5 27.0981 150
      vertex -105.148 27.2716 150
    endloop
  endfacet
  facet normal -0.44211 0.896961 0
    outer loop
      vertex -105.5 27.0981 150
      vertex -105.148 27.2716 0
      vertex -105.5 27.0981 0
    endloop
  endfacet
  facet normal -0.321264 0.94699 0
    outer loop
      vertex -104.776 27.3978 0
      vertex -105.148 27.2716 150
      vertex -104.776 27.3978 150
    endloop
  endfacet
  facet normal -0.321264 0.94699 0
    outer loop
      vertex -105.148 27.2716 150
      vertex -104.776 27.3978 0
      vertex -105.148 27.2716 0
    endloop
  endfacet
  facet normal -0.94704 0.321117 0
    outer loop
      vertex -106.898 25.2765 0
      vertex -106.772 25.6481 150
      vertex -106.772 25.6481 0
    endloop
  endfacet
  facet normal -0.94704 0.321117 0
    outer loop
      vertex -106.772 25.6481 150
      vertex -106.898 25.2765 0
      vertex -106.898 25.2765 150
    endloop
  endfacet
  facet normal -0.981058 0.193714 0
    outer loop
      vertex -106.974 24.8916 0
      vertex -106.898 25.2765 150
      vertex -106.898 25.2765 0
    endloop
  endfacet
  facet normal -0.981058 0.193714 0
    outer loop
      vertex -106.898 25.2765 150
      vertex -106.974 24.8916 0
      vertex -106.974 24.8916 150
    endloop
  endfacet
  facet normal -0.831501 0.555523 0
    outer loop
      vertex -106.598 26 0
      vertex -106.38 26.3263 150
      vertex -106.38 26.3263 0
    endloop
  endfacet
  facet normal -0.831501 0.555523 0
    outer loop
      vertex -106.38 26.3263 150
      vertex -106.598 26 0
      vertex -106.598 26 150
    endloop
  endfacet
  facet normal 0 0 -1
    outer loop
      vertex -107 -24.5 0
      vertex -104 24.7 0
      vertex -104 -27.5 0
    endloop
  endfacet
  facet normal 0 0 -1
    outer loop
      vertex -107 -24.5 0
      vertex -104 -27.5 0
      vertex -104.392 -27.4743 0
    endloop
  endfacet
  facet normal 0 0 -1
    outer loop
      vertex -107 24.5 0
      vertex -104 24.7 0
      vertex -107 -24.5 0
    endloop
  endfacet
  facet normal 0 0 -1
    outer loop
      vertex -107 -24.5 0
      vertex -104.392 -27.4743 0
      vertex -104.776 -27.3978 0
    endloop
  endfacet
  facet normal 0 -0 -1
    outer loop
      vertex -106.974 24.8916 0
      vertex -104 24.7 0
      vertex -107 24.5 0
    endloop
  endfacet
  facet normal 0 0 -1
    outer loop
      vertex -107 -24.5 0
      vertex -104.776 -27.3978 0
      vertex -105.148 -27.2716 0
    endloop
  endfacet
  facet normal 0 0 -1
    outer loop
      vertex -104 24.7 0
      vertex -104.392 27.4743 0
      vertex -104 27.5 0
    endloop
  endfacet
  facet normal 0 0 -1
    outer loop
      vertex -107 -24.5 0
      vertex -105.148 -27.2716 0
      vertex -105.5 -27.0981 0
    endloop
  endfacet
  facet normal 0 0 -1
    outer loop
      vertex -104 24.7 0
      vertex -104.776 27.3978 0
      vertex -104.392 27.4743 0
    endloop
  endfacet
  facet normal 0 0 -1
    outer loop
      vertex -107 -24.5 0
      vertex -105.5 -27.0981 0
      vertex -105.826 -26.8801 0
    endloop
  endfacet
  facet normal 0 0 -1
    outer loop
      vertex -104 24.7 0
      vertex -105.148 27.2716 0
      vertex -104.776 27.3978 0
    endloop
  endfacet
  facet normal 0 0 -1
    outer loop
      vertex -107 -24.5 0
      vertex -105.826 -26.8801 0
      vertex -106.121 -26.6213 0
    endloop
  endfacet
  facet normal 0 0 -1
    outer loop
      vertex -104 24.7 0
      vertex -105.5 27.0981 0
      vertex -105.148 27.2716 0
    endloop
  endfacet
  facet normal 0 0 -1
    outer loop
      vertex -107 -24.5 0
      vertex -106.121 -26.6213 0
      vertex -106.38 -26.3263 0
    endloop
  endfacet
  facet normal 0 0 -1
    outer loop
      vertex -104 24.7 0
      vertex -105.826 26.8801 0
      vertex -105.5 27.0981 0
    endloop
  endfacet
  facet normal 0 0 -1
    outer loop
      vertex -107 -24.5 0
      vertex -106.38 -26.3263 0
      vertex -106.598 -26 0
    endloop
  endfacet
  facet normal 0 0 -1
    outer loop
      vertex -104 24.7 0
      vertex -106.121 26.6213 0
      vertex -105.826 26.8801 0
    endloop
  endfacet
  facet normal 0 0 -1
    outer loop
      vertex -107 -24.5 0
      vertex -106.598 -26 0
      vertex -106.772 -25.6481 0
    endloop
  endfacet
  facet normal 0 0 -1
    outer loop
      vertex -104 24.7 0
      vertex -106.38 26.3263 0
      vertex -106.121 26.6213 0
    endloop
  endfacet
  facet normal 0 0 -1
    outer loop
      vertex -107 -24.5 0
      vertex -106.772 -25.6481 0
      vertex -106.898 -25.2765 0
    endloop
  endfacet
  facet normal 0 0 -1
    outer loop
      vertex -104 24.7 0
      vertex -106.598 26 0
      vertex -106.38 26.3263 0
    endloop
  endfacet
  facet normal 0 0 -1
    outer loop
      vertex -107 -24.5 0
      vertex -106.898 -25.2765 0
      vertex -106.974 -24.8916 0
    endloop
  endfacet
  facet normal 0 0 -1
    outer loop
      vertex -104 24.7 0
      vertex -106.772 25.6481 0
      vertex -106.598 26 0
    endloop
  endfacet
  facet normal 0 0 -1
    outer loop
      vertex -104 24.7 0
      vertex -106.898 25.2765 0
      vertex -106.772 25.6481 0
    endloop
  endfacet
  facet normal 0 0 -1
    outer loop
      vertex -104 24.7 0
      vertex -106.974 24.8916 0
      vertex -106.898 25.2765 0
    endloop
  endfacet
  facet normal 0 0 -1
    outer loop
      vertex 104 -27.5 0
      vertex 107 -24.5 0
      vertex 106.974 -24.8916 0
    endloop
  endfacet
  facet normal 0 0 -1
    outer loop
      vertex 107 -24.5 0
      vertex 104 24.7 0
      vertex 107 24.5 0
    endloop
  endfacet
  facet normal 0 0 -1
    outer loop
      vertex 104 -27.5 0
      vertex 106.974 -24.8916 0
      vertex 106.898 -25.2765 0
    endloop
  endfacet
  facet normal 0 0 -1
    outer loop
      vertex 107 24.5 0
      vertex 104 24.7 0
      vertex 106.974 24.8916 0
    endloop
  endfacet
  facet normal 0 0 -1
    outer loop
      vertex 104 -27.5 0
      vertex 106.898 -25.2765 0
      vertex 106.772 -25.6481 0
    endloop
  endfacet
  facet normal -0 0 -1
    outer loop
      vertex 106.974 24.8916 0
      vertex 104 24.7 0
      vertex 106.898 25.2765 0
    endloop
  endfacet
  facet normal 0 0 -1
    outer loop
      vertex 104 -27.5 0
      vertex 106.772 -25.6481 0
      vertex 106.598 -26 0
    endloop
  endfacet
  facet normal -0 0 -1
    outer loop
      vertex 106.898 25.2765 0
      vertex 104 24.7 0
      vertex 106.772 25.6481 0
    endloop
  endfacet
  facet normal 0 0 -1
    outer loop
      vertex 104 -27.5 0
      vertex 106.598 -26 0
      vertex 106.38 -26.3263 0
    endloop
  endfacet
  facet normal -0 0 -1
    outer loop
      vertex 106.772 25.6481 0
      vertex 104 24.7 0
      vertex 106.598 26 0
    endloop
  endfacet
  facet normal 0 0 -1
    outer loop
      vertex 104 -27.5 0
      vertex 106.38 -26.3263 0
      vertex 106.121 -26.6213 0
    endloop
  endfacet
  facet normal -0 0 -1
    outer loop
      vertex 106.598 26 0
      vertex 104 24.7 0
      vertex 106.38 26.3263 0
    endloop
  endfacet
  facet normal 0 0 -1
    outer loop
      vertex 104 -27.5 0
      vertex 106.121 -26.6213 0
      vertex 105.826 -26.8801 0
    endloop
  endfacet
  facet normal -0 0 -1
    outer loop
      vertex 106.38 26.3263 0
      vertex 104 24.7 0
      vertex 106.121 26.6213 0
    endloop
  endfacet
  facet normal 0 0 -1
    outer loop
      vertex 104 -27.5 0
      vertex 105.826 -26.8801 0
      vertex 105.5 -27.0981 0
    endloop
  endfacet
  facet normal -0 0 -1
    outer loop
      vertex 106.121 26.6213 0
      vertex 104 24.7 0
      vertex 105.826 26.8801 0
    endloop
  endfacet
  facet normal 0 0 -1
    outer loop
      vertex 104 -27.5 0
      vertex 105.5 -27.0981 0
      vertex 105.148 -27.2716 0
    endloop
  endfacet
  facet normal -0 0 -1
    outer loop
      vertex 105.826 26.8801 0
      vertex 104 24.7 0
      vertex 105.5 27.0981 0
    endloop
  endfacet
  facet normal 0 0 -1
    outer loop
      vertex 104 -27.5 0
      vertex 105.148 -27.2716 0
      vertex 104.776 -27.3978 0
    endloop
  endfacet
  facet normal -0 0 -1
    outer loop
      vertex 105.5 27.0981 0
      vertex 104 24.7 0
      vertex 105.148 27.2716 0
    endloop
  endfacet
  facet normal 0 0 -1
    outer loop
      vertex 104 -27.5 0
      vertex 104.776 -27.3978 0
      vertex 104.392 -27.4743 0
    endloop
  endfacet
  facet normal -0 0 -1
    outer loop
      vertex 105.148 27.2716 0
      vertex 104 24.7 0
      vertex 104.776 27.3978 0
    endloop
  endfacet
  facet normal -0 0 -1
    outer loop
      vertex 107 -24.5 0
      vertex 104 -27.5 0
      vertex 104 24.7 0
    endloop
  endfacet
  facet normal -0 0 -1
    outer loop
      vertex 104.776 27.3978 0
      vertex 104 24.7 0
      vertex 104.392 27.4743 0
    endloop
  endfacet
  facet normal 0 0 -1
    outer loop
      vertex 104 24.7 0
      vertex 104 27.5 0
      vertex 104.392 27.4743 0
    endloop
  endfacet
  facet normal 0 0 -1
    outer loop
      vertex -104 24.7 0
      vertex 104 27.5 0
      vertex 104 24.7 0
    endloop
  endfacet
  facet normal -0 0 -1
    outer loop
      vertex 104 27.5 0
      vertex -104 24.7 0
      vertex -104 27.5 0
    endloop
  endfacet
  facet normal 0.555877 0.831265 -0
    outer loop
      vertex 105.826 26.8801 0
      vertex 105.5 27.0981 150
      vertex 105.826 26.8801 150
    endloop
  endfacet
  facet normal 0.555877 0.831265 0
    outer loop
      vertex 105.5 27.0981 150
      vertex 105.826 26.8801 0
      vertex 105.5 27.0981 0
    endloop
  endfacet
  facet normal 0.981058 0.193714 0
    outer loop
      vertex 106.974 24.8916 150
      vertex 106.898 25.2765 0
      vertex 106.898 25.2765 150
    endloop
  endfacet
  facet normal 0.981058 0.193714 0
    outer loop
      vertex 106.898 25.2765 0
      vertex 106.974 24.8916 150
      vertex 106.974 24.8916 0
    endloop
  endfacet
  facet normal 0.997803 0.0662484 0
    outer loop
      vertex 107 24.5 150
      vertex 106.974 24.8916 0
      vertex 106.974 24.8916 150
    endloop
  endfacet
  facet normal 0.997803 0.0662484 0
    outer loop
      vertex 106.974 24.8916 0
      vertex 107 24.5 150
      vertex 107 24.5 0
    endloop
  endfacet
  facet normal 0.751471 0.659766 0
    outer loop
      vertex 106.38 26.3263 150
      vertex 106.121 26.6213 0
      vertex 106.121 26.6213 150
    endloop
  endfacet
  facet normal 0.751471 0.659766 0
    outer loop
      vertex 106.121 26.6213 0
      vertex 106.38 26.3263 150
      vertex 106.38 26.3263 0
    endloop
  endfacet
  facet normal 0.44211 0.896961 -0
    outer loop
      vertex 105.5 27.0981 0
      vertex 105.148 27.2716 150
      vertex 105.5 27.0981 150
    endloop
  endfacet
  facet normal 0.44211 0.896961 0
    outer loop
      vertex 105.148 27.2716 150
      vertex 105.5 27.0981 0
      vertex 105.148 27.2716 0
    endloop
  endfacet
  facet normal -0.659478 0.751724 0
    outer loop
      vertex -105.826 26.8801 0
      vertex -106.121 26.6213 150
      vertex -105.826 26.8801 150
    endloop
  endfacet
  facet normal -0.659478 0.751724 0
    outer loop
      vertex -106.121 26.6213 150
      vertex -105.826 26.8801 0
      vertex -106.121 26.6213 0
    endloop
  endfacet
  facet normal -0.555877 0.831265 0
    outer loop
      vertex -105.5 27.0981 0
      vertex -105.826 26.8801 150
      vertex -105.5 27.0981 150
    endloop
  endfacet
  facet normal -0.555877 0.831265 0
    outer loop
      vertex -105.826 26.8801 150
      vertex -105.5 27.0981 0
      vertex -105.826 26.8801 0
    endloop
  endfacet
  facet normal -0.896405 0.443235 0
    outer loop
      vertex -106.772 25.6481 0
      vertex -106.598 26 150
      vertex -106.598 26 0
    endloop
  endfacet
  facet normal -0.896405 0.443235 0
    outer loop
      vertex -106.598 26 150
      vertex -106.772 25.6481 0
      vertex -106.772 25.6481 150
    endloop
  endfacet
  facet normal -0.659478 -0.751724 0
    outer loop
      vertex -106.121 -26.6213 0
      vertex -105.826 -26.8801 150
      vertex -106.121 -26.6213 150
    endloop
  endfacet
  facet normal -0.659478 -0.751724 -0
    outer loop
      vertex -105.826 -26.8801 150
      vertex -106.121 -26.6213 0
      vertex -105.826 -26.8801 0
    endloop
  endfacet
  facet normal -0.997803 -0.0662484 0
    outer loop
      vertex -106.974 -24.8916 0
      vertex -107 -24.5 150
      vertex -107 -24.5 0
    endloop
  endfacet
  facet normal -0.997803 -0.0662484 0
    outer loop
      vertex -107 -24.5 150
      vertex -106.974 -24.8916 0
      vertex -106.974 -24.8916 150
    endloop
  endfacet
  facet normal -0.751471 -0.659766 0
    outer loop
      vertex -106.121 -26.6213 0
      vertex -106.38 -26.3263 150
      vertex -106.38 -26.3263 0
    endloop
  endfacet
  facet normal -0.751471 -0.659766 0
    outer loop
      vertex -106.38 -26.3263 150
      vertex -106.121 -26.6213 0
      vertex -106.121 -26.6213 150
    endloop
  endfacet
  facet normal -0.44211 -0.896961 0
    outer loop
      vertex -105.5 -27.0981 0
      vertex -105.148 -27.2716 150
      vertex -105.5 -27.0981 150
    endloop
  endfacet
  facet normal -0.44211 -0.896961 -0
    outer loop
      vertex -105.148 -27.2716 150
      vertex -105.5 -27.0981 0
      vertex -105.148 -27.2716 0
    endloop
  endfacet
  facet normal 0.896405 0.443235 0
    outer loop
      vertex 106.772 25.6481 150
      vertex 106.598 26 0
      vertex 106.598 26 150
    endloop
  endfacet
  facet normal 0.896405 0.443235 0
    outer loop
      vertex 106.598 26 0
      vertex 106.772 25.6481 150
      vertex 106.772 25.6481 0
    endloop
  endfacet
  facet normal 0.94704 0.321117 0
    outer loop
      vertex 106.898 25.2765 150
      vertex 106.772 25.6481 0
      vertex 106.772 25.6481 150
    endloop
  endfacet
  facet normal 0.94704 0.321117 0
    outer loop
      vertex 106.772 25.6481 0
      vertex 106.898 25.2765 150
      vertex 106.898 25.2765 0
    endloop
  endfacet
  facet normal 0.659478 0.751724 -0
    outer loop
      vertex 106.121 26.6213 0
      vertex 105.826 26.8801 150
      vertex 106.121 26.6213 150
    endloop
  endfacet
  facet normal 0.659478 0.751724 0
    outer loop
      vertex 105.826 26.8801 150
      vertex 106.121 26.6213 0
      vertex 105.826 26.8801 0
    endloop
  endfacet
  facet normal 0.896405 -0.443235 0
    outer loop
      vertex 106.598 -26 150
      vertex 106.772 -25.6481 0
      vertex 106.772 -25.6481 150
    endloop
  endfacet
  facet normal 0.896405 -0.443235 0
    outer loop
      vertex 106.772 -25.6481 0
      vertex 106.598 -26 150
      vertex 106.598 -26 0
    endloop
  endfacet
  facet normal 0.981058 -0.193714 0
    outer loop
      vertex 106.898 -25.2765 150
      vertex 106.974 -24.8916 0
      vertex 106.974 -24.8916 150
    endloop
  endfacet
  facet normal 0.981058 -0.193714 0
    outer loop
      vertex 106.974 -24.8916 0
      vertex 106.898 -25.2765 150
      vertex 106.898 -25.2765 0
    endloop
  endfacet
  facet normal 0.751471 -0.659766 0
    outer loop
      vertex 106.121 -26.6213 150
      vertex 106.38 -26.3263 0
      vertex 106.38 -26.3263 150
    endloop
  endfacet
  facet normal 0.751471 -0.659766 0
    outer loop
      vertex 106.38 -26.3263 0
      vertex 106.121 -26.6213 150
      vertex 106.121 -26.6213 0
    endloop
  endfacet
  facet normal 0.659478 -0.751724 0
    outer loop
      vertex 105.826 -26.8801 0
      vertex 106.121 -26.6213 150
      vertex 105.826 -26.8801 150
    endloop
  endfacet
  facet normal 0.659478 -0.751724 0
    outer loop
      vertex 106.121 -26.6213 150
      vertex 105.826 -26.8801 0
      vertex 106.121 -26.6213 0
    endloop
  endfacet
  facet normal 0.44211 -0.896961 0
    outer loop
      vertex 105.148 -27.2716 0
      vertex 105.5 -27.0981 150
      vertex 105.148 -27.2716 150
    endloop
  endfacet
  facet normal 0.44211 -0.896961 0
    outer loop
      vertex 105.5 -27.0981 150
      vertex 105.148 -27.2716 0
      vertex 105.5 -27.0981 0
    endloop
  endfacet
  facet normal -0.981058 -0.193714 0
    outer loop
      vertex -106.898 -25.2765 0
      vertex -106.974 -24.8916 150
      vertex -106.974 -24.8916 0
    endloop
  endfacet
  facet normal -0.981058 -0.193714 0
    outer loop
      vertex -106.974 -24.8916 150
      vertex -106.898 -25.2765 0
      vertex -106.898 -25.2765 150
    endloop
  endfacet
  facet normal -0.831501 -0.555523 0
    outer loop
      vertex -106.38 -26.3263 0
      vertex -106.598 -26 150
      vertex -106.598 -26 0
    endloop
  endfacet
  facet normal -0.831501 -0.555523 0
    outer loop
      vertex -106.598 -26 150
      vertex -106.38 -26.3263 0
      vertex -106.38 -26.3263 150
    endloop
  endfacet
  facet normal -0.896405 -0.443235 0
    outer loop
      vertex -106.598 -26 0
      vertex -106.772 -25.6481 150
      vertex -106.772 -25.6481 0
    endloop
  endfacet
  facet normal -0.896405 -0.443235 0
    outer loop
      vertex -106.772 -25.6481 150
      vertex -106.598 -26 0
      vertex -106.598 -26 150
    endloop
  endfacet
  facet normal -0.94704 -0.321117 0
    outer loop
      vertex -106.772 -25.6481 0
      vertex -106.898 -25.2765 150
      vertex -106.898 -25.2765 0
    endloop
  endfacet
  facet normal -0.94704 -0.321117 0
    outer loop
      vertex -106.898 -25.2765 150
      vertex -106.772 -25.6481 0
      vertex -106.772 -25.6481 150
    endloop
  endfacet
  facet normal -0.321264 -0.94699 0
    outer loop
      vertex -105.148 -27.2716 0
      vertex -104.776 -27.3978 150
      vertex -105.148 -27.2716 150
    endloop
  endfacet
  facet normal -0.321264 -0.94699 -0
    outer loop
      vertex -104.776 -27.3978 150
      vertex -105.148 -27.2716 0
      vertex -104.776 -27.3978 0
    endloop
  endfacet
  facet normal 0.94704 -0.321117 0
    outer loop
      vertex 106.772 -25.6481 150
      vertex 106.898 -25.2765 0
      vertex 106.898 -25.2765 150
    endloop
  endfacet
  facet normal 0.94704 -0.321117 0
    outer loop
      vertex 106.898 -25.2765 0
      vertex 106.772 -25.6481 150
      vertex 106.772 -25.6481 0
    endloop
  endfacet
  facet normal 0.997803 -0.0662484 0
    outer loop
      vertex 106.974 -24.8916 150
      vertex 107 -24.5 0
      vertex 107 -24.5 150
    endloop
  endfacet
  facet normal 0.997803 -0.0662484 0
    outer loop
      vertex 107 -24.5 0
      vertex 106.974 -24.8916 150
      vertex 106.974 -24.8916 0
    endloop
  endfacet
  facet normal 0.555877 -0.831265 0
    outer loop
      vertex 105.5 -27.0981 0
      vertex 105.826 -26.8801 150
      vertex 105.5 -27.0981 150
    endloop
  endfacet
  facet normal 0.555877 -0.831265 0
    outer loop
      vertex 105.826 -26.8801 150
      vertex 105.5 -27.0981 0
      vertex 105.826 -26.8801 0
    endloop
  endfacet
  facet normal -0.555877 -0.831265 0
    outer loop
      vertex -105.826 -26.8801 0
      vertex -105.5 -27.0981 150
      vertex -105.826 -26.8801 150
    endloop
  endfacet
  facet normal -0.555877 -0.831265 -0
    outer loop
      vertex -105.5 -27.0981 150
      vertex -105.826 -26.8801 0
      vertex -105.5 -27.0981 0
    endloop
  endfacet
  facet normal 1 0 0
    outer loop
      vertex -104 -19.1 142.6
      vertex -104 24.7 147
      vertex -104 -19.1 144.6
    endloop
  endfacet
  facet normal 1 -0 0
    outer loop
      vertex -104 -27.5 147
      vertex -104 -19.1 144.6
      vertex -104 24.7 147
    endloop
  endfacet
  facet normal 1 0 0
    outer loop
      vertex -104 -23.1 144.6
      vertex -104 -27.5 147
      vertex -104 -23.1 142.6
    endloop
  endfacet
  facet normal 1 0 0
    outer loop
      vertex -104 -19.1 144.6
      vertex -104 -27.5 147
      vertex -104 -23.1 144.6
    endloop
  endfacet
  facet normal 1 0 0
    outer loop
      vertex -104 24.7 147
      vertex -104 -19.1 142.6
      vertex -104 24.7 0
    endloop
  endfacet
  facet normal 1 0 0
    outer loop
      vertex -104 -27.5 0
      vertex -104 -19.1 142.6
      vertex -104 -23.1 142.6
    endloop
  endfacet
  facet normal 1 0 0
    outer loop
      vertex -104 -27.5 0
      vertex -104 -23.1 142.6
      vertex -104 -27.5 147
    endloop
  endfacet
  facet normal 1 0 0
    outer loop
      vertex -104 -19.1 142.6
      vertex -104 -27.5 0
      vertex -104 24.7 0
    endloop
  endfacet
  facet normal 0 0 -1
    outer loop
      vertex 101.6 -19.1 147
      vertex 104 -27.5 147
      vertex 101.6 -23.1 147
    endloop
  endfacet
  facet normal 0 0 -1
    outer loop
      vertex 104 -27.5 147
      vertex 99.6 -23.1 147
      vertex 101.6 -23.1 147
    endloop
  endfacet
  facet normal 0 0 -1
    outer loop
      vertex 99.6 -23.1 147
      vertex -99.6 -23.1 147
      vertex 99.6 -19.1 147
    endloop
  endfacet
  facet normal 0 0 -1
    outer loop
      vertex 104 -27.5 147
      vertex -99.6 -23.1 147
      vertex 99.6 -23.1 147
    endloop
  endfacet
  facet normal 0 0 -1
    outer loop
      vertex -104 -27.5 147
      vertex -99.6 -23.1 147
      vertex 104 -27.5 147
    endloop
  endfacet
  facet normal -0 0 -1
    outer loop
      vertex -101.6 -23.1 147
      vertex -104 -27.5 147
      vertex -101.6 -19.1 147
    endloop
  endfacet
  facet normal -0 0 -1
    outer loop
      vertex -99.6 -23.1 147
      vertex -104 -27.5 147
      vertex -101.6 -23.1 147
    endloop
  endfacet
  facet normal 0 0 -1
    outer loop
      vertex 104 -27.5 147
      vertex 101.6 -19.1 147
      vertex 104 24.7 147
    endloop
  endfacet
  facet normal 0 0 -1
    outer loop
      vertex 99.6 -19.1 147
      vertex 104 24.7 147
      vertex 101.6 -19.1 147
    endloop
  endfacet
  facet normal 0 0 -1
    outer loop
      vertex -99.6 -19.1 147
      vertex 99.6 -19.1 147
      vertex -99.6 -23.1 147
    endloop
  endfacet
  facet normal 0 0 -1
    outer loop
      vertex 99.6 -19.1 147
      vertex -99.6 -19.1 147
      vertex 104 24.7 147
    endloop
  endfacet
  facet normal 0 0 -1
    outer loop
      vertex -104 24.7 147
      vertex -99.6 -19.1 147
      vertex -101.6 -19.1 147
    endloop
  endfacet
  facet normal 0 0 -1
    outer loop
      vertex -99.6 -19.1 147
      vertex -104 24.7 147
      vertex 104 24.7 147
    endloop
  endfacet
  facet normal 0 0 -1
    outer loop
      vertex -104 24.7 147
      vertex -101.6 -19.1 147
      vertex -104 -27.5 147
    endloop
  endfacet
  facet normal -1 0 0
    outer loop
      vertex 104 24.7 0
      vertex 104 -19.1 142.6
      vertex 104 24.7 147
    endloop
  endfacet
  facet normal -1 0 0
    outer loop
      vertex 104 -27.5 0
      vertex 104 -19.1 142.6
      vertex 104 24.7 0
    endloop
  endfacet
  facet normal -1 0 0
    outer loop
      vertex 104 -27.5 147
      vertex 104 -23.1 142.6
      vertex 104 -27.5 0
    endloop
  endfacet
  facet normal -1 -0 0
    outer loop
      vertex 104 -19.1 142.6
      vertex 104 -27.5 0
      vertex 104 -23.1 142.6
    endloop
  endfacet
  facet normal -1 0 0
    outer loop
      vertex 104 -19.1 144.6
      vertex 104 24.7 147
      vertex 104 -19.1 142.6
    endloop
  endfacet
  facet normal -1 0 0
    outer loop
      vertex 104 -27.5 147
      vertex 104 -19.1 144.6
      vertex 104 -23.1 144.6
    endloop
  endfacet
  facet normal -1 0 0
    outer loop
      vertex 104 -19.1 144.6
      vertex 104 -27.5 147
      vertex 104 24.7 147
    endloop
  endfacet
  facet normal -1 0 0
    outer loop
      vertex 104 -23.1 142.6
      vertex 104 -27.5 147
      vertex 104 -23.1 144.6
    endloop
  endfacet
  facet normal 0 -1 0
    outer loop
      vertex -104 24.7 147
      vertex -93 24.7 136
      vertex 104 24.7 147
    endloop
  endfacet
  facet normal 0 -1 0
    outer loop
      vertex -104 24.7 147
      vertex -93 24.7 14
      vertex -93 24.7 136
    endloop
  endfacet
  facet normal 0 -1 -0
    outer loop
      vertex -93 24.7 14
      vertex -104 24.7 0
      vertex 93 24.7 14
    endloop
  endfacet
  facet normal 0 -1 0
    outer loop
      vertex -104 24.7 0
      vertex -93 24.7 14
      vertex -104 24.7 147
    endloop
  endfacet
  facet normal 0 -1 0
    outer loop
      vertex 93 24.7 136
      vertex 104 24.7 147
      vertex -93 24.7 136
    endloop
  endfacet
  facet normal 0 -1 0
    outer loop
      vertex 93 24.7 14
      vertex 104 24.7 147
      vertex 93 24.7 136
    endloop
  endfacet
  facet normal 0 -1 0
    outer loop
      vertex 93 24.7 14
      vertex 104 24.7 0
      vertex 104 24.7 147
    endloop
  endfacet
  facet normal 0 -1 0
    outer loop
      vertex 104 24.7 0
      vertex 93 24.7 14
      vertex -104 24.7 0
    endloop
  endfacet
  facet normal 1 -0 0
    outer loop
      vertex -93 24.7 136
      vertex -93 27.5 14
      vertex -93 27.5 136
    endloop
  endfacet
  facet normal 1 0 0
    outer loop
      vertex -93 27.5 14
      vertex -93 24.7 136
      vertex -93 24.7 14
    endloop
  endfacet
  facet normal 0 0 -1
    outer loop
      vertex -93 24.7 136
      vertex 93 27.5 136
      vertex 93 24.7 136
    endloop
  endfacet
  facet normal -0 0 -1
    outer loop
      vertex 93 27.5 136
      vertex -93 24.7 136
      vertex -93 27.5 136
    endloop
  endfacet
  facet normal -1 0 0
    outer loop
      vertex 93 24.7 14
      vertex 93 27.5 136
      vertex 93 27.5 14
    endloop
  endfacet
  facet normal -1 -0 0
    outer loop
      vertex 93 27.5 136
      vertex 93 24.7 14
      vertex 93 24.7 136
    endloop
  endfacet
  facet normal -0 0 1
    outer loop
      vertex -93 27.5 14
      vertex 93 24.7 14
      vertex 93 27.5 14
    endloop
  endfacet
  facet normal 0 0 1
    outer loop
      vertex 93 24.7 14
      vertex -93 27.5 14
      vertex -93 24.7 14
    endloop
  endfacet
  facet normal -1 0 0
    outer loop
      vertex -101.6 -23.1 3
      vertex -101.6 -19.1 142.6
      vertex -101.6 -19.1 3
    endloop
  endfacet
  facet normal -1 -0 0
    outer loop
      vertex -101.6 -19.1 142.6
      vertex -101.6 -23.1 3
      vertex -101.6 -23.1 142.6
    endloop
  endfacet
  facet normal -1 0 0
    outer loop
      vertex -101.6 -23.1 144.6
      vertex -101.6 -19.1 147
      vertex -101.6 -19.1 144.6
    endloop
  endfacet
  facet normal -1 -0 0
    outer loop
      vertex -101.6 -19.1 147
      vertex -101.6 -23.1 144.6
      vertex -101.6 -23.1 147
    endloop
  endfacet
  facet normal 1 -0 0
    outer loop
      vertex -99.6 -23.1 147
      vertex -99.6 -19.1 144.6
      vertex -99.6 -19.1 147
    endloop
  endfacet
  facet normal 1 0 0
    outer loop
      vertex -99.6 -19.1 144.6
      vertex -99.6 -23.1 147
      vertex -99.6 -23.1 144.6
    endloop
  endfacet
  facet normal 1 -0 0
    outer loop
      vertex -99.6 -23.1 142.6
      vertex -99.6 -19.1 3
      vertex -99.6 -19.1 142.6
    endloop
  endfacet
  facet normal 1 0 0
    outer loop
      vertex -99.6 -19.1 3
      vertex -99.6 -23.1 142.6
      vertex -99.6 -23.1 3
    endloop
  endfacet
  facet normal 0 0 -1
    outer loop
      vertex -101.6 -23.1 3
      vertex -99.6 -19.1 3
      vertex -99.6 -23.1 3
    endloop
  endfacet
  facet normal -0 0 -1
    outer loop
      vertex -99.6 -19.1 3
      vertex -101.6 -23.1 3
      vertex -101.6 -19.1 3
    endloop
  endfacet
  facet normal 0 -1 0
    outer loop
      vertex 99.6 -23.1 3
      vertex 101.6 -23.1 142.6
      vertex 99.6 -23.1 142.6
    endloop
  endfacet
  facet normal 0 -1 -0
    outer loop
      vertex 101.6 -23.1 142.6
      vertex 99.6 -23.1 3
      vertex 101.6 -23.1 3
    endloop
  endfacet
  facet normal 0 -1 0
    outer loop
      vertex -101.6 -23.1 3
      vertex -99.6 -23.1 142.6
      vertex -101.6 -23.1 142.6
    endloop
  endfacet
  facet normal 0 -1 -0
    outer loop
      vertex -99.6 -23.1 142.6
      vertex -101.6 -23.1 3
      vertex -99.6 -23.1 3
    endloop
  endfacet
  facet normal 0 -1 0
    outer loop
      vertex -101.6 -23.1 142.6
      vertex -101.6 -23.1 144.6
      vertex -104 -23.1 144.6
    endloop
  endfacet
  facet normal 0 -1 0
    outer loop
      vertex -101.6 -23.1 144.6
      vertex -101.6 -23.1 142.6
      vertex -99.6 -23.1 144.6
    endloop
  endfacet
  facet normal 0 -1 0
    outer loop
      vertex -99.6 -23.1 144.6
      vertex -99.6 -23.1 142.6
      vertex 99.6 -23.1 144.6
    endloop
  endfacet
  facet normal 0 -1 0
    outer loop
      vertex 99.6 -23.1 142.6
      vertex 99.6 -23.1 144.6
      vertex -99.6 -23.1 142.6
    endloop
  endfacet
  facet normal 0 -1 0
    outer loop
      vertex -101.6 -23.1 142.6
      vertex -104 -23.1 144.6
      vertex -104 -23.1 142.6
    endloop
  endfacet
  facet normal 0 -1 -0
    outer loop
      vertex -99.6 -23.1 144.6
      vertex -101.6 -23.1 142.6
      vertex -99.6 -23.1 142.6
    endloop
  endfacet
  facet normal 0 -1 0
    outer loop
      vertex 99.6 -23.1 144.6
      vertex 99.6 -23.1 142.6
      vertex 101.6 -23.1 144.6
    endloop
  endfacet
  facet normal 0 -1 0
    outer loop
      vertex 101.6 -23.1 142.6
      vertex 101.6 -23.1 144.6
      vertex 99.6 -23.1 142.6
    endloop
  endfacet
  facet normal 0 -1 0
    outer loop
      vertex 101.6 -23.1 144.6
      vertex 101.6 -23.1 142.6
      vertex 104 -23.1 144.6
    endloop
  endfacet
  facet normal 0 -1 -0
    outer loop
      vertex 104 -23.1 144.6
      vertex 101.6 -23.1 142.6
      vertex 104 -23.1 142.6
    endloop
  endfacet
  facet normal 0 -1 0
    outer loop
      vertex -101.6 -23.1 144.6
      vertex -99.6 -23.1 147
      vertex -101.6 -23.1 147
    endloop
  endfacet
  facet normal 0 -1 -0
    outer loop
      vertex -99.6 -23.1 147
      vertex -101.6 -23.1 144.6
      vertex -99.6 -23.1 144.6
    endloop
  endfacet
  facet normal 0 -1 0
    outer loop
      vertex 99.6 -23.1 144.6
      vertex 101.6 -23.1 147
      vertex 99.6 -23.1 147
    endloop
  endfacet
  facet normal 0 -1 -0
    outer loop
      vertex 101.6 -23.1 147
      vertex 99.6 -23.1 144.6
      vertex 101.6 -23.1 144.6
    endloop
  endfacet
  facet normal 0 1 -0
    outer loop
      vertex -99.6 -19.1 3
      vertex -101.6 -19.1 142.6
      vertex -99.6 -19.1 142.6
    endloop
  endfacet
  facet normal 0 1 0
    outer loop
      vertex -101.6 -19.1 142.6
      vertex -99.6 -19.1 3
      vertex -101.6 -19.1 3
    endloop
  endfacet
  facet normal 0 1 -0
    outer loop
      vertex 101.6 -19.1 3
      vertex 99.6 -19.1 142.6
      vertex 101.6 -19.1 142.6
    endloop
  endfacet
  facet normal 0 1 0
    outer loop
      vertex 99.6 -19.1 142.6
      vertex 101.6 -19.1 3
      vertex 99.6 -19.1 3
    endloop
  endfacet
  facet normal 0 1 0
    outer loop
      vertex 101.6 -19.1 142.6
      vertex 101.6 -19.1 144.6
      vertex 104 -19.1 144.6
    endloop
  endfacet
  facet normal 0 1 0
    outer loop
      vertex 101.6 -19.1 144.6
      vertex 101.6 -19.1 142.6
      vertex 99.6 -19.1 144.6
    endloop
  endfacet
  facet normal 0 1 0
    outer loop
      vertex 99.6 -19.1 144.6
      vertex 99.6 -19.1 142.6
      vertex -99.6 -19.1 144.6
    endloop
  endfacet
  facet normal 0 1 0
    outer loop
      vertex -99.6 -19.1 142.6
      vertex -99.6 -19.1 144.6
      vertex 99.6 -19.1 142.6
    endloop
  endfacet
  facet normal 0 1 0
    outer loop
      vertex 101.6 -19.1 142.6
      vertex 104 -19.1 144.6
      vertex 104 -19.1 142.6
    endloop
  endfacet
  facet normal 0 1 0
    outer loop
      vertex 99.6 -19.1 144.6
      vertex 101.6 -19.1 142.6
      vertex 99.6 -19.1 142.6
    endloop
  endfacet
  facet normal 0 1 0
    outer loop
      vertex -99.6 -19.1 144.6
      vertex -99.6 -19.1 142.6
      vertex -101.6 -19.1 144.6
    endloop
  endfacet
  facet normal 0 1 0
    outer loop
      vertex -101.6 -19.1 142.6
      vertex -101.6 -19.1 144.6
      vertex -99.6 -19.1 142.6
    endloop
  endfacet
  facet normal 0 1 0
    outer loop
      vertex -101.6 -19.1 144.6
      vertex -101.6 -19.1 142.6
      vertex -104 -19.1 144.6
    endloop
  endfacet
  facet normal 0 1 0
    outer loop
      vertex -104 -19.1 144.6
      vertex -101.6 -19.1 142.6
      vertex -104 -19.1 142.6
    endloop
  endfacet
  facet normal 0 1 -0
    outer loop
      vertex 101.6 -19.1 144.6
      vertex 99.6 -19.1 147
      vertex 101.6 -19.1 147
    endloop
  endfacet
  facet normal 0 1 0
    outer loop
      vertex 99.6 -19.1 147
      vertex 101.6 -19.1 144.6
      vertex 99.6 -19.1 144.6
    endloop
  endfacet
  facet normal 0 1 -0
    outer loop
      vertex -99.6 -19.1 144.6
      vertex -101.6 -19.1 147
      vertex -99.6 -19.1 147
    endloop
  endfacet
  facet normal 0 1 0
    outer loop
      vertex -101.6 -19.1 147
      vertex -99.6 -19.1 144.6
      vertex -101.6 -19.1 144.6
    endloop
  endfacet
  facet normal -1 0 0
    outer loop
      vertex 99.6 -23.1 3
      vertex 99.6 -19.1 142.6
      vertex 99.6 -19.1 3
    endloop
  endfacet
  facet normal -1 -0 0
    outer loop
      vertex 99.6 -19.1 142.6
      vertex 99.6 -23.1 3
      vertex 99.6 -23.1 142.6
    endloop
  endfacet
  facet normal -1 0 0
    outer loop
      vertex 99.6 -23.1 144.6
      vertex 99.6 -19.1 147
      vertex 99.6 -19.1 144.6
    endloop
  endfacet
  facet normal -1 -0 0
    outer loop
      vertex 99.6 -19.1 147
      vertex 99.6 -23.1 144.6
      vertex 99.6 -23.1 147
    endloop
  endfacet
  facet normal 1 -0 0
    outer loop
      vertex 101.6 -23.1 147
      vertex 101.6 -19.1 144.6
      vertex 101.6 -19.1 147
    endloop
  endfacet
  facet normal 1 0 0
    outer loop
      vertex 101.6 -19.1 144.6
      vertex 101.6 -23.1 147
      vertex 101.6 -23.1 144.6
    endloop
  endfacet
  facet normal 1 -0 0
    outer loop
      vertex 101.6 -23.1 142.6
      vertex 101.6 -19.1 3
      vertex 101.6 -19.1 142.6
    endloop
  endfacet
  facet normal 1 0 0
    outer loop
      vertex 101.6 -19.1 3
      vertex 101.6 -23.1 142.6
      vertex 101.6 -23.1 3
    endloop
  endfacet
  facet normal 0 0 -1
    outer loop
      vertex 99.6 -23.1 3
      vertex 101.6 -19.1 3
      vertex 101.6 -23.1 3
    endloop
  endfacet
  facet normal -0 0 -1
    outer loop
      vertex 101.6 -19.1 3
      vertex 99.6 -23.1 3
      vertex 99.6 -19.1 3
    endloop
  endfacet
  facet normal -0 0 1
    outer loop
      vertex 101.6 -19.1 144.6
      vertex 104 -23.1 144.6
      vertex 104 -19.1 144.6
    endloop
  endfacet
  facet normal 0 0 1
    outer loop
      vertex 104 -23.1 144.6
      vertex 101.6 -19.1 144.6
      vertex 101.6 -23.1 144.6
    endloop
  endfacet
  facet normal -0 0 1
    outer loop
      vertex -104 -19.1 144.6
      vertex -101.6 -23.1 144.6
      vertex -101.6 -19.1 144.6
    endloop
  endfacet
  facet normal 0 0 1
    outer loop
      vertex -101.6 -23.1 144.6
      vertex -104 -19.1 144.6
      vertex -104 -23.1 144.6
    endloop
  endfacet
  facet normal -0 0 1
    outer loop
      vertex -99.6 -19.1 144.6
      vertex 99.6 -23.1 144.6
      vertex 99.6 -19.1 144.6
    endloop
  endfacet
  facet normal 0 0 1
    outer loop
      vertex 99.6 -23.1 144.6
      vertex -99.6 -19.1 144.6
      vertex -99.6 -23.1 144.6
    endloop
  endfacet
  facet normal 0 0 -1
    outer loop
      vertex -104 -23.1 142.6
      vertex -101.6 -19.1 142.6
      vertex -101.6 -23.1 142.6
    endloop
  endfacet
  facet normal -0 0 -1
    outer loop
      vertex -101.6 -19.1 142.6
      vertex -104 -23.1 142.6
      vertex -104 -19.1 142.6
    endloop
  endfacet
  facet normal 0 0 -1
    outer loop
      vertex 101.6 -23.1 142.6
      vertex 104 -19.1 142.6
      vertex 104 -23.1 142.6
    endloop
  endfacet
  facet normal -0 0 -1
    outer loop
      vertex 104 -19.1 142.6
      vertex 101.6 -23.1 142.6
      vertex 101.6 -19.1 142.6
    endloop
  endfacet
  facet normal 0 0 -1
    outer loop
      vertex -99.6 -23.1 142.6
      vertex 99.6 -19.1 142.6
      vertex 99.6 -23.1 142.6
    endloop
  endfacet
  facet normal -0 0 -1
    outer loop
      vertex 99.6 -19.1 142.6
      vertex -99.6 -23.1 142.6
      vertex -99.6 -19.1 142.6
    endloop
  endfacet
  facet normal 0.831475 0.555562 0
    outer loop
      vertex -58.1029 21.75 8
      vertex -58.4299 22.2394 0
      vertex -58.4299 22.2394 8
    endloop
  endfacet
  facet normal 0.831475 0.555562 0
    outer loop
      vertex -58.4299 22.2394 0
      vertex -58.1029 21.75 8
      vertex -58.1029 21.75 0
    endloop
  endfacet
  facet normal 0.442382 0.896827 -0
    outer loop
      vertex -59.75 23.3971 0
      vertex -60.2779 23.6575 8
      vertex -59.75 23.3971 8
    endloop
  endfacet
  facet normal 0.442382 0.896827 0
    outer loop
      vertex -60.2779 23.6575 8
      vertex -59.75 23.3971 0
      vertex -60.2779 23.6575 0
    endloop
  endfacet
  facet normal -0.321421 0.946936 0
    outer loop
      vertex -63.1647 23.8467 0
      vertex -63.7221 23.6575 8
      vertex -63.1647 23.8467 8
    endloop
  endfacet
  facet normal -0.321421 0.946936 0
    outer loop
      vertex -63.7221 23.6575 8
      vertex -63.1647 23.8467 0
      vertex -63.7221 23.6575 0
    endloop
  endfacet
  facet normal -0.896827 0.442382 0
    outer loop
      vertex -66.1575 21.2221 0
      vertex -65.8971 21.75 8
      vertex -65.8971 21.75 0
    endloop
  endfacet
  facet normal -0.896827 0.442382 0
    outer loop
      vertex -65.8971 21.75 8
      vertex -66.1575 21.2221 0
      vertex -66.1575 21.2221 8
    endloop
  endfacet
  facet normal 0.751882 0.659298 0
    outer loop
      vertex -58.4299 22.2394 8
      vertex -58.818 22.682 0
      vertex -58.818 22.682 8
    endloop
  endfacet
  facet normal 0.751882 0.659298 0
    outer loop
      vertex -58.818 22.682 0
      vertex -58.4299 22.2394 8
      vertex -58.4299 22.2394 0
    endloop
  endfacet
  facet normal 0.555562 0.831475 -0
    outer loop
      vertex -59.2606 23.0701 0
      vertex -59.75 23.3971 8
      vertex -59.2606 23.0701 8
    endloop
  endfacet
  facet normal 0.555562 0.831475 0
    outer loop
      vertex -59.75 23.3971 8
      vertex -59.2606 23.0701 0
      vertex -59.75 23.3971 0
    endloop
  endfacet
  facet normal -0.751882 0.659298 0
    outer loop
      vertex -65.5701 22.2394 0
      vertex -65.182 22.682 8
      vertex -65.182 22.682 0
    endloop
  endfacet
  facet normal -0.751882 0.659298 0
    outer loop
      vertex -65.182 22.682 8
      vertex -65.5701 22.2394 0
      vertex -65.5701 22.2394 8
    endloop
  endfacet
  facet normal -0.442382 0.896827 0
    outer loop
      vertex -63.7221 23.6575 0
      vertex -64.25 23.3971 8
      vertex -63.7221 23.6575 8
    endloop
  endfacet
  facet normal -0.442382 0.896827 0
    outer loop
      vertex -64.25 23.3971 8
      vertex -63.7221 23.6575 0
      vertex -64.25 23.3971 0
    endloop
  endfacet
  facet normal -0.195038 0.980796 0
    outer loop
      vertex -62.5874 23.9615 0
      vertex -63.1647 23.8467 8
      vertex -62.5874 23.9615 8
    endloop
  endfacet
  facet normal -0.195038 0.980796 0
    outer loop
      vertex -63.1647 23.8467 8
      vertex -62.5874 23.9615 0
      vertex -63.1647 23.8467 0
    endloop
  endfacet
  facet normal -0.659298 -0.751882 0
    outer loop
      vertex -65.182 16.318 0
      vertex -64.7394 15.9299 8
      vertex -65.182 16.318 8
    endloop
  endfacet
  facet normal -0.659298 -0.751882 -0
    outer loop
      vertex -64.7394 15.9299 8
      vertex -65.182 16.318 0
      vertex -64.7394 15.9299 0
    endloop
  endfacet
  facet normal -0.896827 -0.442382 0
    outer loop
      vertex -65.8971 17.25 0
      vertex -66.1575 17.7779 8
      vertex -66.1575 17.7779 0
    endloop
  endfacet
  facet normal -0.896827 -0.442382 0
    outer loop
      vertex -66.1575 17.7779 8
      vertex -65.8971 17.25 0
      vertex -65.8971 17.25 8
    endloop
  endfacet
  facet normal 0.0654027 0.997859 -0
    outer loop
      vertex -61.4126 23.9615 0
      vertex -62 24 8
      vertex -61.4126 23.9615 8
    endloop
  endfacet
  facet normal 0.0654027 0.997859 0
    outer loop
      vertex -62 24 8
      vertex -61.4126 23.9615 0
      vertex -62 24 0
    endloop
  endfacet
  facet normal 0.321421 0.946936 -0
    outer loop
      vertex -60.2779 23.6575 0
      vertex -60.8353 23.8467 8
      vertex -60.2779 23.6575 8
    endloop
  endfacet
  facet normal 0.321421 0.946936 0
    outer loop
      vertex -60.8353 23.8467 8
      vertex -60.2779 23.6575 0
      vertex -60.8353 23.8467 0
    endloop
  endfacet
  facet normal 0.659298 0.751882 -0
    outer loop
      vertex -58.818 22.682 0
      vertex -59.2606 23.0701 8
      vertex -58.818 22.682 8
    endloop
  endfacet
  facet normal 0.659298 0.751882 0
    outer loop
      vertex -59.2606 23.0701 8
      vertex -58.818 22.682 0
      vertex -59.2606 23.0701 0
    endloop
  endfacet
  facet normal -0.997859 0.0654027 0
    outer loop
      vertex -66.5 19.5 0
      vertex -66.4615 20.0874 8
      vertex -66.4615 20.0874 0
    endloop
  endfacet
  facet normal -0.997859 0.0654027 0
    outer loop
      vertex -66.4615 20.0874 8
      vertex -66.5 19.5 0
      vertex -66.5 19.5 8
    endloop
  endfacet
  facet normal -0.946936 0.321421 0
    outer loop
      vertex -66.3467 20.6647 0
      vertex -66.1575 21.2221 8
      vertex -66.1575 21.2221 0
    endloop
  endfacet
  facet normal -0.946936 0.321421 0
    outer loop
      vertex -66.1575 21.2221 8
      vertex -66.3467 20.6647 0
      vertex -66.3467 20.6647 8
    endloop
  endfacet
  facet normal -0.831475 0.555562 0
    outer loop
      vertex -65.8971 21.75 0
      vertex -65.5701 22.2394 8
      vertex -65.5701 22.2394 0
    endloop
  endfacet
  facet normal -0.831475 0.555562 0
    outer loop
      vertex -65.5701 22.2394 8
      vertex -65.8971 21.75 0
      vertex -65.8971 21.75 8
    endloop
  endfacet
  facet normal -0.0654027 0.997859 0
    outer loop
      vertex -62 24 0
      vertex -62.5874 23.9615 8
      vertex -62 24 8
    endloop
  endfacet
  facet normal -0.0654027 0.997859 0
    outer loop
      vertex -62.5874 23.9615 8
      vertex -62 24 0
      vertex -62.5874 23.9615 0
    endloop
  endfacet
  facet normal -0.555562 0.831475 0
    outer loop
      vertex -64.25 23.3971 0
      vertex -64.7394 23.0701 8
      vertex -64.25 23.3971 8
    endloop
  endfacet
  facet normal -0.555562 0.831475 0
    outer loop
      vertex -64.7394 23.0701 8
      vertex -64.25 23.3971 0
      vertex -64.7394 23.0701 0
    endloop
  endfacet
  facet normal -0.659298 0.751882 0
    outer loop
      vertex -64.7394 23.0701 0
      vertex -65.182 22.682 8
      vertex -64.7394 23.0701 8
    endloop
  endfacet
  facet normal -0.659298 0.751882 0
    outer loop
      vertex -65.182 22.682 8
      vertex -64.7394 23.0701 0
      vertex -65.182 22.682 0
    endloop
  endfacet
  facet normal 0.997859 0.0654027 0
    outer loop
      vertex -57.5 19.5 8
      vertex -57.5385 20.0874 0
      vertex -57.5385 20.0874 8
    endloop
  endfacet
  facet normal 0.997859 0.0654027 0
    outer loop
      vertex -57.5385 20.0874 0
      vertex -57.5 19.5 8
      vertex -57.5 19.5 0
    endloop
  endfacet
  facet normal 0.997859 -0.0654027 0
    outer loop
      vertex -57.5385 18.9126 8
      vertex -57.5 19.5 0
      vertex -57.5 19.5 8
    endloop
  endfacet
  facet normal 0.997859 -0.0654027 0
    outer loop
      vertex -57.5 19.5 0
      vertex -57.5385 18.9126 8
      vertex -57.5385 18.9126 0
    endloop
  endfacet
  facet normal 0.980796 -0.195038 0
    outer loop
      vertex -57.6533 18.3353 8
      vertex -57.5385 18.9126 0
      vertex -57.5385 18.9126 8
    endloop
  endfacet
  facet normal 0.980796 -0.195038 0
    outer loop
      vertex -57.5385 18.9126 0
      vertex -57.6533 18.3353 8
      vertex -57.6533 18.3353 0
    endloop
  endfacet
  facet normal -0.831475 -0.555562 0
    outer loop
      vertex -65.5701 16.7606 0
      vertex -65.8971 17.25 8
      vertex -65.8971 17.25 0
    endloop
  endfacet
  facet normal -0.831475 -0.555562 0
    outer loop
      vertex -65.8971 17.25 8
      vertex -65.5701 16.7606 0
      vertex -65.5701 16.7606 8
    endloop
  endfacet
  facet normal 0.195038 -0.980796 0
    outer loop
      vertex -61.4126 15.0385 0
      vertex -60.8353 15.1533 8
      vertex -61.4126 15.0385 8
    endloop
  endfacet
  facet normal 0.195038 -0.980796 0
    outer loop
      vertex -60.8353 15.1533 8
      vertex -61.4126 15.0385 0
      vertex -60.8353 15.1533 0
    endloop
  endfacet
  facet normal 0.442382 -0.896827 0
    outer loop
      vertex -60.2779 15.3425 0
      vertex -59.75 15.6029 8
      vertex -60.2779 15.3425 8
    endloop
  endfacet
  facet normal 0.442382 -0.896827 0
    outer loop
      vertex -59.75 15.6029 8
      vertex -60.2779 15.3425 0
      vertex -59.75 15.6029 0
    endloop
  endfacet
  facet normal 0.896827 0.442382 0
    outer loop
      vertex -57.8425 21.2221 8
      vertex -58.1029 21.75 0
      vertex -58.1029 21.75 8
    endloop
  endfacet
  facet normal 0.896827 0.442382 0
    outer loop
      vertex -58.1029 21.75 0
      vertex -57.8425 21.2221 8
      vertex -57.8425 21.2221 0
    endloop
  endfacet
  facet normal 0.946936 0.321421 0
    outer loop
      vertex -57.6533 20.6647 8
      vertex -57.8425 21.2221 0
      vertex -57.8425 21.2221 8
    endloop
  endfacet
  facet normal 0.946936 0.321421 0
    outer loop
      vertex -57.8425 21.2221 0
      vertex -57.6533 20.6647 8
      vertex -57.6533 20.6647 0
    endloop
  endfacet
  facet normal 0.980796 0.195038 0
    outer loop
      vertex -57.5385 20.0874 8
      vertex -57.6533 20.6647 0
      vertex -57.6533 20.6647 8
    endloop
  endfacet
  facet normal 0.980796 0.195038 0
    outer loop
      vertex -57.6533 20.6647 0
      vertex -57.5385 20.0874 8
      vertex -57.5385 20.0874 0
    endloop
  endfacet
  facet normal 0.195038 0.980796 -0
    outer loop
      vertex -60.8353 23.8467 0
      vertex -61.4126 23.9615 8
      vertex -60.8353 23.8467 8
    endloop
  endfacet
  facet normal 0.195038 0.980796 0
    outer loop
      vertex -61.4126 23.9615 8
      vertex -60.8353 23.8467 0
      vertex -61.4126 23.9615 0
    endloop
  endfacet
  facet normal 0 0 1
    outer loop
      vertex -60.3 19.5 8
      vertex -57.5 19.5 8
      vertex -57.5385 20.0874 8
    endloop
  endfacet
  facet normal 0 0 1
    outer loop
      vertex -60.3145 19.7219 8
      vertex -57.5385 20.0874 8
      vertex -57.6533 20.6647 8
    endloop
  endfacet
  facet normal 0 0 1
    outer loop
      vertex -57.5 19.5 8
      vertex -60.3 19.5 8
      vertex -57.5385 18.9126 8
    endloop
  endfacet
  facet normal 0 0 1
    outer loop
      vertex -60.3579 19.94 8
      vertex -57.6533 20.6647 8
      vertex -57.8425 21.2221 8
    endloop
  endfacet
  facet normal -0 0 1
    outer loop
      vertex -60.3145 19.2781 8
      vertex -57.5385 18.9126 8
      vertex -60.3 19.5 8
    endloop
  endfacet
  facet normal 0 0 1
    outer loop
      vertex -60.4294 20.1506 8
      vertex -57.8425 21.2221 8
      vertex -58.1029 21.75 8
    endloop
  endfacet
  facet normal 0 0 1
    outer loop
      vertex -57.5385 18.9126 8
      vertex -60.3145 19.2781 8
      vertex -57.6533 18.3353 8
    endloop
  endfacet
  facet normal 0 0 1
    outer loop
      vertex -60.5278 20.35 8
      vertex -58.1029 21.75 8
      vertex -58.4299 22.2394 8
    endloop
  endfacet
  facet normal -0 0 1
    outer loop
      vertex -60.3579 19.06 8
      vertex -57.6533 18.3353 8
      vertex -60.3145 19.2781 8
    endloop
  endfacet
  facet normal 0 0 1
    outer loop
      vertex -60.6513 20.5349 8
      vertex -58.4299 22.2394 8
      vertex -58.818 22.682 8
    endloop
  endfacet
  facet normal 0 0 1
    outer loop
      vertex -57.6533 18.3353 8
      vertex -60.3579 19.06 8
      vertex -57.8425 17.7779 8
    endloop
  endfacet
  facet normal 0 0 1
    outer loop
      vertex -60.7979 20.7021 8
      vertex -58.818 22.682 8
      vertex -59.2606 23.0701 8
    endloop
  endfacet
  facet normal -0 0 1
    outer loop
      vertex -60.4294 18.8494 8
      vertex -57.8425 17.7779 8
      vertex -60.3579 19.06 8
    endloop
  endfacet
  facet normal 0 0 1
    outer loop
      vertex -60.9651 20.8487 8
      vertex -59.2606 23.0701 8
      vertex -59.75 23.3971 8
    endloop
  endfacet
  facet normal 0 0 1
    outer loop
      vertex -57.8425 17.7779 8
      vertex -60.4294 18.8494 8
      vertex -58.1029 17.25 8
    endloop
  endfacet
  facet normal 0 0 1
    outer loop
      vertex -61.15 20.9722 8
      vertex -59.75 23.3971 8
      vertex -60.2779 23.6575 8
    endloop
  endfacet
  facet normal -0 0 1
    outer loop
      vertex -60.5278 18.65 8
      vertex -58.1029 17.25 8
      vertex -60.4294 18.8494 8
    endloop
  endfacet
  facet normal 0 0 1
    outer loop
      vertex -58.1029 17.25 8
      vertex -60.5278 18.65 8
      vertex -58.4299 16.7606 8
    endloop
  endfacet
  facet normal 0 0 1
    outer loop
      vertex -57.5385 20.0874 8
      vertex -60.3145 19.7219 8
      vertex -60.3 19.5 8
    endloop
  endfacet
  facet normal 0 0 1
    outer loop
      vertex -57.6533 20.6647 8
      vertex -60.3579 19.94 8
      vertex -60.3145 19.7219 8
    endloop
  endfacet
  facet normal 0 0 1
    outer loop
      vertex -57.8425 21.2221 8
      vertex -60.4294 20.1506 8
      vertex -60.3579 19.94 8
    endloop
  endfacet
  facet normal 0 0 1
    outer loop
      vertex -58.1029 21.75 8
      vertex -60.5278 20.35 8
      vertex -60.4294 20.1506 8
    endloop
  endfacet
  facet normal 0 0 1
    outer loop
      vertex -58.4299 22.2394 8
      vertex -60.6513 20.5349 8
      vertex -60.5278 20.35 8
    endloop
  endfacet
  facet normal 0 0 1
    outer loop
      vertex -58.818 22.682 8
      vertex -60.7979 20.7021 8
      vertex -60.6513 20.5349 8
    endloop
  endfacet
  facet normal 0 0 1
    outer loop
      vertex -61.3494 21.0706 8
      vertex -60.2779 23.6575 8
      vertex -60.8353 23.8467 8
    endloop
  endfacet
  facet normal 0 0 1
    outer loop
      vertex -59.2606 23.0701 8
      vertex -60.9651 20.8487 8
      vertex -60.7979 20.7021 8
    endloop
  endfacet
  facet normal 0 0 1
    outer loop
      vertex -59.75 23.3971 8
      vertex -61.15 20.9722 8
      vertex -60.9651 20.8487 8
    endloop
  endfacet
  facet normal 0 0 1
    outer loop
      vertex -60.2779 23.6575 8
      vertex -61.3494 21.0706 8
      vertex -61.15 20.9722 8
    endloop
  endfacet
  facet normal 0 0 1
    outer loop
      vertex -61.56 21.1421 8
      vertex -60.8353 23.8467 8
      vertex -61.4126 23.9615 8
    endloop
  endfacet
  facet normal 0 0 1
    outer loop
      vertex -60.8353 23.8467 8
      vertex -61.56 21.1421 8
      vertex -61.3494 21.0706 8
    endloop
  endfacet
  facet normal 0 0 1
    outer loop
      vertex -61.4126 23.9615 8
      vertex -61.7781 21.1855 8
      vertex -61.56 21.1421 8
    endloop
  endfacet
  facet normal 0 0 1
    outer loop
      vertex -62 24 8
      vertex -61.7781 21.1855 8
      vertex -61.4126 23.9615 8
    endloop
  endfacet
  facet normal 0 0 1
    outer loop
      vertex -62 24 8
      vertex -62 21.2 8
      vertex -61.7781 21.1855 8
    endloop
  endfacet
  facet normal 0 0 1
    outer loop
      vertex -62 24 8
      vertex -62.2219 21.1855 8
      vertex -62 21.2 8
    endloop
  endfacet
  facet normal -0 0 1
    outer loop
      vertex -62.5874 23.9615 8
      vertex -62.2219 21.1855 8
      vertex -62 24 8
    endloop
  endfacet
  facet normal 0 0 1
    outer loop
      vertex -62.2219 21.1855 8
      vertex -62.5874 23.9615 8
      vertex -62.44 21.1421 8
    endloop
  endfacet
  facet normal -0 0 1
    outer loop
      vertex -63.1647 23.8467 8
      vertex -62.44 21.1421 8
      vertex -62.5874 23.9615 8
    endloop
  endfacet
  facet normal 0 0 1
    outer loop
      vertex -62.44 21.1421 8
      vertex -63.1647 23.8467 8
      vertex -62.6506 21.0706 8
    endloop
  endfacet
  facet normal -0 0 1
    outer loop
      vertex -63.7221 23.6575 8
      vertex -62.6506 21.0706 8
      vertex -63.1647 23.8467 8
    endloop
  endfacet
  facet normal 0 0 1
    outer loop
      vertex -62.6506 21.0706 8
      vertex -63.7221 23.6575 8
      vertex -62.85 20.9722 8
    endloop
  endfacet
  facet normal -0 0 1
    outer loop
      vertex -64.25 23.3971 8
      vertex -62.85 20.9722 8
      vertex -63.7221 23.6575 8
    endloop
  endfacet
  facet normal 0 0 1
    outer loop
      vertex -62.85 20.9722 8
      vertex -64.25 23.3971 8
      vertex -63.0349 20.8487 8
    endloop
  endfacet
  facet normal -0 0 1
    outer loop
      vertex -64.7394 23.0701 8
      vertex -63.0349 20.8487 8
      vertex -64.25 23.3971 8
    endloop
  endfacet
  facet normal 0 0 1
    outer loop
      vertex -63.0349 20.8487 8
      vertex -64.7394 23.0701 8
      vertex -63.2021 20.7021 8
    endloop
  endfacet
  facet normal -0 0 1
    outer loop
      vertex -65.182 22.682 8
      vertex -63.2021 20.7021 8
      vertex -64.7394 23.0701 8
    endloop
  endfacet
  facet normal 0 0 1
    outer loop
      vertex -63.2021 20.7021 8
      vertex -65.182 22.682 8
      vertex -63.3487 20.5349 8
    endloop
  endfacet
  facet normal 0 0 1
    outer loop
      vertex -63.3487 20.5349 8
      vertex -65.5701 22.2394 8
      vertex -63.4722 20.35 8
    endloop
  endfacet
  facet normal -0 0 1
    outer loop
      vertex -65.5701 22.2394 8
      vertex -63.3487 20.5349 8
      vertex -65.182 22.682 8
    endloop
  endfacet
  facet normal -0 0 1
    outer loop
      vertex -60.6513 18.4651 8
      vertex -58.4299 16.7606 8
      vertex -60.5278 18.65 8
    endloop
  endfacet
  facet normal 0 0 1
    outer loop
      vertex -58.4299 16.7606 8
      vertex -60.6513 18.4651 8
      vertex -58.818 16.318 8
    endloop
  endfacet
  facet normal -0 0 1
    outer loop
      vertex -60.7979 18.2979 8
      vertex -58.818 16.318 8
      vertex -60.6513 18.4651 8
    endloop
  endfacet
  facet normal 0 0 1
    outer loop
      vertex -58.818 16.318 8
      vertex -60.7979 18.2979 8
      vertex -59.2606 15.9299 8
    endloop
  endfacet
  facet normal -0 0 1
    outer loop
      vertex -60.9651 18.1513 8
      vertex -59.2606 15.9299 8
      vertex -60.7979 18.2979 8
    endloop
  endfacet
  facet normal 0 0 1
    outer loop
      vertex -59.2606 15.9299 8
      vertex -60.9651 18.1513 8
      vertex -59.75 15.6029 8
    endloop
  endfacet
  facet normal -0 0 1
    outer loop
      vertex -61.15 18.0278 8
      vertex -59.75 15.6029 8
      vertex -60.9651 18.1513 8
    endloop
  endfacet
  facet normal 0 0 1
    outer loop
      vertex -59.75 15.6029 8
      vertex -61.15 18.0278 8
      vertex -60.2779 15.3425 8
    endloop
  endfacet
  facet normal -0 0 1
    outer loop
      vertex -61.3494 17.9294 8
      vertex -60.2779 15.3425 8
      vertex -61.15 18.0278 8
    endloop
  endfacet
  facet normal 0 0 1
    outer loop
      vertex -60.2779 15.3425 8
      vertex -61.3494 17.9294 8
      vertex -60.8353 15.1533 8
    endloop
  endfacet
  facet normal -0 0 1
    outer loop
      vertex -61.56 17.8579 8
      vertex -60.8353 15.1533 8
      vertex -61.3494 17.9294 8
    endloop
  endfacet
  facet normal 0 0 1
    outer loop
      vertex -60.8353 15.1533 8
      vertex -61.56 17.8579 8
      vertex -61.4126 15.0385 8
    endloop
  endfacet
  facet normal -0 0 1
    outer loop
      vertex -61.7781 17.8145 8
      vertex -61.4126 15.0385 8
      vertex -61.56 17.8579 8
    endloop
  endfacet
  facet normal -0 0 1
    outer loop
      vertex -62 17.8 8
      vertex -61.4126 15.0385 8
      vertex -61.7781 17.8145 8
    endloop
  endfacet
  facet normal 0 0 1
    outer loop
      vertex -62 17.8 8
      vertex -62 15 8
      vertex -61.4126 15.0385 8
    endloop
  endfacet
  facet normal 0 0 1
    outer loop
      vertex -62.2219 17.8145 8
      vertex -62 15 8
      vertex -62 17.8 8
    endloop
  endfacet
  facet normal 0 0 1
    outer loop
      vertex -62.5874 15.0385 8
      vertex -62.2219 17.8145 8
      vertex -62.44 17.8579 8
    endloop
  endfacet
  facet normal 0 0 1
    outer loop
      vertex -62.2219 17.8145 8
      vertex -62.5874 15.0385 8
      vertex -62 15 8
    endloop
  endfacet
  facet normal 0 0 1
    outer loop
      vertex -63.1647 15.1533 8
      vertex -62.44 17.8579 8
      vertex -62.6506 17.9294 8
    endloop
  endfacet
  facet normal 0 0 1
    outer loop
      vertex -63.7221 15.3425 8
      vertex -62.6506 17.9294 8
      vertex -62.85 18.0278 8
    endloop
  endfacet
  facet normal 0 0 1
    outer loop
      vertex -64.25 15.6029 8
      vertex -62.85 18.0278 8
      vertex -63.0349 18.1513 8
    endloop
  endfacet
  facet normal 0 0 1
    outer loop
      vertex -62.44 17.8579 8
      vertex -63.1647 15.1533 8
      vertex -62.5874 15.0385 8
    endloop
  endfacet
  facet normal 0 0 1
    outer loop
      vertex -64.7394 15.9299 8
      vertex -63.0349 18.1513 8
      vertex -63.2021 18.2979 8
    endloop
  endfacet
  facet normal 0 0 1
    outer loop
      vertex -65.182 16.318 8
      vertex -63.2021 18.2979 8
      vertex -63.3487 18.4651 8
    endloop
  endfacet
  facet normal 0 0 1
    outer loop
      vertex -65.5701 16.7606 8
      vertex -63.3487 18.4651 8
      vertex -63.4722 18.65 8
    endloop
  endfacet
  facet normal 0 0 1
    outer loop
      vertex -65.8971 17.25 8
      vertex -63.4722 18.65 8
      vertex -63.5706 18.8494 8
    endloop
  endfacet
  facet normal 0 0 1
    outer loop
      vertex -66.1575 17.7779 8
      vertex -63.5706 18.8494 8
      vertex -63.6421 19.06 8
    endloop
  endfacet
  facet normal 0 0 1
    outer loop
      vertex -66.3467 18.3353 8
      vertex -63.6421 19.06 8
      vertex -63.6855 19.2781 8
    endloop
  endfacet
  facet normal 0 0 1
    outer loop
      vertex -62.6506 17.9294 8
      vertex -63.7221 15.3425 8
      vertex -63.1647 15.1533 8
    endloop
  endfacet
  facet normal 0 0 1
    outer loop
      vertex -66.4615 18.9126 8
      vertex -63.6855 19.2781 8
      vertex -63.7 19.5 8
    endloop
  endfacet
  facet normal -0 0 1
    outer loop
      vertex -65.8971 21.75 8
      vertex -63.4722 20.35 8
      vertex -65.5701 22.2394 8
    endloop
  endfacet
  facet normal 0 0 1
    outer loop
      vertex -63.4722 20.35 8
      vertex -65.8971 21.75 8
      vertex -63.5706 20.1506 8
    endloop
  endfacet
  facet normal 0 0 1
    outer loop
      vertex -62.85 18.0278 8
      vertex -64.25 15.6029 8
      vertex -63.7221 15.3425 8
    endloop
  endfacet
  facet normal -0 0 1
    outer loop
      vertex -66.1575 21.2221 8
      vertex -63.5706 20.1506 8
      vertex -65.8971 21.75 8
    endloop
  endfacet
  facet normal 0 0 1
    outer loop
      vertex -63.0349 18.1513 8
      vertex -64.7394 15.9299 8
      vertex -64.25 15.6029 8
    endloop
  endfacet
  facet normal 0 0 1
    outer loop
      vertex -63.5706 20.1506 8
      vertex -66.1575 21.2221 8
      vertex -63.6421 19.94 8
    endloop
  endfacet
  facet normal 0 0 1
    outer loop
      vertex -63.2021 18.2979 8
      vertex -65.182 16.318 8
      vertex -64.7394 15.9299 8
    endloop
  endfacet
  facet normal -0 0 1
    outer loop
      vertex -66.3467 20.6647 8
      vertex -63.6421 19.94 8
      vertex -66.1575 21.2221 8
    endloop
  endfacet
  facet normal 0 0 1
    outer loop
      vertex -63.3487 18.4651 8
      vertex -65.5701 16.7606 8
      vertex -65.182 16.318 8
    endloop
  endfacet
  facet normal 0 0 1
    outer loop
      vertex -63.6421 19.94 8
      vertex -66.3467 20.6647 8
      vertex -63.6855 19.7219 8
    endloop
  endfacet
  facet normal 0 0 1
    outer loop
      vertex -63.4722 18.65 8
      vertex -65.8971 17.25 8
      vertex -65.5701 16.7606 8
    endloop
  endfacet
  facet normal -0 0 1
    outer loop
      vertex -66.4615 20.0874 8
      vertex -63.6855 19.7219 8
      vertex -66.3467 20.6647 8
    endloop
  endfacet
  facet normal 0 0 1
    outer loop
      vertex -63.5706 18.8494 8
      vertex -66.1575 17.7779 8
      vertex -65.8971 17.25 8
    endloop
  endfacet
  facet normal 0 0 1
    outer loop
      vertex -63.6855 19.7219 8
      vertex -66.4615 20.0874 8
      vertex -63.7 19.5 8
    endloop
  endfacet
  facet normal 0 0 1
    outer loop
      vertex -63.6421 19.06 8
      vertex -66.3467 18.3353 8
      vertex -66.1575 17.7779 8
    endloop
  endfacet
  facet normal 0 0 1
    outer loop
      vertex -66.5 19.5 8
      vertex -63.7 19.5 8
      vertex -66.4615 20.0874 8
    endloop
  endfacet
  facet normal 0 0 1
    outer loop
      vertex -63.6855 19.2781 8
      vertex -66.4615 18.9126 8
      vertex -66.3467 18.3353 8
    endloop
  endfacet
  facet normal 0 0 1
    outer loop
      vertex -63.7 19.5 8
      vertex -66.5 19.5 8
      vertex -66.4615 18.9126 8
    endloop
  endfacet
  facet normal -0.980796 0.195038 0
    outer loop
      vertex -66.4615 20.0874 0
      vertex -66.3467 20.6647 8
      vertex -66.3467 20.6647 0
    endloop
  endfacet
  facet normal -0.980796 0.195038 0
    outer loop
      vertex -66.3467 20.6647 8
      vertex -66.4615 20.0874 0
      vertex -66.4615 20.0874 8
    endloop
  endfacet
  facet normal 0.896827 -0.442382 0
    outer loop
      vertex -58.1029 17.25 8
      vertex -57.8425 17.7779 0
      vertex -57.8425 17.7779 8
    endloop
  endfacet
  facet normal 0.896827 -0.442382 0
    outer loop
      vertex -57.8425 17.7779 0
      vertex -58.1029 17.25 8
      vertex -58.1029 17.25 0
    endloop
  endfacet
  facet normal 0.946936 -0.321421 0
    outer loop
      vertex -57.8425 17.7779 8
      vertex -57.6533 18.3353 0
      vertex -57.6533 18.3353 8
    endloop
  endfacet
  facet normal 0.946936 -0.321421 0
    outer loop
      vertex -57.6533 18.3353 0
      vertex -57.8425 17.7779 8
      vertex -57.8425 17.7779 0
    endloop
  endfacet
  facet normal 0.751882 -0.659298 0
    outer loop
      vertex -58.818 16.318 8
      vertex -58.4299 16.7606 0
      vertex -58.4299 16.7606 8
    endloop
  endfacet
  facet normal 0.751882 -0.659298 0
    outer loop
      vertex -58.4299 16.7606 0
      vertex -58.818 16.318 8
      vertex -58.818 16.318 0
    endloop
  endfacet
  facet normal 0.831475 -0.555562 0
    outer loop
      vertex -58.4299 16.7606 8
      vertex -58.1029 17.25 0
      vertex -58.1029 17.25 8
    endloop
  endfacet
  facet normal 0.831475 -0.555562 0
    outer loop
      vertex -58.1029 17.25 0
      vertex -58.4299 16.7606 8
      vertex -58.4299 16.7606 0
    endloop
  endfacet
  facet normal -0.0654027 -0.997859 0
    outer loop
      vertex -62.5874 15.0385 0
      vertex -62 15 8
      vertex -62.5874 15.0385 8
    endloop
  endfacet
  facet normal -0.0654027 -0.997859 -0
    outer loop
      vertex -62 15 8
      vertex -62.5874 15.0385 0
      vertex -62 15 0
    endloop
  endfacet
  facet normal -0.997859 -0.0654027 0
    outer loop
      vertex -66.4615 18.9126 0
      vertex -66.5 19.5 8
      vertex -66.5 19.5 0
    endloop
  endfacet
  facet normal -0.997859 -0.0654027 0
    outer loop
      vertex -66.5 19.5 8
      vertex -66.4615 18.9126 0
      vertex -66.4615 18.9126 8
    endloop
  endfacet
  facet normal -0.946936 -0.321421 0
    outer loop
      vertex -66.1575 17.7779 0
      vertex -66.3467 18.3353 8
      vertex -66.3467 18.3353 0
    endloop
  endfacet
  facet normal -0.946936 -0.321421 0
    outer loop
      vertex -66.3467 18.3353 8
      vertex -66.1575 17.7779 0
      vertex -66.1575 17.7779 8
    endloop
  endfacet
  facet normal -0.751882 -0.659298 0
    outer loop
      vertex -65.182 16.318 0
      vertex -65.5701 16.7606 8
      vertex -65.5701 16.7606 0
    endloop
  endfacet
  facet normal -0.751882 -0.659298 0
    outer loop
      vertex -65.5701 16.7606 8
      vertex -65.182 16.318 0
      vertex -65.182 16.318 8
    endloop
  endfacet
  facet normal 0.321421 -0.946936 0
    outer loop
      vertex -60.8353 15.1533 0
      vertex -60.2779 15.3425 8
      vertex -60.8353 15.1533 8
    endloop
  endfacet
  facet normal 0.321421 -0.946936 0
    outer loop
      vertex -60.2779 15.3425 8
      vertex -60.8353 15.1533 0
      vertex -60.2779 15.3425 0
    endloop
  endfacet
  facet normal 0.659298 -0.751882 0
    outer loop
      vertex -59.2606 15.9299 0
      vertex -58.818 16.318 8
      vertex -59.2606 15.9299 8
    endloop
  endfacet
  facet normal 0.659298 -0.751882 0
    outer loop
      vertex -58.818 16.318 8
      vertex -59.2606 15.9299 0
      vertex -58.818 16.318 0
    endloop
  endfacet
  facet normal 0.555562 -0.831475 0
    outer loop
      vertex -59.75 15.6029 0
      vertex -59.2606 15.9299 8
      vertex -59.75 15.6029 8
    endloop
  endfacet
  facet normal 0.555562 -0.831475 0
    outer loop
      vertex -59.2606 15.9299 8
      vertex -59.75 15.6029 0
      vertex -59.2606 15.9299 0
    endloop
  endfacet
  facet normal 0.0654027 -0.997859 0
    outer loop
      vertex -62 15 0
      vertex -61.4126 15.0385 8
      vertex -62 15 8
    endloop
  endfacet
  facet normal 0.0654027 -0.997859 0
    outer loop
      vertex -61.4126 15.0385 8
      vertex -62 15 0
      vertex -61.4126 15.0385 0
    endloop
  endfacet
  facet normal -0.442382 -0.896827 0
    outer loop
      vertex -64.25 15.6029 0
      vertex -63.7221 15.3425 8
      vertex -64.25 15.6029 8
    endloop
  endfacet
  facet normal -0.442382 -0.896827 -0
    outer loop
      vertex -63.7221 15.3425 8
      vertex -64.25 15.6029 0
      vertex -63.7221 15.3425 0
    endloop
  endfacet
  facet normal -0.321421 -0.946936 0
    outer loop
      vertex -63.7221 15.3425 0
      vertex -63.1647 15.1533 8
      vertex -63.7221 15.3425 8
    endloop
  endfacet
  facet normal -0.321421 -0.946936 -0
    outer loop
      vertex -63.1647 15.1533 8
      vertex -63.7221 15.3425 0
      vertex -63.1647 15.1533 0
    endloop
  endfacet
  facet normal 0 0 -1
    outer loop
      vertex -60.3 19.5 0
      vertex -57.5 19.5 0
      vertex -57.5385 18.9126 0
    endloop
  endfacet
  facet normal 0 0 -1
    outer loop
      vertex -60.3145 19.2781 0
      vertex -57.5385 18.9126 0
      vertex -57.6533 18.3353 0
    endloop
  endfacet
  facet normal 0 0 -1
    outer loop
      vertex -57.5 19.5 0
      vertex -60.3 19.5 0
      vertex -57.5385 20.0874 0
    endloop
  endfacet
  facet normal 0 0 -1
    outer loop
      vertex -60.3579 19.06 0
      vertex -57.6533 18.3353 0
      vertex -57.8425 17.7779 0
    endloop
  endfacet
  facet normal 0 0 -1
    outer loop
      vertex -60.3145 19.7219 0
      vertex -57.5385 20.0874 0
      vertex -60.3 19.5 0
    endloop
  endfacet
  facet normal 0 0 -1
    outer loop
      vertex -60.4294 18.8494 0
      vertex -57.8425 17.7779 0
      vertex -58.1029 17.25 0
    endloop
  endfacet
  facet normal -0 0 -1
    outer loop
      vertex -57.5385 20.0874 0
      vertex -60.3145 19.7219 0
      vertex -57.6533 20.6647 0
    endloop
  endfacet
  facet normal 0 0 -1
    outer loop
      vertex -60.5278 18.65 0
      vertex -58.1029 17.25 0
      vertex -58.4299 16.7606 0
    endloop
  endfacet
  facet normal 0 0 -1
    outer loop
      vertex -60.3579 19.94 0
      vertex -57.6533 20.6647 0
      vertex -60.3145 19.7219 0
    endloop
  endfacet
  facet normal 0 0 -1
    outer loop
      vertex -60.6513 18.4651 0
      vertex -58.4299 16.7606 0
      vertex -58.818 16.318 0
    endloop
  endfacet
  facet normal -0 0 -1
    outer loop
      vertex -57.6533 20.6647 0
      vertex -60.3579 19.94 0
      vertex -57.8425 21.2221 0
    endloop
  endfacet
  facet normal 0 0 -1
    outer loop
      vertex -60.7979 18.2979 0
      vertex -58.818 16.318 0
      vertex -59.2606 15.9299 0
    endloop
  endfacet
  facet normal 0 0 -1
    outer loop
      vertex -60.4294 20.1506 0
      vertex -57.8425 21.2221 0
      vertex -60.3579 19.94 0
    endloop
  endfacet
  facet normal 0 0 -1
    outer loop
      vertex -60.9651 18.1513 0
      vertex -59.2606 15.9299 0
      vertex -59.75 15.6029 0
    endloop
  endfacet
  facet normal -0 0 -1
    outer loop
      vertex -57.8425 21.2221 0
      vertex -60.4294 20.1506 0
      vertex -58.1029 21.75 0
    endloop
  endfacet
  facet normal 0 0 -1
    outer loop
      vertex -61.15 18.0278 0
      vertex -59.75 15.6029 0
      vertex -60.2779 15.3425 0
    endloop
  endfacet
  facet normal 0 0 -1
    outer loop
      vertex -60.5278 20.35 0
      vertex -58.1029 21.75 0
      vertex -60.4294 20.1506 0
    endloop
  endfacet
  facet normal -0 0 -1
    outer loop
      vertex -58.1029 21.75 0
      vertex -60.5278 20.35 0
      vertex -58.4299 22.2394 0
    endloop
  endfacet
  facet normal 0 0 -1
    outer loop
      vertex -57.5385 18.9126 0
      vertex -60.3145 19.2781 0
      vertex -60.3 19.5 0
    endloop
  endfacet
  facet normal 0 0 -1
    outer loop
      vertex -57.6533 18.3353 0
      vertex -60.3579 19.06 0
      vertex -60.3145 19.2781 0
    endloop
  endfacet
  facet normal 0 0 -1
    outer loop
      vertex -57.8425 17.7779 0
      vertex -60.4294 18.8494 0
      vertex -60.3579 19.06 0
    endloop
  endfacet
  facet normal 0 0 -1
    outer loop
      vertex -58.1029 17.25 0
      vertex -60.5278 18.65 0
      vertex -60.4294 18.8494 0
    endloop
  endfacet
  facet normal 0 0 -1
    outer loop
      vertex -58.4299 16.7606 0
      vertex -60.6513 18.4651 0
      vertex -60.5278 18.65 0
    endloop
  endfacet
  facet normal 0 0 -1
    outer loop
      vertex -58.818 16.318 0
      vertex -60.7979 18.2979 0
      vertex -60.6513 18.4651 0
    endloop
  endfacet
  facet normal 0 0 -1
    outer loop
      vertex -61.3494 17.9294 0
      vertex -60.2779 15.3425 0
      vertex -60.8353 15.1533 0
    endloop
  endfacet
  facet normal 0 0 -1
    outer loop
      vertex -59.2606 15.9299 0
      vertex -60.9651 18.1513 0
      vertex -60.7979 18.2979 0
    endloop
  endfacet
  facet normal 0 0 -1
    outer loop
      vertex -59.75 15.6029 0
      vertex -61.15 18.0278 0
      vertex -60.9651 18.1513 0
    endloop
  endfacet
  facet normal 0 0 -1
    outer loop
      vertex -60.2779 15.3425 0
      vertex -61.3494 17.9294 0
      vertex -61.15 18.0278 0
    endloop
  endfacet
  facet normal 0 0 -1
    outer loop
      vertex -61.56 17.8579 0
      vertex -60.8353 15.1533 0
      vertex -61.4126 15.0385 0
    endloop
  endfacet
  facet normal 0 0 -1
    outer loop
      vertex -60.8353 15.1533 0
      vertex -61.56 17.8579 0
      vertex -61.3494 17.9294 0
    endloop
  endfacet
  facet normal 0 0 -1
    outer loop
      vertex -61.4126 15.0385 0
      vertex -61.7781 17.8145 0
      vertex -61.56 17.8579 0
    endloop
  endfacet
  facet normal 0 0 -1
    outer loop
      vertex -62 15 0
      vertex -61.7781 17.8145 0
      vertex -61.4126 15.0385 0
    endloop
  endfacet
  facet normal 0 0 -1
    outer loop
      vertex -62 15 0
      vertex -62 17.8 0
      vertex -61.7781 17.8145 0
    endloop
  endfacet
  facet normal 0 0 -1
    outer loop
      vertex -62 15 0
      vertex -62.2219 17.8145 0
      vertex -62 17.8 0
    endloop
  endfacet
  facet normal 0 0 -1
    outer loop
      vertex -62.5874 15.0385 0
      vertex -62.2219 17.8145 0
      vertex -62 15 0
    endloop
  endfacet
  facet normal -0 0 -1
    outer loop
      vertex -62.2219 17.8145 0
      vertex -62.5874 15.0385 0
      vertex -62.44 17.8579 0
    endloop
  endfacet
  facet normal 0 0 -1
    outer loop
      vertex -63.1647 15.1533 0
      vertex -62.44 17.8579 0
      vertex -62.5874 15.0385 0
    endloop
  endfacet
  facet normal -0 0 -1
    outer loop
      vertex -62.44 17.8579 0
      vertex -63.1647 15.1533 0
      vertex -62.6506 17.9294 0
    endloop
  endfacet
  facet normal 0 0 -1
    outer loop
      vertex -63.7221 15.3425 0
      vertex -62.6506 17.9294 0
      vertex -63.1647 15.1533 0
    endloop
  endfacet
  facet normal -0 0 -1
    outer loop
      vertex -62.6506 17.9294 0
      vertex -63.7221 15.3425 0
      vertex -62.85 18.0278 0
    endloop
  endfacet
  facet normal 0 0 -1
    outer loop
      vertex -64.25 15.6029 0
      vertex -62.85 18.0278 0
      vertex -63.7221 15.3425 0
    endloop
  endfacet
  facet normal -0 0 -1
    outer loop
      vertex -62.85 18.0278 0
      vertex -64.25 15.6029 0
      vertex -63.0349 18.1513 0
    endloop
  endfacet
  facet normal 0 0 -1
    outer loop
      vertex -64.7394 15.9299 0
      vertex -63.0349 18.1513 0
      vertex -64.25 15.6029 0
    endloop
  endfacet
  facet normal -0 0 -1
    outer loop
      vertex -63.0349 18.1513 0
      vertex -64.7394 15.9299 0
      vertex -63.2021 18.2979 0
    endloop
  endfacet
  facet normal 0 0 -1
    outer loop
      vertex -65.182 16.318 0
      vertex -63.2021 18.2979 0
      vertex -64.7394 15.9299 0
    endloop
  endfacet
  facet normal -0 0 -1
    outer loop
      vertex -63.2021 18.2979 0
      vertex -65.182 16.318 0
      vertex -63.3487 18.4651 0
    endloop
  endfacet
  facet normal -0 0 -1
    outer loop
      vertex -63.3487 18.4651 0
      vertex -65.5701 16.7606 0
      vertex -63.4722 18.65 0
    endloop
  endfacet
  facet normal 0 0 -1
    outer loop
      vertex -65.5701 16.7606 0
      vertex -63.3487 18.4651 0
      vertex -65.182 16.318 0
    endloop
  endfacet
  facet normal 0 0 -1
    outer loop
      vertex -60.6513 20.5349 0
      vertex -58.4299 22.2394 0
      vertex -60.5278 20.35 0
    endloop
  endfacet
  facet normal -0 0 -1
    outer loop
      vertex -58.4299 22.2394 0
      vertex -60.6513 20.5349 0
      vertex -58.818 22.682 0
    endloop
  endfacet
  facet normal 0 0 -1
    outer loop
      vertex -60.7979 20.7021 0
      vertex -58.818 22.682 0
      vertex -60.6513 20.5349 0
    endloop
  endfacet
  facet normal -0 0 -1
    outer loop
      vertex -58.818 22.682 0
      vertex -60.7979 20.7021 0
      vertex -59.2606 23.0701 0
    endloop
  endfacet
  facet normal 0 0 -1
    outer loop
      vertex -60.9651 20.8487 0
      vertex -59.2606 23.0701 0
      vertex -60.7979 20.7021 0
    endloop
  endfacet
  facet normal -0 0 -1
    outer loop
      vertex -59.2606 23.0701 0
      vertex -60.9651 20.8487 0
      vertex -59.75 23.3971 0
    endloop
  endfacet
  facet normal 0 0 -1
    outer loop
      vertex -61.15 20.9722 0
      vertex -59.75 23.3971 0
      vertex -60.9651 20.8487 0
    endloop
  endfacet
  facet normal -0 0 -1
    outer loop
      vertex -59.75 23.3971 0
      vertex -61.15 20.9722 0
      vertex -60.2779 23.6575 0
    endloop
  endfacet
  facet normal 0 0 -1
    outer loop
      vertex -61.3494 21.0706 0
      vertex -60.2779 23.6575 0
      vertex -61.15 20.9722 0
    endloop
  endfacet
  facet normal -0 0 -1
    outer loop
      vertex -60.2779 23.6575 0
      vertex -61.3494 21.0706 0
      vertex -60.8353 23.8467 0
    endloop
  endfacet
  facet normal 0 0 -1
    outer loop
      vertex -61.56 21.1421 0
      vertex -60.8353 23.8467 0
      vertex -61.3494 21.0706 0
    endloop
  endfacet
  facet normal -0 0 -1
    outer loop
      vertex -60.8353 23.8467 0
      vertex -61.56 21.1421 0
      vertex -61.4126 23.9615 0
    endloop
  endfacet
  facet normal 0 0 -1
    outer loop
      vertex -61.7781 21.1855 0
      vertex -61.4126 23.9615 0
      vertex -61.56 21.1421 0
    endloop
  endfacet
  facet normal 0 0 -1
    outer loop
      vertex -62 21.2 0
      vertex -61.4126 23.9615 0
      vertex -61.7781 21.1855 0
    endloop
  endfacet
  facet normal 0 0 -1
    outer loop
      vertex -62 21.2 0
      vertex -62 24 0
      vertex -61.4126 23.9615 0
    endloop
  endfacet
  facet normal 0 0 -1
    outer loop
      vertex -62.2219 21.1855 0
      vertex -62 24 0
      vertex -62 21.2 0
    endloop
  endfacet
  facet normal 0 0 -1
    outer loop
      vertex -62.5874 23.9615 0
      vertex -62.2219 21.1855 0
      vertex -62.44 21.1421 0
    endloop
  endfacet
  facet normal 0 0 -1
    outer loop
      vertex -62.2219 21.1855 0
      vertex -62.5874 23.9615 0
      vertex -62 24 0
    endloop
  endfacet
  facet normal 0 0 -1
    outer loop
      vertex -63.1647 23.8467 0
      vertex -62.44 21.1421 0
      vertex -62.6506 21.0706 0
    endloop
  endfacet
  facet normal 0 0 -1
    outer loop
      vertex -63.7221 23.6575 0
      vertex -62.6506 21.0706 0
      vertex -62.85 20.9722 0
    endloop
  endfacet
  facet normal 0 0 -1
    outer loop
      vertex -64.25 23.3971 0
      vertex -62.85 20.9722 0
      vertex -63.0349 20.8487 0
    endloop
  endfacet
  facet normal 0 0 -1
    outer loop
      vertex -62.44 21.1421 0
      vertex -63.1647 23.8467 0
      vertex -62.5874 23.9615 0
    endloop
  endfacet
  facet normal 0 0 -1
    outer loop
      vertex -64.7394 23.0701 0
      vertex -63.0349 20.8487 0
      vertex -63.2021 20.7021 0
    endloop
  endfacet
  facet normal 0 0 -1
    outer loop
      vertex -65.182 22.682 0
      vertex -63.2021 20.7021 0
      vertex -63.3487 20.5349 0
    endloop
  endfacet
  facet normal 0 0 -1
    outer loop
      vertex -65.5701 22.2394 0
      vertex -63.3487 20.5349 0
      vertex -63.4722 20.35 0
    endloop
  endfacet
  facet normal 0 0 -1
    outer loop
      vertex -65.8971 21.75 0
      vertex -63.4722 20.35 0
      vertex -63.5706 20.1506 0
    endloop
  endfacet
  facet normal 0 0 -1
    outer loop
      vertex -66.1575 21.2221 0
      vertex -63.5706 20.1506 0
      vertex -63.6421 19.94 0
    endloop
  endfacet
  facet normal 0 0 -1
    outer loop
      vertex -66.3467 20.6647 0
      vertex -63.6421 19.94 0
      vertex -63.6855 19.7219 0
    endloop
  endfacet
  facet normal 0 0 -1
    outer loop
      vertex -62.6506 21.0706 0
      vertex -63.7221 23.6575 0
      vertex -63.1647 23.8467 0
    endloop
  endfacet
  facet normal 0 0 -1
    outer loop
      vertex -66.4615 20.0874 0
      vertex -63.6855 19.7219 0
      vertex -63.7 19.5 0
    endloop
  endfacet
  facet normal 0 0 -1
    outer loop
      vertex -65.8971 17.25 0
      vertex -63.4722 18.65 0
      vertex -65.5701 16.7606 0
    endloop
  endfacet
  facet normal -0 0 -1
    outer loop
      vertex -63.4722 18.65 0
      vertex -65.8971 17.25 0
      vertex -63.5706 18.8494 0
    endloop
  endfacet
  facet normal 0 0 -1
    outer loop
      vertex -62.85 20.9722 0
      vertex -64.25 23.3971 0
      vertex -63.7221 23.6575 0
    endloop
  endfacet
  facet normal 0 0 -1
    outer loop
      vertex -66.1575 17.7779 0
      vertex -63.5706 18.8494 0
      vertex -65.8971 17.25 0
    endloop
  endfacet
  facet normal 0 0 -1
    outer loop
      vertex -63.0349 20.8487 0
      vertex -64.7394 23.0701 0
      vertex -64.25 23.3971 0
    endloop
  endfacet
  facet normal -0 0 -1
    outer loop
      vertex -63.5706 18.8494 0
      vertex -66.1575 17.7779 0
      vertex -63.6421 19.06 0
    endloop
  endfacet
  facet normal 0 0 -1
    outer loop
      vertex -63.2021 20.7021 0
      vertex -65.182 22.682 0
      vertex -64.7394 23.0701 0
    endloop
  endfacet
  facet normal 0 0 -1
    outer loop
      vertex -66.3467 18.3353 0
      vertex -63.6421 19.06 0
      vertex -66.1575 17.7779 0
    endloop
  endfacet
  facet normal 0 0 -1
    outer loop
      vertex -63.3487 20.5349 0
      vertex -65.5701 22.2394 0
      vertex -65.182 22.682 0
    endloop
  endfacet
  facet normal -0 0 -1
    outer loop
      vertex -63.6421 19.06 0
      vertex -66.3467 18.3353 0
      vertex -63.6855 19.2781 0
    endloop
  endfacet
  facet normal 0 0 -1
    outer loop
      vertex -63.4722 20.35 0
      vertex -65.8971 21.75 0
      vertex -65.5701 22.2394 0
    endloop
  endfacet
  facet normal 0 0 -1
    outer loop
      vertex -66.4615 18.9126 0
      vertex -63.6855 19.2781 0
      vertex -66.3467 18.3353 0
    endloop
  endfacet
  facet normal 0 0 -1
    outer loop
      vertex -63.5706 20.1506 0
      vertex -66.1575 21.2221 0
      vertex -65.8971 21.75 0
    endloop
  endfacet
  facet normal -0 0 -1
    outer loop
      vertex -63.6855 19.2781 0
      vertex -66.4615 18.9126 0
      vertex -63.7 19.5 0
    endloop
  endfacet
  facet normal 0 0 -1
    outer loop
      vertex -63.6421 19.94 0
      vertex -66.3467 20.6647 0
      vertex -66.1575 21.2221 0
    endloop
  endfacet
  facet normal 0 0 -1
    outer loop
      vertex -66.5 19.5 0
      vertex -63.7 19.5 0
      vertex -66.4615 18.9126 0
    endloop
  endfacet
  facet normal 0 0 -1
    outer loop
      vertex -63.6855 19.7219 0
      vertex -66.4615 20.0874 0
      vertex -66.3467 20.6647 0
    endloop
  endfacet
  facet normal 0 0 -1
    outer loop
      vertex -63.7 19.5 0
      vertex -66.5 19.5 0
      vertex -66.4615 20.0874 0
    endloop
  endfacet
  facet normal -0.980796 -0.195038 0
    outer loop
      vertex -66.3467 18.3353 0
      vertex -66.4615 18.9126 8
      vertex -66.4615 18.9126 0
    endloop
  endfacet
  facet normal -0.980796 -0.195038 0
    outer loop
      vertex -66.4615 18.9126 8
      vertex -66.3467 18.3353 0
      vertex -66.3467 18.3353 8
    endloop
  endfacet
  facet normal -0.555562 -0.831475 0
    outer loop
      vertex -64.7394 15.9299 0
      vertex -64.25 15.6029 8
      vertex -64.7394 15.9299 8
    endloop
  endfacet
  facet normal -0.555562 -0.831475 -0
    outer loop
      vertex -64.25 15.6029 8
      vertex -64.7394 15.9299 0
      vertex -64.25 15.6029 0
    endloop
  endfacet
  facet normal -0.195038 -0.980796 0
    outer loop
      vertex -63.1647 15.1533 0
      vertex -62.5874 15.0385 8
      vertex -63.1647 15.1533 8
    endloop
  endfacet
  facet normal -0.195038 -0.980796 -0
    outer loop
      vertex -62.5874 15.0385 8
      vertex -63.1647 15.1533 0
      vertex -62.5874 15.0385 0
    endloop
  endfacet
  facet normal -0.831566 -0.555426 0
    outer loop
      vertex -60.5278 20.35 0
      vertex -60.6513 20.5349 8
      vertex -60.6513 20.5349 0
    endloop
  endfacet
  facet normal -0.831566 -0.555426 0
    outer loop
      vertex -60.6513 20.5349 8
      vertex -60.5278 20.35 0
      vertex -60.5278 20.35 8
    endloop
  endfacet
  facet normal -0.321484 -0.946915 0
    outer loop
      vertex -61.56 21.1421 0
      vertex -61.3494 21.0706 8
      vertex -61.56 21.1421 8
    endloop
  endfacet
  facet normal -0.321484 -0.946915 -0
    outer loop
      vertex -61.3494 21.0706 8
      vertex -61.56 21.1421 0
      vertex -61.3494 21.0706 0
    endloop
  endfacet
  facet normal 0.44253 -0.896754 0
    outer loop
      vertex -62.85 20.9722 0
      vertex -62.6506 21.0706 8
      vertex -62.85 20.9722 8
    endloop
  endfacet
  facet normal 0.44253 -0.896754 0
    outer loop
      vertex -62.6506 21.0706 8
      vertex -62.85 20.9722 0
      vertex -62.6506 21.0706 0
    endloop
  endfacet
  facet normal 0.946915 -0.321484 0
    outer loop
      vertex -63.6421 19.94 8
      vertex -63.5706 20.1506 0
      vertex -63.5706 20.1506 8
    endloop
  endfacet
  facet normal 0.946915 -0.321484 0
    outer loop
      vertex -63.5706 20.1506 0
      vertex -63.6421 19.94 8
      vertex -63.6421 19.94 0
    endloop
  endfacet
  facet normal -0.98077 0.195165 0
    outer loop
      vertex -60.3579 19.06 0
      vertex -60.3145 19.2781 8
      vertex -60.3145 19.2781 0
    endloop
  endfacet
  facet normal -0.98077 0.195165 0
    outer loop
      vertex -60.3145 19.2781 8
      vertex -60.3579 19.06 0
      vertex -60.3579 19.06 8
    endloop
  endfacet
  facet normal -0.98077 -0.195165 0
    outer loop
      vertex -60.3145 19.7219 0
      vertex -60.3579 19.94 8
      vertex -60.3579 19.94 0
    endloop
  endfacet
  facet normal -0.98077 -0.195165 0
    outer loop
      vertex -60.3579 19.94 8
      vertex -60.3145 19.7219 0
      vertex -60.3145 19.7219 8
    endloop
  endfacet
  facet normal 0.0652057 -0.997872 0
    outer loop
      vertex -62.2219 21.1855 0
      vertex -62 21.2 8
      vertex -62.2219 21.1855 8
    endloop
  endfacet
  facet normal 0.0652057 -0.997872 0
    outer loop
      vertex -62 21.2 8
      vertex -62.2219 21.1855 0
      vertex -62 21.2 0
    endloop
  endfacet
  facet normal -0.44253 -0.896754 0
    outer loop
      vertex -61.3494 21.0706 0
      vertex -61.15 20.9722 8
      vertex -61.3494 21.0706 8
    endloop
  endfacet
  facet normal -0.44253 -0.896754 -0
    outer loop
      vertex -61.15 20.9722 8
      vertex -61.3494 21.0706 0
      vertex -61.15 20.9722 0
    endloop
  endfacet
  facet normal 0.997872 0.0652057 0
    outer loop
      vertex -63.6855 19.2781 8
      vertex -63.7 19.5 0
      vertex -63.7 19.5 8
    endloop
  endfacet
  facet normal 0.997872 0.0652057 0
    outer loop
      vertex -63.7 19.5 0
      vertex -63.6855 19.2781 8
      vertex -63.6855 19.2781 0
    endloop
  endfacet
  facet normal 0.831566 -0.555426 0
    outer loop
      vertex -63.4722 20.35 8
      vertex -63.3487 20.5349 0
      vertex -63.3487 20.5349 8
    endloop
  endfacet
  facet normal 0.831566 -0.555426 0
    outer loop
      vertex -63.3487 20.5349 0
      vertex -63.4722 20.35 8
      vertex -63.4722 20.35 0
    endloop
  endfacet
  facet normal 0.555426 -0.831566 0
    outer loop
      vertex -63.0349 20.8487 0
      vertex -62.85 20.9722 8
      vertex -63.0349 20.8487 8
    endloop
  endfacet
  facet normal 0.555426 -0.831566 0
    outer loop
      vertex -62.85 20.9722 8
      vertex -63.0349 20.8487 0
      vertex -62.85 20.9722 0
    endloop
  endfacet
  facet normal 0.195165 -0.98077 0
    outer loop
      vertex -62.44 21.1421 0
      vertex -62.2219 21.1855 8
      vertex -62.44 21.1421 8
    endloop
  endfacet
  facet normal 0.195165 -0.98077 0
    outer loop
      vertex -62.2219 21.1855 8
      vertex -62.44 21.1421 0
      vertex -62.2219 21.1855 0
    endloop
  endfacet
  facet normal -0.997872 -0.0652057 0
    outer loop
      vertex -60.3 19.5 0
      vertex -60.3145 19.7219 8
      vertex -60.3145 19.7219 0
    endloop
  endfacet
  facet normal -0.997872 -0.0652057 0
    outer loop
      vertex -60.3145 19.7219 8
      vertex -60.3 19.5 0
      vertex -60.3 19.5 8
    endloop
  endfacet
  facet normal -0.946915 0.321484 0
    outer loop
      vertex -60.4294 18.8494 0
      vertex -60.3579 19.06 8
      vertex -60.3579 19.06 0
    endloop
  endfacet
  facet normal -0.946915 0.321484 0
    outer loop
      vertex -60.3579 19.06 8
      vertex -60.4294 18.8494 0
      vertex -60.4294 18.8494 8
    endloop
  endfacet
  facet normal 0.555426 0.831566 -0
    outer loop
      vertex -62.85 18.0278 0
      vertex -63.0349 18.1513 8
      vertex -62.85 18.0278 8
    endloop
  endfacet
  facet normal 0.555426 0.831566 0
    outer loop
      vertex -63.0349 18.1513 8
      vertex -62.85 18.0278 0
      vertex -63.0349 18.1513 0
    endloop
  endfacet
  facet normal 0.831566 0.555426 0
    outer loop
      vertex -63.3487 18.4651 8
      vertex -63.4722 18.65 0
      vertex -63.4722 18.65 8
    endloop
  endfacet
  facet normal 0.831566 0.555426 0
    outer loop
      vertex -63.4722 18.65 0
      vertex -63.3487 18.4651 8
      vertex -63.3487 18.4651 0
    endloop
  endfacet
  facet normal -0.555426 0.831566 0
    outer loop
      vertex -60.9651 18.1513 0
      vertex -61.15 18.0278 8
      vertex -60.9651 18.1513 8
    endloop
  endfacet
  facet normal -0.555426 0.831566 0
    outer loop
      vertex -61.15 18.0278 8
      vertex -60.9651 18.1513 0
      vertex -61.15 18.0278 0
    endloop
  endfacet
  facet normal -0.659268 -0.751908 0
    outer loop
      vertex -60.9651 20.8487 0
      vertex -60.7979 20.7021 8
      vertex -60.9651 20.8487 8
    endloop
  endfacet
  facet normal -0.659268 -0.751908 -0
    outer loop
      vertex -60.7979 20.7021 8
      vertex -60.9651 20.8487 0
      vertex -60.7979 20.7021 0
    endloop
  endfacet
  facet normal -0.195165 -0.98077 0
    outer loop
      vertex -61.7781 21.1855 0
      vertex -61.56 21.1421 8
      vertex -61.7781 21.1855 8
    endloop
  endfacet
  facet normal -0.195165 -0.98077 -0
    outer loop
      vertex -61.56 21.1421 8
      vertex -61.7781 21.1855 0
      vertex -61.56 21.1421 0
    endloop
  endfacet
  facet normal -0.0652057 -0.997872 0
    outer loop
      vertex -62 21.2 0
      vertex -61.7781 21.1855 8
      vertex -62 21.2 8
    endloop
  endfacet
  facet normal -0.0652057 -0.997872 -0
    outer loop
      vertex -61.7781 21.1855 8
      vertex -62 21.2 0
      vertex -61.7781 21.1855 0
    endloop
  endfacet
  facet normal -0.555426 -0.831566 0
    outer loop
      vertex -61.15 20.9722 0
      vertex -60.9651 20.8487 8
      vertex -61.15 20.9722 8
    endloop
  endfacet
  facet normal -0.555426 -0.831566 -0
    outer loop
      vertex -60.9651 20.8487 8
      vertex -61.15 20.9722 0
      vertex -60.9651 20.8487 0
    endloop
  endfacet
  facet normal 0.98077 -0.195165 0
    outer loop
      vertex -63.6855 19.7219 8
      vertex -63.6421 19.94 0
      vertex -63.6421 19.94 8
    endloop
  endfacet
  facet normal 0.98077 -0.195165 0
    outer loop
      vertex -63.6421 19.94 0
      vertex -63.6855 19.7219 8
      vertex -63.6855 19.7219 0
    endloop
  endfacet
  facet normal 0.997872 -0.0652057 0
    outer loop
      vertex -63.7 19.5 8
      vertex -63.6855 19.7219 0
      vertex -63.6855 19.7219 8
    endloop
  endfacet
  facet normal 0.997872 -0.0652057 0
    outer loop
      vertex -63.6855 19.7219 0
      vertex -63.7 19.5 8
      vertex -63.7 19.5 0
    endloop
  endfacet
  facet normal 0.896754 -0.44253 0
    outer loop
      vertex -63.5706 20.1506 8
      vertex -63.4722 20.35 0
      vertex -63.4722 20.35 8
    endloop
  endfacet
  facet normal 0.896754 -0.44253 0
    outer loop
      vertex -63.4722 20.35 0
      vertex -63.5706 20.1506 8
      vertex -63.5706 20.1506 0
    endloop
  endfacet
  facet normal 0.321484 -0.946915 0
    outer loop
      vertex -62.6506 21.0706 0
      vertex -62.44 21.1421 8
      vertex -62.6506 21.0706 8
    endloop
  endfacet
  facet normal 0.321484 -0.946915 0
    outer loop
      vertex -62.44 21.1421 8
      vertex -62.6506 21.0706 0
      vertex -62.44 21.1421 0
    endloop
  endfacet
  facet normal 0.659268 -0.751908 0
    outer loop
      vertex -63.2021 20.7021 0
      vertex -63.0349 20.8487 8
      vertex -63.2021 20.7021 8
    endloop
  endfacet
  facet normal 0.659268 -0.751908 0
    outer loop
      vertex -63.0349 20.8487 8
      vertex -63.2021 20.7021 0
      vertex -63.0349 20.8487 0
    endloop
  endfacet
  facet normal 0.751908 -0.659268 0
    outer loop
      vertex -63.3487 20.5349 8
      vertex -63.2021 20.7021 0
      vertex -63.2021 20.7021 8
    endloop
  endfacet
  facet normal 0.751908 -0.659268 0
    outer loop
      vertex -63.2021 20.7021 0
      vertex -63.3487 20.5349 8
      vertex -63.3487 20.5349 0
    endloop
  endfacet
  facet normal -0.997872 0.0652057 0
    outer loop
      vertex -60.3145 19.2781 0
      vertex -60.3 19.5 8
      vertex -60.3 19.5 0
    endloop
  endfacet
  facet normal -0.997872 0.0652057 0
    outer loop
      vertex -60.3 19.5 8
      vertex -60.3145 19.2781 0
      vertex -60.3145 19.2781 8
    endloop
  endfacet
  facet normal -0.831566 0.555426 0
    outer loop
      vertex -60.6513 18.4651 0
      vertex -60.5278 18.65 8
      vertex -60.5278 18.65 0
    endloop
  endfacet
  facet normal -0.831566 0.555426 0
    outer loop
      vertex -60.5278 18.65 8
      vertex -60.6513 18.4651 0
      vertex -60.6513 18.4651 8
    endloop
  endfacet
  facet normal 0.98077 0.195165 0
    outer loop
      vertex -63.6421 19.06 8
      vertex -63.6855 19.2781 0
      vertex -63.6855 19.2781 8
    endloop
  endfacet
  facet normal 0.98077 0.195165 0
    outer loop
      vertex -63.6855 19.2781 0
      vertex -63.6421 19.06 8
      vertex -63.6421 19.06 0
    endloop
  endfacet
  facet normal 0.751908 0.659268 0
    outer loop
      vertex -63.2021 18.2979 8
      vertex -63.3487 18.4651 0
      vertex -63.3487 18.4651 8
    endloop
  endfacet
  facet normal 0.751908 0.659268 0
    outer loop
      vertex -63.3487 18.4651 0
      vertex -63.2021 18.2979 8
      vertex -63.2021 18.2979 0
    endloop
  endfacet
  facet normal -0.195165 0.98077 0
    outer loop
      vertex -61.56 17.8579 0
      vertex -61.7781 17.8145 8
      vertex -61.56 17.8579 8
    endloop
  endfacet
  facet normal -0.195165 0.98077 0
    outer loop
      vertex -61.7781 17.8145 8
      vertex -61.56 17.8579 0
      vertex -61.7781 17.8145 0
    endloop
  endfacet
  facet normal -0.659268 0.751908 0
    outer loop
      vertex -60.7979 18.2979 0
      vertex -60.9651 18.1513 8
      vertex -60.7979 18.2979 8
    endloop
  endfacet
  facet normal -0.659268 0.751908 0
    outer loop
      vertex -60.9651 18.1513 8
      vertex -60.7979 18.2979 0
      vertex -60.9651 18.1513 0
    endloop
  endfacet
  facet normal -0.896754 -0.44253 0
    outer loop
      vertex -60.4294 20.1506 0
      vertex -60.5278 20.35 8
      vertex -60.5278 20.35 0
    endloop
  endfacet
  facet normal -0.896754 -0.44253 0
    outer loop
      vertex -60.5278 20.35 8
      vertex -60.4294 20.1506 0
      vertex -60.4294 20.1506 8
    endloop
  endfacet
  facet normal -0.946915 -0.321484 0
    outer loop
      vertex -60.3579 19.94 0
      vertex -60.4294 20.1506 8
      vertex -60.4294 20.1506 0
    endloop
  endfacet
  facet normal -0.946915 -0.321484 0
    outer loop
      vertex -60.4294 20.1506 8
      vertex -60.3579 19.94 0
      vertex -60.3579 19.94 8
    endloop
  endfacet
  facet normal -0.751908 -0.659268 0
    outer loop
      vertex -60.6513 20.5349 0
      vertex -60.7979 20.7021 8
      vertex -60.7979 20.7021 0
    endloop
  endfacet
  facet normal -0.751908 -0.659268 0
    outer loop
      vertex -60.7979 20.7021 8
      vertex -60.6513 20.5349 0
      vertex -60.6513 20.5349 8
    endloop
  endfacet
  facet normal -0.896754 0.44253 0
    outer loop
      vertex -60.5278 18.65 0
      vertex -60.4294 18.8494 8
      vertex -60.4294 18.8494 0
    endloop
  endfacet
  facet normal -0.896754 0.44253 0
    outer loop
      vertex -60.4294 18.8494 8
      vertex -60.5278 18.65 0
      vertex -60.5278 18.65 8
    endloop
  endfacet
  facet normal -0.0652057 0.997872 0
    outer loop
      vertex -61.7781 17.8145 0
      vertex -62 17.8 8
      vertex -61.7781 17.8145 8
    endloop
  endfacet
  facet normal -0.0652057 0.997872 0
    outer loop
      vertex -62 17.8 8
      vertex -61.7781 17.8145 0
      vertex -62 17.8 0
    endloop
  endfacet
  facet normal 0.896754 0.44253 0
    outer loop
      vertex -63.4722 18.65 8
      vertex -63.5706 18.8494 0
      vertex -63.5706 18.8494 8
    endloop
  endfacet
  facet normal 0.896754 0.44253 0
    outer loop
      vertex -63.5706 18.8494 0
      vertex -63.4722 18.65 8
      vertex -63.4722 18.65 0
    endloop
  endfacet
  facet normal 0.946915 0.321484 0
    outer loop
      vertex -63.5706 18.8494 8
      vertex -63.6421 19.06 0
      vertex -63.6421 19.06 8
    endloop
  endfacet
  facet normal 0.946915 0.321484 0
    outer loop
      vertex -63.6421 19.06 0
      vertex -63.5706 18.8494 8
      vertex -63.5706 18.8494 0
    endloop
  endfacet
  facet normal 0.659268 0.751908 -0
    outer loop
      vertex -63.0349 18.1513 0
      vertex -63.2021 18.2979 8
      vertex -63.0349 18.1513 8
    endloop
  endfacet
  facet normal 0.659268 0.751908 0
    outer loop
      vertex -63.2021 18.2979 8
      vertex -63.0349 18.1513 0
      vertex -63.2021 18.2979 0
    endloop
  endfacet
  facet normal -0.44253 0.896754 0
    outer loop
      vertex -61.15 18.0278 0
      vertex -61.3494 17.9294 8
      vertex -61.15 18.0278 8
    endloop
  endfacet
  facet normal -0.44253 0.896754 0
    outer loop
      vertex -61.3494 17.9294 8
      vertex -61.15 18.0278 0
      vertex -61.3494 17.9294 0
    endloop
  endfacet
  facet normal -0.321484 0.946915 0
    outer loop
      vertex -61.3494 17.9294 0
      vertex -61.56 17.8579 8
      vertex -61.3494 17.9294 8
    endloop
  endfacet
  facet normal -0.321484 0.946915 0
    outer loop
      vertex -61.56 17.8579 8
      vertex -61.3494 17.9294 0
      vertex -61.56 17.8579 0
    endloop
  endfacet
  facet normal 0.44253 0.896754 -0
    outer loop
      vertex -62.6506 17.9294 0
      vertex -62.85 18.0278 8
      vertex -62.6506 17.9294 8
    endloop
  endfacet
  facet normal 0.44253 0.896754 0
    outer loop
      vertex -62.85 18.0278 8
      vertex -62.6506 17.9294 0
      vertex -62.85 18.0278 0
    endloop
  endfacet
  facet normal 0.195165 0.98077 -0
    outer loop
      vertex -62.2219 17.8145 0
      vertex -62.44 17.8579 8
      vertex -62.2219 17.8145 8
    endloop
  endfacet
  facet normal 0.195165 0.98077 0
    outer loop
      vertex -62.44 17.8579 8
      vertex -62.2219 17.8145 0
      vertex -62.44 17.8579 0
    endloop
  endfacet
  facet normal 0.321484 0.946915 -0
    outer loop
      vertex -62.44 17.8579 0
      vertex -62.6506 17.9294 8
      vertex -62.44 17.8579 8
    endloop
  endfacet
  facet normal 0.321484 0.946915 0
    outer loop
      vertex -62.6506 17.9294 8
      vertex -62.44 17.8579 0
      vertex -62.6506 17.9294 0
    endloop
  endfacet
  facet normal -0.751908 0.659268 0
    outer loop
      vertex -60.7979 18.2979 0
      vertex -60.6513 18.4651 8
      vertex -60.6513 18.4651 0
    endloop
  endfacet
  facet normal -0.751908 0.659268 0
    outer loop
      vertex -60.6513 18.4651 8
      vertex -60.7979 18.2979 0
      vertex -60.7979 18.2979 8
    endloop
  endfacet
  facet normal 0.0652057 0.997872 -0
    outer loop
      vertex -62 17.8 0
      vertex -62.2219 17.8145 8
      vertex -62 17.8 8
    endloop
  endfacet
  facet normal 0.0652057 0.997872 0
    outer loop
      vertex -62.2219 17.8145 8
      vertex -62 17.8 0
      vertex -62.2219 17.8145 0
    endloop
  endfacet
  facet normal 0.555562 0.831475 -0
    outer loop
      vertex 64.7394 23.0701 0
      vertex 64.25 23.3971 8
      vertex 64.7394 23.0701 8
    endloop
  endfacet
  facet normal 0.555562 0.831475 0
    outer loop
      vertex 64.25 23.3971 8
      vertex 64.7394 23.0701 0
      vertex 64.25 23.3971 0
    endloop
  endfacet
  facet normal -0.980796 0.195038 0
    outer loop
      vertex 57.5385 20.0874 0
      vertex 57.6533 20.6647 8
      vertex 57.6533 20.6647 0
    endloop
  endfacet
  facet normal -0.980796 0.195038 0
    outer loop
      vertex 57.6533 20.6647 8
      vertex 57.5385 20.0874 0
      vertex 57.5385 20.0874 8
    endloop
  endfacet
  facet normal 0.997859 -0.0654027 0
    outer loop
      vertex 66.4615 18.9126 8
      vertex 66.5 19.5 0
      vertex 66.5 19.5 8
    endloop
  endfacet
  facet normal 0.997859 -0.0654027 0
    outer loop
      vertex 66.5 19.5 0
      vertex 66.4615 18.9126 8
      vertex 66.4615 18.9126 0
    endloop
  endfacet
  facet normal -0.195038 -0.980796 0
    outer loop
      vertex 60.8353 15.1533 0
      vertex 61.4126 15.0385 8
      vertex 60.8353 15.1533 8
    endloop
  endfacet
  facet normal -0.195038 -0.980796 -0
    outer loop
      vertex 61.4126 15.0385 8
      vertex 60.8353 15.1533 0
      vertex 61.4126 15.0385 0
    endloop
  endfacet
  facet normal -0.442382 0.896827 0
    outer loop
      vertex 60.2779 23.6575 0
      vertex 59.75 23.3971 8
      vertex 60.2779 23.6575 8
    endloop
  endfacet
  facet normal -0.442382 0.896827 0
    outer loop
      vertex 59.75 23.3971 8
      vertex 60.2779 23.6575 0
      vertex 59.75 23.3971 0
    endloop
  endfacet
  facet normal -0.946936 0.321421 0
    outer loop
      vertex 57.6533 20.6647 0
      vertex 57.8425 21.2221 8
      vertex 57.8425 21.2221 0
    endloop
  endfacet
  facet normal -0.946936 0.321421 0
    outer loop
      vertex 57.8425 21.2221 8
      vertex 57.6533 20.6647 0
      vertex 57.6533 20.6647 8
    endloop
  endfacet
  facet normal 0.751882 -0.659298 0
    outer loop
      vertex 65.182 16.318 8
      vertex 65.5701 16.7606 0
      vertex 65.5701 16.7606 8
    endloop
  endfacet
  facet normal 0.751882 -0.659298 0
    outer loop
      vertex 65.5701 16.7606 0
      vertex 65.182 16.318 8
      vertex 65.182 16.318 0
    endloop
  endfacet
  facet normal -0.831475 -0.555562 0
    outer loop
      vertex 58.4299 16.7606 0
      vertex 58.1029 17.25 8
      vertex 58.1029 17.25 0
    endloop
  endfacet
  facet normal -0.831475 -0.555562 0
    outer loop
      vertex 58.1029 17.25 8
      vertex 58.4299 16.7606 0
      vertex 58.4299 16.7606 8
    endloop
  endfacet
  facet normal 0.946936 0.321421 0
    outer loop
      vertex 66.3467 20.6647 8
      vertex 66.1575 21.2221 0
      vertex 66.1575 21.2221 8
    endloop
  endfacet
  facet normal 0.946936 0.321421 0
    outer loop
      vertex 66.1575 21.2221 0
      vertex 66.3467 20.6647 8
      vertex 66.3467 20.6647 0
    endloop
  endfacet
  facet normal 0.659298 0.751882 -0
    outer loop
      vertex 65.182 22.682 0
      vertex 64.7394 23.0701 8
      vertex 65.182 22.682 8
    endloop
  endfacet
  facet normal 0.659298 0.751882 0
    outer loop
      vertex 64.7394 23.0701 8
      vertex 65.182 22.682 0
      vertex 64.7394 23.0701 0
    endloop
  endfacet
  facet normal 0.442382 0.896827 -0
    outer loop
      vertex 64.25 23.3971 0
      vertex 63.7221 23.6575 8
      vertex 64.25 23.3971 8
    endloop
  endfacet
  facet normal 0.442382 0.896827 0
    outer loop
      vertex 63.7221 23.6575 8
      vertex 64.25 23.3971 0
      vertex 63.7221 23.6575 0
    endloop
  endfacet
  facet normal -0.0654027 0.997859 0
    outer loop
      vertex 62 24 0
      vertex 61.4126 23.9615 8
      vertex 62 24 8
    endloop
  endfacet
  facet normal -0.0654027 0.997859 0
    outer loop
      vertex 61.4126 23.9615 8
      vertex 62 24 0
      vertex 61.4126 23.9615 0
    endloop
  endfacet
  facet normal 0.0654027 0.997859 -0
    outer loop
      vertex 62.5874 23.9615 0
      vertex 62 24 8
      vertex 62.5874 23.9615 8
    endloop
  endfacet
  facet normal 0.0654027 0.997859 0
    outer loop
      vertex 62 24 8
      vertex 62.5874 23.9615 0
      vertex 62 24 0
    endloop
  endfacet
  facet normal 0 0 -1
    outer loop
      vertex 63.7 19.5 0
      vertex 66.5 19.5 0
      vertex 66.4615 18.9126 0
    endloop
  endfacet
  facet normal 0 0 -1
    outer loop
      vertex 63.6855 19.2781 0
      vertex 66.4615 18.9126 0
      vertex 66.3467 18.3353 0
    endloop
  endfacet
  facet normal 0 0 -1
    outer loop
      vertex 66.5 19.5 0
      vertex 63.7 19.5 0
      vertex 66.4615 20.0874 0
    endloop
  endfacet
  facet normal 0 0 -1
    outer loop
      vertex 63.6421 19.06 0
      vertex 66.3467 18.3353 0
      vertex 66.1575 17.7779 0
    endloop
  endfacet
  facet normal 0 0 -1
    outer loop
      vertex 63.6855 19.7219 0
      vertex 66.4615 20.0874 0
      vertex 63.7 19.5 0
    endloop
  endfacet
  facet normal 0 0 -1
    outer loop
      vertex 63.5706 18.8494 0
      vertex 66.1575 17.7779 0
      vertex 65.8971 17.25 0
    endloop
  endfacet
  facet normal -0 0 -1
    outer loop
      vertex 66.4615 20.0874 0
      vertex 63.6855 19.7219 0
      vertex 66.3467 20.6647 0
    endloop
  endfacet
  facet normal 0 0 -1
    outer loop
      vertex 63.4722 18.65 0
      vertex 65.8971 17.25 0
      vertex 65.5701 16.7606 0
    endloop
  endfacet
  facet normal 0 0 -1
    outer loop
      vertex 63.6421 19.94 0
      vertex 66.3467 20.6647 0
      vertex 63.6855 19.7219 0
    endloop
  endfacet
  facet normal 0 0 -1
    outer loop
      vertex 63.3487 18.4651 0
      vertex 65.5701 16.7606 0
      vertex 65.182 16.318 0
    endloop
  endfacet
  facet normal -0 0 -1
    outer loop
      vertex 66.3467 20.6647 0
      vertex 63.6421 19.94 0
      vertex 66.1575 21.2221 0
    endloop
  endfacet
  facet normal 0 0 -1
    outer loop
      vertex 63.2021 18.2979 0
      vertex 65.182 16.318 0
      vertex 64.7394 15.9299 0
    endloop
  endfacet
  facet normal 0 0 -1
    outer loop
      vertex 63.5706 20.1506 0
      vertex 66.1575 21.2221 0
      vertex 63.6421 19.94 0
    endloop
  endfacet
  facet normal 0 0 -1
    outer loop
      vertex 63.0349 18.1513 0
      vertex 64.7394 15.9299 0
      vertex 64.25 15.6029 0
    endloop
  endfacet
  facet normal -0 0 -1
    outer loop
      vertex 66.1575 21.2221 0
      vertex 63.5706 20.1506 0
      vertex 65.8971 21.75 0
    endloop
  endfacet
  facet normal 0 0 -1
    outer loop
      vertex 62.85 18.0278 0
      vertex 64.25 15.6029 0
      vertex 63.7221 15.3425 0
    endloop
  endfacet
  facet normal 0 0 -1
    outer loop
      vertex 63.4722 20.35 0
      vertex 65.8971 21.75 0
      vertex 63.5706 20.1506 0
    endloop
  endfacet
  facet normal -0 0 -1
    outer loop
      vertex 65.8971 21.75 0
      vertex 63.4722 20.35 0
      vertex 65.5701 22.2394 0
    endloop
  endfacet
  facet normal 0 0 -1
    outer loop
      vertex 66.4615 18.9126 0
      vertex 63.6855 19.2781 0
      vertex 63.7 19.5 0
    endloop
  endfacet
  facet normal 0 0 -1
    outer loop
      vertex 66.3467 18.3353 0
      vertex 63.6421 19.06 0
      vertex 63.6855 19.2781 0
    endloop
  endfacet
  facet normal 0 0 -1
    outer loop
      vertex 66.1575 17.7779 0
      vertex 63.5706 18.8494 0
      vertex 63.6421 19.06 0
    endloop
  endfacet
  facet normal 0 0 -1
    outer loop
      vertex 65.8971 17.25 0
      vertex 63.4722 18.65 0
      vertex 63.5706 18.8494 0
    endloop
  endfacet
  facet normal 0 0 -1
    outer loop
      vertex 65.5701 16.7606 0
      vertex 63.3487 18.4651 0
      vertex 63.4722 18.65 0
    endloop
  endfacet
  facet normal 0 0 -1
    outer loop
      vertex 65.182 16.318 0
      vertex 63.2021 18.2979 0
      vertex 63.3487 18.4651 0
    endloop
  endfacet
  facet normal 0 0 -1
    outer loop
      vertex 62.6506 17.9294 0
      vertex 63.7221 15.3425 0
      vertex 63.1647 15.1533 0
    endloop
  endfacet
  facet normal 0 0 -1
    outer loop
      vertex 64.7394 15.9299 0
      vertex 63.0349 18.1513 0
      vertex 63.2021 18.2979 0
    endloop
  endfacet
  facet normal 0 0 -1
    outer loop
      vertex 64.25 15.6029 0
      vertex 62.85 18.0278 0
      vertex 63.0349 18.1513 0
    endloop
  endfacet
  facet normal 0 0 -1
    outer loop
      vertex 63.7221 15.3425 0
      vertex 62.6506 17.9294 0
      vertex 62.85 18.0278 0
    endloop
  endfacet
  facet normal 0 0 -1
    outer loop
      vertex 62.44 17.8579 0
      vertex 63.1647 15.1533 0
      vertex 62.5874 15.0385 0
    endloop
  endfacet
  facet normal 0 0 -1
    outer loop
      vertex 63.1647 15.1533 0
      vertex 62.44 17.8579 0
      vertex 62.6506 17.9294 0
    endloop
  endfacet
  facet normal 0 0 -1
    outer loop
      vertex 62.5874 15.0385 0
      vertex 62.2219 17.8145 0
      vertex 62.44 17.8579 0
    endloop
  endfacet
  facet normal 0 0 -1
    outer loop
      vertex 62 15 0
      vertex 62.2219 17.8145 0
      vertex 62.5874 15.0385 0
    endloop
  endfacet
  facet normal 0 0 -1
    outer loop
      vertex 62 15 0
      vertex 62 17.8 0
      vertex 62.2219 17.8145 0
    endloop
  endfacet
  facet normal 0 0 -1
    outer loop
      vertex 62 15 0
      vertex 61.7781 17.8145 0
      vertex 62 17.8 0
    endloop
  endfacet
  facet normal 0 0 -1
    outer loop
      vertex 61.4126 15.0385 0
      vertex 61.7781 17.8145 0
      vertex 62 15 0
    endloop
  endfacet
  facet normal -0 0 -1
    outer loop
      vertex 61.7781 17.8145 0
      vertex 61.4126 15.0385 0
      vertex 61.56 17.8579 0
    endloop
  endfacet
  facet normal 0 0 -1
    outer loop
      vertex 60.8353 15.1533 0
      vertex 61.56 17.8579 0
      vertex 61.4126 15.0385 0
    endloop
  endfacet
  facet normal -0 0 -1
    outer loop
      vertex 61.56 17.8579 0
      vertex 60.8353 15.1533 0
      vertex 61.3494 17.9294 0
    endloop
  endfacet
  facet normal 0 0 -1
    outer loop
      vertex 60.2779 15.3425 0
      vertex 61.3494 17.9294 0
      vertex 60.8353 15.1533 0
    endloop
  endfacet
  facet normal -0 0 -1
    outer loop
      vertex 61.3494 17.9294 0
      vertex 60.2779 15.3425 0
      vertex 61.15 18.0278 0
    endloop
  endfacet
  facet normal 0 0 -1
    outer loop
      vertex 59.75 15.6029 0
      vertex 61.15 18.0278 0
      vertex 60.2779 15.3425 0
    endloop
  endfacet
  facet normal -0 0 -1
    outer loop
      vertex 61.15 18.0278 0
      vertex 59.75 15.6029 0
      vertex 60.9651 18.1513 0
    endloop
  endfacet
  facet normal 0 0 -1
    outer loop
      vertex 59.2606 15.9299 0
      vertex 60.9651 18.1513 0
      vertex 59.75 15.6029 0
    endloop
  endfacet
  facet normal -0 0 -1
    outer loop
      vertex 60.9651 18.1513 0
      vertex 59.2606 15.9299 0
      vertex 60.7979 18.2979 0
    endloop
  endfacet
  facet normal 0 0 -1
    outer loop
      vertex 58.818 16.318 0
      vertex 60.7979 18.2979 0
      vertex 59.2606 15.9299 0
    endloop
  endfacet
  facet normal -0 0 -1
    outer loop
      vertex 60.7979 18.2979 0
      vertex 58.818 16.318 0
      vertex 60.6513 18.4651 0
    endloop
  endfacet
  facet normal -0 0 -1
    outer loop
      vertex 60.6513 18.4651 0
      vertex 58.4299 16.7606 0
      vertex 60.5278 18.65 0
    endloop
  endfacet
  facet normal 0 0 -1
    outer loop
      vertex 58.4299 16.7606 0
      vertex 60.6513 18.4651 0
      vertex 58.818 16.318 0
    endloop
  endfacet
  facet normal 0 0 -1
    outer loop
      vertex 63.3487 20.5349 0
      vertex 65.5701 22.2394 0
      vertex 63.4722 20.35 0
    endloop
  endfacet
  facet normal -0 0 -1
    outer loop
      vertex 65.5701 22.2394 0
      vertex 63.3487 20.5349 0
      vertex 65.182 22.682 0
    endloop
  endfacet
  facet normal 0 0 -1
    outer loop
      vertex 63.2021 20.7021 0
      vertex 65.182 22.682 0
      vertex 63.3487 20.5349 0
    endloop
  endfacet
  facet normal -0 0 -1
    outer loop
      vertex 65.182 22.682 0
      vertex 63.2021 20.7021 0
      vertex 64.7394 23.0701 0
    endloop
  endfacet
  facet normal 0 0 -1
    outer loop
      vertex 63.0349 20.8487 0
      vertex 64.7394 23.0701 0
      vertex 63.2021 20.7021 0
    endloop
  endfacet
  facet normal -0 0 -1
    outer loop
      vertex 64.7394 23.0701 0
      vertex 63.0349 20.8487 0
      vertex 64.25 23.3971 0
    endloop
  endfacet
  facet normal 0 0 -1
    outer loop
      vertex 62.85 20.9722 0
      vertex 64.25 23.3971 0
      vertex 63.0349 20.8487 0
    endloop
  endfacet
  facet normal -0 0 -1
    outer loop
      vertex 64.25 23.3971 0
      vertex 62.85 20.9722 0
      vertex 63.7221 23.6575 0
    endloop
  endfacet
  facet normal 0 0 -1
    outer loop
      vertex 62.6506 21.0706 0
      vertex 63.7221 23.6575 0
      vertex 62.85 20.9722 0
    endloop
  endfacet
  facet normal -0 0 -1
    outer loop
      vertex 63.7221 23.6575 0
      vertex 62.6506 21.0706 0
      vertex 63.1647 23.8467 0
    endloop
  endfacet
  facet normal 0 0 -1
    outer loop
      vertex 62.44 21.1421 0
      vertex 63.1647 23.8467 0
      vertex 62.6506 21.0706 0
    endloop
  endfacet
  facet normal -0 0 -1
    outer loop
      vertex 63.1647 23.8467 0
      vertex 62.44 21.1421 0
      vertex 62.5874 23.9615 0
    endloop
  endfacet
  facet normal 0 0 -1
    outer loop
      vertex 62.2219 21.1855 0
      vertex 62.5874 23.9615 0
      vertex 62.44 21.1421 0
    endloop
  endfacet
  facet normal 0 0 -1
    outer loop
      vertex 62 21.2 0
      vertex 62.5874 23.9615 0
      vertex 62.2219 21.1855 0
    endloop
  endfacet
  facet normal 0 0 -1
    outer loop
      vertex 62 21.2 0
      vertex 62 24 0
      vertex 62.5874 23.9615 0
    endloop
  endfacet
  facet normal 0 0 -1
    outer loop
      vertex 61.7781 21.1855 0
      vertex 62 24 0
      vertex 62 21.2 0
    endloop
  endfacet
  facet normal 0 0 -1
    outer loop
      vertex 61.4126 23.9615 0
      vertex 61.7781 21.1855 0
      vertex 61.56 21.1421 0
    endloop
  endfacet
  facet normal 0 0 -1
    outer loop
      vertex 61.7781 21.1855 0
      vertex 61.4126 23.9615 0
      vertex 62 24 0
    endloop
  endfacet
  facet normal 0 0 -1
    outer loop
      vertex 60.8353 23.8467 0
      vertex 61.56 21.1421 0
      vertex 61.3494 21.0706 0
    endloop
  endfacet
  facet normal 0 0 -1
    outer loop
      vertex 60.2779 23.6575 0
      vertex 61.3494 21.0706 0
      vertex 61.15 20.9722 0
    endloop
  endfacet
  facet normal 0 0 -1
    outer loop
      vertex 59.75 23.3971 0
      vertex 61.15 20.9722 0
      vertex 60.9651 20.8487 0
    endloop
  endfacet
  facet normal 0 0 -1
    outer loop
      vertex 61.56 21.1421 0
      vertex 60.8353 23.8467 0
      vertex 61.4126 23.9615 0
    endloop
  endfacet
  facet normal 0 0 -1
    outer loop
      vertex 59.2606 23.0701 0
      vertex 60.9651 20.8487 0
      vertex 60.7979 20.7021 0
    endloop
  endfacet
  facet normal 0 0 -1
    outer loop
      vertex 58.818 22.682 0
      vertex 60.7979 20.7021 0
      vertex 60.6513 20.5349 0
    endloop
  endfacet
  facet normal 0 0 -1
    outer loop
      vertex 58.4299 22.2394 0
      vertex 60.6513 20.5349 0
      vertex 60.5278 20.35 0
    endloop
  endfacet
  facet normal 0 0 -1
    outer loop
      vertex 58.1029 21.75 0
      vertex 60.5278 20.35 0
      vertex 60.4294 20.1506 0
    endloop
  endfacet
  facet normal 0 0 -1
    outer loop
      vertex 57.8425 21.2221 0
      vertex 60.4294 20.1506 0
      vertex 60.3579 19.94 0
    endloop
  endfacet
  facet normal 0 0 -1
    outer loop
      vertex 57.6533 20.6647 0
      vertex 60.3579 19.94 0
      vertex 60.3145 19.7219 0
    endloop
  endfacet
  facet normal 0 0 -1
    outer loop
      vertex 61.3494 21.0706 0
      vertex 60.2779 23.6575 0
      vertex 60.8353 23.8467 0
    endloop
  endfacet
  facet normal 0 0 -1
    outer loop
      vertex 57.5385 20.0874 0
      vertex 60.3145 19.7219 0
      vertex 60.3 19.5 0
    endloop
  endfacet
  facet normal 0 0 -1
    outer loop
      vertex 58.1029 17.25 0
      vertex 60.5278 18.65 0
      vertex 58.4299 16.7606 0
    endloop
  endfacet
  facet normal -0 0 -1
    outer loop
      vertex 60.5278 18.65 0
      vertex 58.1029 17.25 0
      vertex 60.4294 18.8494 0
    endloop
  endfacet
  facet normal 0 0 -1
    outer loop
      vertex 61.15 20.9722 0
      vertex 59.75 23.3971 0
      vertex 60.2779 23.6575 0
    endloop
  endfacet
  facet normal 0 0 -1
    outer loop
      vertex 57.8425 17.7779 0
      vertex 60.4294 18.8494 0
      vertex 58.1029 17.25 0
    endloop
  endfacet
  facet normal 0 0 -1
    outer loop
      vertex 60.9651 20.8487 0
      vertex 59.2606 23.0701 0
      vertex 59.75 23.3971 0
    endloop
  endfacet
  facet normal -0 0 -1
    outer loop
      vertex 60.4294 18.8494 0
      vertex 57.8425 17.7779 0
      vertex 60.3579 19.06 0
    endloop
  endfacet
  facet normal 0 0 -1
    outer loop
      vertex 60.7979 20.7021 0
      vertex 58.818 22.682 0
      vertex 59.2606 23.0701 0
    endloop
  endfacet
  facet normal 0 0 -1
    outer loop
      vertex 57.6533 18.3353 0
      vertex 60.3579 19.06 0
      vertex 57.8425 17.7779 0
    endloop
  endfacet
  facet normal 0 0 -1
    outer loop
      vertex 60.6513 20.5349 0
      vertex 58.4299 22.2394 0
      vertex 58.818 22.682 0
    endloop
  endfacet
  facet normal -0 0 -1
    outer loop
      vertex 60.3579 19.06 0
      vertex 57.6533 18.3353 0
      vertex 60.3145 19.2781 0
    endloop
  endfacet
  facet normal 0 0 -1
    outer loop
      vertex 60.5278 20.35 0
      vertex 58.1029 21.75 0
      vertex 58.4299 22.2394 0
    endloop
  endfacet
  facet normal 0 0 -1
    outer loop
      vertex 57.5385 18.9126 0
      vertex 60.3145 19.2781 0
      vertex 57.6533 18.3353 0
    endloop
  endfacet
  facet normal 0 0 -1
    outer loop
      vertex 60.4294 20.1506 0
      vertex 57.8425 21.2221 0
      vertex 58.1029 21.75 0
    endloop
  endfacet
  facet normal -0 0 -1
    outer loop
      vertex 60.3145 19.2781 0
      vertex 57.5385 18.9126 0
      vertex 60.3 19.5 0
    endloop
  endfacet
  facet normal 0 0 -1
    outer loop
      vertex 60.3579 19.94 0
      vertex 57.6533 20.6647 0
      vertex 57.8425 21.2221 0
    endloop
  endfacet
  facet normal 0 0 -1
    outer loop
      vertex 57.5 19.5 0
      vertex 60.3 19.5 0
      vertex 57.5385 18.9126 0
    endloop
  endfacet
  facet normal 0 0 -1
    outer loop
      vertex 60.3145 19.7219 0
      vertex 57.5385 20.0874 0
      vertex 57.6533 20.6647 0
    endloop
  endfacet
  facet normal 0 0 -1
    outer loop
      vertex 60.3 19.5 0
      vertex 57.5 19.5 0
      vertex 57.5385 20.0874 0
    endloop
  endfacet
  facet normal -0.997859 -0.0654027 0
    outer loop
      vertex 57.5385 18.9126 0
      vertex 57.5 19.5 8
      vertex 57.5 19.5 0
    endloop
  endfacet
  facet normal -0.997859 -0.0654027 0
    outer loop
      vertex 57.5 19.5 8
      vertex 57.5385 18.9126 0
      vertex 57.5385 18.9126 8
    endloop
  endfacet
  facet normal -0.831475 0.555562 0
    outer loop
      vertex 58.1029 21.75 0
      vertex 58.4299 22.2394 8
      vertex 58.4299 22.2394 0
    endloop
  endfacet
  facet normal -0.831475 0.555562 0
    outer loop
      vertex 58.4299 22.2394 8
      vertex 58.1029 21.75 0
      vertex 58.1029 21.75 8
    endloop
  endfacet
  facet normal -0.751882 0.659298 0
    outer loop
      vertex 58.4299 22.2394 0
      vertex 58.818 22.682 8
      vertex 58.818 22.682 0
    endloop
  endfacet
  facet normal -0.751882 0.659298 0
    outer loop
      vertex 58.818 22.682 8
      vertex 58.4299 22.2394 0
      vertex 58.4299 22.2394 8
    endloop
  endfacet
  facet normal 0.997859 0.0654027 0
    outer loop
      vertex 66.5 19.5 8
      vertex 66.4615 20.0874 0
      vertex 66.4615 20.0874 8
    endloop
  endfacet
  facet normal 0.997859 0.0654027 0
    outer loop
      vertex 66.4615 20.0874 0
      vertex 66.5 19.5 8
      vertex 66.5 19.5 0
    endloop
  endfacet
  facet normal 0.195038 -0.980796 0
    outer loop
      vertex 62.5874 15.0385 0
      vertex 63.1647 15.1533 8
      vertex 62.5874 15.0385 8
    endloop
  endfacet
  facet normal 0.195038 -0.980796 0
    outer loop
      vertex 63.1647 15.1533 8
      vertex 62.5874 15.0385 0
      vertex 63.1647 15.1533 0
    endloop
  endfacet
  facet normal 0.321421 -0.946936 0
    outer loop
      vertex 63.1647 15.1533 0
      vertex 63.7221 15.3425 8
      vertex 63.1647 15.1533 8
    endloop
  endfacet
  facet normal 0.321421 -0.946936 0
    outer loop
      vertex 63.7221 15.3425 8
      vertex 63.1647 15.1533 0
      vertex 63.7221 15.3425 0
    endloop
  endfacet
  facet normal 0.0654027 -0.997859 0
    outer loop
      vertex 62 15 0
      vertex 62.5874 15.0385 8
      vertex 62 15 8
    endloop
  endfacet
  facet normal 0.0654027 -0.997859 0
    outer loop
      vertex 62.5874 15.0385 8
      vertex 62 15 0
      vertex 62.5874 15.0385 0
    endloop
  endfacet
  facet normal -0.442382 -0.896827 0
    outer loop
      vertex 59.75 15.6029 0
      vertex 60.2779 15.3425 8
      vertex 59.75 15.6029 8
    endloop
  endfacet
  facet normal -0.442382 -0.896827 -0
    outer loop
      vertex 60.2779 15.3425 8
      vertex 59.75 15.6029 0
      vertex 60.2779 15.3425 0
    endloop
  endfacet
  facet normal -0.555562 -0.831475 0
    outer loop
      vertex 59.2606 15.9299 0
      vertex 59.75 15.6029 8
      vertex 59.2606 15.9299 8
    endloop
  endfacet
  facet normal -0.555562 -0.831475 -0
    outer loop
      vertex 59.75 15.6029 8
      vertex 59.2606 15.9299 0
      vertex 59.75 15.6029 0
    endloop
  endfacet
  facet normal 0.980796 0.195038 0
    outer loop
      vertex 66.4615 20.0874 8
      vertex 66.3467 20.6647 0
      vertex 66.3467 20.6647 8
    endloop
  endfacet
  facet normal 0.980796 0.195038 0
    outer loop
      vertex 66.3467 20.6647 0
      vertex 66.4615 20.0874 8
      vertex 66.4615 20.0874 0
    endloop
  endfacet
  facet normal 0.896827 0.442382 0
    outer loop
      vertex 66.1575 21.2221 8
      vertex 65.8971 21.75 0
      vertex 65.8971 21.75 8
    endloop
  endfacet
  facet normal 0.896827 0.442382 0
    outer loop
      vertex 65.8971 21.75 0
      vertex 66.1575 21.2221 8
      vertex 66.1575 21.2221 0
    endloop
  endfacet
  facet normal 0.831475 0.555562 0
    outer loop
      vertex 65.8971 21.75 8
      vertex 65.5701 22.2394 0
      vertex 65.5701 22.2394 8
    endloop
  endfacet
  facet normal 0.831475 0.555562 0
    outer loop
      vertex 65.5701 22.2394 0
      vertex 65.8971 21.75 8
      vertex 65.8971 21.75 0
    endloop
  endfacet
  facet normal 0.751882 0.659298 0
    outer loop
      vertex 65.5701 22.2394 8
      vertex 65.182 22.682 0
      vertex 65.182 22.682 8
    endloop
  endfacet
  facet normal 0.751882 0.659298 0
    outer loop
      vertex 65.182 22.682 0
      vertex 65.5701 22.2394 8
      vertex 65.5701 22.2394 0
    endloop
  endfacet
  facet normal 0.321421 0.946936 -0
    outer loop
      vertex 63.7221 23.6575 0
      vertex 63.1647 23.8467 8
      vertex 63.7221 23.6575 8
    endloop
  endfacet
  facet normal 0.321421 0.946936 0
    outer loop
      vertex 63.1647 23.8467 8
      vertex 63.7221 23.6575 0
      vertex 63.1647 23.8467 0
    endloop
  endfacet
  facet normal 0.195038 0.980796 -0
    outer loop
      vertex 63.1647 23.8467 0
      vertex 62.5874 23.9615 8
      vertex 63.1647 23.8467 8
    endloop
  endfacet
  facet normal 0.195038 0.980796 0
    outer loop
      vertex 62.5874 23.9615 8
      vertex 63.1647 23.8467 0
      vertex 62.5874 23.9615 0
    endloop
  endfacet
  facet normal -0.997859 0.0654027 0
    outer loop
      vertex 57.5 19.5 0
      vertex 57.5385 20.0874 8
      vertex 57.5385 20.0874 0
    endloop
  endfacet
  facet normal -0.997859 0.0654027 0
    outer loop
      vertex 57.5385 20.0874 8
      vertex 57.5 19.5 0
      vertex 57.5 19.5 8
    endloop
  endfacet
  facet normal -0.896827 0.442382 0
    outer loop
      vertex 57.8425 21.2221 0
      vertex 58.1029 21.75 8
      vertex 58.1029 21.75 0
    endloop
  endfacet
  facet normal -0.896827 0.442382 0
    outer loop
      vertex 58.1029 21.75 8
      vertex 57.8425 21.2221 0
      vertex 57.8425 21.2221 8
    endloop
  endfacet
  facet normal -0.195038 0.980796 0
    outer loop
      vertex 61.4126 23.9615 0
      vertex 60.8353 23.8467 8
      vertex 61.4126 23.9615 8
    endloop
  endfacet
  facet normal -0.195038 0.980796 0
    outer loop
      vertex 60.8353 23.8467 8
      vertex 61.4126 23.9615 0
      vertex 60.8353 23.8467 0
    endloop
  endfacet
  facet normal -0.321421 0.946936 0
    outer loop
      vertex 60.8353 23.8467 0
      vertex 60.2779 23.6575 8
      vertex 60.8353 23.8467 8
    endloop
  endfacet
  facet normal -0.321421 0.946936 0
    outer loop
      vertex 60.2779 23.6575 8
      vertex 60.8353 23.8467 0
      vertex 60.2779 23.6575 0
    endloop
  endfacet
  facet normal -0.555562 0.831475 0
    outer loop
      vertex 59.75 23.3971 0
      vertex 59.2606 23.0701 8
      vertex 59.75 23.3971 8
    endloop
  endfacet
  facet normal -0.555562 0.831475 0
    outer loop
      vertex 59.2606 23.0701 8
      vertex 59.75 23.3971 0
      vertex 59.2606 23.0701 0
    endloop
  endfacet
  facet normal -0.659298 0.751882 0
    outer loop
      vertex 59.2606 23.0701 0
      vertex 58.818 22.682 8
      vertex 59.2606 23.0701 8
    endloop
  endfacet
  facet normal -0.659298 0.751882 0
    outer loop
      vertex 58.818 22.682 8
      vertex 59.2606 23.0701 0
      vertex 58.818 22.682 0
    endloop
  endfacet
  facet normal 0.980796 -0.195038 0
    outer loop
      vertex 66.3467 18.3353 8
      vertex 66.4615 18.9126 0
      vertex 66.4615 18.9126 8
    endloop
  endfacet
  facet normal 0.980796 -0.195038 0
    outer loop
      vertex 66.4615 18.9126 0
      vertex 66.3467 18.3353 8
      vertex 66.3467 18.3353 0
    endloop
  endfacet
  facet normal 0.831475 -0.555562 0
    outer loop
      vertex 65.5701 16.7606 8
      vertex 65.8971 17.25 0
      vertex 65.8971 17.25 8
    endloop
  endfacet
  facet normal 0.831475 -0.555562 0
    outer loop
      vertex 65.8971 17.25 0
      vertex 65.5701 16.7606 8
      vertex 65.5701 16.7606 0
    endloop
  endfacet
  facet normal 0.555562 -0.831475 0
    outer loop
      vertex 64.25 15.6029 0
      vertex 64.7394 15.9299 8
      vertex 64.25 15.6029 8
    endloop
  endfacet
  facet normal 0.555562 -0.831475 0
    outer loop
      vertex 64.7394 15.9299 8
      vertex 64.25 15.6029 0
      vertex 64.7394 15.9299 0
    endloop
  endfacet
  facet normal 0.659298 -0.751882 0
    outer loop
      vertex 64.7394 15.9299 0
      vertex 65.182 16.318 8
      vertex 64.7394 15.9299 8
    endloop
  endfacet
  facet normal 0.659298 -0.751882 0
    outer loop
      vertex 65.182 16.318 8
      vertex 64.7394 15.9299 0
      vertex 65.182 16.318 0
    endloop
  endfacet
  facet normal -0.0654027 -0.997859 0
    outer loop
      vertex 61.4126 15.0385 0
      vertex 62 15 8
      vertex 61.4126 15.0385 8
    endloop
  endfacet
  facet normal -0.0654027 -0.997859 -0
    outer loop
      vertex 62 15 8
      vertex 61.4126 15.0385 0
      vertex 62 15 0
    endloop
  endfacet
  facet normal -0.321421 -0.946936 0
    outer loop
      vertex 60.2779 15.3425 0
      vertex 60.8353 15.1533 8
      vertex 60.2779 15.3425 8
    endloop
  endfacet
  facet normal -0.321421 -0.946936 -0
    outer loop
      vertex 60.8353 15.1533 8
      vertex 60.2779 15.3425 0
      vertex 60.8353 15.1533 0
    endloop
  endfacet
  facet normal -0.896827 -0.442382 0
    outer loop
      vertex 58.1029 17.25 0
      vertex 57.8425 17.7779 8
      vertex 57.8425 17.7779 0
    endloop
  endfacet
  facet normal -0.896827 -0.442382 0
    outer loop
      vertex 57.8425 17.7779 8
      vertex 58.1029 17.25 0
      vertex 58.1029 17.25 8
    endloop
  endfacet
  facet normal -0.980796 -0.195038 0
    outer loop
      vertex 57.6533 18.3353 0
      vertex 57.5385 18.9126 8
      vertex 57.5385 18.9126 0
    endloop
  endfacet
  facet normal -0.980796 -0.195038 0
    outer loop
      vertex 57.5385 18.9126 8
      vertex 57.6533 18.3353 0
      vertex 57.6533 18.3353 8
    endloop
  endfacet
  facet normal -0.659298 -0.751882 0
    outer loop
      vertex 58.818 16.318 0
      vertex 59.2606 15.9299 8
      vertex 58.818 16.318 8
    endloop
  endfacet
  facet normal -0.659298 -0.751882 -0
    outer loop
      vertex 59.2606 15.9299 8
      vertex 58.818 16.318 0
      vertex 59.2606 15.9299 0
    endloop
  endfacet
  facet normal 0 0 1
    outer loop
      vertex 63.7 19.5 8
      vertex 66.5 19.5 8
      vertex 66.4615 20.0874 8
    endloop
  endfacet
  facet normal 0 0 1
    outer loop
      vertex 63.6855 19.7219 8
      vertex 66.4615 20.0874 8
      vertex 66.3467 20.6647 8
    endloop
  endfacet
  facet normal 0 0 1
    outer loop
      vertex 66.5 19.5 8
      vertex 63.7 19.5 8
      vertex 66.4615 18.9126 8
    endloop
  endfacet
  facet normal 0 0 1
    outer loop
      vertex 63.6421 19.94 8
      vertex 66.3467 20.6647 8
      vertex 66.1575 21.2221 8
    endloop
  endfacet
  facet normal -0 0 1
    outer loop
      vertex 63.6855 19.2781 8
      vertex 66.4615 18.9126 8
      vertex 63.7 19.5 8
    endloop
  endfacet
  facet normal 0 0 1
    outer loop
      vertex 63.5706 20.1506 8
      vertex 66.1575 21.2221 8
      vertex 65.8971 21.75 8
    endloop
  endfacet
  facet normal 0 0 1
    outer loop
      vertex 66.4615 18.9126 8
      vertex 63.6855 19.2781 8
      vertex 66.3467 18.3353 8
    endloop
  endfacet
  facet normal 0 0 1
    outer loop
      vertex 63.4722 20.35 8
      vertex 65.8971 21.75 8
      vertex 65.5701 22.2394 8
    endloop
  endfacet
  facet normal -0 0 1
    outer loop
      vertex 63.6421 19.06 8
      vertex 66.3467 18.3353 8
      vertex 63.6855 19.2781 8
    endloop
  endfacet
  facet normal 0 0 1
    outer loop
      vertex 63.3487 20.5349 8
      vertex 65.5701 22.2394 8
      vertex 65.182 22.682 8
    endloop
  endfacet
  facet normal 0 0 1
    outer loop
      vertex 66.3467 18.3353 8
      vertex 63.6421 19.06 8
      vertex 66.1575 17.7779 8
    endloop
  endfacet
  facet normal 0 0 1
    outer loop
      vertex 63.2021 20.7021 8
      vertex 65.182 22.682 8
      vertex 64.7394 23.0701 8
    endloop
  endfacet
  facet normal -0 0 1
    outer loop
      vertex 63.5706 18.8494 8
      vertex 66.1575 17.7779 8
      vertex 63.6421 19.06 8
    endloop
  endfacet
  facet normal 0 0 1
    outer loop
      vertex 63.0349 20.8487 8
      vertex 64.7394 23.0701 8
      vertex 64.25 23.3971 8
    endloop
  endfacet
  facet normal 0 0 1
    outer loop
      vertex 66.1575 17.7779 8
      vertex 63.5706 18.8494 8
      vertex 65.8971 17.25 8
    endloop
  endfacet
  facet normal 0 0 1
    outer loop
      vertex 62.85 20.9722 8
      vertex 64.25 23.3971 8
      vertex 63.7221 23.6575 8
    endloop
  endfacet
  facet normal -0 0 1
    outer loop
      vertex 63.4722 18.65 8
      vertex 65.8971 17.25 8
      vertex 63.5706 18.8494 8
    endloop
  endfacet
  facet normal 0 0 1
    outer loop
      vertex 65.8971 17.25 8
      vertex 63.4722 18.65 8
      vertex 65.5701 16.7606 8
    endloop
  endfacet
  facet normal 0 0 1
    outer loop
      vertex 66.4615 20.0874 8
      vertex 63.6855 19.7219 8
      vertex 63.7 19.5 8
    endloop
  endfacet
  facet normal 0 0 1
    outer loop
      vertex 66.3467 20.6647 8
      vertex 63.6421 19.94 8
      vertex 63.6855 19.7219 8
    endloop
  endfacet
  facet normal 0 0 1
    outer loop
      vertex 66.1575 21.2221 8
      vertex 63.5706 20.1506 8
      vertex 63.6421 19.94 8
    endloop
  endfacet
  facet normal 0 0 1
    outer loop
      vertex 65.8971 21.75 8
      vertex 63.4722 20.35 8
      vertex 63.5706 20.1506 8
    endloop
  endfacet
  facet normal 0 0 1
    outer loop
      vertex 65.5701 22.2394 8
      vertex 63.3487 20.5349 8
      vertex 63.4722 20.35 8
    endloop
  endfacet
  facet normal 0 0 1
    outer loop
      vertex 65.182 22.682 8
      vertex 63.2021 20.7021 8
      vertex 63.3487 20.5349 8
    endloop
  endfacet
  facet normal 0 0 1
    outer loop
      vertex 62.6506 21.0706 8
      vertex 63.7221 23.6575 8
      vertex 63.1647 23.8467 8
    endloop
  endfacet
  facet normal 0 0 1
    outer loop
      vertex 64.7394 23.0701 8
      vertex 63.0349 20.8487 8
      vertex 63.2021 20.7021 8
    endloop
  endfacet
  facet normal 0 0 1
    outer loop
      vertex 64.25 23.3971 8
      vertex 62.85 20.9722 8
      vertex 63.0349 20.8487 8
    endloop
  endfacet
  facet normal 0 0 1
    outer loop
      vertex 63.7221 23.6575 8
      vertex 62.6506 21.0706 8
      vertex 62.85 20.9722 8
    endloop
  endfacet
  facet normal 0 0 1
    outer loop
      vertex 62.44 21.1421 8
      vertex 63.1647 23.8467 8
      vertex 62.5874 23.9615 8
    endloop
  endfacet
  facet normal 0 0 1
    outer loop
      vertex 63.1647 23.8467 8
      vertex 62.44 21.1421 8
      vertex 62.6506 21.0706 8
    endloop
  endfacet
  facet normal 0 0 1
    outer loop
      vertex 62.5874 23.9615 8
      vertex 62.2219 21.1855 8
      vertex 62.44 21.1421 8
    endloop
  endfacet
  facet normal 0 0 1
    outer loop
      vertex 62 24 8
      vertex 62.2219 21.1855 8
      vertex 62.5874 23.9615 8
    endloop
  endfacet
  facet normal 0 0 1
    outer loop
      vertex 62 24 8
      vertex 62 21.2 8
      vertex 62.2219 21.1855 8
    endloop
  endfacet
  facet normal 0 0 1
    outer loop
      vertex 62 24 8
      vertex 61.7781 21.1855 8
      vertex 62 21.2 8
    endloop
  endfacet
  facet normal -0 0 1
    outer loop
      vertex 61.4126 23.9615 8
      vertex 61.7781 21.1855 8
      vertex 62 24 8
    endloop
  endfacet
  facet normal 0 0 1
    outer loop
      vertex 61.7781 21.1855 8
      vertex 61.4126 23.9615 8
      vertex 61.56 21.1421 8
    endloop
  endfacet
  facet normal -0 0 1
    outer loop
      vertex 60.8353 23.8467 8
      vertex 61.56 21.1421 8
      vertex 61.4126 23.9615 8
    endloop
  endfacet
  facet normal 0 0 1
    outer loop
      vertex 61.56 21.1421 8
      vertex 60.8353 23.8467 8
      vertex 61.3494 21.0706 8
    endloop
  endfacet
  facet normal -0 0 1
    outer loop
      vertex 60.2779 23.6575 8
      vertex 61.3494 21.0706 8
      vertex 60.8353 23.8467 8
    endloop
  endfacet
  facet normal 0 0 1
    outer loop
      vertex 61.3494 21.0706 8
      vertex 60.2779 23.6575 8
      vertex 61.15 20.9722 8
    endloop
  endfacet
  facet normal -0 0 1
    outer loop
      vertex 59.75 23.3971 8
      vertex 61.15 20.9722 8
      vertex 60.2779 23.6575 8
    endloop
  endfacet
  facet normal 0 0 1
    outer loop
      vertex 61.15 20.9722 8
      vertex 59.75 23.3971 8
      vertex 60.9651 20.8487 8
    endloop
  endfacet
  facet normal -0 0 1
    outer loop
      vertex 59.2606 23.0701 8
      vertex 60.9651 20.8487 8
      vertex 59.75 23.3971 8
    endloop
  endfacet
  facet normal 0 0 1
    outer loop
      vertex 60.9651 20.8487 8
      vertex 59.2606 23.0701 8
      vertex 60.7979 20.7021 8
    endloop
  endfacet
  facet normal -0 0 1
    outer loop
      vertex 58.818 22.682 8
      vertex 60.7979 20.7021 8
      vertex 59.2606 23.0701 8
    endloop
  endfacet
  facet normal 0 0 1
    outer loop
      vertex 60.7979 20.7021 8
      vertex 58.818 22.682 8
      vertex 60.6513 20.5349 8
    endloop
  endfacet
  facet normal 0 0 1
    outer loop
      vertex 60.6513 20.5349 8
      vertex 58.4299 22.2394 8
      vertex 60.5278 20.35 8
    endloop
  endfacet
  facet normal -0 0 1
    outer loop
      vertex 58.4299 22.2394 8
      vertex 60.6513 20.5349 8
      vertex 58.818 22.682 8
    endloop
  endfacet
  facet normal -0 0 1
    outer loop
      vertex 63.3487 18.4651 8
      vertex 65.5701 16.7606 8
      vertex 63.4722 18.65 8
    endloop
  endfacet
  facet normal 0 0 1
    outer loop
      vertex 65.5701 16.7606 8
      vertex 63.3487 18.4651 8
      vertex 65.182 16.318 8
    endloop
  endfacet
  facet normal -0 0 1
    outer loop
      vertex 63.2021 18.2979 8
      vertex 65.182 16.318 8
      vertex 63.3487 18.4651 8
    endloop
  endfacet
  facet normal 0 0 1
    outer loop
      vertex 65.182 16.318 8
      vertex 63.2021 18.2979 8
      vertex 64.7394 15.9299 8
    endloop
  endfacet
  facet normal -0 0 1
    outer loop
      vertex 63.0349 18.1513 8
      vertex 64.7394 15.9299 8
      vertex 63.2021 18.2979 8
    endloop
  endfacet
  facet normal 0 0 1
    outer loop
      vertex 64.7394 15.9299 8
      vertex 63.0349 18.1513 8
      vertex 64.25 15.6029 8
    endloop
  endfacet
  facet normal -0 0 1
    outer loop
      vertex 62.85 18.0278 8
      vertex 64.25 15.6029 8
      vertex 63.0349 18.1513 8
    endloop
  endfacet
  facet normal 0 0 1
    outer loop
      vertex 64.25 15.6029 8
      vertex 62.85 18.0278 8
      vertex 63.7221 15.3425 8
    endloop
  endfacet
  facet normal -0 0 1
    outer loop
      vertex 62.6506 17.9294 8
      vertex 63.7221 15.3425 8
      vertex 62.85 18.0278 8
    endloop
  endfacet
  facet normal 0 0 1
    outer loop
      vertex 63.7221 15.3425 8
      vertex 62.6506 17.9294 8
      vertex 63.1647 15.1533 8
    endloop
  endfacet
  facet normal -0 0 1
    outer loop
      vertex 62.44 17.8579 8
      vertex 63.1647 15.1533 8
      vertex 62.6506 17.9294 8
    endloop
  endfacet
  facet normal 0 0 1
    outer loop
      vertex 63.1647 15.1533 8
      vertex 62.44 17.8579 8
      vertex 62.5874 15.0385 8
    endloop
  endfacet
  facet normal -0 0 1
    outer loop
      vertex 62.2219 17.8145 8
      vertex 62.5874 15.0385 8
      vertex 62.44 17.8579 8
    endloop
  endfacet
  facet normal -0 0 1
    outer loop
      vertex 62 17.8 8
      vertex 62.5874 15.0385 8
      vertex 62.2219 17.8145 8
    endloop
  endfacet
  facet normal 0 0 1
    outer loop
      vertex 62 17.8 8
      vertex 62 15 8
      vertex 62.5874 15.0385 8
    endloop
  endfacet
  facet normal 0 0 1
    outer loop
      vertex 61.7781 17.8145 8
      vertex 62 15 8
      vertex 62 17.8 8
    endloop
  endfacet
  facet normal 0 0 1
    outer loop
      vertex 61.4126 15.0385 8
      vertex 61.7781 17.8145 8
      vertex 61.56 17.8579 8
    endloop
  endfacet
  facet normal 0 0 1
    outer loop
      vertex 61.7781 17.8145 8
      vertex 61.4126 15.0385 8
      vertex 62 15 8
    endloop
  endfacet
  facet normal 0 0 1
    outer loop
      vertex 60.8353 15.1533 8
      vertex 61.56 17.8579 8
      vertex 61.3494 17.9294 8
    endloop
  endfacet
  facet normal 0 0 1
    outer loop
      vertex 60.2779 15.3425 8
      vertex 61.3494 17.9294 8
      vertex 61.15 18.0278 8
    endloop
  endfacet
  facet normal 0 0 1
    outer loop
      vertex 59.75 15.6029 8
      vertex 61.15 18.0278 8
      vertex 60.9651 18.1513 8
    endloop
  endfacet
  facet normal 0 0 1
    outer loop
      vertex 61.56 17.8579 8
      vertex 60.8353 15.1533 8
      vertex 61.4126 15.0385 8
    endloop
  endfacet
  facet normal 0 0 1
    outer loop
      vertex 59.2606 15.9299 8
      vertex 60.9651 18.1513 8
      vertex 60.7979 18.2979 8
    endloop
  endfacet
  facet normal 0 0 1
    outer loop
      vertex 58.818 16.318 8
      vertex 60.7979 18.2979 8
      vertex 60.6513 18.4651 8
    endloop
  endfacet
  facet normal 0 0 1
    outer loop
      vertex 58.4299 16.7606 8
      vertex 60.6513 18.4651 8
      vertex 60.5278 18.65 8
    endloop
  endfacet
  facet normal 0 0 1
    outer loop
      vertex 58.1029 17.25 8
      vertex 60.5278 18.65 8
      vertex 60.4294 18.8494 8
    endloop
  endfacet
  facet normal 0 0 1
    outer loop
      vertex 57.8425 17.7779 8
      vertex 60.4294 18.8494 8
      vertex 60.3579 19.06 8
    endloop
  endfacet
  facet normal 0 0 1
    outer loop
      vertex 57.6533 18.3353 8
      vertex 60.3579 19.06 8
      vertex 60.3145 19.2781 8
    endloop
  endfacet
  facet normal 0 0 1
    outer loop
      vertex 61.3494 17.9294 8
      vertex 60.2779 15.3425 8
      vertex 60.8353 15.1533 8
    endloop
  endfacet
  facet normal 0 0 1
    outer loop
      vertex 57.5385 18.9126 8
      vertex 60.3145 19.2781 8
      vertex 60.3 19.5 8
    endloop
  endfacet
  facet normal -0 0 1
    outer loop
      vertex 58.1029 21.75 8
      vertex 60.5278 20.35 8
      vertex 58.4299 22.2394 8
    endloop
  endfacet
  facet normal 0 0 1
    outer loop
      vertex 60.5278 20.35 8
      vertex 58.1029 21.75 8
      vertex 60.4294 20.1506 8
    endloop
  endfacet
  facet normal 0 0 1
    outer loop
      vertex 61.15 18.0278 8
      vertex 59.75 15.6029 8
      vertex 60.2779 15.3425 8
    endloop
  endfacet
  facet normal -0 0 1
    outer loop
      vertex 57.8425 21.2221 8
      vertex 60.4294 20.1506 8
      vertex 58.1029 21.75 8
    endloop
  endfacet
  facet normal 0 0 1
    outer loop
      vertex 60.9651 18.1513 8
      vertex 59.2606 15.9299 8
      vertex 59.75 15.6029 8
    endloop
  endfacet
  facet normal 0 0 1
    outer loop
      vertex 60.4294 20.1506 8
      vertex 57.8425 21.2221 8
      vertex 60.3579 19.94 8
    endloop
  endfacet
  facet normal 0 0 1
    outer loop
      vertex 60.7979 18.2979 8
      vertex 58.818 16.318 8
      vertex 59.2606 15.9299 8
    endloop
  endfacet
  facet normal -0 0 1
    outer loop
      vertex 57.6533 20.6647 8
      vertex 60.3579 19.94 8
      vertex 57.8425 21.2221 8
    endloop
  endfacet
  facet normal 0 0 1
    outer loop
      vertex 60.6513 18.4651 8
      vertex 58.4299 16.7606 8
      vertex 58.818 16.318 8
    endloop
  endfacet
  facet normal 0 0 1
    outer loop
      vertex 60.3579 19.94 8
      vertex 57.6533 20.6647 8
      vertex 60.3145 19.7219 8
    endloop
  endfacet
  facet normal 0 0 1
    outer loop
      vertex 60.5278 18.65 8
      vertex 58.1029 17.25 8
      vertex 58.4299 16.7606 8
    endloop
  endfacet
  facet normal -0 0 1
    outer loop
      vertex 57.5385 20.0874 8
      vertex 60.3145 19.7219 8
      vertex 57.6533 20.6647 8
    endloop
  endfacet
  facet normal 0 0 1
    outer loop
      vertex 60.4294 18.8494 8
      vertex 57.8425 17.7779 8
      vertex 58.1029 17.25 8
    endloop
  endfacet
  facet normal 0 0 1
    outer loop
      vertex 60.3145 19.7219 8
      vertex 57.5385 20.0874 8
      vertex 60.3 19.5 8
    endloop
  endfacet
  facet normal 0 0 1
    outer loop
      vertex 60.3579 19.06 8
      vertex 57.6533 18.3353 8
      vertex 57.8425 17.7779 8
    endloop
  endfacet
  facet normal 0 0 1
    outer loop
      vertex 57.5 19.5 8
      vertex 60.3 19.5 8
      vertex 57.5385 20.0874 8
    endloop
  endfacet
  facet normal 0 0 1
    outer loop
      vertex 60.3145 19.2781 8
      vertex 57.5385 18.9126 8
      vertex 57.6533 18.3353 8
    endloop
  endfacet
  facet normal 0 0 1
    outer loop
      vertex 60.3 19.5 8
      vertex 57.5 19.5 8
      vertex 57.5385 18.9126 8
    endloop
  endfacet
  facet normal 0.442382 -0.896827 0
    outer loop
      vertex 63.7221 15.3425 0
      vertex 64.25 15.6029 8
      vertex 63.7221 15.3425 8
    endloop
  endfacet
  facet normal 0.442382 -0.896827 0
    outer loop
      vertex 64.25 15.6029 8
      vertex 63.7221 15.3425 0
      vertex 64.25 15.6029 0
    endloop
  endfacet
  facet normal -0.946936 -0.321421 0
    outer loop
      vertex 57.8425 17.7779 0
      vertex 57.6533 18.3353 8
      vertex 57.6533 18.3353 0
    endloop
  endfacet
  facet normal -0.946936 -0.321421 0
    outer loop
      vertex 57.6533 18.3353 8
      vertex 57.8425 17.7779 0
      vertex 57.8425 17.7779 8
    endloop
  endfacet
  facet normal -0.751882 -0.659298 0
    outer loop
      vertex 58.818 16.318 0
      vertex 58.4299 16.7606 8
      vertex 58.4299 16.7606 0
    endloop
  endfacet
  facet normal -0.751882 -0.659298 0
    outer loop
      vertex 58.4299 16.7606 8
      vertex 58.818 16.318 0
      vertex 58.818 16.318 8
    endloop
  endfacet
  facet normal 0.946936 -0.321421 0
    outer loop
      vertex 66.1575 17.7779 8
      vertex 66.3467 18.3353 0
      vertex 66.3467 18.3353 8
    endloop
  endfacet
  facet normal 0.946936 -0.321421 0
    outer loop
      vertex 66.3467 18.3353 0
      vertex 66.1575 17.7779 8
      vertex 66.1575 17.7779 0
    endloop
  endfacet
  facet normal 0.896827 -0.442382 0
    outer loop
      vertex 65.8971 17.25 8
      vertex 66.1575 17.7779 0
      vertex 66.1575 17.7779 8
    endloop
  endfacet
  facet normal 0.896827 -0.442382 0
    outer loop
      vertex 66.1575 17.7779 0
      vertex 65.8971 17.25 8
      vertex 65.8971 17.25 0
    endloop
  endfacet
  facet normal -0.831566 -0.555426 0
    outer loop
      vertex 63.4722 20.35 0
      vertex 63.3487 20.5349 8
      vertex 63.3487 20.5349 0
    endloop
  endfacet
  facet normal -0.831566 -0.555426 0
    outer loop
      vertex 63.3487 20.5349 8
      vertex 63.4722 20.35 0
      vertex 63.4722 20.35 8
    endloop
  endfacet
  facet normal -0.321484 -0.946915 0
    outer loop
      vertex 62.44 21.1421 0
      vertex 62.6506 21.0706 8
      vertex 62.44 21.1421 8
    endloop
  endfacet
  facet normal -0.321484 -0.946915 -0
    outer loop
      vertex 62.6506 21.0706 8
      vertex 62.44 21.1421 0
      vertex 62.6506 21.0706 0
    endloop
  endfacet
  facet normal 0.44253 -0.896754 0
    outer loop
      vertex 61.15 20.9722 0
      vertex 61.3494 21.0706 8
      vertex 61.15 20.9722 8
    endloop
  endfacet
  facet normal 0.44253 -0.896754 0
    outer loop
      vertex 61.3494 21.0706 8
      vertex 61.15 20.9722 0
      vertex 61.3494 21.0706 0
    endloop
  endfacet
  facet normal 0.946915 -0.321484 0
    outer loop
      vertex 60.3579 19.94 8
      vertex 60.4294 20.1506 0
      vertex 60.4294 20.1506 8
    endloop
  endfacet
  facet normal 0.946915 -0.321484 0
    outer loop
      vertex 60.4294 20.1506 0
      vertex 60.3579 19.94 8
      vertex 60.3579 19.94 0
    endloop
  endfacet
  facet normal -0.98077 0.195165 0
    outer loop
      vertex 63.6421 19.06 0
      vertex 63.6855 19.2781 8
      vertex 63.6855 19.2781 0
    endloop
  endfacet
  facet normal -0.98077 0.195165 0
    outer loop
      vertex 63.6855 19.2781 8
      vertex 63.6421 19.06 0
      vertex 63.6421 19.06 8
    endloop
  endfacet
  facet normal 0.0652057 -0.997872 0
    outer loop
      vertex 61.7781 21.1855 0
      vertex 62 21.2 8
      vertex 61.7781 21.1855 8
    endloop
  endfacet
  facet normal 0.0652057 -0.997872 0
    outer loop
      vertex 62 21.2 8
      vertex 61.7781 21.1855 0
      vertex 62 21.2 0
    endloop
  endfacet
  facet normal -0.44253 -0.896754 0
    outer loop
      vertex 62.6506 21.0706 0
      vertex 62.85 20.9722 8
      vertex 62.6506 21.0706 8
    endloop
  endfacet
  facet normal -0.44253 -0.896754 -0
    outer loop
      vertex 62.85 20.9722 8
      vertex 62.6506 21.0706 0
      vertex 62.85 20.9722 0
    endloop
  endfacet
  facet normal 0.997872 0.0652057 0
    outer loop
      vertex 60.3145 19.2781 8
      vertex 60.3 19.5 0
      vertex 60.3 19.5 8
    endloop
  endfacet
  facet normal 0.997872 0.0652057 0
    outer loop
      vertex 60.3 19.5 0
      vertex 60.3145 19.2781 8
      vertex 60.3145 19.2781 0
    endloop
  endfacet
  facet normal 0.831566 -0.555426 0
    outer loop
      vertex 60.5278 20.35 8
      vertex 60.6513 20.5349 0
      vertex 60.6513 20.5349 8
    endloop
  endfacet
  facet normal 0.831566 -0.555426 0
    outer loop
      vertex 60.6513 20.5349 0
      vertex 60.5278 20.35 8
      vertex 60.5278 20.35 0
    endloop
  endfacet
  facet normal 0.555426 -0.831566 0
    outer loop
      vertex 60.9651 20.8487 0
      vertex 61.15 20.9722 8
      vertex 60.9651 20.8487 8
    endloop
  endfacet
  facet normal 0.555426 -0.831566 0
    outer loop
      vertex 61.15 20.9722 8
      vertex 60.9651 20.8487 0
      vertex 61.15 20.9722 0
    endloop
  endfacet
  facet normal 0.195165 -0.98077 0
    outer loop
      vertex 61.56 21.1421 0
      vertex 61.7781 21.1855 8
      vertex 61.56 21.1421 8
    endloop
  endfacet
  facet normal 0.195165 -0.98077 0
    outer loop
      vertex 61.7781 21.1855 8
      vertex 61.56 21.1421 0
      vertex 61.7781 21.1855 0
    endloop
  endfacet
  facet normal -0.997872 -0.0652057 0
    outer loop
      vertex 63.7 19.5 0
      vertex 63.6855 19.7219 8
      vertex 63.6855 19.7219 0
    endloop
  endfacet
  facet normal -0.997872 -0.0652057 0
    outer loop
      vertex 63.6855 19.7219 8
      vertex 63.7 19.5 0
      vertex 63.7 19.5 8
    endloop
  endfacet
  facet normal -0.946915 0.321484 0
    outer loop
      vertex 63.5706 18.8494 0
      vertex 63.6421 19.06 8
      vertex 63.6421 19.06 0
    endloop
  endfacet
  facet normal -0.946915 0.321484 0
    outer loop
      vertex 63.6421 19.06 8
      vertex 63.5706 18.8494 0
      vertex 63.5706 18.8494 8
    endloop
  endfacet
  facet normal 0.555426 0.831566 -0
    outer loop
      vertex 61.15 18.0278 0
      vertex 60.9651 18.1513 8
      vertex 61.15 18.0278 8
    endloop
  endfacet
  facet normal 0.555426 0.831566 0
    outer loop
      vertex 60.9651 18.1513 8
      vertex 61.15 18.0278 0
      vertex 60.9651 18.1513 0
    endloop
  endfacet
  facet normal 0.831566 0.555426 0
    outer loop
      vertex 60.6513 18.4651 8
      vertex 60.5278 18.65 0
      vertex 60.5278 18.65 8
    endloop
  endfacet
  facet normal 0.831566 0.555426 0
    outer loop
      vertex 60.5278 18.65 0
      vertex 60.6513 18.4651 8
      vertex 60.6513 18.4651 0
    endloop
  endfacet
  facet normal -0.555426 0.831566 0
    outer loop
      vertex 63.0349 18.1513 0
      vertex 62.85 18.0278 8
      vertex 63.0349 18.1513 8
    endloop
  endfacet
  facet normal -0.555426 0.831566 0
    outer loop
      vertex 62.85 18.0278 8
      vertex 63.0349 18.1513 0
      vertex 62.85 18.0278 0
    endloop
  endfacet
  facet normal -0.659268 -0.751908 0
    outer loop
      vertex 63.0349 20.8487 0
      vertex 63.2021 20.7021 8
      vertex 63.0349 20.8487 8
    endloop
  endfacet
  facet normal -0.659268 -0.751908 -0
    outer loop
      vertex 63.2021 20.7021 8
      vertex 63.0349 20.8487 0
      vertex 63.2021 20.7021 0
    endloop
  endfacet
  facet normal -0.195165 -0.98077 0
    outer loop
      vertex 62.2219 21.1855 0
      vertex 62.44 21.1421 8
      vertex 62.2219 21.1855 8
    endloop
  endfacet
  facet normal -0.195165 -0.98077 -0
    outer loop
      vertex 62.44 21.1421 8
      vertex 62.2219 21.1855 0
      vertex 62.44 21.1421 0
    endloop
  endfacet
  facet normal -0.0652057 -0.997872 0
    outer loop
      vertex 62 21.2 0
      vertex 62.2219 21.1855 8
      vertex 62 21.2 8
    endloop
  endfacet
  facet normal -0.0652057 -0.997872 -0
    outer loop
      vertex 62.2219 21.1855 8
      vertex 62 21.2 0
      vertex 62.2219 21.1855 0
    endloop
  endfacet
  facet normal -0.555426 -0.831566 0
    outer loop
      vertex 62.85 20.9722 0
      vertex 63.0349 20.8487 8
      vertex 62.85 20.9722 8
    endloop
  endfacet
  facet normal -0.555426 -0.831566 -0
    outer loop
      vertex 63.0349 20.8487 8
      vertex 62.85 20.9722 0
      vertex 63.0349 20.8487 0
    endloop
  endfacet
  facet normal 0.98077 -0.195165 0
    outer loop
      vertex 60.3145 19.7219 8
      vertex 60.3579 19.94 0
      vertex 60.3579 19.94 8
    endloop
  endfacet
  facet normal 0.98077 -0.195165 0
    outer loop
      vertex 60.3579 19.94 0
      vertex 60.3145 19.7219 8
      vertex 60.3145 19.7219 0
    endloop
  endfacet
  facet normal 0.997872 -0.0652057 0
    outer loop
      vertex 60.3 19.5 8
      vertex 60.3145 19.7219 0
      vertex 60.3145 19.7219 8
    endloop
  endfacet
  facet normal 0.997872 -0.0652057 0
    outer loop
      vertex 60.3145 19.7219 0
      vertex 60.3 19.5 8
      vertex 60.3 19.5 0
    endloop
  endfacet
  facet normal 0.896754 -0.44253 0
    outer loop
      vertex 60.4294 20.1506 8
      vertex 60.5278 20.35 0
      vertex 60.5278 20.35 8
    endloop
  endfacet
  facet normal 0.896754 -0.44253 0
    outer loop
      vertex 60.5278 20.35 0
      vertex 60.4294 20.1506 8
      vertex 60.4294 20.1506 0
    endloop
  endfacet
  facet normal 0.321484 -0.946915 0
    outer loop
      vertex 61.3494 21.0706 0
      vertex 61.56 21.1421 8
      vertex 61.3494 21.0706 8
    endloop
  endfacet
  facet normal 0.321484 -0.946915 0
    outer loop
      vertex 61.56 21.1421 8
      vertex 61.3494 21.0706 0
      vertex 61.56 21.1421 0
    endloop
  endfacet
  facet normal 0.659268 -0.751908 0
    outer loop
      vertex 60.7979 20.7021 0
      vertex 60.9651 20.8487 8
      vertex 60.7979 20.7021 8
    endloop
  endfacet
  facet normal 0.659268 -0.751908 0
    outer loop
      vertex 60.9651 20.8487 8
      vertex 60.7979 20.7021 0
      vertex 60.9651 20.8487 0
    endloop
  endfacet
  facet normal 0.751908 -0.659268 0
    outer loop
      vertex 60.6513 20.5349 8
      vertex 60.7979 20.7021 0
      vertex 60.7979 20.7021 8
    endloop
  endfacet
  facet normal 0.751908 -0.659268 0
    outer loop
      vertex 60.7979 20.7021 0
      vertex 60.6513 20.5349 8
      vertex 60.6513 20.5349 0
    endloop
  endfacet
  facet normal -0.997872 0.0652057 0
    outer loop
      vertex 63.6855 19.2781 0
      vertex 63.7 19.5 8
      vertex 63.7 19.5 0
    endloop
  endfacet
  facet normal -0.997872 0.0652057 0
    outer loop
      vertex 63.7 19.5 8
      vertex 63.6855 19.2781 0
      vertex 63.6855 19.2781 8
    endloop
  endfacet
  facet normal -0.831566 0.555426 0
    outer loop
      vertex 63.3487 18.4651 0
      vertex 63.4722 18.65 8
      vertex 63.4722 18.65 0
    endloop
  endfacet
  facet normal -0.831566 0.555426 0
    outer loop
      vertex 63.4722 18.65 8
      vertex 63.3487 18.4651 0
      vertex 63.3487 18.4651 8
    endloop
  endfacet
  facet normal 0.98077 0.195165 0
    outer loop
      vertex 60.3579 19.06 8
      vertex 60.3145 19.2781 0
      vertex 60.3145 19.2781 8
    endloop
  endfacet
  facet normal 0.98077 0.195165 0
    outer loop
      vertex 60.3145 19.2781 0
      vertex 60.3579 19.06 8
      vertex 60.3579 19.06 0
    endloop
  endfacet
  facet normal 0.751908 0.659268 0
    outer loop
      vertex 60.7979 18.2979 8
      vertex 60.6513 18.4651 0
      vertex 60.6513 18.4651 8
    endloop
  endfacet
  facet normal 0.751908 0.659268 0
    outer loop
      vertex 60.6513 18.4651 0
      vertex 60.7979 18.2979 8
      vertex 60.7979 18.2979 0
    endloop
  endfacet
  facet normal -0.195165 0.98077 0
    outer loop
      vertex 62.44 17.8579 0
      vertex 62.2219 17.8145 8
      vertex 62.44 17.8579 8
    endloop
  endfacet
  facet normal -0.195165 0.98077 0
    outer loop
      vertex 62.2219 17.8145 8
      vertex 62.44 17.8579 0
      vertex 62.2219 17.8145 0
    endloop
  endfacet
  facet normal -0.659268 0.751908 0
    outer loop
      vertex 63.2021 18.2979 0
      vertex 63.0349 18.1513 8
      vertex 63.2021 18.2979 8
    endloop
  endfacet
  facet normal -0.659268 0.751908 0
    outer loop
      vertex 63.0349 18.1513 8
      vertex 63.2021 18.2979 0
      vertex 63.0349 18.1513 0
    endloop
  endfacet
  facet normal -0.896754 -0.44253 0
    outer loop
      vertex 63.5706 20.1506 0
      vertex 63.4722 20.35 8
      vertex 63.4722 20.35 0
    endloop
  endfacet
  facet normal -0.896754 -0.44253 0
    outer loop
      vertex 63.4722 20.35 8
      vertex 63.5706 20.1506 0
      vertex 63.5706 20.1506 8
    endloop
  endfacet
  facet normal -0.946915 -0.321484 0
    outer loop
      vertex 63.6421 19.94 0
      vertex 63.5706 20.1506 8
      vertex 63.5706 20.1506 0
    endloop
  endfacet
  facet normal -0.946915 -0.321484 0
    outer loop
      vertex 63.5706 20.1506 8
      vertex 63.6421 19.94 0
      vertex 63.6421 19.94 8
    endloop
  endfacet
  facet normal -0.98077 -0.195165 0
    outer loop
      vertex 63.6855 19.7219 0
      vertex 63.6421 19.94 8
      vertex 63.6421 19.94 0
    endloop
  endfacet
  facet normal -0.98077 -0.195165 0
    outer loop
      vertex 63.6421 19.94 8
      vertex 63.6855 19.7219 0
      vertex 63.6855 19.7219 8
    endloop
  endfacet
  facet normal -0.751908 -0.659268 0
    outer loop
      vertex 63.3487 20.5349 0
      vertex 63.2021 20.7021 8
      vertex 63.2021 20.7021 0
    endloop
  endfacet
  facet normal -0.751908 -0.659268 0
    outer loop
      vertex 63.2021 20.7021 8
      vertex 63.3487 20.5349 0
      vertex 63.3487 20.5349 8
    endloop
  endfacet
  facet normal -0.896754 0.44253 0
    outer loop
      vertex 63.4722 18.65 0
      vertex 63.5706 18.8494 8
      vertex 63.5706 18.8494 0
    endloop
  endfacet
  facet normal -0.896754 0.44253 0
    outer loop
      vertex 63.5706 18.8494 8
      vertex 63.4722 18.65 0
      vertex 63.4722 18.65 8
    endloop
  endfacet
  facet normal -0.0652057 0.997872 0
    outer loop
      vertex 62.2219 17.8145 0
      vertex 62 17.8 8
      vertex 62.2219 17.8145 8
    endloop
  endfacet
  facet normal -0.0652057 0.997872 0
    outer loop
      vertex 62 17.8 8
      vertex 62.2219 17.8145 0
      vertex 62 17.8 0
    endloop
  endfacet
  facet normal 0.896754 0.44253 0
    outer loop
      vertex 60.5278 18.65 8
      vertex 60.4294 18.8494 0
      vertex 60.4294 18.8494 8
    endloop
  endfacet
  facet normal 0.896754 0.44253 0
    outer loop
      vertex 60.4294 18.8494 0
      vertex 60.5278 18.65 8
      vertex 60.5278 18.65 0
    endloop
  endfacet
  facet normal 0.946915 0.321484 0
    outer loop
      vertex 60.4294 18.8494 8
      vertex 60.3579 19.06 0
      vertex 60.3579 19.06 8
    endloop
  endfacet
  facet normal 0.946915 0.321484 0
    outer loop
      vertex 60.3579 19.06 0
      vertex 60.4294 18.8494 8
      vertex 60.4294 18.8494 0
    endloop
  endfacet
  facet normal 0.659268 0.751908 -0
    outer loop
      vertex 60.9651 18.1513 0
      vertex 60.7979 18.2979 8
      vertex 60.9651 18.1513 8
    endloop
  endfacet
  facet normal 0.659268 0.751908 0
    outer loop
      vertex 60.7979 18.2979 8
      vertex 60.9651 18.1513 0
      vertex 60.7979 18.2979 0
    endloop
  endfacet
  facet normal -0.44253 0.896754 0
    outer loop
      vertex 62.85 18.0278 0
      vertex 62.6506 17.9294 8
      vertex 62.85 18.0278 8
    endloop
  endfacet
  facet normal -0.44253 0.896754 0
    outer loop
      vertex 62.6506 17.9294 8
      vertex 62.85 18.0278 0
      vertex 62.6506 17.9294 0
    endloop
  endfacet
  facet normal -0.321484 0.946915 0
    outer loop
      vertex 62.6506 17.9294 0
      vertex 62.44 17.8579 8
      vertex 62.6506 17.9294 8
    endloop
  endfacet
  facet normal -0.321484 0.946915 0
    outer loop
      vertex 62.44 17.8579 8
      vertex 62.6506 17.9294 0
      vertex 62.44 17.8579 0
    endloop
  endfacet
  facet normal 0.44253 0.896754 -0
    outer loop
      vertex 61.3494 17.9294 0
      vertex 61.15 18.0278 8
      vertex 61.3494 17.9294 8
    endloop
  endfacet
  facet normal 0.44253 0.896754 0
    outer loop
      vertex 61.15 18.0278 8
      vertex 61.3494 17.9294 0
      vertex 61.15 18.0278 0
    endloop
  endfacet
  facet normal 0.195165 0.98077 -0
    outer loop
      vertex 61.7781 17.8145 0
      vertex 61.56 17.8579 8
      vertex 61.7781 17.8145 8
    endloop
  endfacet
  facet normal 0.195165 0.98077 0
    outer loop
      vertex 61.56 17.8579 8
      vertex 61.7781 17.8145 0
      vertex 61.56 17.8579 0
    endloop
  endfacet
  facet normal 0.321484 0.946915 -0
    outer loop
      vertex 61.56 17.8579 0
      vertex 61.3494 17.9294 8
      vertex 61.56 17.8579 8
    endloop
  endfacet
  facet normal 0.321484 0.946915 0
    outer loop
      vertex 61.3494 17.9294 8
      vertex 61.56 17.8579 0
      vertex 61.3494 17.9294 0
    endloop
  endfacet
  facet normal -0.751908 0.659268 0
    outer loop
      vertex 63.2021 18.2979 0
      vertex 63.3487 18.4651 8
      vertex 63.3487 18.4651 0
    endloop
  endfacet
  facet normal -0.751908 0.659268 0
    outer loop
      vertex 63.3487 18.4651 8
      vertex 63.2021 18.2979 0
      vertex 63.2021 18.2979 8
    endloop
  endfacet
  facet normal 0.0652057 0.997872 -0
    outer loop
      vertex 62 17.8 0
      vertex 61.7781 17.8145 8
      vertex 62 17.8 8
    endloop
  endfacet
  facet normal 0.0652057 0.997872 0
    outer loop
      vertex 61.7781 17.8145 8
      vertex 62 17.8 0
      vertex 61.7781 17.8145 0
    endloop
  endfacet
endsolid OpenSCAD_Model
