solid OpenSCAD_Model
  facet normal -0.997872 -0.0652057 0
    outer loop
      vertex -70.3 -55 0
      vertex -70.3145 -54.7781 2.4
      vertex -70.3145 -54.7781 0
    endloop
  endfacet
  facet normal -0.997872 -0.0652057 0
    outer loop
      vertex -70.3145 -54.7781 2.4
      vertex -70.3 -55 0
      vertex -70.3 -55 2.4
    endloop
  endfacet
  facet normal 0.997872 -0.0652057 0
    outer loop
      vertex -73.7 -55 2.4
      vertex -73.6855 -54.7781 0
      vertex -73.6855 -54.7781 2.4
    endloop
  endfacet
  facet normal 0.997872 -0.0652057 0
    outer loop
      vertex -73.6855 -54.7781 0
      vertex -73.7 -55 2.4
      vertex -73.7 -55 0
    endloop
  endfacet
  facet normal -0.0652057 -0.997872 0
    outer loop
      vertex -72 -53.3 0
      vertex -71.7781 -53.3145 2.4
      vertex -72 -53.3 2.4
    endloop
  endfacet
  facet normal -0.0652057 -0.997872 -0
    outer loop
      vertex -71.7781 -53.3145 2.4
      vertex -72 -53.3 0
      vertex -71.7781 -53.3145 0
    endloop
  endfacet
  facet normal -0.659268 -0.751908 0
    outer loop
      vertex -70.9651 -53.6513 0
      vertex -70.7979 -53.7979 2.4
      vertex -70.9651 -53.6513 2.4
    endloop
  endfacet
  facet normal -0.659268 -0.751908 -0
    outer loop
      vertex -70.7979 -53.7979 2.4
      vertex -70.9651 -53.6513 0
      vertex -70.7979 -53.7979 0
    endloop
  endfacet
  facet normal 0.659268 -0.751908 0
    outer loop
      vertex -73.2021 -53.7979 0
      vertex -73.0349 -53.6513 2.4
      vertex -73.2021 -53.7979 2.4
    endloop
  endfacet
  facet normal 0.659268 -0.751908 0
    outer loop
      vertex -73.0349 -53.6513 2.4
      vertex -73.2021 -53.7979 0
      vertex -73.0349 -53.6513 0
    endloop
  endfacet
  facet normal 0.321484 -0.946915 0
    outer loop
      vertex -72.6506 -53.4294 0
      vertex -72.44 -53.3579 2.4
      vertex -72.6506 -53.4294 2.4
    endloop
  endfacet
  facet normal 0.321484 -0.946915 0
    outer loop
      vertex -72.44 -53.3579 2.4
      vertex -72.6506 -53.4294 0
      vertex -72.44 -53.3579 0
    endloop
  endfacet
  facet normal -0.896754 -0.44253 0
    outer loop
      vertex -70.4294 -54.3494 0
      vertex -70.5278 -54.15 2.4
      vertex -70.5278 -54.15 0
    endloop
  endfacet
  facet normal -0.896754 -0.44253 0
    outer loop
      vertex -70.5278 -54.15 2.4
      vertex -70.4294 -54.3494 0
      vertex -70.4294 -54.3494 2.4
    endloop
  endfacet
  facet normal -0.98077 -0.195165 0
    outer loop
      vertex -70.3145 -54.7781 0
      vertex -70.3579 -54.56 2.4
      vertex -70.3579 -54.56 0
    endloop
  endfacet
  facet normal -0.98077 -0.195165 0
    outer loop
      vertex -70.3579 -54.56 2.4
      vertex -70.3145 -54.7781 0
      vertex -70.3145 -54.7781 2.4
    endloop
  endfacet
  facet normal -0.831566 -0.555426 0
    outer loop
      vertex -70.5278 -54.15 0
      vertex -70.6513 -53.9651 2.4
      vertex -70.6513 -53.9651 0
    endloop
  endfacet
  facet normal -0.831566 -0.555426 0
    outer loop
      vertex -70.6513 -53.9651 2.4
      vertex -70.5278 -54.15 0
      vertex -70.5278 -54.15 2.4
    endloop
  endfacet
  facet normal -0.321484 -0.946915 0
    outer loop
      vertex -71.56 -53.3579 0
      vertex -71.3494 -53.4294 2.4
      vertex -71.56 -53.3579 2.4
    endloop
  endfacet
  facet normal -0.321484 -0.946915 -0
    outer loop
      vertex -71.3494 -53.4294 2.4
      vertex -71.56 -53.3579 0
      vertex -71.3494 -53.4294 0
    endloop
  endfacet
  facet normal -0.195165 -0.98077 0
    outer loop
      vertex -71.7781 -53.3145 0
      vertex -71.56 -53.3579 2.4
      vertex -71.7781 -53.3145 2.4
    endloop
  endfacet
  facet normal -0.195165 -0.98077 -0
    outer loop
      vertex -71.56 -53.3579 2.4
      vertex -71.7781 -53.3145 0
      vertex -71.56 -53.3579 0
    endloop
  endfacet
  facet normal -0.44253 -0.896754 0
    outer loop
      vertex -71.3494 -53.4294 0
      vertex -71.15 -53.5278 2.4
      vertex -71.3494 -53.4294 2.4
    endloop
  endfacet
  facet normal -0.44253 -0.896754 -0
    outer loop
      vertex -71.15 -53.5278 2.4
      vertex -71.3494 -53.4294 0
      vertex -71.15 -53.5278 0
    endloop
  endfacet
  facet normal 0.831566 -0.555426 0
    outer loop
      vertex -73.4722 -54.15 2.4
      vertex -73.3487 -53.9651 0
      vertex -73.3487 -53.9651 2.4
    endloop
  endfacet
  facet normal 0.831566 -0.555426 0
    outer loop
      vertex -73.3487 -53.9651 0
      vertex -73.4722 -54.15 2.4
      vertex -73.4722 -54.15 0
    endloop
  endfacet
  facet normal 0.751908 -0.659268 0
    outer loop
      vertex -73.3487 -53.9651 2.4
      vertex -73.2021 -53.7979 0
      vertex -73.2021 -53.7979 2.4
    endloop
  endfacet
  facet normal 0.751908 -0.659268 0
    outer loop
      vertex -73.2021 -53.7979 0
      vertex -73.3487 -53.9651 2.4
      vertex -73.3487 -53.9651 0
    endloop
  endfacet
  facet normal 0.946915 -0.321484 0
    outer loop
      vertex -73.6421 -54.56 2.4
      vertex -73.5706 -54.3494 0
      vertex -73.5706 -54.3494 2.4
    endloop
  endfacet
  facet normal 0.946915 -0.321484 0
    outer loop
      vertex -73.5706 -54.3494 0
      vertex -73.6421 -54.56 2.4
      vertex -73.6421 -54.56 0
    endloop
  endfacet
  facet normal 0.555426 -0.831566 0
    outer loop
      vertex -73.0349 -53.6513 0
      vertex -72.85 -53.5278 2.4
      vertex -73.0349 -53.6513 2.4
    endloop
  endfacet
  facet normal 0.555426 -0.831566 0
    outer loop
      vertex -72.85 -53.5278 2.4
      vertex -73.0349 -53.6513 0
      vertex -72.85 -53.5278 0
    endloop
  endfacet
  facet normal 0.195165 -0.98077 0
    outer loop
      vertex -72.44 -53.3579 0
      vertex -72.2219 -53.3145 2.4
      vertex -72.44 -53.3579 2.4
    endloop
  endfacet
  facet normal 0.195165 -0.98077 0
    outer loop
      vertex -72.2219 -53.3145 2.4
      vertex -72.44 -53.3579 0
      vertex -72.2219 -53.3145 0
    endloop
  endfacet
  facet normal -0.751908 0.659268 0
    outer loop
      vertex -70.7979 -56.2021 0
      vertex -70.6513 -56.0349 2.4
      vertex -70.6513 -56.0349 0
    endloop
  endfacet
  facet normal -0.751908 0.659268 0
    outer loop
      vertex -70.6513 -56.0349 2.4
      vertex -70.7979 -56.2021 0
      vertex -70.7979 -56.2021 2.4
    endloop
  endfacet
  facet normal -0.98077 0.195165 0
    outer loop
      vertex -70.3579 -55.44 0
      vertex -70.3145 -55.2219 2.4
      vertex -70.3145 -55.2219 0
    endloop
  endfacet
  facet normal -0.98077 0.195165 0
    outer loop
      vertex -70.3145 -55.2219 2.4
      vertex -70.3579 -55.44 0
      vertex -70.3579 -55.44 2.4
    endloop
  endfacet
  facet normal 0.659268 0.751908 -0
    outer loop
      vertex -73.0349 -56.3487 0
      vertex -73.2021 -56.2021 2.4
      vertex -73.0349 -56.3487 2.4
    endloop
  endfacet
  facet normal 0.659268 0.751908 0
    outer loop
      vertex -73.2021 -56.2021 2.4
      vertex -73.0349 -56.3487 0
      vertex -73.2021 -56.2021 0
    endloop
  endfacet
  facet normal 0.321484 0.946915 -0
    outer loop
      vertex -72.44 -56.6421 0
      vertex -72.6506 -56.5706 2.4
      vertex -72.44 -56.6421 2.4
    endloop
  endfacet
  facet normal 0.321484 0.946915 0
    outer loop
      vertex -72.6506 -56.5706 2.4
      vertex -72.44 -56.6421 0
      vertex -72.6506 -56.5706 0
    endloop
  endfacet
  facet normal 0.751908 0.659268 0
    outer loop
      vertex -73.2021 -56.2021 2.4
      vertex -73.3487 -56.0349 0
      vertex -73.3487 -56.0349 2.4
    endloop
  endfacet
  facet normal 0.751908 0.659268 0
    outer loop
      vertex -73.3487 -56.0349 0
      vertex -73.2021 -56.2021 2.4
      vertex -73.2021 -56.2021 0
    endloop
  endfacet
  facet normal -0.946915 -0.321484 0
    outer loop
      vertex -70.3579 -54.56 0
      vertex -70.4294 -54.3494 2.4
      vertex -70.4294 -54.3494 0
    endloop
  endfacet
  facet normal -0.946915 -0.321484 0
    outer loop
      vertex -70.4294 -54.3494 2.4
      vertex -70.3579 -54.56 0
      vertex -70.3579 -54.56 2.4
    endloop
  endfacet
  facet normal -0.555426 -0.831566 0
    outer loop
      vertex -71.15 -53.5278 0
      vertex -70.9651 -53.6513 2.4
      vertex -71.15 -53.5278 2.4
    endloop
  endfacet
  facet normal -0.555426 -0.831566 -0
    outer loop
      vertex -70.9651 -53.6513 2.4
      vertex -71.15 -53.5278 0
      vertex -70.9651 -53.6513 0
    endloop
  endfacet
  facet normal 0.896754 -0.44253 0
    outer loop
      vertex -73.5706 -54.3494 2.4
      vertex -73.4722 -54.15 0
      vertex -73.4722 -54.15 2.4
    endloop
  endfacet
  facet normal 0.896754 -0.44253 0
    outer loop
      vertex -73.4722 -54.15 0
      vertex -73.5706 -54.3494 2.4
      vertex -73.5706 -54.3494 0
    endloop
  endfacet
  facet normal 0.98077 -0.195165 0
    outer loop
      vertex -73.6855 -54.7781 2.4
      vertex -73.6421 -54.56 0
      vertex -73.6421 -54.56 2.4
    endloop
  endfacet
  facet normal 0.98077 -0.195165 0
    outer loop
      vertex -73.6421 -54.56 0
      vertex -73.6855 -54.7781 2.4
      vertex -73.6855 -54.7781 0
    endloop
  endfacet
  facet normal 0.0652057 -0.997872 0
    outer loop
      vertex -72.2219 -53.3145 0
      vertex -72 -53.3 2.4
      vertex -72.2219 -53.3145 2.4
    endloop
  endfacet
  facet normal 0.0652057 -0.997872 0
    outer loop
      vertex -72 -53.3 2.4
      vertex -72.2219 -53.3145 0
      vertex -72 -53.3 0
    endloop
  endfacet
  facet normal -0.997872 0.0652057 0
    outer loop
      vertex -70.3145 -55.2219 0
      vertex -70.3 -55 2.4
      vertex -70.3 -55 0
    endloop
  endfacet
  facet normal -0.997872 0.0652057 0
    outer loop
      vertex -70.3 -55 2.4
      vertex -70.3145 -55.2219 0
      vertex -70.3145 -55.2219 2.4
    endloop
  endfacet
  facet normal -0.0652057 0.997872 0
    outer loop
      vertex -71.7781 -56.6855 0
      vertex -72 -56.7 2.4
      vertex -71.7781 -56.6855 2.4
    endloop
  endfacet
  facet normal -0.0652057 0.997872 0
    outer loop
      vertex -72 -56.7 2.4
      vertex -71.7781 -56.6855 0
      vertex -72 -56.7 0
    endloop
  endfacet
  facet normal -0.321484 0.946915 0
    outer loop
      vertex -71.3494 -56.5706 0
      vertex -71.56 -56.6421 2.4
      vertex -71.3494 -56.5706 2.4
    endloop
  endfacet
  facet normal -0.321484 0.946915 0
    outer loop
      vertex -71.56 -56.6421 2.4
      vertex -71.3494 -56.5706 0
      vertex -71.56 -56.6421 0
    endloop
  endfacet
  facet normal -0.44253 0.896754 0
    outer loop
      vertex -71.15 -56.4722 0
      vertex -71.3494 -56.5706 2.4
      vertex -71.15 -56.4722 2.4
    endloop
  endfacet
  facet normal -0.44253 0.896754 0
    outer loop
      vertex -71.3494 -56.5706 2.4
      vertex -71.15 -56.4722 0
      vertex -71.3494 -56.5706 0
    endloop
  endfacet
  facet normal -0.659268 0.751908 0
    outer loop
      vertex -70.7979 -56.2021 0
      vertex -70.9651 -56.3487 2.4
      vertex -70.7979 -56.2021 2.4
    endloop
  endfacet
  facet normal -0.659268 0.751908 0
    outer loop
      vertex -70.9651 -56.3487 2.4
      vertex -70.7979 -56.2021 0
      vertex -70.9651 -56.3487 0
    endloop
  endfacet
  facet normal -0.555426 0.831566 0
    outer loop
      vertex -70.9651 -56.3487 0
      vertex -71.15 -56.4722 2.4
      vertex -70.9651 -56.3487 2.4
    endloop
  endfacet
  facet normal -0.555426 0.831566 0
    outer loop
      vertex -71.15 -56.4722 2.4
      vertex -70.9651 -56.3487 0
      vertex -71.15 -56.4722 0
    endloop
  endfacet
  facet normal -0.946915 0.321484 0
    outer loop
      vertex -70.4294 -55.6506 0
      vertex -70.3579 -55.44 2.4
      vertex -70.3579 -55.44 0
    endloop
  endfacet
  facet normal -0.946915 0.321484 0
    outer loop
      vertex -70.3579 -55.44 2.4
      vertex -70.4294 -55.6506 0
      vertex -70.4294 -55.6506 2.4
    endloop
  endfacet
  facet normal -0.831566 0.555426 0
    outer loop
      vertex -70.6513 -56.0349 0
      vertex -70.5278 -55.85 2.4
      vertex -70.5278 -55.85 0
    endloop
  endfacet
  facet normal -0.831566 0.555426 0
    outer loop
      vertex -70.5278 -55.85 2.4
      vertex -70.6513 -56.0349 0
      vertex -70.6513 -56.0349 2.4
    endloop
  endfacet
  facet normal -0.896754 0.44253 0
    outer loop
      vertex -70.5278 -55.85 0
      vertex -70.4294 -55.6506 2.4
      vertex -70.4294 -55.6506 0
    endloop
  endfacet
  facet normal -0.896754 0.44253 0
    outer loop
      vertex -70.4294 -55.6506 2.4
      vertex -70.5278 -55.85 0
      vertex -70.5278 -55.85 2.4
    endloop
  endfacet
  facet normal 0.555426 0.831566 -0
    outer loop
      vertex -72.85 -56.4722 0
      vertex -73.0349 -56.3487 2.4
      vertex -72.85 -56.4722 2.4
    endloop
  endfacet
  facet normal 0.555426 0.831566 0
    outer loop
      vertex -73.0349 -56.3487 2.4
      vertex -72.85 -56.4722 0
      vertex -73.0349 -56.3487 0
    endloop
  endfacet
  facet normal 0.195165 0.98077 -0
    outer loop
      vertex -72.2219 -56.6855 0
      vertex -72.44 -56.6421 2.4
      vertex -72.2219 -56.6855 2.4
    endloop
  endfacet
  facet normal 0.195165 0.98077 0
    outer loop
      vertex -72.44 -56.6421 2.4
      vertex -72.2219 -56.6855 0
      vertex -72.44 -56.6421 0
    endloop
  endfacet
  facet normal 0.896754 0.44253 0
    outer loop
      vertex -73.4722 -55.85 2.4
      vertex -73.5706 -55.6506 0
      vertex -73.5706 -55.6506 2.4
    endloop
  endfacet
  facet normal 0.896754 0.44253 0
    outer loop
      vertex -73.5706 -55.6506 0
      vertex -73.4722 -55.85 2.4
      vertex -73.4722 -55.85 0
    endloop
  endfacet
  facet normal 0.946915 0.321484 0
    outer loop
      vertex -73.5706 -55.6506 2.4
      vertex -73.6421 -55.44 0
      vertex -73.6421 -55.44 2.4
    endloop
  endfacet
  facet normal 0.946915 0.321484 0
    outer loop
      vertex -73.6421 -55.44 0
      vertex -73.5706 -55.6506 2.4
      vertex -73.5706 -55.6506 0
    endloop
  endfacet
  facet normal 0.997872 0.0652057 0
    outer loop
      vertex -73.6855 -55.2219 2.4
      vertex -73.7 -55 0
      vertex -73.7 -55 2.4
    endloop
  endfacet
  facet normal 0.997872 0.0652057 0
    outer loop
      vertex -73.7 -55 0
      vertex -73.6855 -55.2219 2.4
      vertex -73.6855 -55.2219 0
    endloop
  endfacet
  facet normal -0.751908 -0.659268 0
    outer loop
      vertex -70.6513 -53.9651 0
      vertex -70.7979 -53.7979 2.4
      vertex -70.7979 -53.7979 0
    endloop
  endfacet
  facet normal -0.751908 -0.659268 0
    outer loop
      vertex -70.7979 -53.7979 2.4
      vertex -70.6513 -53.9651 0
      vertex -70.6513 -53.9651 2.4
    endloop
  endfacet
  facet normal 0.44253 -0.896754 0
    outer loop
      vertex -72.85 -53.5278 0
      vertex -72.6506 -53.4294 2.4
      vertex -72.85 -53.5278 2.4
    endloop
  endfacet
  facet normal 0.44253 -0.896754 0
    outer loop
      vertex -72.6506 -53.4294 2.4
      vertex -72.85 -53.5278 0
      vertex -72.6506 -53.4294 0
    endloop
  endfacet
  facet normal -0.195165 0.98077 0
    outer loop
      vertex -71.56 -56.6421 0
      vertex -71.7781 -56.6855 2.4
      vertex -71.56 -56.6421 2.4
    endloop
  endfacet
  facet normal -0.195165 0.98077 0
    outer loop
      vertex -71.7781 -56.6855 2.4
      vertex -71.56 -56.6421 0
      vertex -71.7781 -56.6855 0
    endloop
  endfacet
  facet normal 0.44253 0.896754 -0
    outer loop
      vertex -72.6506 -56.5706 0
      vertex -72.85 -56.4722 2.4
      vertex -72.6506 -56.5706 2.4
    endloop
  endfacet
  facet normal 0.44253 0.896754 0
    outer loop
      vertex -72.85 -56.4722 2.4
      vertex -72.6506 -56.5706 0
      vertex -72.85 -56.4722 0
    endloop
  endfacet
  facet normal 0.0652057 0.997872 -0
    outer loop
      vertex -72 -56.7 0
      vertex -72.2219 -56.6855 2.4
      vertex -72 -56.7 2.4
    endloop
  endfacet
  facet normal 0.0652057 0.997872 0
    outer loop
      vertex -72.2219 -56.6855 2.4
      vertex -72 -56.7 0
      vertex -72.2219 -56.6855 0
    endloop
  endfacet
  facet normal 0.831566 0.555426 0
    outer loop
      vertex -73.3487 -56.0349 2.4
      vertex -73.4722 -55.85 0
      vertex -73.4722 -55.85 2.4
    endloop
  endfacet
  facet normal 0.831566 0.555426 0
    outer loop
      vertex -73.4722 -55.85 0
      vertex -73.3487 -56.0349 2.4
      vertex -73.3487 -56.0349 0
    endloop
  endfacet
  facet normal 0.98077 0.195165 0
    outer loop
      vertex -73.6421 -55.44 2.4
      vertex -73.6855 -55.2219 0
      vertex -73.6855 -55.2219 2.4
    endloop
  endfacet
  facet normal 0.98077 0.195165 0
    outer loop
      vertex -73.6855 -55.2219 0
      vertex -73.6421 -55.44 2.4
      vertex -73.6421 -55.44 0
    endloop
  endfacet
  facet normal -0.997872 -0.0652057 0
    outer loop
      vertex -70.3 55 0
      vertex -70.3145 55.2219 2.4
      vertex -70.3145 55.2219 0
    endloop
  endfacet
  facet normal -0.997872 -0.0652057 0
    outer loop
      vertex -70.3145 55.2219 2.4
      vertex -70.3 55 0
      vertex -70.3 55 2.4
    endloop
  endfacet
  facet normal 0.0652057 -0.997872 0
    outer loop
      vertex -72.2219 56.6855 0
      vertex -72 56.7 2.4
      vertex -72.2219 56.6855 2.4
    endloop
  endfacet
  facet normal 0.0652057 -0.997872 0
    outer loop
      vertex -72 56.7 2.4
      vertex -72.2219 56.6855 0
      vertex -72 56.7 0
    endloop
  endfacet
  facet normal -0.0652057 0.997872 0
    outer loop
      vertex -71.7781 53.3145 0
      vertex -72 53.3 2.4
      vertex -71.7781 53.3145 2.4
    endloop
  endfacet
  facet normal -0.0652057 0.997872 0
    outer loop
      vertex -72 53.3 2.4
      vertex -71.7781 53.3145 0
      vertex -72 53.3 0
    endloop
  endfacet
  facet normal -0.751908 0.659268 0
    outer loop
      vertex -70.7979 53.7979 0
      vertex -70.6513 53.9651 2.4
      vertex -70.6513 53.9651 0
    endloop
  endfacet
  facet normal -0.751908 0.659268 0
    outer loop
      vertex -70.6513 53.9651 2.4
      vertex -70.7979 53.7979 0
      vertex -70.7979 53.7979 2.4
    endloop
  endfacet
  facet normal -0.659268 -0.751908 0
    outer loop
      vertex -70.9651 56.3487 0
      vertex -70.7979 56.2021 2.4
      vertex -70.9651 56.3487 2.4
    endloop
  endfacet
  facet normal -0.659268 -0.751908 -0
    outer loop
      vertex -70.7979 56.2021 2.4
      vertex -70.9651 56.3487 0
      vertex -70.7979 56.2021 0
    endloop
  endfacet
  facet normal 0.751908 -0.659268 0
    outer loop
      vertex -73.3487 56.0349 2.4
      vertex -73.2021 56.2021 0
      vertex -73.2021 56.2021 2.4
    endloop
  endfacet
  facet normal 0.751908 -0.659268 0
    outer loop
      vertex -73.2021 56.2021 0
      vertex -73.3487 56.0349 2.4
      vertex -73.3487 56.0349 0
    endloop
  endfacet
  facet normal 0.44253 -0.896754 0
    outer loop
      vertex -72.85 56.4722 0
      vertex -72.6506 56.5706 2.4
      vertex -72.85 56.4722 2.4
    endloop
  endfacet
  facet normal 0.44253 -0.896754 0
    outer loop
      vertex -72.6506 56.5706 2.4
      vertex -72.85 56.4722 0
      vertex -72.6506 56.5706 0
    endloop
  endfacet
  facet normal -0.896754 -0.44253 0
    outer loop
      vertex -70.4294 55.6506 0
      vertex -70.5278 55.85 2.4
      vertex -70.5278 55.85 0
    endloop
  endfacet
  facet normal -0.896754 -0.44253 0
    outer loop
      vertex -70.5278 55.85 2.4
      vertex -70.4294 55.6506 0
      vertex -70.4294 55.6506 2.4
    endloop
  endfacet
  facet normal -0.98077 -0.195165 0
    outer loop
      vertex -70.3145 55.2219 0
      vertex -70.3579 55.44 2.4
      vertex -70.3579 55.44 0
    endloop
  endfacet
  facet normal -0.98077 -0.195165 0
    outer loop
      vertex -70.3579 55.44 2.4
      vertex -70.3145 55.2219 0
      vertex -70.3145 55.2219 2.4
    endloop
  endfacet
  facet normal -0.831566 -0.555426 0
    outer loop
      vertex -70.5278 55.85 0
      vertex -70.6513 56.0349 2.4
      vertex -70.6513 56.0349 0
    endloop
  endfacet
  facet normal -0.831566 -0.555426 0
    outer loop
      vertex -70.6513 56.0349 2.4
      vertex -70.5278 55.85 0
      vertex -70.5278 55.85 2.4
    endloop
  endfacet
  facet normal -0.321484 -0.946915 0
    outer loop
      vertex -71.56 56.6421 0
      vertex -71.3494 56.5706 2.4
      vertex -71.56 56.6421 2.4
    endloop
  endfacet
  facet normal -0.321484 -0.946915 -0
    outer loop
      vertex -71.3494 56.5706 2.4
      vertex -71.56 56.6421 0
      vertex -71.3494 56.5706 0
    endloop
  endfacet
  facet normal -0.44253 -0.896754 0
    outer loop
      vertex -71.3494 56.5706 0
      vertex -71.15 56.4722 2.4
      vertex -71.3494 56.5706 2.4
    endloop
  endfacet
  facet normal -0.44253 -0.896754 -0
    outer loop
      vertex -71.15 56.4722 2.4
      vertex -71.3494 56.5706 0
      vertex -71.15 56.4722 0
    endloop
  endfacet
  facet normal 0.946915 -0.321484 0
    outer loop
      vertex -73.6421 55.44 2.4
      vertex -73.5706 55.6506 0
      vertex -73.5706 55.6506 2.4
    endloop
  endfacet
  facet normal 0.946915 -0.321484 0
    outer loop
      vertex -73.5706 55.6506 0
      vertex -73.6421 55.44 2.4
      vertex -73.6421 55.44 0
    endloop
  endfacet
  facet normal 0.555426 -0.831566 0
    outer loop
      vertex -73.0349 56.3487 0
      vertex -72.85 56.4722 2.4
      vertex -73.0349 56.3487 2.4
    endloop
  endfacet
  facet normal 0.555426 -0.831566 0
    outer loop
      vertex -72.85 56.4722 2.4
      vertex -73.0349 56.3487 0
      vertex -72.85 56.4722 0
    endloop
  endfacet
  facet normal 0.195165 -0.98077 0
    outer loop
      vertex -72.44 56.6421 0
      vertex -72.2219 56.6855 2.4
      vertex -72.44 56.6421 2.4
    endloop
  endfacet
  facet normal 0.195165 -0.98077 0
    outer loop
      vertex -72.2219 56.6855 2.4
      vertex -72.44 56.6421 0
      vertex -72.2219 56.6855 0
    endloop
  endfacet
  facet normal -0.44253 0.896754 0
    outer loop
      vertex -71.15 53.5278 0
      vertex -71.3494 53.4294 2.4
      vertex -71.15 53.5278 2.4
    endloop
  endfacet
  facet normal -0.44253 0.896754 0
    outer loop
      vertex -71.3494 53.4294 2.4
      vertex -71.15 53.5278 0
      vertex -71.3494 53.4294 0
    endloop
  endfacet
  facet normal -0.946915 -0.321484 0
    outer loop
      vertex -70.3579 55.44 0
      vertex -70.4294 55.6506 2.4
      vertex -70.4294 55.6506 0
    endloop
  endfacet
  facet normal -0.946915 -0.321484 0
    outer loop
      vertex -70.4294 55.6506 2.4
      vertex -70.3579 55.44 0
      vertex -70.3579 55.44 2.4
    endloop
  endfacet
  facet normal -0.751908 -0.659268 0
    outer loop
      vertex -70.6513 56.0349 0
      vertex -70.7979 56.2021 2.4
      vertex -70.7979 56.2021 0
    endloop
  endfacet
  facet normal -0.751908 -0.659268 0
    outer loop
      vertex -70.7979 56.2021 2.4
      vertex -70.6513 56.0349 0
      vertex -70.6513 56.0349 2.4
    endloop
  endfacet
  facet normal -0.195165 -0.98077 0
    outer loop
      vertex -71.7781 56.6855 0
      vertex -71.56 56.6421 2.4
      vertex -71.7781 56.6855 2.4
    endloop
  endfacet
  facet normal -0.195165 -0.98077 -0
    outer loop
      vertex -71.56 56.6421 2.4
      vertex -71.7781 56.6855 0
      vertex -71.56 56.6421 0
    endloop
  endfacet
  facet normal -0.0652057 -0.997872 0
    outer loop
      vertex -72 56.7 0
      vertex -71.7781 56.6855 2.4
      vertex -72 56.7 2.4
    endloop
  endfacet
  facet normal -0.0652057 -0.997872 -0
    outer loop
      vertex -71.7781 56.6855 2.4
      vertex -72 56.7 0
      vertex -71.7781 56.6855 0
    endloop
  endfacet
  facet normal -0.555426 -0.831566 0
    outer loop
      vertex -71.15 56.4722 0
      vertex -70.9651 56.3487 2.4
      vertex -71.15 56.4722 2.4
    endloop
  endfacet
  facet normal -0.555426 -0.831566 -0
    outer loop
      vertex -70.9651 56.3487 2.4
      vertex -71.15 56.4722 0
      vertex -70.9651 56.3487 0
    endloop
  endfacet
  facet normal 0.896754 -0.44253 0
    outer loop
      vertex -73.5706 55.6506 2.4
      vertex -73.4722 55.85 0
      vertex -73.4722 55.85 2.4
    endloop
  endfacet
  facet normal 0.896754 -0.44253 0
    outer loop
      vertex -73.4722 55.85 0
      vertex -73.5706 55.6506 2.4
      vertex -73.5706 55.6506 0
    endloop
  endfacet
  facet normal 0.831566 -0.555426 0
    outer loop
      vertex -73.4722 55.85 2.4
      vertex -73.3487 56.0349 0
      vertex -73.3487 56.0349 2.4
    endloop
  endfacet
  facet normal 0.831566 -0.555426 0
    outer loop
      vertex -73.3487 56.0349 0
      vertex -73.4722 55.85 2.4
      vertex -73.4722 55.85 0
    endloop
  endfacet
  facet normal 0.98077 -0.195165 0
    outer loop
      vertex -73.6855 55.2219 2.4
      vertex -73.6421 55.44 0
      vertex -73.6421 55.44 2.4
    endloop
  endfacet
  facet normal 0.98077 -0.195165 0
    outer loop
      vertex -73.6421 55.44 0
      vertex -73.6855 55.2219 2.4
      vertex -73.6855 55.2219 0
    endloop
  endfacet
  facet normal 0.997872 -0.0652057 0
    outer loop
      vertex -73.7 55 2.4
      vertex -73.6855 55.2219 0
      vertex -73.6855 55.2219 2.4
    endloop
  endfacet
  facet normal 0.997872 -0.0652057 0
    outer loop
      vertex -73.6855 55.2219 0
      vertex -73.7 55 2.4
      vertex -73.7 55 0
    endloop
  endfacet
  facet normal 0.997872 0.0652057 0
    outer loop
      vertex -73.6855 54.7781 2.4
      vertex -73.7 55 0
      vertex -73.7 55 2.4
    endloop
  endfacet
  facet normal 0.997872 0.0652057 0
    outer loop
      vertex -73.7 55 0
      vertex -73.6855 54.7781 2.4
      vertex -73.6855 54.7781 0
    endloop
  endfacet
  facet normal 0.659268 -0.751908 0
    outer loop
      vertex -73.2021 56.2021 0
      vertex -73.0349 56.3487 2.4
      vertex -73.2021 56.2021 2.4
    endloop
  endfacet
  facet normal 0.659268 -0.751908 0
    outer loop
      vertex -73.0349 56.3487 2.4
      vertex -73.2021 56.2021 0
      vertex -73.0349 56.3487 0
    endloop
  endfacet
  facet normal 0.321484 -0.946915 0
    outer loop
      vertex -72.6506 56.5706 0
      vertex -72.44 56.6421 2.4
      vertex -72.6506 56.5706 2.4
    endloop
  endfacet
  facet normal 0.321484 -0.946915 0
    outer loop
      vertex -72.44 56.6421 2.4
      vertex -72.6506 56.5706 0
      vertex -72.44 56.6421 0
    endloop
  endfacet
  facet normal -0.997872 0.0652057 0
    outer loop
      vertex -70.3145 54.7781 0
      vertex -70.3 55 2.4
      vertex -70.3 55 0
    endloop
  endfacet
  facet normal -0.997872 0.0652057 0
    outer loop
      vertex -70.3 55 2.4
      vertex -70.3145 54.7781 0
      vertex -70.3145 54.7781 2.4
    endloop
  endfacet
  facet normal -0.946915 0.321484 0
    outer loop
      vertex -70.4294 54.3494 0
      vertex -70.3579 54.56 2.4
      vertex -70.3579 54.56 0
    endloop
  endfacet
  facet normal -0.946915 0.321484 0
    outer loop
      vertex -70.3579 54.56 2.4
      vertex -70.4294 54.3494 0
      vertex -70.4294 54.3494 2.4
    endloop
  endfacet
  facet normal -0.98077 0.195165 0
    outer loop
      vertex -70.3579 54.56 0
      vertex -70.3145 54.7781 2.4
      vertex -70.3145 54.7781 0
    endloop
  endfacet
  facet normal -0.98077 0.195165 0
    outer loop
      vertex -70.3145 54.7781 2.4
      vertex -70.3579 54.56 0
      vertex -70.3579 54.56 2.4
    endloop
  endfacet
  facet normal 0.555426 0.831566 -0
    outer loop
      vertex -72.85 53.5278 0
      vertex -73.0349 53.6513 2.4
      vertex -72.85 53.5278 2.4
    endloop
  endfacet
  facet normal 0.555426 0.831566 0
    outer loop
      vertex -73.0349 53.6513 2.4
      vertex -72.85 53.5278 0
      vertex -73.0349 53.6513 0
    endloop
  endfacet
  facet normal 0.831566 0.555426 0
    outer loop
      vertex -73.3487 53.9651 2.4
      vertex -73.4722 54.15 0
      vertex -73.4722 54.15 2.4
    endloop
  endfacet
  facet normal 0.831566 0.555426 0
    outer loop
      vertex -73.4722 54.15 0
      vertex -73.3487 53.9651 2.4
      vertex -73.3487 53.9651 0
    endloop
  endfacet
  facet normal 0.751908 0.659268 0
    outer loop
      vertex -73.2021 53.7979 2.4
      vertex -73.3487 53.9651 0
      vertex -73.3487 53.9651 2.4
    endloop
  endfacet
  facet normal 0.751908 0.659268 0
    outer loop
      vertex -73.3487 53.9651 0
      vertex -73.2021 53.7979 2.4
      vertex -73.2021 53.7979 0
    endloop
  endfacet
  facet normal -0.555426 0.831566 0
    outer loop
      vertex -70.9651 53.6513 0
      vertex -71.15 53.5278 2.4
      vertex -70.9651 53.6513 2.4
    endloop
  endfacet
  facet normal -0.555426 0.831566 0
    outer loop
      vertex -71.15 53.5278 2.4
      vertex -70.9651 53.6513 0
      vertex -71.15 53.5278 0
    endloop
  endfacet
  facet normal 0.195165 0.98077 -0
    outer loop
      vertex -72.2219 53.3145 0
      vertex -72.44 53.3579 2.4
      vertex -72.2219 53.3145 2.4
    endloop
  endfacet
  facet normal 0.195165 0.98077 0
    outer loop
      vertex -72.44 53.3579 2.4
      vertex -72.2219 53.3145 0
      vertex -72.44 53.3579 0
    endloop
  endfacet
  facet normal 0.659268 0.751908 -0
    outer loop
      vertex -73.0349 53.6513 0
      vertex -73.2021 53.7979 2.4
      vertex -73.0349 53.6513 2.4
    endloop
  endfacet
  facet normal 0.659268 0.751908 0
    outer loop
      vertex -73.2021 53.7979 2.4
      vertex -73.0349 53.6513 0
      vertex -73.2021 53.7979 0
    endloop
  endfacet
  facet normal 0.946915 0.321484 0
    outer loop
      vertex -73.5706 54.3494 2.4
      vertex -73.6421 54.56 0
      vertex -73.6421 54.56 2.4
    endloop
  endfacet
  facet normal 0.946915 0.321484 0
    outer loop
      vertex -73.6421 54.56 0
      vertex -73.5706 54.3494 2.4
      vertex -73.5706 54.3494 0
    endloop
  endfacet
  facet normal 0.98077 0.195165 0
    outer loop
      vertex -73.6421 54.56 2.4
      vertex -73.6855 54.7781 0
      vertex -73.6855 54.7781 2.4
    endloop
  endfacet
  facet normal 0.98077 0.195165 0
    outer loop
      vertex -73.6855 54.7781 0
      vertex -73.6421 54.56 2.4
      vertex -73.6421 54.56 0
    endloop
  endfacet
  facet normal 0.896754 0.44253 0
    outer loop
      vertex -73.4722 54.15 2.4
      vertex -73.5706 54.3494 0
      vertex -73.5706 54.3494 2.4
    endloop
  endfacet
  facet normal 0.896754 0.44253 0
    outer loop
      vertex -73.5706 54.3494 0
      vertex -73.4722 54.15 2.4
      vertex -73.4722 54.15 0
    endloop
  endfacet
  facet normal -0.659268 0.751908 0
    outer loop
      vertex -70.7979 53.7979 0
      vertex -70.9651 53.6513 2.4
      vertex -70.7979 53.7979 2.4
    endloop
  endfacet
  facet normal -0.659268 0.751908 0
    outer loop
      vertex -70.9651 53.6513 2.4
      vertex -70.7979 53.7979 0
      vertex -70.9651 53.6513 0
    endloop
  endfacet
  facet normal -0.321484 0.946915 0
    outer loop
      vertex -71.3494 53.4294 0
      vertex -71.56 53.3579 2.4
      vertex -71.3494 53.4294 2.4
    endloop
  endfacet
  facet normal -0.321484 0.946915 0
    outer loop
      vertex -71.56 53.3579 2.4
      vertex -71.3494 53.4294 0
      vertex -71.56 53.3579 0
    endloop
  endfacet
  facet normal -0.195165 0.98077 0
    outer loop
      vertex -71.56 53.3579 0
      vertex -71.7781 53.3145 2.4
      vertex -71.56 53.3579 2.4
    endloop
  endfacet
  facet normal -0.195165 0.98077 0
    outer loop
      vertex -71.7781 53.3145 2.4
      vertex -71.56 53.3579 0
      vertex -71.7781 53.3145 0
    endloop
  endfacet
  facet normal -0.896754 0.44253 0
    outer loop
      vertex -70.5278 54.15 0
      vertex -70.4294 54.3494 2.4
      vertex -70.4294 54.3494 0
    endloop
  endfacet
  facet normal -0.896754 0.44253 0
    outer loop
      vertex -70.4294 54.3494 2.4
      vertex -70.5278 54.15 0
      vertex -70.5278 54.15 2.4
    endloop
  endfacet
  facet normal -0.831566 0.555426 0
    outer loop
      vertex -70.6513 53.9651 0
      vertex -70.5278 54.15 2.4
      vertex -70.5278 54.15 0
    endloop
  endfacet
  facet normal -0.831566 0.555426 0
    outer loop
      vertex -70.5278 54.15 2.4
      vertex -70.6513 53.9651 0
      vertex -70.6513 53.9651 2.4
    endloop
  endfacet
  facet normal 0.0652057 0.997872 -0
    outer loop
      vertex -72 53.3 0
      vertex -72.2219 53.3145 2.4
      vertex -72 53.3 2.4
    endloop
  endfacet
  facet normal 0.0652057 0.997872 0
    outer loop
      vertex -72.2219 53.3145 2.4
      vertex -72 53.3 0
      vertex -72.2219 53.3145 0
    endloop
  endfacet
  facet normal 0.44253 0.896754 -0
    outer loop
      vertex -72.6506 53.4294 0
      vertex -72.85 53.5278 2.4
      vertex -72.6506 53.4294 2.4
    endloop
  endfacet
  facet normal 0.44253 0.896754 0
    outer loop
      vertex -72.85 53.5278 2.4
      vertex -72.6506 53.4294 0
      vertex -72.85 53.5278 0
    endloop
  endfacet
  facet normal 0.321484 0.946915 -0
    outer loop
      vertex -72.44 53.3579 0
      vertex -72.6506 53.4294 2.4
      vertex -72.44 53.3579 2.4
    endloop
  endfacet
  facet normal 0.321484 0.946915 0
    outer loop
      vertex -72.6506 53.4294 2.4
      vertex -72.44 53.3579 0
      vertex -72.6506 53.4294 0
    endloop
  endfacet
  facet normal -0.997872 -0.0652057 0
    outer loop
      vertex 73.7 -55 0
      vertex 73.6855 -54.7781 2.4
      vertex 73.6855 -54.7781 0
    endloop
  endfacet
  facet normal -0.997872 -0.0652057 0
    outer loop
      vertex 73.6855 -54.7781 2.4
      vertex 73.7 -55 0
      vertex 73.7 -55 2.4
    endloop
  endfacet
  facet normal 0.997872 -0.0652057 0
    outer loop
      vertex 70.3 -55 2.4
      vertex 70.3145 -54.7781 0
      vertex 70.3145 -54.7781 2.4
    endloop
  endfacet
  facet normal 0.997872 -0.0652057 0
    outer loop
      vertex 70.3145 -54.7781 0
      vertex 70.3 -55 2.4
      vertex 70.3 -55 0
    endloop
  endfacet
  facet normal -0.0652057 -0.997872 0
    outer loop
      vertex 72 -53.3 0
      vertex 72.2219 -53.3145 2.4
      vertex 72 -53.3 2.4
    endloop
  endfacet
  facet normal -0.0652057 -0.997872 -0
    outer loop
      vertex 72.2219 -53.3145 2.4
      vertex 72 -53.3 0
      vertex 72.2219 -53.3145 0
    endloop
  endfacet
  facet normal 0.0652057 0.997872 -0
    outer loop
      vertex 72 -56.7 0
      vertex 71.7781 -56.6855 2.4
      vertex 72 -56.7 2.4
    endloop
  endfacet
  facet normal 0.0652057 0.997872 0
    outer loop
      vertex 71.7781 -56.6855 2.4
      vertex 72 -56.7 0
      vertex 71.7781 -56.6855 0
    endloop
  endfacet
  facet normal -0.659268 -0.751908 0
    outer loop
      vertex 73.0349 -53.6513 0
      vertex 73.2021 -53.7979 2.4
      vertex 73.0349 -53.6513 2.4
    endloop
  endfacet
  facet normal -0.659268 -0.751908 -0
    outer loop
      vertex 73.2021 -53.7979 2.4
      vertex 73.0349 -53.6513 0
      vertex 73.2021 -53.7979 0
    endloop
  endfacet
  facet normal 0.659268 -0.751908 0
    outer loop
      vertex 70.7979 -53.7979 0
      vertex 70.9651 -53.6513 2.4
      vertex 70.7979 -53.7979 2.4
    endloop
  endfacet
  facet normal 0.659268 -0.751908 0
    outer loop
      vertex 70.9651 -53.6513 2.4
      vertex 70.7979 -53.7979 0
      vertex 70.9651 -53.6513 0
    endloop
  endfacet
  facet normal 0.321484 -0.946915 0
    outer loop
      vertex 71.3494 -53.4294 0
      vertex 71.56 -53.3579 2.4
      vertex 71.3494 -53.4294 2.4
    endloop
  endfacet
  facet normal 0.321484 -0.946915 0
    outer loop
      vertex 71.56 -53.3579 2.4
      vertex 71.3494 -53.4294 0
      vertex 71.56 -53.3579 0
    endloop
  endfacet
  facet normal -0.896754 -0.44253 0
    outer loop
      vertex 73.5706 -54.3494 0
      vertex 73.4722 -54.15 2.4
      vertex 73.4722 -54.15 0
    endloop
  endfacet
  facet normal -0.896754 -0.44253 0
    outer loop
      vertex 73.4722 -54.15 2.4
      vertex 73.5706 -54.3494 0
      vertex 73.5706 -54.3494 2.4
    endloop
  endfacet
  facet normal -0.98077 -0.195165 0
    outer loop
      vertex 73.6855 -54.7781 0
      vertex 73.6421 -54.56 2.4
      vertex 73.6421 -54.56 0
    endloop
  endfacet
  facet normal -0.98077 -0.195165 0
    outer loop
      vertex 73.6421 -54.56 2.4
      vertex 73.6855 -54.7781 0
      vertex 73.6855 -54.7781 2.4
    endloop
  endfacet
  facet normal -0.831566 -0.555426 0
    outer loop
      vertex 73.4722 -54.15 0
      vertex 73.3487 -53.9651 2.4
      vertex 73.3487 -53.9651 0
    endloop
  endfacet
  facet normal -0.831566 -0.555426 0
    outer loop
      vertex 73.3487 -53.9651 2.4
      vertex 73.4722 -54.15 0
      vertex 73.4722 -54.15 2.4
    endloop
  endfacet
  facet normal -0.321484 -0.946915 0
    outer loop
      vertex 72.44 -53.3579 0
      vertex 72.6506 -53.4294 2.4
      vertex 72.44 -53.3579 2.4
    endloop
  endfacet
  facet normal -0.321484 -0.946915 -0
    outer loop
      vertex 72.6506 -53.4294 2.4
      vertex 72.44 -53.3579 0
      vertex 72.6506 -53.4294 0
    endloop
  endfacet
  facet normal -0.195165 -0.98077 0
    outer loop
      vertex 72.2219 -53.3145 0
      vertex 72.44 -53.3579 2.4
      vertex 72.2219 -53.3145 2.4
    endloop
  endfacet
  facet normal -0.195165 -0.98077 -0
    outer loop
      vertex 72.44 -53.3579 2.4
      vertex 72.2219 -53.3145 0
      vertex 72.44 -53.3579 0
    endloop
  endfacet
  facet normal -0.44253 -0.896754 0
    outer loop
      vertex 72.6506 -53.4294 0
      vertex 72.85 -53.5278 2.4
      vertex 72.6506 -53.4294 2.4
    endloop
  endfacet
  facet normal -0.44253 -0.896754 -0
    outer loop
      vertex 72.85 -53.5278 2.4
      vertex 72.6506 -53.4294 0
      vertex 72.85 -53.5278 0
    endloop
  endfacet
  facet normal 0.831566 -0.555426 0
    outer loop
      vertex 70.5278 -54.15 2.4
      vertex 70.6513 -53.9651 0
      vertex 70.6513 -53.9651 2.4
    endloop
  endfacet
  facet normal 0.831566 -0.555426 0
    outer loop
      vertex 70.6513 -53.9651 0
      vertex 70.5278 -54.15 2.4
      vertex 70.5278 -54.15 0
    endloop
  endfacet
  facet normal 0.751908 -0.659268 0
    outer loop
      vertex 70.6513 -53.9651 2.4
      vertex 70.7979 -53.7979 0
      vertex 70.7979 -53.7979 2.4
    endloop
  endfacet
  facet normal 0.751908 -0.659268 0
    outer loop
      vertex 70.7979 -53.7979 0
      vertex 70.6513 -53.9651 2.4
      vertex 70.6513 -53.9651 0
    endloop
  endfacet
  facet normal 0.946915 -0.321484 0
    outer loop
      vertex 70.3579 -54.56 2.4
      vertex 70.4294 -54.3494 0
      vertex 70.4294 -54.3494 2.4
    endloop
  endfacet
  facet normal 0.946915 -0.321484 0
    outer loop
      vertex 70.4294 -54.3494 0
      vertex 70.3579 -54.56 2.4
      vertex 70.3579 -54.56 0
    endloop
  endfacet
  facet normal 0.555426 -0.831566 0
    outer loop
      vertex 70.9651 -53.6513 0
      vertex 71.15 -53.5278 2.4
      vertex 70.9651 -53.6513 2.4
    endloop
  endfacet
  facet normal 0.555426 -0.831566 0
    outer loop
      vertex 71.15 -53.5278 2.4
      vertex 70.9651 -53.6513 0
      vertex 71.15 -53.5278 0
    endloop
  endfacet
  facet normal 0.195165 -0.98077 0
    outer loop
      vertex 71.56 -53.3579 0
      vertex 71.7781 -53.3145 2.4
      vertex 71.56 -53.3579 2.4
    endloop
  endfacet
  facet normal 0.195165 -0.98077 0
    outer loop
      vertex 71.7781 -53.3145 2.4
      vertex 71.56 -53.3579 0
      vertex 71.7781 -53.3145 0
    endloop
  endfacet
  facet normal -0.751908 0.659268 0
    outer loop
      vertex 73.2021 -56.2021 0
      vertex 73.3487 -56.0349 2.4
      vertex 73.3487 -56.0349 0
    endloop
  endfacet
  facet normal -0.751908 0.659268 0
    outer loop
      vertex 73.3487 -56.0349 2.4
      vertex 73.2021 -56.2021 0
      vertex 73.2021 -56.2021 2.4
    endloop
  endfacet
  facet normal -0.98077 0.195165 0
    outer loop
      vertex 73.6421 -55.44 0
      vertex 73.6855 -55.2219 2.4
      vertex 73.6855 -55.2219 0
    endloop
  endfacet
  facet normal -0.98077 0.195165 0
    outer loop
      vertex 73.6855 -55.2219 2.4
      vertex 73.6421 -55.44 0
      vertex 73.6421 -55.44 2.4
    endloop
  endfacet
  facet normal 0.44253 0.896754 -0
    outer loop
      vertex 71.3494 -56.5706 0
      vertex 71.15 -56.4722 2.4
      vertex 71.3494 -56.5706 2.4
    endloop
  endfacet
  facet normal 0.44253 0.896754 0
    outer loop
      vertex 71.15 -56.4722 2.4
      vertex 71.3494 -56.5706 0
      vertex 71.15 -56.4722 0
    endloop
  endfacet
  facet normal 0.659268 0.751908 -0
    outer loop
      vertex 70.9651 -56.3487 0
      vertex 70.7979 -56.2021 2.4
      vertex 70.9651 -56.3487 2.4
    endloop
  endfacet
  facet normal 0.659268 0.751908 0
    outer loop
      vertex 70.7979 -56.2021 2.4
      vertex 70.9651 -56.3487 0
      vertex 70.7979 -56.2021 0
    endloop
  endfacet
  facet normal 0.321484 0.946915 -0
    outer loop
      vertex 71.56 -56.6421 0
      vertex 71.3494 -56.5706 2.4
      vertex 71.56 -56.6421 2.4
    endloop
  endfacet
  facet normal 0.321484 0.946915 0
    outer loop
      vertex 71.3494 -56.5706 2.4
      vertex 71.56 -56.6421 0
      vertex 71.3494 -56.5706 0
    endloop
  endfacet
  facet normal 0.751908 0.659268 0
    outer loop
      vertex 70.7979 -56.2021 2.4
      vertex 70.6513 -56.0349 0
      vertex 70.6513 -56.0349 2.4
    endloop
  endfacet
  facet normal 0.751908 0.659268 0
    outer loop
      vertex 70.6513 -56.0349 0
      vertex 70.7979 -56.2021 2.4
      vertex 70.7979 -56.2021 0
    endloop
  endfacet
  facet normal -0.946915 -0.321484 0
    outer loop
      vertex 73.6421 -54.56 0
      vertex 73.5706 -54.3494 2.4
      vertex 73.5706 -54.3494 0
    endloop
  endfacet
  facet normal -0.946915 -0.321484 0
    outer loop
      vertex 73.5706 -54.3494 2.4
      vertex 73.6421 -54.56 0
      vertex 73.6421 -54.56 2.4
    endloop
  endfacet
  facet normal -0.751908 -0.659268 0
    outer loop
      vertex 73.3487 -53.9651 0
      vertex 73.2021 -53.7979 2.4
      vertex 73.2021 -53.7979 0
    endloop
  endfacet
  facet normal -0.751908 -0.659268 0
    outer loop
      vertex 73.2021 -53.7979 2.4
      vertex 73.3487 -53.9651 0
      vertex 73.3487 -53.9651 2.4
    endloop
  endfacet
  facet normal -0.555426 -0.831566 0
    outer loop
      vertex 72.85 -53.5278 0
      vertex 73.0349 -53.6513 2.4
      vertex 72.85 -53.5278 2.4
    endloop
  endfacet
  facet normal -0.555426 -0.831566 -0
    outer loop
      vertex 73.0349 -53.6513 2.4
      vertex 72.85 -53.5278 0
      vertex 73.0349 -53.6513 0
    endloop
  endfacet
  facet normal 0.896754 -0.44253 0
    outer loop
      vertex 70.4294 -54.3494 2.4
      vertex 70.5278 -54.15 0
      vertex 70.5278 -54.15 2.4
    endloop
  endfacet
  facet normal 0.896754 -0.44253 0
    outer loop
      vertex 70.5278 -54.15 0
      vertex 70.4294 -54.3494 2.4
      vertex 70.4294 -54.3494 0
    endloop
  endfacet
  facet normal 0.98077 -0.195165 0
    outer loop
      vertex 70.3145 -54.7781 2.4
      vertex 70.3579 -54.56 0
      vertex 70.3579 -54.56 2.4
    endloop
  endfacet
  facet normal 0.98077 -0.195165 0
    outer loop
      vertex 70.3579 -54.56 0
      vertex 70.3145 -54.7781 2.4
      vertex 70.3145 -54.7781 0
    endloop
  endfacet
  facet normal 0.44253 -0.896754 0
    outer loop
      vertex 71.15 -53.5278 0
      vertex 71.3494 -53.4294 2.4
      vertex 71.15 -53.5278 2.4
    endloop
  endfacet
  facet normal 0.44253 -0.896754 0
    outer loop
      vertex 71.3494 -53.4294 2.4
      vertex 71.15 -53.5278 0
      vertex 71.3494 -53.4294 0
    endloop
  endfacet
  facet normal 0.0652057 -0.997872 0
    outer loop
      vertex 71.7781 -53.3145 0
      vertex 72 -53.3 2.4
      vertex 71.7781 -53.3145 2.4
    endloop
  endfacet
  facet normal 0.0652057 -0.997872 0
    outer loop
      vertex 72 -53.3 2.4
      vertex 71.7781 -53.3145 0
      vertex 72 -53.3 0
    endloop
  endfacet
  facet normal -0.0652057 0.997872 0
    outer loop
      vertex 72.2219 -56.6855 0
      vertex 72 -56.7 2.4
      vertex 72.2219 -56.6855 2.4
    endloop
  endfacet
  facet normal -0.0652057 0.997872 0
    outer loop
      vertex 72 -56.7 2.4
      vertex 72.2219 -56.6855 0
      vertex 72 -56.7 0
    endloop
  endfacet
  facet normal -0.321484 0.946915 0
    outer loop
      vertex 72.6506 -56.5706 0
      vertex 72.44 -56.6421 2.4
      vertex 72.6506 -56.5706 2.4
    endloop
  endfacet
  facet normal -0.321484 0.946915 0
    outer loop
      vertex 72.44 -56.6421 2.4
      vertex 72.6506 -56.5706 0
      vertex 72.44 -56.6421 0
    endloop
  endfacet
  facet normal -0.44253 0.896754 0
    outer loop
      vertex 72.85 -56.4722 0
      vertex 72.6506 -56.5706 2.4
      vertex 72.85 -56.4722 2.4
    endloop
  endfacet
  facet normal -0.44253 0.896754 0
    outer loop
      vertex 72.6506 -56.5706 2.4
      vertex 72.85 -56.4722 0
      vertex 72.6506 -56.5706 0
    endloop
  endfacet
  facet normal -0.659268 0.751908 0
    outer loop
      vertex 73.2021 -56.2021 0
      vertex 73.0349 -56.3487 2.4
      vertex 73.2021 -56.2021 2.4
    endloop
  endfacet
  facet normal -0.659268 0.751908 0
    outer loop
      vertex 73.0349 -56.3487 2.4
      vertex 73.2021 -56.2021 0
      vertex 73.0349 -56.3487 0
    endloop
  endfacet
  facet normal -0.946915 0.321484 0
    outer loop
      vertex 73.5706 -55.6506 0
      vertex 73.6421 -55.44 2.4
      vertex 73.6421 -55.44 0
    endloop
  endfacet
  facet normal -0.946915 0.321484 0
    outer loop
      vertex 73.6421 -55.44 2.4
      vertex 73.5706 -55.6506 0
      vertex 73.5706 -55.6506 2.4
    endloop
  endfacet
  facet normal -0.831566 0.555426 0
    outer loop
      vertex 73.3487 -56.0349 0
      vertex 73.4722 -55.85 2.4
      vertex 73.4722 -55.85 0
    endloop
  endfacet
  facet normal -0.831566 0.555426 0
    outer loop
      vertex 73.4722 -55.85 2.4
      vertex 73.3487 -56.0349 0
      vertex 73.3487 -56.0349 2.4
    endloop
  endfacet
  facet normal -0.896754 0.44253 0
    outer loop
      vertex 73.4722 -55.85 0
      vertex 73.5706 -55.6506 2.4
      vertex 73.5706 -55.6506 0
    endloop
  endfacet
  facet normal -0.896754 0.44253 0
    outer loop
      vertex 73.5706 -55.6506 2.4
      vertex 73.4722 -55.85 0
      vertex 73.4722 -55.85 2.4
    endloop
  endfacet
  facet normal 0.555426 0.831566 -0
    outer loop
      vertex 71.15 -56.4722 0
      vertex 70.9651 -56.3487 2.4
      vertex 71.15 -56.4722 2.4
    endloop
  endfacet
  facet normal 0.555426 0.831566 0
    outer loop
      vertex 70.9651 -56.3487 2.4
      vertex 71.15 -56.4722 0
      vertex 70.9651 -56.3487 0
    endloop
  endfacet
  facet normal 0.195165 0.98077 -0
    outer loop
      vertex 71.7781 -56.6855 0
      vertex 71.56 -56.6421 2.4
      vertex 71.7781 -56.6855 2.4
    endloop
  endfacet
  facet normal 0.195165 0.98077 0
    outer loop
      vertex 71.56 -56.6421 2.4
      vertex 71.7781 -56.6855 0
      vertex 71.56 -56.6421 0
    endloop
  endfacet
  facet normal 0.896754 0.44253 0
    outer loop
      vertex 70.5278 -55.85 2.4
      vertex 70.4294 -55.6506 0
      vertex 70.4294 -55.6506 2.4
    endloop
  endfacet
  facet normal 0.896754 0.44253 0
    outer loop
      vertex 70.4294 -55.6506 0
      vertex 70.5278 -55.85 2.4
      vertex 70.5278 -55.85 0
    endloop
  endfacet
  facet normal 0.946915 0.321484 0
    outer loop
      vertex 70.4294 -55.6506 2.4
      vertex 70.3579 -55.44 0
      vertex 70.3579 -55.44 2.4
    endloop
  endfacet
  facet normal 0.946915 0.321484 0
    outer loop
      vertex 70.3579 -55.44 0
      vertex 70.4294 -55.6506 2.4
      vertex 70.4294 -55.6506 0
    endloop
  endfacet
  facet normal 0.997872 0.0652057 0
    outer loop
      vertex 70.3145 -55.2219 2.4
      vertex 70.3 -55 0
      vertex 70.3 -55 2.4
    endloop
  endfacet
  facet normal 0.997872 0.0652057 0
    outer loop
      vertex 70.3 -55 0
      vertex 70.3145 -55.2219 2.4
      vertex 70.3145 -55.2219 0
    endloop
  endfacet
  facet normal -0.997872 0.0652057 0
    outer loop
      vertex 73.6855 -55.2219 0
      vertex 73.7 -55 2.4
      vertex 73.7 -55 0
    endloop
  endfacet
  facet normal -0.997872 0.0652057 0
    outer loop
      vertex 73.7 -55 2.4
      vertex 73.6855 -55.2219 0
      vertex 73.6855 -55.2219 2.4
    endloop
  endfacet
  facet normal -0.195165 0.98077 0
    outer loop
      vertex 72.44 -56.6421 0
      vertex 72.2219 -56.6855 2.4
      vertex 72.44 -56.6421 2.4
    endloop
  endfacet
  facet normal -0.195165 0.98077 0
    outer loop
      vertex 72.2219 -56.6855 2.4
      vertex 72.44 -56.6421 0
      vertex 72.2219 -56.6855 0
    endloop
  endfacet
  facet normal -0.555426 0.831566 0
    outer loop
      vertex 73.0349 -56.3487 0
      vertex 72.85 -56.4722 2.4
      vertex 73.0349 -56.3487 2.4
    endloop
  endfacet
  facet normal -0.555426 0.831566 0
    outer loop
      vertex 72.85 -56.4722 2.4
      vertex 73.0349 -56.3487 0
      vertex 72.85 -56.4722 0
    endloop
  endfacet
  facet normal 0.831566 0.555426 0
    outer loop
      vertex 70.6513 -56.0349 2.4
      vertex 70.5278 -55.85 0
      vertex 70.5278 -55.85 2.4
    endloop
  endfacet
  facet normal 0.831566 0.555426 0
    outer loop
      vertex 70.5278 -55.85 0
      vertex 70.6513 -56.0349 2.4
      vertex 70.6513 -56.0349 0
    endloop
  endfacet
  facet normal 0.98077 0.195165 0
    outer loop
      vertex 70.3579 -55.44 2.4
      vertex 70.3145 -55.2219 0
      vertex 70.3145 -55.2219 2.4
    endloop
  endfacet
  facet normal 0.98077 0.195165 0
    outer loop
      vertex 70.3145 -55.2219 0
      vertex 70.3579 -55.44 2.4
      vertex 70.3579 -55.44 0
    endloop
  endfacet
  facet normal -0.831566 -0.555426 0
    outer loop
      vertex 73.4722 55.85 0
      vertex 73.3487 56.0349 2.4
      vertex 73.3487 56.0349 0
    endloop
  endfacet
  facet normal -0.831566 -0.555426 0
    outer loop
      vertex 73.3487 56.0349 2.4
      vertex 73.4722 55.85 0
      vertex 73.4722 55.85 2.4
    endloop
  endfacet
  facet normal -0.321484 -0.946915 0
    outer loop
      vertex 72.44 56.6421 0
      vertex 72.6506 56.5706 2.4
      vertex 72.44 56.6421 2.4
    endloop
  endfacet
  facet normal -0.321484 -0.946915 -0
    outer loop
      vertex 72.6506 56.5706 2.4
      vertex 72.44 56.6421 0
      vertex 72.6506 56.5706 0
    endloop
  endfacet
  facet normal 0.44253 -0.896754 0
    outer loop
      vertex 71.15 56.4722 0
      vertex 71.3494 56.5706 2.4
      vertex 71.15 56.4722 2.4
    endloop
  endfacet
  facet normal 0.44253 -0.896754 0
    outer loop
      vertex 71.3494 56.5706 2.4
      vertex 71.15 56.4722 0
      vertex 71.3494 56.5706 0
    endloop
  endfacet
  facet normal 0.946915 -0.321484 0
    outer loop
      vertex 70.3579 55.44 2.4
      vertex 70.4294 55.6506 0
      vertex 70.4294 55.6506 2.4
    endloop
  endfacet
  facet normal 0.946915 -0.321484 0
    outer loop
      vertex 70.4294 55.6506 0
      vertex 70.3579 55.44 2.4
      vertex 70.3579 55.44 0
    endloop
  endfacet
  facet normal -0.98077 0.195165 0
    outer loop
      vertex 73.6421 54.56 0
      vertex 73.6855 54.7781 2.4
      vertex 73.6855 54.7781 0
    endloop
  endfacet
  facet normal -0.98077 0.195165 0
    outer loop
      vertex 73.6855 54.7781 2.4
      vertex 73.6421 54.56 0
      vertex 73.6421 54.56 2.4
    endloop
  endfacet
  facet normal -0.98077 -0.195165 0
    outer loop
      vertex 73.6855 55.2219 0
      vertex 73.6421 55.44 2.4
      vertex 73.6421 55.44 0
    endloop
  endfacet
  facet normal -0.98077 -0.195165 0
    outer loop
      vertex 73.6421 55.44 2.4
      vertex 73.6855 55.2219 0
      vertex 73.6855 55.2219 2.4
    endloop
  endfacet
  facet normal 0.0652057 -0.997872 0
    outer loop
      vertex 71.7781 56.6855 0
      vertex 72 56.7 2.4
      vertex 71.7781 56.6855 2.4
    endloop
  endfacet
  facet normal 0.0652057 -0.997872 0
    outer loop
      vertex 72 56.7 2.4
      vertex 71.7781 56.6855 0
      vertex 72 56.7 0
    endloop
  endfacet
  facet normal -0.44253 -0.896754 0
    outer loop
      vertex 72.6506 56.5706 0
      vertex 72.85 56.4722 2.4
      vertex 72.6506 56.5706 2.4
    endloop
  endfacet
  facet normal -0.44253 -0.896754 -0
    outer loop
      vertex 72.85 56.4722 2.4
      vertex 72.6506 56.5706 0
      vertex 72.85 56.4722 0
    endloop
  endfacet
  facet normal 0.997872 0.0652057 0
    outer loop
      vertex 70.3145 54.7781 2.4
      vertex 70.3 55 0
      vertex 70.3 55 2.4
    endloop
  endfacet
  facet normal 0.997872 0.0652057 0
    outer loop
      vertex 70.3 55 0
      vertex 70.3145 54.7781 2.4
      vertex 70.3145 54.7781 0
    endloop
  endfacet
  facet normal 0.831566 -0.555426 0
    outer loop
      vertex 70.5278 55.85 2.4
      vertex 70.6513 56.0349 0
      vertex 70.6513 56.0349 2.4
    endloop
  endfacet
  facet normal 0.831566 -0.555426 0
    outer loop
      vertex 70.6513 56.0349 0
      vertex 70.5278 55.85 2.4
      vertex 70.5278 55.85 0
    endloop
  endfacet
  facet normal 0.555426 -0.831566 0
    outer loop
      vertex 70.9651 56.3487 0
      vertex 71.15 56.4722 2.4
      vertex 70.9651 56.3487 2.4
    endloop
  endfacet
  facet normal 0.555426 -0.831566 0
    outer loop
      vertex 71.15 56.4722 2.4
      vertex 70.9651 56.3487 0
      vertex 71.15 56.4722 0
    endloop
  endfacet
  facet normal 0.195165 -0.98077 0
    outer loop
      vertex 71.56 56.6421 0
      vertex 71.7781 56.6855 2.4
      vertex 71.56 56.6421 2.4
    endloop
  endfacet
  facet normal 0.195165 -0.98077 0
    outer loop
      vertex 71.7781 56.6855 2.4
      vertex 71.56 56.6421 0
      vertex 71.7781 56.6855 0
    endloop
  endfacet
  facet normal -0.997872 -0.0652057 0
    outer loop
      vertex 73.7 55 0
      vertex 73.6855 55.2219 2.4
      vertex 73.6855 55.2219 0
    endloop
  endfacet
  facet normal -0.997872 -0.0652057 0
    outer loop
      vertex 73.6855 55.2219 2.4
      vertex 73.7 55 0
      vertex 73.7 55 2.4
    endloop
  endfacet
  facet normal -0.946915 0.321484 0
    outer loop
      vertex 73.5706 54.3494 0
      vertex 73.6421 54.56 2.4
      vertex 73.6421 54.56 0
    endloop
  endfacet
  facet normal -0.946915 0.321484 0
    outer loop
      vertex 73.6421 54.56 2.4
      vertex 73.5706 54.3494 0
      vertex 73.5706 54.3494 2.4
    endloop
  endfacet
  facet normal 0.555426 0.831566 -0
    outer loop
      vertex 71.15 53.5278 0
      vertex 70.9651 53.6513 2.4
      vertex 71.15 53.5278 2.4
    endloop
  endfacet
  facet normal 0.555426 0.831566 0
    outer loop
      vertex 70.9651 53.6513 2.4
      vertex 71.15 53.5278 0
      vertex 70.9651 53.6513 0
    endloop
  endfacet
  facet normal 0.831566 0.555426 0
    outer loop
      vertex 70.6513 53.9651 2.4
      vertex 70.5278 54.15 0
      vertex 70.5278 54.15 2.4
    endloop
  endfacet
  facet normal 0.831566 0.555426 0
    outer loop
      vertex 70.5278 54.15 0
      vertex 70.6513 53.9651 2.4
      vertex 70.6513 53.9651 0
    endloop
  endfacet
  facet normal -0.555426 0.831566 0
    outer loop
      vertex 73.0349 53.6513 0
      vertex 72.85 53.5278 2.4
      vertex 73.0349 53.6513 2.4
    endloop
  endfacet
  facet normal -0.555426 0.831566 0
    outer loop
      vertex 72.85 53.5278 2.4
      vertex 73.0349 53.6513 0
      vertex 72.85 53.5278 0
    endloop
  endfacet
  facet normal -0.659268 -0.751908 0
    outer loop
      vertex 73.0349 56.3487 0
      vertex 73.2021 56.2021 2.4
      vertex 73.0349 56.3487 2.4
    endloop
  endfacet
  facet normal -0.659268 -0.751908 -0
    outer loop
      vertex 73.2021 56.2021 2.4
      vertex 73.0349 56.3487 0
      vertex 73.2021 56.2021 0
    endloop
  endfacet
  facet normal -0.751908 -0.659268 0
    outer loop
      vertex 73.3487 56.0349 0
      vertex 73.2021 56.2021 2.4
      vertex 73.2021 56.2021 0
    endloop
  endfacet
  facet normal -0.751908 -0.659268 0
    outer loop
      vertex 73.2021 56.2021 2.4
      vertex 73.3487 56.0349 0
      vertex 73.3487 56.0349 2.4
    endloop
  endfacet
  facet normal -0.195165 -0.98077 0
    outer loop
      vertex 72.2219 56.6855 0
      vertex 72.44 56.6421 2.4
      vertex 72.2219 56.6855 2.4
    endloop
  endfacet
  facet normal -0.195165 -0.98077 -0
    outer loop
      vertex 72.44 56.6421 2.4
      vertex 72.2219 56.6855 0
      vertex 72.44 56.6421 0
    endloop
  endfacet
  facet normal -0.0652057 -0.997872 0
    outer loop
      vertex 72 56.7 0
      vertex 72.2219 56.6855 2.4
      vertex 72 56.7 2.4
    endloop
  endfacet
  facet normal -0.0652057 -0.997872 -0
    outer loop
      vertex 72.2219 56.6855 2.4
      vertex 72 56.7 0
      vertex 72.2219 56.6855 0
    endloop
  endfacet
  facet normal -0.555426 -0.831566 0
    outer loop
      vertex 72.85 56.4722 0
      vertex 73.0349 56.3487 2.4
      vertex 72.85 56.4722 2.4
    endloop
  endfacet
  facet normal -0.555426 -0.831566 -0
    outer loop
      vertex 73.0349 56.3487 2.4
      vertex 72.85 56.4722 0
      vertex 73.0349 56.3487 0
    endloop
  endfacet
  facet normal 0.98077 -0.195165 0
    outer loop
      vertex 70.3145 55.2219 2.4
      vertex 70.3579 55.44 0
      vertex 70.3579 55.44 2.4
    endloop
  endfacet
  facet normal 0.98077 -0.195165 0
    outer loop
      vertex 70.3579 55.44 0
      vertex 70.3145 55.2219 2.4
      vertex 70.3145 55.2219 0
    endloop
  endfacet
  facet normal 0.997872 -0.0652057 0
    outer loop
      vertex 70.3 55 2.4
      vertex 70.3145 55.2219 0
      vertex 70.3145 55.2219 2.4
    endloop
  endfacet
  facet normal 0.997872 -0.0652057 0
    outer loop
      vertex 70.3145 55.2219 0
      vertex 70.3 55 2.4
      vertex 70.3 55 0
    endloop
  endfacet
  facet normal 0.896754 -0.44253 0
    outer loop
      vertex 70.4294 55.6506 2.4
      vertex 70.5278 55.85 0
      vertex 70.5278 55.85 2.4
    endloop
  endfacet
  facet normal 0.896754 -0.44253 0
    outer loop
      vertex 70.5278 55.85 0
      vertex 70.4294 55.6506 2.4
      vertex 70.4294 55.6506 0
    endloop
  endfacet
  facet normal 0.321484 -0.946915 0
    outer loop
      vertex 71.3494 56.5706 0
      vertex 71.56 56.6421 2.4
      vertex 71.3494 56.5706 2.4
    endloop
  endfacet
  facet normal 0.321484 -0.946915 0
    outer loop
      vertex 71.56 56.6421 2.4
      vertex 71.3494 56.5706 0
      vertex 71.56 56.6421 0
    endloop
  endfacet
  facet normal 0.659268 -0.751908 0
    outer loop
      vertex 70.7979 56.2021 0
      vertex 70.9651 56.3487 2.4
      vertex 70.7979 56.2021 2.4
    endloop
  endfacet
  facet normal 0.659268 -0.751908 0
    outer loop
      vertex 70.9651 56.3487 2.4
      vertex 70.7979 56.2021 0
      vertex 70.9651 56.3487 0
    endloop
  endfacet
  facet normal 0.751908 -0.659268 0
    outer loop
      vertex 70.6513 56.0349 2.4
      vertex 70.7979 56.2021 0
      vertex 70.7979 56.2021 2.4
    endloop
  endfacet
  facet normal 0.751908 -0.659268 0
    outer loop
      vertex 70.7979 56.2021 0
      vertex 70.6513 56.0349 2.4
      vertex 70.6513 56.0349 0
    endloop
  endfacet
  facet normal -0.997872 0.0652057 0
    outer loop
      vertex 73.6855 54.7781 0
      vertex 73.7 55 2.4
      vertex 73.7 55 0
    endloop
  endfacet
  facet normal -0.997872 0.0652057 0
    outer loop
      vertex 73.7 55 2.4
      vertex 73.6855 54.7781 0
      vertex 73.6855 54.7781 2.4
    endloop
  endfacet
  facet normal -0.831566 0.555426 0
    outer loop
      vertex 73.3487 53.9651 0
      vertex 73.4722 54.15 2.4
      vertex 73.4722 54.15 0
    endloop
  endfacet
  facet normal -0.831566 0.555426 0
    outer loop
      vertex 73.4722 54.15 2.4
      vertex 73.3487 53.9651 0
      vertex 73.3487 53.9651 2.4
    endloop
  endfacet
  facet normal 0.98077 0.195165 0
    outer loop
      vertex 70.3579 54.56 2.4
      vertex 70.3145 54.7781 0
      vertex 70.3145 54.7781 2.4
    endloop
  endfacet
  facet normal 0.98077 0.195165 0
    outer loop
      vertex 70.3145 54.7781 0
      vertex 70.3579 54.56 2.4
      vertex 70.3579 54.56 0
    endloop
  endfacet
  facet normal 0.751908 0.659268 0
    outer loop
      vertex 70.7979 53.7979 2.4
      vertex 70.6513 53.9651 0
      vertex 70.6513 53.9651 2.4
    endloop
  endfacet
  facet normal 0.751908 0.659268 0
    outer loop
      vertex 70.6513 53.9651 0
      vertex 70.7979 53.7979 2.4
      vertex 70.7979 53.7979 0
    endloop
  endfacet
  facet normal -0.195165 0.98077 0
    outer loop
      vertex 72.44 53.3579 0
      vertex 72.2219 53.3145 2.4
      vertex 72.44 53.3579 2.4
    endloop
  endfacet
  facet normal -0.195165 0.98077 0
    outer loop
      vertex 72.2219 53.3145 2.4
      vertex 72.44 53.3579 0
      vertex 72.2219 53.3145 0
    endloop
  endfacet
  facet normal -0.659268 0.751908 0
    outer loop
      vertex 73.2021 53.7979 0
      vertex 73.0349 53.6513 2.4
      vertex 73.2021 53.7979 2.4
    endloop
  endfacet
  facet normal -0.659268 0.751908 0
    outer loop
      vertex 73.0349 53.6513 2.4
      vertex 73.2021 53.7979 0
      vertex 73.0349 53.6513 0
    endloop
  endfacet
  facet normal -0.896754 -0.44253 0
    outer loop
      vertex 73.5706 55.6506 0
      vertex 73.4722 55.85 2.4
      vertex 73.4722 55.85 0
    endloop
  endfacet
  facet normal -0.896754 -0.44253 0
    outer loop
      vertex 73.4722 55.85 2.4
      vertex 73.5706 55.6506 0
      vertex 73.5706 55.6506 2.4
    endloop
  endfacet
  facet normal -0.946915 -0.321484 0
    outer loop
      vertex 73.6421 55.44 0
      vertex 73.5706 55.6506 2.4
      vertex 73.5706 55.6506 0
    endloop
  endfacet
  facet normal -0.946915 -0.321484 0
    outer loop
      vertex 73.5706 55.6506 2.4
      vertex 73.6421 55.44 0
      vertex 73.6421 55.44 2.4
    endloop
  endfacet
  facet normal -0.896754 0.44253 0
    outer loop
      vertex 73.4722 54.15 0
      vertex 73.5706 54.3494 2.4
      vertex 73.5706 54.3494 0
    endloop
  endfacet
  facet normal -0.896754 0.44253 0
    outer loop
      vertex 73.5706 54.3494 2.4
      vertex 73.4722 54.15 0
      vertex 73.4722 54.15 2.4
    endloop
  endfacet
  facet normal -0.0652057 0.997872 0
    outer loop
      vertex 72.2219 53.3145 0
      vertex 72 53.3 2.4
      vertex 72.2219 53.3145 2.4
    endloop
  endfacet
  facet normal -0.0652057 0.997872 0
    outer loop
      vertex 72 53.3 2.4
      vertex 72.2219 53.3145 0
      vertex 72 53.3 0
    endloop
  endfacet
  facet normal 0.896754 0.44253 0
    outer loop
      vertex 70.5278 54.15 2.4
      vertex 70.4294 54.3494 0
      vertex 70.4294 54.3494 2.4
    endloop
  endfacet
  facet normal 0.896754 0.44253 0
    outer loop
      vertex 70.4294 54.3494 0
      vertex 70.5278 54.15 2.4
      vertex 70.5278 54.15 0
    endloop
  endfacet
  facet normal 0.946915 0.321484 0
    outer loop
      vertex 70.4294 54.3494 2.4
      vertex 70.3579 54.56 0
      vertex 70.3579 54.56 2.4
    endloop
  endfacet
  facet normal 0.946915 0.321484 0
    outer loop
      vertex 70.3579 54.56 0
      vertex 70.4294 54.3494 2.4
      vertex 70.4294 54.3494 0
    endloop
  endfacet
  facet normal 0.659268 0.751908 -0
    outer loop
      vertex 70.9651 53.6513 0
      vertex 70.7979 53.7979 2.4
      vertex 70.9651 53.6513 2.4
    endloop
  endfacet
  facet normal 0.659268 0.751908 0
    outer loop
      vertex 70.7979 53.7979 2.4
      vertex 70.9651 53.6513 0
      vertex 70.7979 53.7979 0
    endloop
  endfacet
  facet normal -0.44253 0.896754 0
    outer loop
      vertex 72.85 53.5278 0
      vertex 72.6506 53.4294 2.4
      vertex 72.85 53.5278 2.4
    endloop
  endfacet
  facet normal -0.44253 0.896754 0
    outer loop
      vertex 72.6506 53.4294 2.4
      vertex 72.85 53.5278 0
      vertex 72.6506 53.4294 0
    endloop
  endfacet
  facet normal -0.321484 0.946915 0
    outer loop
      vertex 72.6506 53.4294 0
      vertex 72.44 53.3579 2.4
      vertex 72.6506 53.4294 2.4
    endloop
  endfacet
  facet normal -0.321484 0.946915 0
    outer loop
      vertex 72.44 53.3579 2.4
      vertex 72.6506 53.4294 0
      vertex 72.44 53.3579 0
    endloop
  endfacet
  facet normal -0.751908 0.659268 0
    outer loop
      vertex 73.2021 53.7979 0
      vertex 73.3487 53.9651 2.4
      vertex 73.3487 53.9651 0
    endloop
  endfacet
  facet normal -0.751908 0.659268 0
    outer loop
      vertex 73.3487 53.9651 2.4
      vertex 73.2021 53.7979 0
      vertex 73.2021 53.7979 2.4
    endloop
  endfacet
  facet normal 0.195165 0.98077 -0
    outer loop
      vertex 71.7781 53.3145 0
      vertex 71.56 53.3579 2.4
      vertex 71.7781 53.3145 2.4
    endloop
  endfacet
  facet normal 0.195165 0.98077 0
    outer loop
      vertex 71.56 53.3579 2.4
      vertex 71.7781 53.3145 0
      vertex 71.56 53.3579 0
    endloop
  endfacet
  facet normal 0.321484 0.946915 -0
    outer loop
      vertex 71.56 53.3579 0
      vertex 71.3494 53.4294 2.4
      vertex 71.56 53.3579 2.4
    endloop
  endfacet
  facet normal 0.321484 0.946915 0
    outer loop
      vertex 71.3494 53.4294 2.4
      vertex 71.56 53.3579 0
      vertex 71.3494 53.4294 0
    endloop
  endfacet
  facet normal 0.0652057 0.997872 -0
    outer loop
      vertex 72 53.3 0
      vertex 71.7781 53.3145 2.4
      vertex 72 53.3 2.4
    endloop
  endfacet
  facet normal 0.0652057 0.997872 0
    outer loop
      vertex 71.7781 53.3145 2.4
      vertex 72 53.3 0
      vertex 71.7781 53.3145 0
    endloop
  endfacet
  facet normal 0.44253 0.896754 -0
    outer loop
      vertex 71.3494 53.4294 0
      vertex 71.15 53.5278 2.4
      vertex 71.3494 53.4294 2.4
    endloop
  endfacet
  facet normal 0.44253 0.896754 0
    outer loop
      vertex 71.15 53.5278 2.4
      vertex 71.3494 53.4294 0
      vertex 71.15 53.5278 0
    endloop
  endfacet
  facet normal 0.321574 -0.946885 0
    outer loop
      vertex 94.7765 -64.8978 0
      vertex 95.1481 -64.7716 2.4
      vertex 94.7765 -64.8978 2.4
    endloop
  endfacet
  facet normal 0.321574 -0.946885 0
    outer loop
      vertex 95.1481 -64.7716 2.4
      vertex 94.7765 -64.8978 0
      vertex 95.1481 -64.7716 0
    endloop
  endfacet
  facet normal 0.19494 -0.980815 0
    outer loop
      vertex 94.3916 -64.9743 0
      vertex 94.7765 -64.8978 2.4
      vertex 94.3916 -64.9743 2.4
    endloop
  endfacet
  facet normal 0.19494 -0.980815 0
    outer loop
      vertex 94.7765 -64.8978 2.4
      vertex 94.3916 -64.9743 0
      vertex 94.7765 -64.8978 0
    endloop
  endfacet
  facet normal -1 0 0
    outer loop
      vertex -97 -62 0
      vertex -97 62 2.4
      vertex -97 62 0
    endloop
  endfacet
  facet normal -1 -0 0
    outer loop
      vertex -97 62 2.4
      vertex -97 -62 0
      vertex -97 -62 2.4
    endloop
  endfacet
  facet normal 0.0654873 -0.997853 0
    outer loop
      vertex 94 -65 0
      vertex 94.3916 -64.9743 2.4
      vertex 94 -65 2.4
    endloop
  endfacet
  facet normal 0.0654873 -0.997853 0
    outer loop
      vertex 94.3916 -64.9743 2.4
      vertex 94 -65 0
      vertex 94.3916 -64.9743 0
    endloop
  endfacet
  facet normal 0.555523 0.831501 -0
    outer loop
      vertex 95.8263 64.3801 0
      vertex 95.5 64.5981 2.4
      vertex 95.8263 64.3801 2.4
    endloop
  endfacet
  facet normal 0.555523 0.831501 0
    outer loop
      vertex 95.5 64.5981 2.4
      vertex 95.8263 64.3801 0
      vertex 95.5 64.5981 0
    endloop
  endfacet
  facet normal -0.751724 0.659478 0
    outer loop
      vertex -96.3801 63.8263 0
      vertex -96.1213 64.1213 2.4
      vertex -96.1213 64.1213 0
    endloop
  endfacet
  facet normal -0.751724 0.659478 0
    outer loop
      vertex -96.1213 64.1213 2.4
      vertex -96.3801 63.8263 0
      vertex -96.3801 63.8263 2.4
    endloop
  endfacet
  facet normal 0 -1 0
    outer loop
      vertex -94 -65 0
      vertex 94 -65 2.4
      vertex -94 -65 2.4
    endloop
  endfacet
  facet normal 0 -1 -0
    outer loop
      vertex 94 -65 2.4
      vertex -94 -65 0
      vertex 94 -65 0
    endloop
  endfacet
  facet normal -0.0654873 0.997853 0
    outer loop
      vertex -94 65 0
      vertex -94.3916 64.9743 2.4
      vertex -94 65 2.4
    endloop
  endfacet
  facet normal -0.0654873 0.997853 0
    outer loop
      vertex -94.3916 64.9743 2.4
      vertex -94 65 0
      vertex -94.3916 64.9743 0
    endloop
  endfacet
  facet normal 1 -0 0
    outer loop
      vertex 97 -62 2.4
      vertex 97 62 0
      vertex 97 62 2.4
    endloop
  endfacet
  facet normal 1 0 0
    outer loop
      vertex 97 62 0
      vertex 97 -62 2.4
      vertex 97 -62 0
    endloop
  endfacet
  facet normal 0.997853 0.0654873 0
    outer loop
      vertex 97 62 2.4
      vertex 96.9743 62.3916 0
      vertex 96.9743 62.3916 2.4
    endloop
  endfacet
  facet normal 0.997853 0.0654873 0
    outer loop
      vertex 96.9743 62.3916 0
      vertex 97 62 2.4
      vertex 97 62 0
    endloop
  endfacet
  facet normal -0.659478 -0.751724 0
    outer loop
      vertex -96.1213 -64.1213 0
      vertex -95.8263 -64.3801 2.4
      vertex -96.1213 -64.1213 2.4
    endloop
  endfacet
  facet normal -0.659478 -0.751724 -0
    outer loop
      vertex -95.8263 -64.3801 2.4
      vertex -96.1213 -64.1213 0
      vertex -95.8263 -64.3801 0
    endloop
  endfacet
  facet normal 0 0 1
    outer loop
      vertex -70.5278 54.15 2.4
      vertex 70.5278 54.15 2.4
      vertex -70.4294 54.3494 2.4
    endloop
  endfacet
  facet normal 0 0 1
    outer loop
      vertex 70.6513 -53.9651 2.4
      vertex -70.3145 -54.7781 2.4
      vertex -70.3 -55 2.4
    endloop
  endfacet
  facet normal 0 0 1
    outer loop
      vertex 70.5278 54.15 2.4
      vertex -70.5278 54.15 2.4
      vertex 70.6513 53.9651 2.4
    endloop
  endfacet
  facet normal 0 0 1
    outer loop
      vertex 70.6513 -53.9651 2.4
      vertex -70.3579 -54.56 2.4
      vertex -70.3145 -54.7781 2.4
    endloop
  endfacet
  facet normal 0 0 1
    outer loop
      vertex -70.6513 53.9651 2.4
      vertex 70.6513 53.9651 2.4
      vertex -70.5278 54.15 2.4
    endloop
  endfacet
  facet normal 0 0 1
    outer loop
      vertex 70.6513 -53.9651 2.4
      vertex -70.4294 -54.3494 2.4
      vertex -70.3579 -54.56 2.4
    endloop
  endfacet
  facet normal 0 0 1
    outer loop
      vertex 70.6513 53.9651 2.4
      vertex -70.6513 53.9651 2.4
      vertex 70.6513 -53.9651 2.4
    endloop
  endfacet
  facet normal 0 0 1
    outer loop
      vertex 70.6513 -53.9651 2.4
      vertex -70.5278 -54.15 2.4
      vertex -70.4294 -54.3494 2.4
    endloop
  endfacet
  facet normal 0 0 1
    outer loop
      vertex -70.6513 -53.9651 2.4
      vertex 70.6513 -53.9651 2.4
      vertex -70.6513 53.9651 2.4
    endloop
  endfacet
  facet normal 0 0 1
    outer loop
      vertex 70.6513 -53.9651 2.4
      vertex -70.6513 -53.9651 2.4
      vertex -70.5278 -54.15 2.4
    endloop
  endfacet
  facet normal -0 0 1
    outer loop
      vertex -70.7979 53.7979 2.4
      vertex -70.6513 -53.9651 2.4
      vertex -70.6513 53.9651 2.4
    endloop
  endfacet
  facet normal 0 0 1
    outer loop
      vertex -70.7979 53.7979 2.4
      vertex -70.7979 -53.7979 2.4
      vertex -70.6513 -53.9651 2.4
    endloop
  endfacet
  facet normal -0 0 1
    outer loop
      vertex -70.9651 53.6513 2.4
      vertex -70.7979 -53.7979 2.4
      vertex -70.7979 53.7979 2.4
    endloop
  endfacet
  facet normal 0 0 1
    outer loop
      vertex -70.9651 53.6513 2.4
      vertex -70.9651 -53.6513 2.4
      vertex -70.7979 -53.7979 2.4
    endloop
  endfacet
  facet normal -0 0 1
    outer loop
      vertex -71.15 53.5278 2.4
      vertex -70.9651 -53.6513 2.4
      vertex -70.9651 53.6513 2.4
    endloop
  endfacet
  facet normal 0 0 1
    outer loop
      vertex -71.15 53.5278 2.4
      vertex -71.15 -53.5278 2.4
      vertex -70.9651 -53.6513 2.4
    endloop
  endfacet
  facet normal -0 0 1
    outer loop
      vertex -71.3494 53.4294 2.4
      vertex -71.15 -53.5278 2.4
      vertex -71.15 53.5278 2.4
    endloop
  endfacet
  facet normal 0 0 1
    outer loop
      vertex -71.3494 53.4294 2.4
      vertex -71.3494 -53.4294 2.4
      vertex -71.15 -53.5278 2.4
    endloop
  endfacet
  facet normal -0 0 1
    outer loop
      vertex -71.56 53.3579 2.4
      vertex -71.3494 -53.4294 2.4
      vertex -71.3494 53.4294 2.4
    endloop
  endfacet
  facet normal 0 0 1
    outer loop
      vertex -71.56 53.3579 2.4
      vertex -71.56 -53.3579 2.4
      vertex -71.3494 -53.4294 2.4
    endloop
  endfacet
  facet normal -0 0 1
    outer loop
      vertex -71.7781 53.3145 2.4
      vertex -71.56 -53.3579 2.4
      vertex -71.56 53.3579 2.4
    endloop
  endfacet
  facet normal 0 0 1
    outer loop
      vertex -71.7781 53.3145 2.4
      vertex -71.7781 -53.3145 2.4
      vertex -71.56 -53.3579 2.4
    endloop
  endfacet
  facet normal -0 0 1
    outer loop
      vertex -72 53.3 2.4
      vertex -71.7781 -53.3145 2.4
      vertex -71.7781 53.3145 2.4
    endloop
  endfacet
  facet normal 0 0 1
    outer loop
      vertex -72 53.3 2.4
      vertex -72 -53.3 2.4
      vertex -71.7781 -53.3145 2.4
    endloop
  endfacet
  facet normal 0 0 1
    outer loop
      vertex -72.2219 53.3145 2.4
      vertex -72 -53.3 2.4
      vertex -72 53.3 2.4
    endloop
  endfacet
  facet normal 0 0 1
    outer loop
      vertex -72.2219 53.3145 2.4
      vertex -72.2219 -53.3145 2.4
      vertex -72 -53.3 2.4
    endloop
  endfacet
  facet normal 0 0 1
    outer loop
      vertex -72.44 53.3579 2.4
      vertex -72.2219 -53.3145 2.4
      vertex -72.2219 53.3145 2.4
    endloop
  endfacet
  facet normal 0 0 1
    outer loop
      vertex -72.44 53.3579 2.4
      vertex -72.44 -53.3579 2.4
      vertex -72.2219 -53.3145 2.4
    endloop
  endfacet
  facet normal 0 0 1
    outer loop
      vertex -72.6506 53.4294 2.4
      vertex -72.44 -53.3579 2.4
      vertex -72.44 53.3579 2.4
    endloop
  endfacet
  facet normal 0 0 1
    outer loop
      vertex -72.6506 53.4294 2.4
      vertex -72.6506 -53.4294 2.4
      vertex -72.44 -53.3579 2.4
    endloop
  endfacet
  facet normal 0 0 1
    outer loop
      vertex -72.85 53.5278 2.4
      vertex -72.6506 -53.4294 2.4
      vertex -72.6506 53.4294 2.4
    endloop
  endfacet
  facet normal 0 0 1
    outer loop
      vertex -72.85 53.5278 2.4
      vertex -72.85 -53.5278 2.4
      vertex -72.6506 -53.4294 2.4
    endloop
  endfacet
  facet normal 0 0 1
    outer loop
      vertex -97 62 2.4
      vertex -72.85 53.5278 2.4
      vertex -73.0349 53.6513 2.4
    endloop
  endfacet
  facet normal 0 0 1
    outer loop
      vertex -72.85 53.5278 2.4
      vertex -97 62 2.4
      vertex -72.85 -53.5278 2.4
    endloop
  endfacet
  facet normal 0 0 1
    outer loop
      vertex -97 62 2.4
      vertex -73.0349 53.6513 2.4
      vertex -73.2021 53.7979 2.4
    endloop
  endfacet
  facet normal 0 0 1
    outer loop
      vertex -97 -62 2.4
      vertex -72.85 -53.5278 2.4
      vertex -97 62 2.4
    endloop
  endfacet
  facet normal 0 0 1
    outer loop
      vertex -97 62 2.4
      vertex -73.2021 53.7979 2.4
      vertex -73.3487 53.9651 2.4
    endloop
  endfacet
  facet normal 0 0 1
    outer loop
      vertex -72.85 -53.5278 2.4
      vertex -97 -62 2.4
      vertex -73.0349 -53.6513 2.4
    endloop
  endfacet
  facet normal 0 0 1
    outer loop
      vertex -97 62 2.4
      vertex -73.3487 53.9651 2.4
      vertex -73.4722 54.15 2.4
    endloop
  endfacet
  facet normal 0 0 1
    outer loop
      vertex -73.0349 -53.6513 2.4
      vertex -97 -62 2.4
      vertex -73.2021 -53.7979 2.4
    endloop
  endfacet
  facet normal 0 0 1
    outer loop
      vertex -97 62 2.4
      vertex -73.4722 54.15 2.4
      vertex -73.5706 54.3494 2.4
    endloop
  endfacet
  facet normal 0 0 1
    outer loop
      vertex -73.2021 -53.7979 2.4
      vertex -97 -62 2.4
      vertex -73.3487 -53.9651 2.4
    endloop
  endfacet
  facet normal 0 0 1
    outer loop
      vertex -97 62 2.4
      vertex -73.5706 54.3494 2.4
      vertex -73.6421 54.56 2.4
    endloop
  endfacet
  facet normal 0 0 1
    outer loop
      vertex -73.3487 -53.9651 2.4
      vertex -97 -62 2.4
      vertex -73.4722 -54.15 2.4
    endloop
  endfacet
  facet normal 0 0 1
    outer loop
      vertex -97 62 2.4
      vertex -73.6421 54.56 2.4
      vertex -73.6855 54.7781 2.4
    endloop
  endfacet
  facet normal 0 0 1
    outer loop
      vertex -73.4722 -54.15 2.4
      vertex -97 -62 2.4
      vertex -73.5706 -54.3494 2.4
    endloop
  endfacet
  facet normal 0 0 1
    outer loop
      vertex -97 62 2.4
      vertex -73.6855 54.7781 2.4
      vertex -73.7 55 2.4
    endloop
  endfacet
  facet normal 0 0 1
    outer loop
      vertex -73.5706 -54.3494 2.4
      vertex -97 -62 2.4
      vertex -73.6421 -54.56 2.4
    endloop
  endfacet
  facet normal 0 0 1
    outer loop
      vertex 73.5706 54.3494 2.4
      vertex 97 62 2.4
      vertex 73.6421 54.56 2.4
    endloop
  endfacet
  facet normal 0 0 1
    outer loop
      vertex 97 -62 2.4
      vertex 73.6855 -54.7781 2.4
      vertex 73.7 -55 2.4
    endloop
  endfacet
  facet normal 0 0 1
    outer loop
      vertex 73.4722 54.15 2.4
      vertex 97 62 2.4
      vertex 73.5706 54.3494 2.4
    endloop
  endfacet
  facet normal 0 0 1
    outer loop
      vertex 97 -62 2.4
      vertex 73.6421 -54.56 2.4
      vertex 73.6855 -54.7781 2.4
    endloop
  endfacet
  facet normal 0 0 1
    outer loop
      vertex 73.3487 53.9651 2.4
      vertex 97 62 2.4
      vertex 73.4722 54.15 2.4
    endloop
  endfacet
  facet normal 0 0 1
    outer loop
      vertex 97 -62 2.4
      vertex 73.5706 -54.3494 2.4
      vertex 73.6421 -54.56 2.4
    endloop
  endfacet
  facet normal 0 0 1
    outer loop
      vertex 73.2021 53.7979 2.4
      vertex 97 62 2.4
      vertex 73.3487 53.9651 2.4
    endloop
  endfacet
  facet normal 0 0 1
    outer loop
      vertex 97 -62 2.4
      vertex 73.4722 -54.15 2.4
      vertex 73.5706 -54.3494 2.4
    endloop
  endfacet
  facet normal 0 0 1
    outer loop
      vertex 73.0349 53.6513 2.4
      vertex 97 62 2.4
      vertex 73.2021 53.7979 2.4
    endloop
  endfacet
  facet normal 0 0 1
    outer loop
      vertex 97 -62 2.4
      vertex 73.3487 -53.9651 2.4
      vertex 73.4722 -54.15 2.4
    endloop
  endfacet
  facet normal 0 0 1
    outer loop
      vertex 72.85 53.5278 2.4
      vertex 97 62 2.4
      vertex 73.0349 53.6513 2.4
    endloop
  endfacet
  facet normal 0 0 1
    outer loop
      vertex 97 -62 2.4
      vertex 73.2021 -53.7979 2.4
      vertex 73.3487 -53.9651 2.4
    endloop
  endfacet
  facet normal 0 0 1
    outer loop
      vertex 97 62 2.4
      vertex 72.85 53.5278 2.4
      vertex 97 -62 2.4
    endloop
  endfacet
  facet normal 0 0 1
    outer loop
      vertex 97 -62 2.4
      vertex 73.0349 -53.6513 2.4
      vertex 73.2021 -53.7979 2.4
    endloop
  endfacet
  facet normal -0 0 1
    outer loop
      vertex 72.85 -53.5278 2.4
      vertex 97 -62 2.4
      vertex 72.85 53.5278 2.4
    endloop
  endfacet
  facet normal 0 0 1
    outer loop
      vertex 97 -62 2.4
      vertex 72.85 -53.5278 2.4
      vertex 73.0349 -53.6513 2.4
    endloop
  endfacet
  facet normal -0 0 1
    outer loop
      vertex 72.6506 53.4294 2.4
      vertex 72.85 -53.5278 2.4
      vertex 72.85 53.5278 2.4
    endloop
  endfacet
  facet normal 0 0 1
    outer loop
      vertex 72.6506 53.4294 2.4
      vertex 72.6506 -53.4294 2.4
      vertex 72.85 -53.5278 2.4
    endloop
  endfacet
  facet normal -0 0 1
    outer loop
      vertex 72.44 53.3579 2.4
      vertex 72.6506 -53.4294 2.4
      vertex 72.6506 53.4294 2.4
    endloop
  endfacet
  facet normal 0 0 1
    outer loop
      vertex 72.44 53.3579 2.4
      vertex 72.44 -53.3579 2.4
      vertex 72.6506 -53.4294 2.4
    endloop
  endfacet
  facet normal -0 0 1
    outer loop
      vertex 72.2219 53.3145 2.4
      vertex 72.44 -53.3579 2.4
      vertex 72.44 53.3579 2.4
    endloop
  endfacet
  facet normal 0 0 1
    outer loop
      vertex 72.2219 53.3145 2.4
      vertex 72.2219 -53.3145 2.4
      vertex 72.44 -53.3579 2.4
    endloop
  endfacet
  facet normal -0 0 1
    outer loop
      vertex 72 53.3 2.4
      vertex 72.2219 -53.3145 2.4
      vertex 72.2219 53.3145 2.4
    endloop
  endfacet
  facet normal 0 0 1
    outer loop
      vertex 72 53.3 2.4
      vertex 72 -53.3 2.4
      vertex 72.2219 -53.3145 2.4
    endloop
  endfacet
  facet normal 0 0 1
    outer loop
      vertex 71.7781 53.3145 2.4
      vertex 72 -53.3 2.4
      vertex 72 53.3 2.4
    endloop
  endfacet
  facet normal 0 0 1
    outer loop
      vertex 71.7781 53.3145 2.4
      vertex 71.7781 -53.3145 2.4
      vertex 72 -53.3 2.4
    endloop
  endfacet
  facet normal 0 0 1
    outer loop
      vertex 71.56 53.3579 2.4
      vertex 71.7781 -53.3145 2.4
      vertex 71.7781 53.3145 2.4
    endloop
  endfacet
  facet normal 0 0 1
    outer loop
      vertex 71.56 53.3579 2.4
      vertex 71.56 -53.3579 2.4
      vertex 71.7781 -53.3145 2.4
    endloop
  endfacet
  facet normal 0 0 1
    outer loop
      vertex 71.3494 53.4294 2.4
      vertex 71.56 -53.3579 2.4
      vertex 71.56 53.3579 2.4
    endloop
  endfacet
  facet normal 0 0 1
    outer loop
      vertex 71.3494 53.4294 2.4
      vertex 71.3494 -53.4294 2.4
      vertex 71.56 -53.3579 2.4
    endloop
  endfacet
  facet normal 0 0 1
    outer loop
      vertex 71.15 53.5278 2.4
      vertex 71.3494 -53.4294 2.4
      vertex 71.3494 53.4294 2.4
    endloop
  endfacet
  facet normal 0 0 1
    outer loop
      vertex 71.15 53.5278 2.4
      vertex 71.15 -53.5278 2.4
      vertex 71.3494 -53.4294 2.4
    endloop
  endfacet
  facet normal 0 0 1
    outer loop
      vertex 70.9651 53.6513 2.4
      vertex 71.15 -53.5278 2.4
      vertex 71.15 53.5278 2.4
    endloop
  endfacet
  facet normal 0 0 1
    outer loop
      vertex 70.9651 53.6513 2.4
      vertex 70.9651 -53.6513 2.4
      vertex 71.15 -53.5278 2.4
    endloop
  endfacet
  facet normal 0 0 1
    outer loop
      vertex 70.7979 53.7979 2.4
      vertex 70.9651 -53.6513 2.4
      vertex 70.9651 53.6513 2.4
    endloop
  endfacet
  facet normal 0 0 1
    outer loop
      vertex 70.7979 53.7979 2.4
      vertex 70.7979 -53.7979 2.4
      vertex 70.9651 -53.6513 2.4
    endloop
  endfacet
  facet normal 0 0 1
    outer loop
      vertex 70.6513 53.9651 2.4
      vertex 70.7979 -53.7979 2.4
      vertex 70.7979 53.7979 2.4
    endloop
  endfacet
  facet normal 0 0 1
    outer loop
      vertex 70.6513 53.9651 2.4
      vertex 70.6513 -53.9651 2.4
      vertex 70.7979 -53.7979 2.4
    endloop
  endfacet
  facet normal 0 0 1
    outer loop
      vertex 70.3579 54.56 2.4
      vertex -70.3579 54.56 2.4
      vertex 70.4294 54.3494 2.4
    endloop
  endfacet
  facet normal 0 0 1
    outer loop
      vertex -70.4294 54.3494 2.4
      vertex 70.4294 54.3494 2.4
      vertex -70.3579 54.56 2.4
    endloop
  endfacet
  facet normal 0 0 1
    outer loop
      vertex -70.3579 54.56 2.4
      vertex 70.3579 54.56 2.4
      vertex -70.3145 54.7781 2.4
    endloop
  endfacet
  facet normal 0 0 1
    outer loop
      vertex 70.4294 54.3494 2.4
      vertex -70.4294 54.3494 2.4
      vertex 70.5278 54.15 2.4
    endloop
  endfacet
  facet normal 0 0 1
    outer loop
      vertex 70.3145 54.7781 2.4
      vertex -70.3145 54.7781 2.4
      vertex 70.3579 54.56 2.4
    endloop
  endfacet
  facet normal 0 0 1
    outer loop
      vertex 70.6513 -53.9651 2.4
      vertex -70.3 -55 2.4
      vertex 70.5278 -54.15 2.4
    endloop
  endfacet
  facet normal 0 0 1
    outer loop
      vertex -70.3145 54.7781 2.4
      vertex 70.3145 54.7781 2.4
      vertex -70.3 55 2.4
    endloop
  endfacet
  facet normal 0 0 1
    outer loop
      vertex 70.5278 -54.15 2.4
      vertex -70.3 -55 2.4
      vertex 70.4294 -54.3494 2.4
    endloop
  endfacet
  facet normal -0 0 1
    outer loop
      vertex -70.3 55 2.4
      vertex 70.3145 54.7781 2.4
      vertex 70.3 55 2.4
    endloop
  endfacet
  facet normal 0 0 1
    outer loop
      vertex 70.4294 -54.3494 2.4
      vertex -70.3 -55 2.4
      vertex 70.3579 -54.56 2.4
    endloop
  endfacet
  facet normal 0 0 1
    outer loop
      vertex 94 65 2.4
      vertex 97 62 2.4
      vertex 96.9743 62.3916 2.4
    endloop
  endfacet
  facet normal 0 0 1
    outer loop
      vertex 73.6855 54.7781 2.4
      vertex 97 62 2.4
      vertex 73.7 55 2.4
    endloop
  endfacet
  facet normal 0 0 1
    outer loop
      vertex 94 65 2.4
      vertex 96.9743 62.3916 2.4
      vertex 96.8978 62.7765 2.4
    endloop
  endfacet
  facet normal 0 0 1
    outer loop
      vertex 73.6421 54.56 2.4
      vertex 97 62 2.4
      vertex 73.6855 54.7781 2.4
    endloop
  endfacet
  facet normal 0 0 1
    outer loop
      vertex 94 65 2.4
      vertex 96.8978 62.7765 2.4
      vertex 96.7716 63.1481 2.4
    endloop
  endfacet
  facet normal 0 -0 1
    outer loop
      vertex 94 -65 2.4
      vertex 97 -62 2.4
      vertex 73.7 -55 2.4
    endloop
  endfacet
  facet normal 0 0 1
    outer loop
      vertex 94 65 2.4
      vertex 96.7716 63.1481 2.4
      vertex 96.5981 63.5 2.4
    endloop
  endfacet
  facet normal 0 0 1
    outer loop
      vertex 97 -62 2.4
      vertex 94 -65 2.4
      vertex 96.9743 -62.3916 2.4
    endloop
  endfacet
  facet normal 0 0 1
    outer loop
      vertex 94 65 2.4
      vertex 96.5981 63.5 2.4
      vertex 96.3801 63.8263 2.4
    endloop
  endfacet
  facet normal 0 0 1
    outer loop
      vertex 96.9743 -62.3916 2.4
      vertex 94 -65 2.4
      vertex 96.8978 -62.7765 2.4
    endloop
  endfacet
  facet normal 0 0 1
    outer loop
      vertex 94 65 2.4
      vertex 96.3801 63.8263 2.4
      vertex 96.1213 64.1213 2.4
    endloop
  endfacet
  facet normal 0 0 1
    outer loop
      vertex 96.8978 -62.7765 2.4
      vertex 94 -65 2.4
      vertex 96.7716 -63.1481 2.4
    endloop
  endfacet
  facet normal 0 0 1
    outer loop
      vertex 94 65 2.4
      vertex 96.1213 64.1213 2.4
      vertex 95.8263 64.3801 2.4
    endloop
  endfacet
  facet normal 0 0 1
    outer loop
      vertex 96.7716 -63.1481 2.4
      vertex 94 -65 2.4
      vertex 96.5981 -63.5 2.4
    endloop
  endfacet
  facet normal 0 0 1
    outer loop
      vertex 94 65 2.4
      vertex 95.8263 64.3801 2.4
      vertex 95.5 64.5981 2.4
    endloop
  endfacet
  facet normal 0 0 1
    outer loop
      vertex 96.5981 -63.5 2.4
      vertex 94 -65 2.4
      vertex 96.3801 -63.8263 2.4
    endloop
  endfacet
  facet normal 0 0 1
    outer loop
      vertex 94 65 2.4
      vertex 95.5 64.5981 2.4
      vertex 95.1481 64.7716 2.4
    endloop
  endfacet
  facet normal 0 0 1
    outer loop
      vertex 96.3801 -63.8263 2.4
      vertex 94 -65 2.4
      vertex 96.1213 -64.1213 2.4
    endloop
  endfacet
  facet normal 0 0 1
    outer loop
      vertex 94 65 2.4
      vertex 95.1481 64.7716 2.4
      vertex 94.7765 64.8978 2.4
    endloop
  endfacet
  facet normal 0 0 1
    outer loop
      vertex 96.1213 -64.1213 2.4
      vertex 94 -65 2.4
      vertex 95.8263 -64.3801 2.4
    endloop
  endfacet
  facet normal 0 0 1
    outer loop
      vertex 94 65 2.4
      vertex 94.7765 64.8978 2.4
      vertex 94.3916 64.9743 2.4
    endloop
  endfacet
  facet normal 0 0 1
    outer loop
      vertex 95.8263 -64.3801 2.4
      vertex 94 -65 2.4
      vertex 95.5 -64.5981 2.4
    endloop
  endfacet
  facet normal 0 0 1
    outer loop
      vertex 97 62 2.4
      vertex 94 65 2.4
      vertex 73.7 55 2.4
    endloop
  endfacet
  facet normal 0 0 1
    outer loop
      vertex 95.5 -64.5981 2.4
      vertex 94 -65 2.4
      vertex 95.1481 -64.7716 2.4
    endloop
  endfacet
  facet normal 0 0 1
    outer loop
      vertex 95.1481 -64.7716 2.4
      vertex 94 -65 2.4
      vertex 94.7765 -64.8978 2.4
    endloop
  endfacet
  facet normal 0 0 1
    outer loop
      vertex 94 65 2.4
      vertex 73.6855 55.2219 2.4
      vertex 73.7 55 2.4
    endloop
  endfacet
  facet normal 0 0 1
    outer loop
      vertex 94 65 2.4
      vertex 73.6421 55.44 2.4
      vertex 73.6855 55.2219 2.4
    endloop
  endfacet
  facet normal 0 0 1
    outer loop
      vertex 94 65 2.4
      vertex 73.5706 55.6506 2.4
      vertex 73.6421 55.44 2.4
    endloop
  endfacet
  facet normal 0 0 1
    outer loop
      vertex 94 65 2.4
      vertex 73.4722 55.85 2.4
      vertex 73.5706 55.6506 2.4
    endloop
  endfacet
  facet normal 0 0 1
    outer loop
      vertex 94 65 2.4
      vertex 73.3487 56.0349 2.4
      vertex 73.4722 55.85 2.4
    endloop
  endfacet
  facet normal 0 0 1
    outer loop
      vertex 94 65 2.4
      vertex 73.2021 56.2021 2.4
      vertex 73.3487 56.0349 2.4
    endloop
  endfacet
  facet normal 0 0 1
    outer loop
      vertex 94 65 2.4
      vertex 73.0349 56.3487 2.4
      vertex 73.2021 56.2021 2.4
    endloop
  endfacet
  facet normal 0 0 1
    outer loop
      vertex 94 65 2.4
      vertex 72.85 56.4722 2.4
      vertex 73.0349 56.3487 2.4
    endloop
  endfacet
  facet normal 0 0 1
    outer loop
      vertex 94 65 2.4
      vertex 72.6506 56.5706 2.4
      vertex 72.85 56.4722 2.4
    endloop
  endfacet
  facet normal 0 0 1
    outer loop
      vertex 94 65 2.4
      vertex 72.44 56.6421 2.4
      vertex 72.6506 56.5706 2.4
    endloop
  endfacet
  facet normal 0 0 1
    outer loop
      vertex 94 65 2.4
      vertex 72.2219 56.6855 2.4
      vertex 72.44 56.6421 2.4
    endloop
  endfacet
  facet normal 0 0 1
    outer loop
      vertex 94 65 2.4
      vertex 72 56.7 2.4
      vertex 72.2219 56.6855 2.4
    endloop
  endfacet
  facet normal 0 0 1
    outer loop
      vertex 94 65 2.4
      vertex 71.7781 56.6855 2.4
      vertex 72 56.7 2.4
    endloop
  endfacet
  facet normal 0 0 1
    outer loop
      vertex 94 65 2.4
      vertex 71.56 56.6421 2.4
      vertex 71.7781 56.6855 2.4
    endloop
  endfacet
  facet normal 0 0 1
    outer loop
      vertex -71.56 56.6421 2.4
      vertex 71.56 56.6421 2.4
      vertex 94 65 2.4
    endloop
  endfacet
  facet normal 0 0 1
    outer loop
      vertex 70.3579 -54.56 2.4
      vertex -70.3 -55 2.4
      vertex 70.3145 -54.7781 2.4
    endloop
  endfacet
  facet normal 0 0 1
    outer loop
      vertex 70.3145 55.2219 2.4
      vertex -70.3 55 2.4
      vertex 70.3 55 2.4
    endloop
  endfacet
  facet normal 0 0 1
    outer loop
      vertex -70.3145 55.2219 2.4
      vertex 70.3145 55.2219 2.4
      vertex 70.3579 55.44 2.4
    endloop
  endfacet
  facet normal 0 0 1
    outer loop
      vertex -70.3579 55.44 2.4
      vertex 70.3579 55.44 2.4
      vertex 70.4294 55.6506 2.4
    endloop
  endfacet
  facet normal 0 0 1
    outer loop
      vertex -70.4294 55.6506 2.4
      vertex 70.4294 55.6506 2.4
      vertex 70.5278 55.85 2.4
    endloop
  endfacet
  facet normal 0 0 1
    outer loop
      vertex -70.5278 55.85 2.4
      vertex 70.5278 55.85 2.4
      vertex 70.6513 56.0349 2.4
    endloop
  endfacet
  facet normal 0 0 1
    outer loop
      vertex -70.6513 56.0349 2.4
      vertex 70.6513 56.0349 2.4
      vertex 70.7979 56.2021 2.4
    endloop
  endfacet
  facet normal 0 0 1
    outer loop
      vertex -70.7979 56.2021 2.4
      vertex 70.7979 56.2021 2.4
      vertex 70.9651 56.3487 2.4
    endloop
  endfacet
  facet normal 0 0 1
    outer loop
      vertex -70.9651 56.3487 2.4
      vertex 70.9651 56.3487 2.4
      vertex 71.15 56.4722 2.4
    endloop
  endfacet
  facet normal 0 0 1
    outer loop
      vertex -71.15 56.4722 2.4
      vertex 71.15 56.4722 2.4
      vertex 71.3494 56.5706 2.4
    endloop
  endfacet
  facet normal 0 0 1
    outer loop
      vertex 71.56 56.6421 2.4
      vertex -71.56 56.6421 2.4
      vertex 71.3494 56.5706 2.4
    endloop
  endfacet
  facet normal 0 0 1
    outer loop
      vertex 70.3145 55.2219 2.4
      vertex -70.3145 55.2219 2.4
      vertex -70.3 55 2.4
    endloop
  endfacet
  facet normal 0 0 1
    outer loop
      vertex 70.3579 55.44 2.4
      vertex -70.3579 55.44 2.4
      vertex -70.3145 55.2219 2.4
    endloop
  endfacet
  facet normal 0 0 1
    outer loop
      vertex 70.4294 55.6506 2.4
      vertex -70.4294 55.6506 2.4
      vertex -70.3579 55.44 2.4
    endloop
  endfacet
  facet normal 0 0 1
    outer loop
      vertex 70.5278 55.85 2.4
      vertex -70.5278 55.85 2.4
      vertex -70.4294 55.6506 2.4
    endloop
  endfacet
  facet normal 0 0 1
    outer loop
      vertex 70.6513 56.0349 2.4
      vertex -70.6513 56.0349 2.4
      vertex -70.5278 55.85 2.4
    endloop
  endfacet
  facet normal 0 0 1
    outer loop
      vertex 70.7979 56.2021 2.4
      vertex -70.7979 56.2021 2.4
      vertex -70.6513 56.0349 2.4
    endloop
  endfacet
  facet normal 0 0 1
    outer loop
      vertex 70.9651 56.3487 2.4
      vertex -70.9651 56.3487 2.4
      vertex -70.7979 56.2021 2.4
    endloop
  endfacet
  facet normal 0 0 1
    outer loop
      vertex 71.15 56.4722 2.4
      vertex -71.15 56.4722 2.4
      vertex -70.9651 56.3487 2.4
    endloop
  endfacet
  facet normal 0 0 1
    outer loop
      vertex 71.3494 56.5706 2.4
      vertex -71.3494 56.5706 2.4
      vertex -71.15 56.4722 2.4
    endloop
  endfacet
  facet normal 0 0 1
    outer loop
      vertex 71.3494 56.5706 2.4
      vertex -71.56 56.6421 2.4
      vertex -71.3494 56.5706 2.4
    endloop
  endfacet
  facet normal -0 0 1
    outer loop
      vertex -94 65 2.4
      vertex -71.56 56.6421 2.4
      vertex 94 65 2.4
    endloop
  endfacet
  facet normal 0 0 1
    outer loop
      vertex -71.56 56.6421 2.4
      vertex -94 65 2.4
      vertex -71.7781 56.6855 2.4
    endloop
  endfacet
  facet normal -0 0 1
    outer loop
      vertex -97 62 2.4
      vertex -73.7 55 2.4
      vertex -94 65 2.4
    endloop
  endfacet
  facet normal 0 0 1
    outer loop
      vertex -73.6855 55.2219 2.4
      vertex -94 65 2.4
      vertex -73.7 55 2.4
    endloop
  endfacet
  facet normal 0 0 1
    outer loop
      vertex -73.6421 55.44 2.4
      vertex -94 65 2.4
      vertex -73.6855 55.2219 2.4
    endloop
  endfacet
  facet normal 0 0 1
    outer loop
      vertex -73.5706 55.6506 2.4
      vertex -94 65 2.4
      vertex -73.6421 55.44 2.4
    endloop
  endfacet
  facet normal 0 0 1
    outer loop
      vertex -73.4722 55.85 2.4
      vertex -94 65 2.4
      vertex -73.5706 55.6506 2.4
    endloop
  endfacet
  facet normal 0 0 1
    outer loop
      vertex -73.3487 56.0349 2.4
      vertex -94 65 2.4
      vertex -73.4722 55.85 2.4
    endloop
  endfacet
  facet normal 0 0 1
    outer loop
      vertex -73.2021 56.2021 2.4
      vertex -94 65 2.4
      vertex -73.3487 56.0349 2.4
    endloop
  endfacet
  facet normal 0 0 1
    outer loop
      vertex -73.0349 56.3487 2.4
      vertex -94 65 2.4
      vertex -73.2021 56.2021 2.4
    endloop
  endfacet
  facet normal 0 0 1
    outer loop
      vertex -72.85 56.4722 2.4
      vertex -94 65 2.4
      vertex -73.0349 56.3487 2.4
    endloop
  endfacet
  facet normal 0 0 1
    outer loop
      vertex -72.6506 56.5706 2.4
      vertex -94 65 2.4
      vertex -72.85 56.4722 2.4
    endloop
  endfacet
  facet normal 0 0 1
    outer loop
      vertex -72.44 56.6421 2.4
      vertex -94 65 2.4
      vertex -72.6506 56.5706 2.4
    endloop
  endfacet
  facet normal 0 0 1
    outer loop
      vertex -72.2219 56.6855 2.4
      vertex -94 65 2.4
      vertex -72.44 56.6421 2.4
    endloop
  endfacet
  facet normal 0 0 1
    outer loop
      vertex -72 56.7 2.4
      vertex -94 65 2.4
      vertex -72.2219 56.6855 2.4
    endloop
  endfacet
  facet normal 0 0 1
    outer loop
      vertex -71.7781 56.6855 2.4
      vertex -94 65 2.4
      vertex -72 56.7 2.4
    endloop
  endfacet
  facet normal 0 0 1
    outer loop
      vertex 94.7765 -64.8978 2.4
      vertex 94 -65 2.4
      vertex 94.3916 -64.9743 2.4
    endloop
  endfacet
  facet normal -0 0 1
    outer loop
      vertex 73.6855 -55.2219 2.4
      vertex 94 -65 2.4
      vertex 73.7 -55 2.4
    endloop
  endfacet
  facet normal -0 0 1
    outer loop
      vertex 73.6421 -55.44 2.4
      vertex 94 -65 2.4
      vertex 73.6855 -55.2219 2.4
    endloop
  endfacet
  facet normal -0 0 1
    outer loop
      vertex 73.5706 -55.6506 2.4
      vertex 94 -65 2.4
      vertex 73.6421 -55.44 2.4
    endloop
  endfacet
  facet normal -0 0 1
    outer loop
      vertex 73.4722 -55.85 2.4
      vertex 94 -65 2.4
      vertex 73.5706 -55.6506 2.4
    endloop
  endfacet
  facet normal -0 0 1
    outer loop
      vertex 73.3487 -56.0349 2.4
      vertex 94 -65 2.4
      vertex 73.4722 -55.85 2.4
    endloop
  endfacet
  facet normal -0 0 1
    outer loop
      vertex 73.2021 -56.2021 2.4
      vertex 94 -65 2.4
      vertex 73.3487 -56.0349 2.4
    endloop
  endfacet
  facet normal -0 0 1
    outer loop
      vertex 73.0349 -56.3487 2.4
      vertex 94 -65 2.4
      vertex 73.2021 -56.2021 2.4
    endloop
  endfacet
  facet normal -0 0 1
    outer loop
      vertex 72.85 -56.4722 2.4
      vertex 94 -65 2.4
      vertex 73.0349 -56.3487 2.4
    endloop
  endfacet
  facet normal -0 0 1
    outer loop
      vertex 72.6506 -56.5706 2.4
      vertex 94 -65 2.4
      vertex 72.85 -56.4722 2.4
    endloop
  endfacet
  facet normal -0 0 1
    outer loop
      vertex 72.44 -56.6421 2.4
      vertex 94 -65 2.4
      vertex 72.6506 -56.5706 2.4
    endloop
  endfacet
  facet normal -0 0 1
    outer loop
      vertex 72.2219 -56.6855 2.4
      vertex 94 -65 2.4
      vertex 72.44 -56.6421 2.4
    endloop
  endfacet
  facet normal -0 0 1
    outer loop
      vertex 72 -56.7 2.4
      vertex 94 -65 2.4
      vertex 72.2219 -56.6855 2.4
    endloop
  endfacet
  facet normal 0 0 1
    outer loop
      vertex 71.7781 -56.6855 2.4
      vertex 94 -65 2.4
      vertex 72 -56.7 2.4
    endloop
  endfacet
  facet normal 0 0 1
    outer loop
      vertex 71.56 -56.6421 2.4
      vertex 94 -65 2.4
      vertex 71.7781 -56.6855 2.4
    endloop
  endfacet
  facet normal 0 0 1
    outer loop
      vertex -71.56 -56.6421 2.4
      vertex 71.56 -56.6421 2.4
      vertex 71.3494 -56.5706 2.4
    endloop
  endfacet
  facet normal 0 0 1
    outer loop
      vertex 70.3145 -54.7781 2.4
      vertex -70.3 -55 2.4
      vertex 70.3 -55 2.4
    endloop
  endfacet
  facet normal 0 0 1
    outer loop
      vertex 70.3 -55 2.4
      vertex -70.3 -55 2.4
      vertex 70.3145 -55.2219 2.4
    endloop
  endfacet
  facet normal 0 0 1
    outer loop
      vertex -70.3145 -55.2219 2.4
      vertex 70.3145 -55.2219 2.4
      vertex -70.3 -55 2.4
    endloop
  endfacet
  facet normal 0 0 1
    outer loop
      vertex 70.3145 -55.2219 2.4
      vertex -70.3145 -55.2219 2.4
      vertex 70.3579 -55.44 2.4
    endloop
  endfacet
  facet normal 0 0 1
    outer loop
      vertex -70.3579 -55.44 2.4
      vertex 70.3579 -55.44 2.4
      vertex -70.3145 -55.2219 2.4
    endloop
  endfacet
  facet normal 0 0 1
    outer loop
      vertex 70.3579 -55.44 2.4
      vertex -70.3579 -55.44 2.4
      vertex 70.4294 -55.6506 2.4
    endloop
  endfacet
  facet normal 0 0 1
    outer loop
      vertex -70.4294 -55.6506 2.4
      vertex 70.4294 -55.6506 2.4
      vertex -70.3579 -55.44 2.4
    endloop
  endfacet
  facet normal 0 0 1
    outer loop
      vertex 70.4294 -55.6506 2.4
      vertex -70.4294 -55.6506 2.4
      vertex 70.5278 -55.85 2.4
    endloop
  endfacet
  facet normal 0 0 1
    outer loop
      vertex -70.5278 -55.85 2.4
      vertex 70.5278 -55.85 2.4
      vertex -70.4294 -55.6506 2.4
    endloop
  endfacet
  facet normal 0 0 1
    outer loop
      vertex 70.5278 -55.85 2.4
      vertex -70.5278 -55.85 2.4
      vertex 70.6513 -56.0349 2.4
    endloop
  endfacet
  facet normal 0 0 1
    outer loop
      vertex -70.6513 -56.0349 2.4
      vertex 70.6513 -56.0349 2.4
      vertex -70.5278 -55.85 2.4
    endloop
  endfacet
  facet normal 0 0 1
    outer loop
      vertex 70.6513 -56.0349 2.4
      vertex -70.6513 -56.0349 2.4
      vertex 70.7979 -56.2021 2.4
    endloop
  endfacet
  facet normal 0 0 1
    outer loop
      vertex -70.7979 -56.2021 2.4
      vertex 70.7979 -56.2021 2.4
      vertex -70.6513 -56.0349 2.4
    endloop
  endfacet
  facet normal 0 0 1
    outer loop
      vertex 70.7979 -56.2021 2.4
      vertex -70.7979 -56.2021 2.4
      vertex 70.9651 -56.3487 2.4
    endloop
  endfacet
  facet normal 0 0 1
    outer loop
      vertex -70.9651 -56.3487 2.4
      vertex 70.9651 -56.3487 2.4
      vertex -70.7979 -56.2021 2.4
    endloop
  endfacet
  facet normal 0 0 1
    outer loop
      vertex 70.9651 -56.3487 2.4
      vertex -70.9651 -56.3487 2.4
      vertex 71.15 -56.4722 2.4
    endloop
  endfacet
  facet normal 0 0 1
    outer loop
      vertex -71.15 -56.4722 2.4
      vertex 71.15 -56.4722 2.4
      vertex -70.9651 -56.3487 2.4
    endloop
  endfacet
  facet normal 0 0 1
    outer loop
      vertex 71.15 -56.4722 2.4
      vertex -71.15 -56.4722 2.4
      vertex 71.3494 -56.5706 2.4
    endloop
  endfacet
  facet normal 0 0 1
    outer loop
      vertex -71.3494 -56.5706 2.4
      vertex 71.3494 -56.5706 2.4
      vertex -71.15 -56.4722 2.4
    endloop
  endfacet
  facet normal 0 0 1
    outer loop
      vertex -71.56 -56.6421 2.4
      vertex 71.3494 -56.5706 2.4
      vertex -71.3494 -56.5706 2.4
    endloop
  endfacet
  facet normal 0 0 1
    outer loop
      vertex 71.56 -56.6421 2.4
      vertex -71.56 -56.6421 2.4
      vertex 94 -65 2.4
    endloop
  endfacet
  facet normal 0 0 1
    outer loop
      vertex -94 -65 2.4
      vertex -71.56 -56.6421 2.4
      vertex -71.7781 -56.6855 2.4
    endloop
  endfacet
  facet normal 0 0 1
    outer loop
      vertex -94 -65 2.4
      vertex -71.7781 -56.6855 2.4
      vertex -72 -56.7 2.4
    endloop
  endfacet
  facet normal 0 0 1
    outer loop
      vertex -73.6421 -54.56 2.4
      vertex -97 -62 2.4
      vertex -73.6855 -54.7781 2.4
    endloop
  endfacet
  facet normal 0 0 1
    outer loop
      vertex -71.56 -56.6421 2.4
      vertex -94 -65 2.4
      vertex 94 -65 2.4
    endloop
  endfacet
  facet normal 0 0 1
    outer loop
      vertex -72.2219 -56.6855 2.4
      vertex -94 -65 2.4
      vertex -72 -56.7 2.4
    endloop
  endfacet
  facet normal 0 0 1
    outer loop
      vertex -72.44 -56.6421 2.4
      vertex -94 -65 2.4
      vertex -72.2219 -56.6855 2.4
    endloop
  endfacet
  facet normal 0 0 1
    outer loop
      vertex -72.6506 -56.5706 2.4
      vertex -94 -65 2.4
      vertex -72.44 -56.6421 2.4
    endloop
  endfacet
  facet normal 0 0 1
    outer loop
      vertex -72.85 -56.4722 2.4
      vertex -94 -65 2.4
      vertex -72.6506 -56.5706 2.4
    endloop
  endfacet
  facet normal 0 0 1
    outer loop
      vertex -73.0349 -56.3487 2.4
      vertex -94 -65 2.4
      vertex -72.85 -56.4722 2.4
    endloop
  endfacet
  facet normal 0 0 1
    outer loop
      vertex -73.2021 -56.2021 2.4
      vertex -94 -65 2.4
      vertex -73.0349 -56.3487 2.4
    endloop
  endfacet
  facet normal 0 0 1
    outer loop
      vertex -73.3487 -56.0349 2.4
      vertex -94 -65 2.4
      vertex -73.2021 -56.2021 2.4
    endloop
  endfacet
  facet normal 0 0 1
    outer loop
      vertex -73.4722 -55.85 2.4
      vertex -94 -65 2.4
      vertex -73.3487 -56.0349 2.4
    endloop
  endfacet
  facet normal 0 0 1
    outer loop
      vertex -73.5706 -55.6506 2.4
      vertex -94 -65 2.4
      vertex -73.4722 -55.85 2.4
    endloop
  endfacet
  facet normal 0 0 1
    outer loop
      vertex -73.6421 -55.44 2.4
      vertex -94 -65 2.4
      vertex -73.5706 -55.6506 2.4
    endloop
  endfacet
  facet normal 0 0 1
    outer loop
      vertex -73.6855 -55.2219 2.4
      vertex -94 -65 2.4
      vertex -73.6421 -55.44 2.4
    endloop
  endfacet
  facet normal 0 0 1
    outer loop
      vertex -73.6855 -54.7781 2.4
      vertex -97 -62 2.4
      vertex -73.7 -55 2.4
    endloop
  endfacet
  facet normal 0 0 1
    outer loop
      vertex -97 62 2.4
      vertex -94 65 2.4
      vertex -94.3916 64.9743 2.4
    endloop
  endfacet
  facet normal 0 -0 1
    outer loop
      vertex -94 -65 2.4
      vertex -73.7 -55 2.4
      vertex -97 -62 2.4
    endloop
  endfacet
  facet normal 0 0 1
    outer loop
      vertex -97 62 2.4
      vertex -94.3916 64.9743 2.4
      vertex -94.7765 64.8978 2.4
    endloop
  endfacet
  facet normal 0 0 1
    outer loop
      vertex -73.7 -55 2.4
      vertex -94 -65 2.4
      vertex -73.6855 -55.2219 2.4
    endloop
  endfacet
  facet normal 0 0 1
    outer loop
      vertex -97 62 2.4
      vertex -94.7765 64.8978 2.4
      vertex -95.1481 64.7716 2.4
    endloop
  endfacet
  facet normal 0 0 1
    outer loop
      vertex -94 -65 2.4
      vertex -97 -62 2.4
      vertex -94.3916 -64.9743 2.4
    endloop
  endfacet
  facet normal 0 0 1
    outer loop
      vertex -97 62 2.4
      vertex -95.1481 64.7716 2.4
      vertex -95.5 64.5981 2.4
    endloop
  endfacet
  facet normal 0 0 1
    outer loop
      vertex -94.3916 -64.9743 2.4
      vertex -97 -62 2.4
      vertex -94.7765 -64.8978 2.4
    endloop
  endfacet
  facet normal 0 0 1
    outer loop
      vertex -97 62 2.4
      vertex -95.5 64.5981 2.4
      vertex -95.8263 64.3801 2.4
    endloop
  endfacet
  facet normal 0 0 1
    outer loop
      vertex -94.7765 -64.8978 2.4
      vertex -97 -62 2.4
      vertex -95.1481 -64.7716 2.4
    endloop
  endfacet
  facet normal 0 0 1
    outer loop
      vertex -97 62 2.4
      vertex -95.8263 64.3801 2.4
      vertex -96.1213 64.1213 2.4
    endloop
  endfacet
  facet normal 0 0 1
    outer loop
      vertex -95.1481 -64.7716 2.4
      vertex -97 -62 2.4
      vertex -95.5 -64.5981 2.4
    endloop
  endfacet
  facet normal 0 0 1
    outer loop
      vertex -97 62 2.4
      vertex -96.1213 64.1213 2.4
      vertex -96.3801 63.8263 2.4
    endloop
  endfacet
  facet normal 0 0 1
    outer loop
      vertex -95.5 -64.5981 2.4
      vertex -97 -62 2.4
      vertex -95.8263 -64.3801 2.4
    endloop
  endfacet
  facet normal 0 0 1
    outer loop
      vertex -97 62 2.4
      vertex -96.3801 63.8263 2.4
      vertex -96.5981 63.5 2.4
    endloop
  endfacet
  facet normal 0 0 1
    outer loop
      vertex -95.8263 -64.3801 2.4
      vertex -97 -62 2.4
      vertex -96.1213 -64.1213 2.4
    endloop
  endfacet
  facet normal 0 0 1
    outer loop
      vertex -97 62 2.4
      vertex -96.5981 63.5 2.4
      vertex -96.7716 63.1481 2.4
    endloop
  endfacet
  facet normal 0 0 1
    outer loop
      vertex -96.1213 -64.1213 2.4
      vertex -97 -62 2.4
      vertex -96.3801 -63.8263 2.4
    endloop
  endfacet
  facet normal 0 0 1
    outer loop
      vertex -97 62 2.4
      vertex -96.7716 63.1481 2.4
      vertex -96.8978 62.7765 2.4
    endloop
  endfacet
  facet normal 0 0 1
    outer loop
      vertex -96.3801 -63.8263 2.4
      vertex -97 -62 2.4
      vertex -96.5981 -63.5 2.4
    endloop
  endfacet
  facet normal 0 0 1
    outer loop
      vertex -97 62 2.4
      vertex -96.8978 62.7765 2.4
      vertex -96.9743 62.3916 2.4
    endloop
  endfacet
  facet normal 0 0 1
    outer loop
      vertex -96.5981 -63.5 2.4
      vertex -97 -62 2.4
      vertex -96.7716 -63.1481 2.4
    endloop
  endfacet
  facet normal 0 0 1
    outer loop
      vertex -96.7716 -63.1481 2.4
      vertex -97 -62 2.4
      vertex -96.8978 -62.7765 2.4
    endloop
  endfacet
  facet normal 0 0 1
    outer loop
      vertex -96.8978 -62.7765 2.4
      vertex -97 -62 2.4
      vertex -96.9743 -62.3916 2.4
    endloop
  endfacet
  facet normal -0.555523 -0.831501 0
    outer loop
      vertex -95.8263 -64.3801 0
      vertex -95.5 -64.5981 2.4
      vertex -95.8263 -64.3801 2.4
    endloop
  endfacet
  facet normal -0.555523 -0.831501 -0
    outer loop
      vertex -95.5 -64.5981 2.4
      vertex -95.8263 -64.3801 0
      vertex -95.5 -64.5981 0
    endloop
  endfacet
  facet normal -0.442211 -0.896911 0
    outer loop
      vertex -95.5 -64.5981 0
      vertex -95.1481 -64.7716 2.4
      vertex -95.5 -64.5981 2.4
    endloop
  endfacet
  facet normal -0.442211 -0.896911 -0
    outer loop
      vertex -95.1481 -64.7716 2.4
      vertex -95.5 -64.5981 0
      vertex -95.1481 -64.7716 0
    endloop
  endfacet
  facet normal -0.19494 -0.980815 0
    outer loop
      vertex -94.7765 -64.8978 0
      vertex -94.3916 -64.9743 2.4
      vertex -94.7765 -64.8978 2.4
    endloop
  endfacet
  facet normal -0.19494 -0.980815 -0
    outer loop
      vertex -94.3916 -64.9743 2.4
      vertex -94.7765 -64.8978 0
      vertex -94.3916 -64.9743 0
    endloop
  endfacet
  facet normal -0.19494 0.980815 0
    outer loop
      vertex -94.3916 64.9743 0
      vertex -94.7765 64.8978 2.4
      vertex -94.3916 64.9743 2.4
    endloop
  endfacet
  facet normal -0.19494 0.980815 0
    outer loop
      vertex -94.7765 64.8978 2.4
      vertex -94.3916 64.9743 0
      vertex -94.7765 64.8978 0
    endloop
  endfacet
  facet normal 0.442211 0.896911 -0
    outer loop
      vertex 95.5 64.5981 0
      vertex 95.1481 64.7716 2.4
      vertex 95.5 64.5981 2.4
    endloop
  endfacet
  facet normal 0.442211 0.896911 0
    outer loop
      vertex 95.1481 64.7716 2.4
      vertex 95.5 64.5981 0
      vertex 95.1481 64.7716 0
    endloop
  endfacet
  facet normal 0.0654873 0.997853 -0
    outer loop
      vertex 94.3916 64.9743 0
      vertex 94 65 2.4
      vertex 94.3916 64.9743 2.4
    endloop
  endfacet
  facet normal 0.0654873 0.997853 0
    outer loop
      vertex 94 65 2.4
      vertex 94.3916 64.9743 0
      vertex 94 65 0
    endloop
  endfacet
  facet normal 0.19494 0.980815 -0
    outer loop
      vertex 94.7765 64.8978 0
      vertex 94.3916 64.9743 2.4
      vertex 94.7765 64.8978 2.4
    endloop
  endfacet
  facet normal 0.19494 0.980815 0
    outer loop
      vertex 94.3916 64.9743 2.4
      vertex 94.7765 64.8978 0
      vertex 94.3916 64.9743 0
    endloop
  endfacet
  facet normal 0 1 -0
    outer loop
      vertex 94 65 0
      vertex -94 65 2.4
      vertex 94 65 2.4
    endloop
  endfacet
  facet normal 0 1 0
    outer loop
      vertex -94 65 2.4
      vertex 94 65 0
      vertex -94 65 0
    endloop
  endfacet
  facet normal 0.831501 -0.555523 0
    outer loop
      vertex 96.3801 -63.8263 2.4
      vertex 96.5981 -63.5 0
      vertex 96.5981 -63.5 2.4
    endloop
  endfacet
  facet normal 0.831501 -0.555523 0
    outer loop
      vertex 96.5981 -63.5 0
      vertex 96.3801 -63.8263 2.4
      vertex 96.3801 -63.8263 0
    endloop
  endfacet
  facet normal 0.997853 -0.0654873 0
    outer loop
      vertex 96.9743 -62.3916 2.4
      vertex 97 -62 0
      vertex 97 -62 2.4
    endloop
  endfacet
  facet normal 0.997853 -0.0654873 0
    outer loop
      vertex 97 -62 0
      vertex 96.9743 -62.3916 2.4
      vertex 96.9743 -62.3916 0
    endloop
  endfacet
  facet normal -0.321574 0.946885 0
    outer loop
      vertex -94.7765 64.8978 0
      vertex -95.1481 64.7716 2.4
      vertex -94.7765 64.8978 2.4
    endloop
  endfacet
  facet normal -0.321574 0.946885 0
    outer loop
      vertex -95.1481 64.7716 2.4
      vertex -94.7765 64.8978 0
      vertex -95.1481 64.7716 0
    endloop
  endfacet
  facet normal -0.946885 0.321574 0
    outer loop
      vertex -96.8978 62.7765 0
      vertex -96.7716 63.1481 2.4
      vertex -96.7716 63.1481 0
    endloop
  endfacet
  facet normal -0.946885 0.321574 0
    outer loop
      vertex -96.7716 63.1481 2.4
      vertex -96.8978 62.7765 0
      vertex -96.8978 62.7765 2.4
    endloop
  endfacet
  facet normal -0.0654873 -0.997853 0
    outer loop
      vertex -94.3916 -64.9743 0
      vertex -94 -65 2.4
      vertex -94.3916 -64.9743 2.4
    endloop
  endfacet
  facet normal -0.0654873 -0.997853 -0
    outer loop
      vertex -94 -65 2.4
      vertex -94.3916 -64.9743 0
      vertex -94 -65 0
    endloop
  endfacet
  facet normal 0.321574 0.946885 -0
    outer loop
      vertex 95.1481 64.7716 0
      vertex 94.7765 64.8978 2.4
      vertex 95.1481 64.7716 2.4
    endloop
  endfacet
  facet normal 0.321574 0.946885 0
    outer loop
      vertex 94.7765 64.8978 2.4
      vertex 95.1481 64.7716 0
      vertex 94.7765 64.8978 0
    endloop
  endfacet
  facet normal 0.946885 -0.321574 0
    outer loop
      vertex 96.7716 -63.1481 2.4
      vertex 96.8978 -62.7765 0
      vertex 96.8978 -62.7765 2.4
    endloop
  endfacet
  facet normal 0.946885 -0.321574 0
    outer loop
      vertex 96.8978 -62.7765 0
      vertex 96.7716 -63.1481 2.4
      vertex 96.7716 -63.1481 0
    endloop
  endfacet
  facet normal 0.896911 -0.442211 0
    outer loop
      vertex 96.5981 -63.5 2.4
      vertex 96.7716 -63.1481 0
      vertex 96.7716 -63.1481 2.4
    endloop
  endfacet
  facet normal 0.896911 -0.442211 0
    outer loop
      vertex 96.7716 -63.1481 0
      vertex 96.5981 -63.5 2.4
      vertex 96.5981 -63.5 0
    endloop
  endfacet
  facet normal 0.980815 -0.19494 0
    outer loop
      vertex 96.8978 -62.7765 2.4
      vertex 96.9743 -62.3916 0
      vertex 96.9743 -62.3916 2.4
    endloop
  endfacet
  facet normal 0.980815 -0.19494 0
    outer loop
      vertex 96.9743 -62.3916 0
      vertex 96.8978 -62.7765 2.4
      vertex 96.8978 -62.7765 0
    endloop
  endfacet
  facet normal 0.442211 -0.896911 0
    outer loop
      vertex 95.1481 -64.7716 0
      vertex 95.5 -64.5981 2.4
      vertex 95.1481 -64.7716 2.4
    endloop
  endfacet
  facet normal 0.442211 -0.896911 0
    outer loop
      vertex 95.5 -64.5981 2.4
      vertex 95.1481 -64.7716 0
      vertex 95.5 -64.5981 0
    endloop
  endfacet
  facet normal 0.751724 -0.659478 0
    outer loop
      vertex 96.1213 -64.1213 2.4
      vertex 96.3801 -63.8263 0
      vertex 96.3801 -63.8263 2.4
    endloop
  endfacet
  facet normal 0.751724 -0.659478 0
    outer loop
      vertex 96.3801 -63.8263 0
      vertex 96.1213 -64.1213 2.4
      vertex 96.1213 -64.1213 0
    endloop
  endfacet
  facet normal 0.896911 0.442211 0
    outer loop
      vertex 96.7716 63.1481 2.4
      vertex 96.5981 63.5 0
      vertex 96.5981 63.5 2.4
    endloop
  endfacet
  facet normal 0.896911 0.442211 0
    outer loop
      vertex 96.5981 63.5 0
      vertex 96.7716 63.1481 2.4
      vertex 96.7716 63.1481 0
    endloop
  endfacet
  facet normal 0.659478 0.751724 -0
    outer loop
      vertex 96.1213 64.1213 0
      vertex 95.8263 64.3801 2.4
      vertex 96.1213 64.1213 2.4
    endloop
  endfacet
  facet normal 0.659478 0.751724 0
    outer loop
      vertex 95.8263 64.3801 2.4
      vertex 96.1213 64.1213 0
      vertex 95.8263 64.3801 0
    endloop
  endfacet
  facet normal -0.831501 0.555523 0
    outer loop
      vertex -96.5981 63.5 0
      vertex -96.3801 63.8263 2.4
      vertex -96.3801 63.8263 0
    endloop
  endfacet
  facet normal -0.831501 0.555523 0
    outer loop
      vertex -96.3801 63.8263 2.4
      vertex -96.5981 63.5 0
      vertex -96.5981 63.5 2.4
    endloop
  endfacet
  facet normal -0.997853 0.0654873 0
    outer loop
      vertex -97 62 0
      vertex -96.9743 62.3916 2.4
      vertex -96.9743 62.3916 0
    endloop
  endfacet
  facet normal -0.997853 0.0654873 0
    outer loop
      vertex -96.9743 62.3916 2.4
      vertex -97 62 0
      vertex -97 62 2.4
    endloop
  endfacet
  facet normal -0.980815 0.19494 0
    outer loop
      vertex -96.9743 62.3916 0
      vertex -96.8978 62.7765 2.4
      vertex -96.8978 62.7765 0
    endloop
  endfacet
  facet normal -0.980815 0.19494 0
    outer loop
      vertex -96.8978 62.7765 2.4
      vertex -96.9743 62.3916 0
      vertex -96.9743 62.3916 2.4
    endloop
  endfacet
  facet normal -0.997853 -0.0654873 0
    outer loop
      vertex -96.9743 -62.3916 0
      vertex -97 -62 2.4
      vertex -97 -62 0
    endloop
  endfacet
  facet normal -0.997853 -0.0654873 0
    outer loop
      vertex -97 -62 2.4
      vertex -96.9743 -62.3916 0
      vertex -96.9743 -62.3916 2.4
    endloop
  endfacet
  facet normal 0 0 -1
    outer loop
      vertex -70.5278 -54.15 0
      vertex 70.5278 -54.15 0
      vertex -70.4294 -54.3494 0
    endloop
  endfacet
  facet normal 0 0 -1
    outer loop
      vertex 70.6513 53.9651 0
      vertex -70.3145 54.7781 0
      vertex -70.3 55 0
    endloop
  endfacet
  facet normal 0 0 -1
    outer loop
      vertex 70.5278 -54.15 0
      vertex -70.5278 -54.15 0
      vertex 70.6513 -53.9651 0
    endloop
  endfacet
  facet normal 0 0 -1
    outer loop
      vertex 70.6513 53.9651 0
      vertex -70.3579 54.56 0
      vertex -70.3145 54.7781 0
    endloop
  endfacet
  facet normal 0 0 -1
    outer loop
      vertex -70.6513 -53.9651 0
      vertex 70.6513 -53.9651 0
      vertex -70.5278 -54.15 0
    endloop
  endfacet
  facet normal 0 0 -1
    outer loop
      vertex 70.6513 53.9651 0
      vertex -70.4294 54.3494 0
      vertex -70.3579 54.56 0
    endloop
  endfacet
  facet normal 0 0 -1
    outer loop
      vertex 70.6513 -53.9651 0
      vertex -70.6513 -53.9651 0
      vertex 70.6513 53.9651 0
    endloop
  endfacet
  facet normal 0 0 -1
    outer loop
      vertex 70.6513 53.9651 0
      vertex -70.5278 54.15 0
      vertex -70.4294 54.3494 0
    endloop
  endfacet
  facet normal 0 0 -1
    outer loop
      vertex -70.6513 53.9651 0
      vertex 70.6513 53.9651 0
      vertex -70.6513 -53.9651 0
    endloop
  endfacet
  facet normal 0 0 -1
    outer loop
      vertex 70.6513 53.9651 0
      vertex -70.6513 53.9651 0
      vertex -70.5278 54.15 0
    endloop
  endfacet
  facet normal 0 0 -1
    outer loop
      vertex -70.7979 -53.7979 0
      vertex -70.6513 53.9651 0
      vertex -70.6513 -53.9651 0
    endloop
  endfacet
  facet normal 0 0 -1
    outer loop
      vertex -70.7979 -53.7979 0
      vertex -70.7979 53.7979 0
      vertex -70.6513 53.9651 0
    endloop
  endfacet
  facet normal 0 0 -1
    outer loop
      vertex -70.9651 -53.6513 0
      vertex -70.7979 53.7979 0
      vertex -70.7979 -53.7979 0
    endloop
  endfacet
  facet normal 0 0 -1
    outer loop
      vertex -70.9651 -53.6513 0
      vertex -70.9651 53.6513 0
      vertex -70.7979 53.7979 0
    endloop
  endfacet
  facet normal 0 0 -1
    outer loop
      vertex -71.15 -53.5278 0
      vertex -70.9651 53.6513 0
      vertex -70.9651 -53.6513 0
    endloop
  endfacet
  facet normal 0 0 -1
    outer loop
      vertex -71.15 -53.5278 0
      vertex -71.15 53.5278 0
      vertex -70.9651 53.6513 0
    endloop
  endfacet
  facet normal 0 0 -1
    outer loop
      vertex -71.3494 -53.4294 0
      vertex -71.15 53.5278 0
      vertex -71.15 -53.5278 0
    endloop
  endfacet
  facet normal 0 0 -1
    outer loop
      vertex -71.3494 -53.4294 0
      vertex -71.3494 53.4294 0
      vertex -71.15 53.5278 0
    endloop
  endfacet
  facet normal 0 0 -1
    outer loop
      vertex -71.56 -53.3579 0
      vertex -71.3494 53.4294 0
      vertex -71.3494 -53.4294 0
    endloop
  endfacet
  facet normal 0 0 -1
    outer loop
      vertex -71.56 -53.3579 0
      vertex -71.56 53.3579 0
      vertex -71.3494 53.4294 0
    endloop
  endfacet
  facet normal 0 0 -1
    outer loop
      vertex -71.7781 -53.3145 0
      vertex -71.56 53.3579 0
      vertex -71.56 -53.3579 0
    endloop
  endfacet
  facet normal 0 0 -1
    outer loop
      vertex -71.7781 -53.3145 0
      vertex -71.7781 53.3145 0
      vertex -71.56 53.3579 0
    endloop
  endfacet
  facet normal 0 0 -1
    outer loop
      vertex -72 -53.3 0
      vertex -71.7781 53.3145 0
      vertex -71.7781 -53.3145 0
    endloop
  endfacet
  facet normal 0 0 -1
    outer loop
      vertex -72 -53.3 0
      vertex -72 53.3 0
      vertex -71.7781 53.3145 0
    endloop
  endfacet
  facet normal 0 0 -1
    outer loop
      vertex -72.2219 -53.3145 0
      vertex -72 53.3 0
      vertex -72 -53.3 0
    endloop
  endfacet
  facet normal 0 0 -1
    outer loop
      vertex -72.2219 -53.3145 0
      vertex -72.2219 53.3145 0
      vertex -72 53.3 0
    endloop
  endfacet
  facet normal 0 0 -1
    outer loop
      vertex -72.44 -53.3579 0
      vertex -72.2219 53.3145 0
      vertex -72.2219 -53.3145 0
    endloop
  endfacet
  facet normal 0 0 -1
    outer loop
      vertex -72.44 -53.3579 0
      vertex -72.44 53.3579 0
      vertex -72.2219 53.3145 0
    endloop
  endfacet
  facet normal 0 0 -1
    outer loop
      vertex -72.6506 -53.4294 0
      vertex -72.44 53.3579 0
      vertex -72.44 -53.3579 0
    endloop
  endfacet
  facet normal 0 0 -1
    outer loop
      vertex -72.6506 -53.4294 0
      vertex -72.6506 53.4294 0
      vertex -72.44 53.3579 0
    endloop
  endfacet
  facet normal 0 0 -1
    outer loop
      vertex -72.85 -53.5278 0
      vertex -72.6506 53.4294 0
      vertex -72.6506 -53.4294 0
    endloop
  endfacet
  facet normal 0 0 -1
    outer loop
      vertex -72.85 -53.5278 0
      vertex -72.85 53.5278 0
      vertex -72.6506 53.4294 0
    endloop
  endfacet
  facet normal 0 0 -1
    outer loop
      vertex -97 -62 0
      vertex -72.85 -53.5278 0
      vertex -73.0349 -53.6513 0
    endloop
  endfacet
  facet normal -0 0 -1
    outer loop
      vertex -72.85 -53.5278 0
      vertex -97 -62 0
      vertex -72.85 53.5278 0
    endloop
  endfacet
  facet normal 0 0 -1
    outer loop
      vertex -97 -62 0
      vertex -73.0349 -53.6513 0
      vertex -73.2021 -53.7979 0
    endloop
  endfacet
  facet normal 0 0 -1
    outer loop
      vertex -97 62 0
      vertex -72.85 53.5278 0
      vertex -97 -62 0
    endloop
  endfacet
  facet normal 0 0 -1
    outer loop
      vertex -97 -62 0
      vertex -73.2021 -53.7979 0
      vertex -73.3487 -53.9651 0
    endloop
  endfacet
  facet normal 0 0 -1
    outer loop
      vertex -72.85 53.5278 0
      vertex -97 62 0
      vertex -73.0349 53.6513 0
    endloop
  endfacet
  facet normal 0 0 -1
    outer loop
      vertex -97 -62 0
      vertex -73.3487 -53.9651 0
      vertex -73.4722 -54.15 0
    endloop
  endfacet
  facet normal 0 0 -1
    outer loop
      vertex -73.0349 53.6513 0
      vertex -97 62 0
      vertex -73.2021 53.7979 0
    endloop
  endfacet
  facet normal 0 0 -1
    outer loop
      vertex -97 -62 0
      vertex -73.4722 -54.15 0
      vertex -73.5706 -54.3494 0
    endloop
  endfacet
  facet normal 0 0 -1
    outer loop
      vertex -73.2021 53.7979 0
      vertex -97 62 0
      vertex -73.3487 53.9651 0
    endloop
  endfacet
  facet normal 0 0 -1
    outer loop
      vertex -97 -62 0
      vertex -73.5706 -54.3494 0
      vertex -73.6421 -54.56 0
    endloop
  endfacet
  facet normal 0 0 -1
    outer loop
      vertex -73.3487 53.9651 0
      vertex -97 62 0
      vertex -73.4722 54.15 0
    endloop
  endfacet
  facet normal 0 0 -1
    outer loop
      vertex -97 -62 0
      vertex -73.6421 -54.56 0
      vertex -73.6855 -54.7781 0
    endloop
  endfacet
  facet normal 0 0 -1
    outer loop
      vertex -73.4722 54.15 0
      vertex -97 62 0
      vertex -73.5706 54.3494 0
    endloop
  endfacet
  facet normal 0 0 -1
    outer loop
      vertex -97 -62 0
      vertex -73.6855 -54.7781 0
      vertex -73.7 -55 0
    endloop
  endfacet
  facet normal 0 0 -1
    outer loop
      vertex -73.5706 54.3494 0
      vertex -97 62 0
      vertex -73.6421 54.56 0
    endloop
  endfacet
  facet normal 0 0 -1
    outer loop
      vertex 73.5706 -54.3494 0
      vertex 97 -62 0
      vertex 73.6421 -54.56 0
    endloop
  endfacet
  facet normal 0 0 -1
    outer loop
      vertex 97 62 0
      vertex 73.6855 54.7781 0
      vertex 73.7 55 0
    endloop
  endfacet
  facet normal 0 0 -1
    outer loop
      vertex 73.4722 -54.15 0
      vertex 97 -62 0
      vertex 73.5706 -54.3494 0
    endloop
  endfacet
  facet normal 0 0 -1
    outer loop
      vertex 97 62 0
      vertex 73.6421 54.56 0
      vertex 73.6855 54.7781 0
    endloop
  endfacet
  facet normal 0 0 -1
    outer loop
      vertex 73.3487 -53.9651 0
      vertex 97 -62 0
      vertex 73.4722 -54.15 0
    endloop
  endfacet
  facet normal 0 0 -1
    outer loop
      vertex 97 62 0
      vertex 73.5706 54.3494 0
      vertex 73.6421 54.56 0
    endloop
  endfacet
  facet normal 0 0 -1
    outer loop
      vertex 73.2021 -53.7979 0
      vertex 97 -62 0
      vertex 73.3487 -53.9651 0
    endloop
  endfacet
  facet normal 0 0 -1
    outer loop
      vertex 97 62 0
      vertex 73.4722 54.15 0
      vertex 73.5706 54.3494 0
    endloop
  endfacet
  facet normal 0 0 -1
    outer loop
      vertex 73.0349 -53.6513 0
      vertex 97 -62 0
      vertex 73.2021 -53.7979 0
    endloop
  endfacet
  facet normal 0 0 -1
    outer loop
      vertex 97 62 0
      vertex 73.3487 53.9651 0
      vertex 73.4722 54.15 0
    endloop
  endfacet
  facet normal 0 0 -1
    outer loop
      vertex 72.85 -53.5278 0
      vertex 97 -62 0
      vertex 73.0349 -53.6513 0
    endloop
  endfacet
  facet normal 0 0 -1
    outer loop
      vertex 97 62 0
      vertex 73.2021 53.7979 0
      vertex 73.3487 53.9651 0
    endloop
  endfacet
  facet normal 0 0 -1
    outer loop
      vertex 97 -62 0
      vertex 72.85 -53.5278 0
      vertex 97 62 0
    endloop
  endfacet
  facet normal 0 0 -1
    outer loop
      vertex 97 62 0
      vertex 73.0349 53.6513 0
      vertex 73.2021 53.7979 0
    endloop
  endfacet
  facet normal 0 0 -1
    outer loop
      vertex 72.85 53.5278 0
      vertex 97 62 0
      vertex 72.85 -53.5278 0
    endloop
  endfacet
  facet normal 0 0 -1
    outer loop
      vertex 97 62 0
      vertex 72.85 53.5278 0
      vertex 73.0349 53.6513 0
    endloop
  endfacet
  facet normal 0 0 -1
    outer loop
      vertex 72.6506 -53.4294 0
      vertex 72.85 53.5278 0
      vertex 72.85 -53.5278 0
    endloop
  endfacet
  facet normal 0 0 -1
    outer loop
      vertex 72.6506 -53.4294 0
      vertex 72.6506 53.4294 0
      vertex 72.85 53.5278 0
    endloop
  endfacet
  facet normal 0 0 -1
    outer loop
      vertex 72.44 -53.3579 0
      vertex 72.6506 53.4294 0
      vertex 72.6506 -53.4294 0
    endloop
  endfacet
  facet normal 0 0 -1
    outer loop
      vertex 72.44 -53.3579 0
      vertex 72.44 53.3579 0
      vertex 72.6506 53.4294 0
    endloop
  endfacet
  facet normal 0 0 -1
    outer loop
      vertex 72.2219 -53.3145 0
      vertex 72.44 53.3579 0
      vertex 72.44 -53.3579 0
    endloop
  endfacet
  facet normal 0 0 -1
    outer loop
      vertex 72.2219 -53.3145 0
      vertex 72.2219 53.3145 0
      vertex 72.44 53.3579 0
    endloop
  endfacet
  facet normal 0 0 -1
    outer loop
      vertex 72 -53.3 0
      vertex 72.2219 53.3145 0
      vertex 72.2219 -53.3145 0
    endloop
  endfacet
  facet normal 0 0 -1
    outer loop
      vertex 72 -53.3 0
      vertex 72 53.3 0
      vertex 72.2219 53.3145 0
    endloop
  endfacet
  facet normal 0 0 -1
    outer loop
      vertex 71.7781 -53.3145 0
      vertex 72 53.3 0
      vertex 72 -53.3 0
    endloop
  endfacet
  facet normal 0 0 -1
    outer loop
      vertex 71.7781 -53.3145 0
      vertex 71.7781 53.3145 0
      vertex 72 53.3 0
    endloop
  endfacet
  facet normal 0 0 -1
    outer loop
      vertex 71.56 -53.3579 0
      vertex 71.7781 53.3145 0
      vertex 71.7781 -53.3145 0
    endloop
  endfacet
  facet normal 0 0 -1
    outer loop
      vertex 71.56 -53.3579 0
      vertex 71.56 53.3579 0
      vertex 71.7781 53.3145 0
    endloop
  endfacet
  facet normal 0 0 -1
    outer loop
      vertex 71.3494 -53.4294 0
      vertex 71.56 53.3579 0
      vertex 71.56 -53.3579 0
    endloop
  endfacet
  facet normal 0 0 -1
    outer loop
      vertex 71.3494 -53.4294 0
      vertex 71.3494 53.4294 0
      vertex 71.56 53.3579 0
    endloop
  endfacet
  facet normal 0 0 -1
    outer loop
      vertex 71.15 -53.5278 0
      vertex 71.3494 53.4294 0
      vertex 71.3494 -53.4294 0
    endloop
  endfacet
  facet normal 0 0 -1
    outer loop
      vertex 71.15 -53.5278 0
      vertex 71.15 53.5278 0
      vertex 71.3494 53.4294 0
    endloop
  endfacet
  facet normal 0 0 -1
    outer loop
      vertex 70.9651 -53.6513 0
      vertex 71.15 53.5278 0
      vertex 71.15 -53.5278 0
    endloop
  endfacet
  facet normal 0 0 -1
    outer loop
      vertex 70.9651 -53.6513 0
      vertex 70.9651 53.6513 0
      vertex 71.15 53.5278 0
    endloop
  endfacet
  facet normal 0 0 -1
    outer loop
      vertex 70.7979 -53.7979 0
      vertex 70.9651 53.6513 0
      vertex 70.9651 -53.6513 0
    endloop
  endfacet
  facet normal 0 0 -1
    outer loop
      vertex 70.7979 -53.7979 0
      vertex 70.7979 53.7979 0
      vertex 70.9651 53.6513 0
    endloop
  endfacet
  facet normal 0 0 -1
    outer loop
      vertex 70.6513 -53.9651 0
      vertex 70.7979 53.7979 0
      vertex 70.7979 -53.7979 0
    endloop
  endfacet
  facet normal 0 0 -1
    outer loop
      vertex 70.6513 -53.9651 0
      vertex 70.6513 53.9651 0
      vertex 70.7979 53.7979 0
    endloop
  endfacet
  facet normal 0 0 -1
    outer loop
      vertex 70.3579 -54.56 0
      vertex -70.3579 -54.56 0
      vertex 70.4294 -54.3494 0
    endloop
  endfacet
  facet normal 0 0 -1
    outer loop
      vertex -70.4294 -54.3494 0
      vertex 70.4294 -54.3494 0
      vertex -70.3579 -54.56 0
    endloop
  endfacet
  facet normal 0 0 -1
    outer loop
      vertex -70.3579 -54.56 0
      vertex 70.3579 -54.56 0
      vertex -70.3145 -54.7781 0
    endloop
  endfacet
  facet normal 0 0 -1
    outer loop
      vertex 70.4294 -54.3494 0
      vertex -70.4294 -54.3494 0
      vertex 70.5278 -54.15 0
    endloop
  endfacet
  facet normal 0 0 -1
    outer loop
      vertex 70.3145 -54.7781 0
      vertex -70.3145 -54.7781 0
      vertex 70.3579 -54.56 0
    endloop
  endfacet
  facet normal 0 0 -1
    outer loop
      vertex 70.6513 53.9651 0
      vertex -70.3 55 0
      vertex 70.5278 54.15 0
    endloop
  endfacet
  facet normal 0 0 -1
    outer loop
      vertex -70.3145 -54.7781 0
      vertex 70.3145 -54.7781 0
      vertex -70.3 -55 0
    endloop
  endfacet
  facet normal 0 0 -1
    outer loop
      vertex 70.5278 54.15 0
      vertex -70.3 55 0
      vertex 70.4294 54.3494 0
    endloop
  endfacet
  facet normal 0 0 -1
    outer loop
      vertex -70.3 -55 0
      vertex 70.3145 -54.7781 0
      vertex 70.3 -55 0
    endloop
  endfacet
  facet normal 0 0 -1
    outer loop
      vertex 70.4294 54.3494 0
      vertex -70.3 55 0
      vertex 70.3579 54.56 0
    endloop
  endfacet
  facet normal 0 0 -1
    outer loop
      vertex 94 -65 0
      vertex 97 -62 0
      vertex 96.9743 -62.3916 0
    endloop
  endfacet
  facet normal 0 0 -1
    outer loop
      vertex 73.6855 -54.7781 0
      vertex 97 -62 0
      vertex 73.7 -55 0
    endloop
  endfacet
  facet normal 0 0 -1
    outer loop
      vertex 94 -65 0
      vertex 96.9743 -62.3916 0
      vertex 96.8978 -62.7765 0
    endloop
  endfacet
  facet normal 0 0 -1
    outer loop
      vertex 73.6421 -54.56 0
      vertex 97 -62 0
      vertex 73.6855 -54.7781 0
    endloop
  endfacet
  facet normal 0 0 -1
    outer loop
      vertex 94 -65 0
      vertex 96.8978 -62.7765 0
      vertex 96.7716 -63.1481 0
    endloop
  endfacet
  facet normal 0 -0 -1
    outer loop
      vertex 94 65 0
      vertex 97 62 0
      vertex 73.7 55 0
    endloop
  endfacet
  facet normal 0 0 -1
    outer loop
      vertex 94 -65 0
      vertex 96.7716 -63.1481 0
      vertex 96.5981 -63.5 0
    endloop
  endfacet
  facet normal 0 0 -1
    outer loop
      vertex 97 62 0
      vertex 94 65 0
      vertex 96.9743 62.3916 0
    endloop
  endfacet
  facet normal 0 0 -1
    outer loop
      vertex 94 -65 0
      vertex 96.5981 -63.5 0
      vertex 96.3801 -63.8263 0
    endloop
  endfacet
  facet normal 0 0 -1
    outer loop
      vertex 96.9743 62.3916 0
      vertex 94 65 0
      vertex 96.8978 62.7765 0
    endloop
  endfacet
  facet normal 0 0 -1
    outer loop
      vertex 94 -65 0
      vertex 96.3801 -63.8263 0
      vertex 96.1213 -64.1213 0
    endloop
  endfacet
  facet normal 0 0 -1
    outer loop
      vertex 96.8978 62.7765 0
      vertex 94 65 0
      vertex 96.7716 63.1481 0
    endloop
  endfacet
  facet normal 0 0 -1
    outer loop
      vertex 94 -65 0
      vertex 96.1213 -64.1213 0
      vertex 95.8263 -64.3801 0
    endloop
  endfacet
  facet normal 0 0 -1
    outer loop
      vertex 96.7716 63.1481 0
      vertex 94 65 0
      vertex 96.5981 63.5 0
    endloop
  endfacet
  facet normal 0 0 -1
    outer loop
      vertex 94 -65 0
      vertex 95.8263 -64.3801 0
      vertex 95.5 -64.5981 0
    endloop
  endfacet
  facet normal 0 0 -1
    outer loop
      vertex 96.5981 63.5 0
      vertex 94 65 0
      vertex 96.3801 63.8263 0
    endloop
  endfacet
  facet normal 0 0 -1
    outer loop
      vertex 94 -65 0
      vertex 95.5 -64.5981 0
      vertex 95.1481 -64.7716 0
    endloop
  endfacet
  facet normal 0 0 -1
    outer loop
      vertex 96.3801 63.8263 0
      vertex 94 65 0
      vertex 96.1213 64.1213 0
    endloop
  endfacet
  facet normal 0 0 -1
    outer loop
      vertex 94 -65 0
      vertex 95.1481 -64.7716 0
      vertex 94.7765 -64.8978 0
    endloop
  endfacet
  facet normal 0 0 -1
    outer loop
      vertex 96.1213 64.1213 0
      vertex 94 65 0
      vertex 95.8263 64.3801 0
    endloop
  endfacet
  facet normal 0 0 -1
    outer loop
      vertex 94 -65 0
      vertex 94.7765 -64.8978 0
      vertex 94.3916 -64.9743 0
    endloop
  endfacet
  facet normal 0 0 -1
    outer loop
      vertex 95.8263 64.3801 0
      vertex 94 65 0
      vertex 95.5 64.5981 0
    endloop
  endfacet
  facet normal -0 0 -1
    outer loop
      vertex 97 -62 0
      vertex 94 -65 0
      vertex 73.7 -55 0
    endloop
  endfacet
  facet normal 0 0 -1
    outer loop
      vertex 95.5 64.5981 0
      vertex 94 65 0
      vertex 95.1481 64.7716 0
    endloop
  endfacet
  facet normal 0 0 -1
    outer loop
      vertex 95.1481 64.7716 0
      vertex 94 65 0
      vertex 94.7765 64.8978 0
    endloop
  endfacet
  facet normal 0 0 -1
    outer loop
      vertex 94 -65 0
      vertex 73.6855 -55.2219 0
      vertex 73.7 -55 0
    endloop
  endfacet
  facet normal 0 0 -1
    outer loop
      vertex 94 -65 0
      vertex 73.6421 -55.44 0
      vertex 73.6855 -55.2219 0
    endloop
  endfacet
  facet normal 0 0 -1
    outer loop
      vertex 94 -65 0
      vertex 73.5706 -55.6506 0
      vertex 73.6421 -55.44 0
    endloop
  endfacet
  facet normal 0 0 -1
    outer loop
      vertex 94 -65 0
      vertex 73.4722 -55.85 0
      vertex 73.5706 -55.6506 0
    endloop
  endfacet
  facet normal 0 0 -1
    outer loop
      vertex 94 -65 0
      vertex 73.3487 -56.0349 0
      vertex 73.4722 -55.85 0
    endloop
  endfacet
  facet normal 0 0 -1
    outer loop
      vertex 94 -65 0
      vertex 73.2021 -56.2021 0
      vertex 73.3487 -56.0349 0
    endloop
  endfacet
  facet normal 0 0 -1
    outer loop
      vertex 94 -65 0
      vertex 73.0349 -56.3487 0
      vertex 73.2021 -56.2021 0
    endloop
  endfacet
  facet normal 0 0 -1
    outer loop
      vertex 94 -65 0
      vertex 72.85 -56.4722 0
      vertex 73.0349 -56.3487 0
    endloop
  endfacet
  facet normal 0 0 -1
    outer loop
      vertex 94 -65 0
      vertex 72.6506 -56.5706 0
      vertex 72.85 -56.4722 0
    endloop
  endfacet
  facet normal 0 0 -1
    outer loop
      vertex 94 -65 0
      vertex 72.44 -56.6421 0
      vertex 72.6506 -56.5706 0
    endloop
  endfacet
  facet normal 0 0 -1
    outer loop
      vertex 94 -65 0
      vertex 72.2219 -56.6855 0
      vertex 72.44 -56.6421 0
    endloop
  endfacet
  facet normal 0 0 -1
    outer loop
      vertex 94 -65 0
      vertex 72 -56.7 0
      vertex 72.2219 -56.6855 0
    endloop
  endfacet
  facet normal 0 0 -1
    outer loop
      vertex 94 -65 0
      vertex 71.7781 -56.6855 0
      vertex 72 -56.7 0
    endloop
  endfacet
  facet normal 0 0 -1
    outer loop
      vertex 94 -65 0
      vertex 71.56 -56.6421 0
      vertex 71.7781 -56.6855 0
    endloop
  endfacet
  facet normal 0 0 -1
    outer loop
      vertex -71.56 -56.6421 0
      vertex 71.56 -56.6421 0
      vertex 94 -65 0
    endloop
  endfacet
  facet normal 0 0 -1
    outer loop
      vertex 70.3579 54.56 0
      vertex -70.3 55 0
      vertex 70.3145 54.7781 0
    endloop
  endfacet
  facet normal 0 0 -1
    outer loop
      vertex 70.3145 -55.2219 0
      vertex -70.3 -55 0
      vertex 70.3 -55 0
    endloop
  endfacet
  facet normal 0 0 -1
    outer loop
      vertex -70.3145 -55.2219 0
      vertex 70.3145 -55.2219 0
      vertex 70.3579 -55.44 0
    endloop
  endfacet
  facet normal 0 0 -1
    outer loop
      vertex -70.3579 -55.44 0
      vertex 70.3579 -55.44 0
      vertex 70.4294 -55.6506 0
    endloop
  endfacet
  facet normal 0 0 -1
    outer loop
      vertex -70.4294 -55.6506 0
      vertex 70.4294 -55.6506 0
      vertex 70.5278 -55.85 0
    endloop
  endfacet
  facet normal 0 0 -1
    outer loop
      vertex -70.5278 -55.85 0
      vertex 70.5278 -55.85 0
      vertex 70.6513 -56.0349 0
    endloop
  endfacet
  facet normal 0 0 -1
    outer loop
      vertex -70.6513 -56.0349 0
      vertex 70.6513 -56.0349 0
      vertex 70.7979 -56.2021 0
    endloop
  endfacet
  facet normal 0 0 -1
    outer loop
      vertex -70.7979 -56.2021 0
      vertex 70.7979 -56.2021 0
      vertex 70.9651 -56.3487 0
    endloop
  endfacet
  facet normal 0 0 -1
    outer loop
      vertex -70.9651 -56.3487 0
      vertex 70.9651 -56.3487 0
      vertex 71.15 -56.4722 0
    endloop
  endfacet
  facet normal 0 0 -1
    outer loop
      vertex -71.15 -56.4722 0
      vertex 71.15 -56.4722 0
      vertex 71.3494 -56.5706 0
    endloop
  endfacet
  facet normal 0 0 -1
    outer loop
      vertex 71.56 -56.6421 0
      vertex -71.56 -56.6421 0
      vertex 71.3494 -56.5706 0
    endloop
  endfacet
  facet normal 0 0 -1
    outer loop
      vertex 70.3145 -55.2219 0
      vertex -70.3145 -55.2219 0
      vertex -70.3 -55 0
    endloop
  endfacet
  facet normal 0 0 -1
    outer loop
      vertex 70.3579 -55.44 0
      vertex -70.3579 -55.44 0
      vertex -70.3145 -55.2219 0
    endloop
  endfacet
  facet normal 0 0 -1
    outer loop
      vertex 70.4294 -55.6506 0
      vertex -70.4294 -55.6506 0
      vertex -70.3579 -55.44 0
    endloop
  endfacet
  facet normal 0 0 -1
    outer loop
      vertex 70.5278 -55.85 0
      vertex -70.5278 -55.85 0
      vertex -70.4294 -55.6506 0
    endloop
  endfacet
  facet normal 0 0 -1
    outer loop
      vertex 70.6513 -56.0349 0
      vertex -70.6513 -56.0349 0
      vertex -70.5278 -55.85 0
    endloop
  endfacet
  facet normal 0 0 -1
    outer loop
      vertex 70.7979 -56.2021 0
      vertex -70.7979 -56.2021 0
      vertex -70.6513 -56.0349 0
    endloop
  endfacet
  facet normal 0 0 -1
    outer loop
      vertex 70.9651 -56.3487 0
      vertex -70.9651 -56.3487 0
      vertex -70.7979 -56.2021 0
    endloop
  endfacet
  facet normal 0 0 -1
    outer loop
      vertex 71.15 -56.4722 0
      vertex -71.15 -56.4722 0
      vertex -70.9651 -56.3487 0
    endloop
  endfacet
  facet normal 0 0 -1
    outer loop
      vertex 71.3494 -56.5706 0
      vertex -71.3494 -56.5706 0
      vertex -71.15 -56.4722 0
    endloop
  endfacet
  facet normal -0 0 -1
    outer loop
      vertex 71.3494 -56.5706 0
      vertex -71.56 -56.6421 0
      vertex -71.3494 -56.5706 0
    endloop
  endfacet
  facet normal 0 0 -1
    outer loop
      vertex -94 -65 0
      vertex -71.56 -56.6421 0
      vertex 94 -65 0
    endloop
  endfacet
  facet normal 0 0 -1
    outer loop
      vertex -71.56 -56.6421 0
      vertex -94 -65 0
      vertex -71.7781 -56.6855 0
    endloop
  endfacet
  facet normal 0 0 -1
    outer loop
      vertex -97 -62 0
      vertex -73.7 -55 0
      vertex -94 -65 0
    endloop
  endfacet
  facet normal -0 0 -1
    outer loop
      vertex -73.6855 -55.2219 0
      vertex -94 -65 0
      vertex -73.7 -55 0
    endloop
  endfacet
  facet normal -0 0 -1
    outer loop
      vertex -73.6421 -55.44 0
      vertex -94 -65 0
      vertex -73.6855 -55.2219 0
    endloop
  endfacet
  facet normal -0 0 -1
    outer loop
      vertex -73.5706 -55.6506 0
      vertex -94 -65 0
      vertex -73.6421 -55.44 0
    endloop
  endfacet
  facet normal -0 0 -1
    outer loop
      vertex -73.4722 -55.85 0
      vertex -94 -65 0
      vertex -73.5706 -55.6506 0
    endloop
  endfacet
  facet normal -0 0 -1
    outer loop
      vertex -73.3487 -56.0349 0
      vertex -94 -65 0
      vertex -73.4722 -55.85 0
    endloop
  endfacet
  facet normal -0 0 -1
    outer loop
      vertex -73.2021 -56.2021 0
      vertex -94 -65 0
      vertex -73.3487 -56.0349 0
    endloop
  endfacet
  facet normal -0 0 -1
    outer loop
      vertex -73.0349 -56.3487 0
      vertex -94 -65 0
      vertex -73.2021 -56.2021 0
    endloop
  endfacet
  facet normal -0 0 -1
    outer loop
      vertex -72.85 -56.4722 0
      vertex -94 -65 0
      vertex -73.0349 -56.3487 0
    endloop
  endfacet
  facet normal -0 0 -1
    outer loop
      vertex -72.6506 -56.5706 0
      vertex -94 -65 0
      vertex -72.85 -56.4722 0
    endloop
  endfacet
  facet normal -0 0 -1
    outer loop
      vertex -72.44 -56.6421 0
      vertex -94 -65 0
      vertex -72.6506 -56.5706 0
    endloop
  endfacet
  facet normal -0 0 -1
    outer loop
      vertex -72.2219 -56.6855 0
      vertex -94 -65 0
      vertex -72.44 -56.6421 0
    endloop
  endfacet
  facet normal -0 0 -1
    outer loop
      vertex -72 -56.7 0
      vertex -94 -65 0
      vertex -72.2219 -56.6855 0
    endloop
  endfacet
  facet normal 0 0 -1
    outer loop
      vertex -71.7781 -56.6855 0
      vertex -94 -65 0
      vertex -72 -56.7 0
    endloop
  endfacet
  facet normal 0 0 -1
    outer loop
      vertex 94.7765 64.8978 0
      vertex 94 65 0
      vertex 94.3916 64.9743 0
    endloop
  endfacet
  facet normal 0 0 -1
    outer loop
      vertex 73.6855 55.2219 0
      vertex 94 65 0
      vertex 73.7 55 0
    endloop
  endfacet
  facet normal 0 0 -1
    outer loop
      vertex 73.6421 55.44 0
      vertex 94 65 0
      vertex 73.6855 55.2219 0
    endloop
  endfacet
  facet normal 0 0 -1
    outer loop
      vertex 73.5706 55.6506 0
      vertex 94 65 0
      vertex 73.6421 55.44 0
    endloop
  endfacet
  facet normal 0 0 -1
    outer loop
      vertex 73.4722 55.85 0
      vertex 94 65 0
      vertex 73.5706 55.6506 0
    endloop
  endfacet
  facet normal 0 0 -1
    outer loop
      vertex 73.3487 56.0349 0
      vertex 94 65 0
      vertex 73.4722 55.85 0
    endloop
  endfacet
  facet normal 0 0 -1
    outer loop
      vertex 73.2021 56.2021 0
      vertex 94 65 0
      vertex 73.3487 56.0349 0
    endloop
  endfacet
  facet normal 0 0 -1
    outer loop
      vertex 73.0349 56.3487 0
      vertex 94 65 0
      vertex 73.2021 56.2021 0
    endloop
  endfacet
  facet normal 0 0 -1
    outer loop
      vertex 72.85 56.4722 0
      vertex 94 65 0
      vertex 73.0349 56.3487 0
    endloop
  endfacet
  facet normal 0 0 -1
    outer loop
      vertex 72.6506 56.5706 0
      vertex 94 65 0
      vertex 72.85 56.4722 0
    endloop
  endfacet
  facet normal 0 0 -1
    outer loop
      vertex 72.44 56.6421 0
      vertex 94 65 0
      vertex 72.6506 56.5706 0
    endloop
  endfacet
  facet normal 0 0 -1
    outer loop
      vertex 72.2219 56.6855 0
      vertex 94 65 0
      vertex 72.44 56.6421 0
    endloop
  endfacet
  facet normal 0 0 -1
    outer loop
      vertex 72 56.7 0
      vertex 94 65 0
      vertex 72.2219 56.6855 0
    endloop
  endfacet
  facet normal 0 0 -1
    outer loop
      vertex 71.7781 56.6855 0
      vertex 94 65 0
      vertex 72 56.7 0
    endloop
  endfacet
  facet normal 0 0 -1
    outer loop
      vertex 71.56 56.6421 0
      vertex 94 65 0
      vertex 71.7781 56.6855 0
    endloop
  endfacet
  facet normal 0 0 -1
    outer loop
      vertex -71.56 56.6421 0
      vertex 71.56 56.6421 0
      vertex 71.3494 56.5706 0
    endloop
  endfacet
  facet normal 0 0 -1
    outer loop
      vertex 70.3145 54.7781 0
      vertex -70.3 55 0
      vertex 70.3 55 0
    endloop
  endfacet
  facet normal 0 0 -1
    outer loop
      vertex 70.3 55 0
      vertex -70.3 55 0
      vertex 70.3145 55.2219 0
    endloop
  endfacet
  facet normal 0 0 -1
    outer loop
      vertex -70.3145 55.2219 0
      vertex 70.3145 55.2219 0
      vertex -70.3 55 0
    endloop
  endfacet
  facet normal 0 0 -1
    outer loop
      vertex 70.3145 55.2219 0
      vertex -70.3145 55.2219 0
      vertex 70.3579 55.44 0
    endloop
  endfacet
  facet normal 0 0 -1
    outer loop
      vertex -70.3579 55.44 0
      vertex 70.3579 55.44 0
      vertex -70.3145 55.2219 0
    endloop
  endfacet
  facet normal 0 0 -1
    outer loop
      vertex 70.3579 55.44 0
      vertex -70.3579 55.44 0
      vertex 70.4294 55.6506 0
    endloop
  endfacet
  facet normal 0 0 -1
    outer loop
      vertex -70.4294 55.6506 0
      vertex 70.4294 55.6506 0
      vertex -70.3579 55.44 0
    endloop
  endfacet
  facet normal 0 0 -1
    outer loop
      vertex 70.4294 55.6506 0
      vertex -70.4294 55.6506 0
      vertex 70.5278 55.85 0
    endloop
  endfacet
  facet normal 0 0 -1
    outer loop
      vertex -70.5278 55.85 0
      vertex 70.5278 55.85 0
      vertex -70.4294 55.6506 0
    endloop
  endfacet
  facet normal 0 0 -1
    outer loop
      vertex 70.5278 55.85 0
      vertex -70.5278 55.85 0
      vertex 70.6513 56.0349 0
    endloop
  endfacet
  facet normal 0 0 -1
    outer loop
      vertex -70.6513 56.0349 0
      vertex 70.6513 56.0349 0
      vertex -70.5278 55.85 0
    endloop
  endfacet
  facet normal 0 0 -1
    outer loop
      vertex 70.6513 56.0349 0
      vertex -70.6513 56.0349 0
      vertex 70.7979 56.2021 0
    endloop
  endfacet
  facet normal 0 0 -1
    outer loop
      vertex -70.7979 56.2021 0
      vertex 70.7979 56.2021 0
      vertex -70.6513 56.0349 0
    endloop
  endfacet
  facet normal 0 0 -1
    outer loop
      vertex 70.7979 56.2021 0
      vertex -70.7979 56.2021 0
      vertex 70.9651 56.3487 0
    endloop
  endfacet
  facet normal 0 0 -1
    outer loop
      vertex -70.9651 56.3487 0
      vertex 70.9651 56.3487 0
      vertex -70.7979 56.2021 0
    endloop
  endfacet
  facet normal 0 0 -1
    outer loop
      vertex 70.9651 56.3487 0
      vertex -70.9651 56.3487 0
      vertex 71.15 56.4722 0
    endloop
  endfacet
  facet normal 0 0 -1
    outer loop
      vertex -71.15 56.4722 0
      vertex 71.15 56.4722 0
      vertex -70.9651 56.3487 0
    endloop
  endfacet
  facet normal 0 0 -1
    outer loop
      vertex 71.15 56.4722 0
      vertex -71.15 56.4722 0
      vertex 71.3494 56.5706 0
    endloop
  endfacet
  facet normal 0 0 -1
    outer loop
      vertex -71.3494 56.5706 0
      vertex 71.3494 56.5706 0
      vertex -71.15 56.4722 0
    endloop
  endfacet
  facet normal 0 0 -1
    outer loop
      vertex -71.56 56.6421 0
      vertex 71.3494 56.5706 0
      vertex -71.3494 56.5706 0
    endloop
  endfacet
  facet normal 0 0 -1
    outer loop
      vertex 71.56 56.6421 0
      vertex -71.56 56.6421 0
      vertex 94 65 0
    endloop
  endfacet
  facet normal 0 0 -1
    outer loop
      vertex -94 65 0
      vertex -71.56 56.6421 0
      vertex -71.7781 56.6855 0
    endloop
  endfacet
  facet normal 0 0 -1
    outer loop
      vertex -94 65 0
      vertex -71.7781 56.6855 0
      vertex -72 56.7 0
    endloop
  endfacet
  facet normal 0 0 -1
    outer loop
      vertex -73.6421 54.56 0
      vertex -97 62 0
      vertex -73.6855 54.7781 0
    endloop
  endfacet
  facet normal 0 0 -1
    outer loop
      vertex -71.56 56.6421 0
      vertex -94 65 0
      vertex 94 65 0
    endloop
  endfacet
  facet normal 0 0 -1
    outer loop
      vertex -72.2219 56.6855 0
      vertex -94 65 0
      vertex -72 56.7 0
    endloop
  endfacet
  facet normal 0 0 -1
    outer loop
      vertex -72.44 56.6421 0
      vertex -94 65 0
      vertex -72.2219 56.6855 0
    endloop
  endfacet
  facet normal 0 0 -1
    outer loop
      vertex -72.6506 56.5706 0
      vertex -94 65 0
      vertex -72.44 56.6421 0
    endloop
  endfacet
  facet normal 0 0 -1
    outer loop
      vertex -72.85 56.4722 0
      vertex -94 65 0
      vertex -72.6506 56.5706 0
    endloop
  endfacet
  facet normal 0 0 -1
    outer loop
      vertex -73.0349 56.3487 0
      vertex -94 65 0
      vertex -72.85 56.4722 0
    endloop
  endfacet
  facet normal 0 0 -1
    outer loop
      vertex -73.2021 56.2021 0
      vertex -94 65 0
      vertex -73.0349 56.3487 0
    endloop
  endfacet
  facet normal 0 0 -1
    outer loop
      vertex -73.3487 56.0349 0
      vertex -94 65 0
      vertex -73.2021 56.2021 0
    endloop
  endfacet
  facet normal 0 0 -1
    outer loop
      vertex -73.4722 55.85 0
      vertex -94 65 0
      vertex -73.3487 56.0349 0
    endloop
  endfacet
  facet normal 0 0 -1
    outer loop
      vertex -73.5706 55.6506 0
      vertex -94 65 0
      vertex -73.4722 55.85 0
    endloop
  endfacet
  facet normal 0 0 -1
    outer loop
      vertex -73.6421 55.44 0
      vertex -94 65 0
      vertex -73.5706 55.6506 0
    endloop
  endfacet
  facet normal 0 0 -1
    outer loop
      vertex -73.6855 55.2219 0
      vertex -94 65 0
      vertex -73.6421 55.44 0
    endloop
  endfacet
  facet normal 0 0 -1
    outer loop
      vertex -73.6855 54.7781 0
      vertex -97 62 0
      vertex -73.7 55 0
    endloop
  endfacet
  facet normal 0 0 -1
    outer loop
      vertex -97 -62 0
      vertex -94 -65 0
      vertex -94.3916 -64.9743 0
    endloop
  endfacet
  facet normal 0 -0 -1
    outer loop
      vertex -94 65 0
      vertex -73.7 55 0
      vertex -97 62 0
    endloop
  endfacet
  facet normal 0 0 -1
    outer loop
      vertex -97 -62 0
      vertex -94.3916 -64.9743 0
      vertex -94.7765 -64.8978 0
    endloop
  endfacet
  facet normal 0 0 -1
    outer loop
      vertex -73.7 55 0
      vertex -94 65 0
      vertex -73.6855 55.2219 0
    endloop
  endfacet
  facet normal 0 0 -1
    outer loop
      vertex -97 -62 0
      vertex -94.7765 -64.8978 0
      vertex -95.1481 -64.7716 0
    endloop
  endfacet
  facet normal 0 0 -1
    outer loop
      vertex -94 65 0
      vertex -97 62 0
      vertex -94.3916 64.9743 0
    endloop
  endfacet
  facet normal 0 0 -1
    outer loop
      vertex -97 -62 0
      vertex -95.1481 -64.7716 0
      vertex -95.5 -64.5981 0
    endloop
  endfacet
  facet normal 0 0 -1
    outer loop
      vertex -94.3916 64.9743 0
      vertex -97 62 0
      vertex -94.7765 64.8978 0
    endloop
  endfacet
  facet normal 0 0 -1
    outer loop
      vertex -97 -62 0
      vertex -95.5 -64.5981 0
      vertex -95.8263 -64.3801 0
    endloop
  endfacet
  facet normal 0 0 -1
    outer loop
      vertex -94.7765 64.8978 0
      vertex -97 62 0
      vertex -95.1481 64.7716 0
    endloop
  endfacet
  facet normal 0 0 -1
    outer loop
      vertex -97 -62 0
      vertex -95.8263 -64.3801 0
      vertex -96.1213 -64.1213 0
    endloop
  endfacet
  facet normal 0 0 -1
    outer loop
      vertex -95.1481 64.7716 0
      vertex -97 62 0
      vertex -95.5 64.5981 0
    endloop
  endfacet
  facet normal 0 0 -1
    outer loop
      vertex -97 -62 0
      vertex -96.1213 -64.1213 0
      vertex -96.3801 -63.8263 0
    endloop
  endfacet
  facet normal 0 0 -1
    outer loop
      vertex -95.5 64.5981 0
      vertex -97 62 0
      vertex -95.8263 64.3801 0
    endloop
  endfacet
  facet normal 0 0 -1
    outer loop
      vertex -97 -62 0
      vertex -96.3801 -63.8263 0
      vertex -96.5981 -63.5 0
    endloop
  endfacet
  facet normal 0 0 -1
    outer loop
      vertex -95.8263 64.3801 0
      vertex -97 62 0
      vertex -96.1213 64.1213 0
    endloop
  endfacet
  facet normal 0 0 -1
    outer loop
      vertex -97 -62 0
      vertex -96.5981 -63.5 0
      vertex -96.7716 -63.1481 0
    endloop
  endfacet
  facet normal 0 0 -1
    outer loop
      vertex -96.1213 64.1213 0
      vertex -97 62 0
      vertex -96.3801 63.8263 0
    endloop
  endfacet
  facet normal 0 0 -1
    outer loop
      vertex -97 -62 0
      vertex -96.7716 -63.1481 0
      vertex -96.8978 -62.7765 0
    endloop
  endfacet
  facet normal 0 0 -1
    outer loop
      vertex -96.3801 63.8263 0
      vertex -97 62 0
      vertex -96.5981 63.5 0
    endloop
  endfacet
  facet normal 0 0 -1
    outer loop
      vertex -97 -62 0
      vertex -96.8978 -62.7765 0
      vertex -96.9743 -62.3916 0
    endloop
  endfacet
  facet normal 0 0 -1
    outer loop
      vertex -96.5981 63.5 0
      vertex -97 62 0
      vertex -96.7716 63.1481 0
    endloop
  endfacet
  facet normal 0 0 -1
    outer loop
      vertex -96.7716 63.1481 0
      vertex -97 62 0
      vertex -96.8978 62.7765 0
    endloop
  endfacet
  facet normal 0 0 -1
    outer loop
      vertex -96.8978 62.7765 0
      vertex -97 62 0
      vertex -96.9743 62.3916 0
    endloop
  endfacet
  facet normal -0.980815 -0.19494 0
    outer loop
      vertex -96.8978 -62.7765 0
      vertex -96.9743 -62.3916 2.4
      vertex -96.9743 -62.3916 0
    endloop
  endfacet
  facet normal -0.980815 -0.19494 0
    outer loop
      vertex -96.9743 -62.3916 2.4
      vertex -96.8978 -62.7765 0
      vertex -96.8978 -62.7765 2.4
    endloop
  endfacet
  facet normal -0.946885 -0.321574 0
    outer loop
      vertex -96.7716 -63.1481 0
      vertex -96.8978 -62.7765 2.4
      vertex -96.8978 -62.7765 0
    endloop
  endfacet
  facet normal -0.946885 -0.321574 0
    outer loop
      vertex -96.8978 -62.7765 2.4
      vertex -96.7716 -63.1481 0
      vertex -96.7716 -63.1481 2.4
    endloop
  endfacet
  facet normal -0.831501 -0.555523 0
    outer loop
      vertex -96.3801 -63.8263 0
      vertex -96.5981 -63.5 2.4
      vertex -96.5981 -63.5 0
    endloop
  endfacet
  facet normal -0.831501 -0.555523 0
    outer loop
      vertex -96.5981 -63.5 2.4
      vertex -96.3801 -63.8263 0
      vertex -96.3801 -63.8263 2.4
    endloop
  endfacet
  facet normal -0.321574 -0.946885 0
    outer loop
      vertex -95.1481 -64.7716 0
      vertex -94.7765 -64.8978 2.4
      vertex -95.1481 -64.7716 2.4
    endloop
  endfacet
  facet normal -0.321574 -0.946885 -0
    outer loop
      vertex -94.7765 -64.8978 2.4
      vertex -95.1481 -64.7716 0
      vertex -94.7765 -64.8978 0
    endloop
  endfacet
  facet normal 0.555523 -0.831501 0
    outer loop
      vertex 95.5 -64.5981 0
      vertex 95.8263 -64.3801 2.4
      vertex 95.5 -64.5981 2.4
    endloop
  endfacet
  facet normal 0.555523 -0.831501 0
    outer loop
      vertex 95.8263 -64.3801 2.4
      vertex 95.5 -64.5981 0
      vertex 95.8263 -64.3801 0
    endloop
  endfacet
  facet normal 0.980815 0.19494 0
    outer loop
      vertex 96.9743 62.3916 2.4
      vertex 96.8978 62.7765 0
      vertex 96.8978 62.7765 2.4
    endloop
  endfacet
  facet normal 0.980815 0.19494 0
    outer loop
      vertex 96.8978 62.7765 0
      vertex 96.9743 62.3916 2.4
      vertex 96.9743 62.3916 0
    endloop
  endfacet
  facet normal 0.946885 0.321574 0
    outer loop
      vertex 96.8978 62.7765 2.4
      vertex 96.7716 63.1481 0
      vertex 96.7716 63.1481 2.4
    endloop
  endfacet
  facet normal 0.946885 0.321574 0
    outer loop
      vertex 96.7716 63.1481 0
      vertex 96.8978 62.7765 2.4
      vertex 96.8978 62.7765 0
    endloop
  endfacet
  facet normal 0.831501 0.555523 0
    outer loop
      vertex 96.5981 63.5 2.4
      vertex 96.3801 63.8263 0
      vertex 96.3801 63.8263 2.4
    endloop
  endfacet
  facet normal 0.831501 0.555523 0
    outer loop
      vertex 96.3801 63.8263 0
      vertex 96.5981 63.5 2.4
      vertex 96.5981 63.5 0
    endloop
  endfacet
  facet normal 0.751724 0.659478 0
    outer loop
      vertex 96.3801 63.8263 2.4
      vertex 96.1213 64.1213 0
      vertex 96.1213 64.1213 2.4
    endloop
  endfacet
  facet normal 0.751724 0.659478 0
    outer loop
      vertex 96.1213 64.1213 0
      vertex 96.3801 63.8263 2.4
      vertex 96.3801 63.8263 0
    endloop
  endfacet
  facet normal -0.442211 0.896911 0
    outer loop
      vertex -95.1481 64.7716 0
      vertex -95.5 64.5981 2.4
      vertex -95.1481 64.7716 2.4
    endloop
  endfacet
  facet normal -0.442211 0.896911 0
    outer loop
      vertex -95.5 64.5981 2.4
      vertex -95.1481 64.7716 0
      vertex -95.5 64.5981 0
    endloop
  endfacet
  facet normal -0.659478 0.751724 0
    outer loop
      vertex -95.8263 64.3801 0
      vertex -96.1213 64.1213 2.4
      vertex -95.8263 64.3801 2.4
    endloop
  endfacet
  facet normal -0.659478 0.751724 0
    outer loop
      vertex -96.1213 64.1213 2.4
      vertex -95.8263 64.3801 0
      vertex -96.1213 64.1213 0
    endloop
  endfacet
  facet normal -0.896911 0.442211 0
    outer loop
      vertex -96.7716 63.1481 0
      vertex -96.5981 63.5 2.4
      vertex -96.5981 63.5 0
    endloop
  endfacet
  facet normal -0.896911 0.442211 0
    outer loop
      vertex -96.5981 63.5 2.4
      vertex -96.7716 63.1481 0
      vertex -96.7716 63.1481 2.4
    endloop
  endfacet
  facet normal -0.896911 -0.442211 0
    outer loop
      vertex -96.5981 -63.5 0
      vertex -96.7716 -63.1481 2.4
      vertex -96.7716 -63.1481 0
    endloop
  endfacet
  facet normal -0.896911 -0.442211 0
    outer loop
      vertex -96.7716 -63.1481 2.4
      vertex -96.5981 -63.5 0
      vertex -96.5981 -63.5 2.4
    endloop
  endfacet
  facet normal -0.751724 -0.659478 0
    outer loop
      vertex -96.1213 -64.1213 0
      vertex -96.3801 -63.8263 2.4
      vertex -96.3801 -63.8263 0
    endloop
  endfacet
  facet normal -0.751724 -0.659478 0
    outer loop
      vertex -96.3801 -63.8263 2.4
      vertex -96.1213 -64.1213 0
      vertex -96.1213 -64.1213 2.4
    endloop
  endfacet
  facet normal 0.659478 -0.751724 0
    outer loop
      vertex 95.8263 -64.3801 0
      vertex 96.1213 -64.1213 2.4
      vertex 95.8263 -64.3801 2.4
    endloop
  endfacet
  facet normal 0.659478 -0.751724 0
    outer loop
      vertex 96.1213 -64.1213 2.4
      vertex 95.8263 -64.3801 0
      vertex 96.1213 -64.1213 0
    endloop
  endfacet
  facet normal -0.555523 0.831501 0
    outer loop
      vertex -95.5 64.5981 0
      vertex -95.8263 64.3801 2.4
      vertex -95.5 64.5981 2.4
    endloop
  endfacet
  facet normal -0.555523 0.831501 0
    outer loop
      vertex -95.8263 64.3801 2.4
      vertex -95.5 64.5981 0
      vertex -95.8263 64.3801 0
    endloop
  endfacet
endsolid OpenSCAD_Model
